2024-11-10 14:35:34 | INFO | train | Using one GPU: cuda.
2024-11-10 14:35:34 | INFO | train | Model parameters: Namespace(anchor='anchor', auto_clean_model_mode=1, batch_size=8, bert_config_path='./config/uncased_L-12_H-768_A-12/bert_config.json', bert_is_array=True, bert_pretrained_path='./saved_model/english_bert_base.bin', bert_vocab_path='./config/uncased_L-12_H-768_A-12/vocab.txt', breakpoint=-1, config_path='./config/model-en.conf', data_dir='./data/Data_of_Nontor', dim_bert=768, dim_hidden=512, dp_mode_gpu_num=-1, embedding_dropout_rate=0.5, gpu_mode=1, has_valid=1, iter_num=100000, label_path='./config/label_tinghua.conf', lambda1=1, lambda2=1, language='en', learning_rate=1e-05, linear_dropout_rate=0.5, local_rank=0, lr_bert=1e-05, lr_word_vector=0.0001, max_checkpoint=290, max_length_sen=256, model_type='BertConCap', multi_gpu=None, n_gram=3, n_loss=3, name_model='att_Nontor_addvocab', newvocab_path='./config/encryptd_vocab.txt', optim_type='Adam', per_checkpoint=256, pretrained_model_path='./saved_model/model-f1_macro-650.pth', rnn_type='LSTM', sampled_num=4000, seed=2021, segment_type='char', use_pretrain_bert=True, use_word_vec=True, weight_decay=0)
2024-11-10 14:35:34 | INFO | train | Num of worker in data loader is: 4
2024-11-10 14:35:34 | INFO | train | task detail: {'0': {'is_valid': True, 'contribution': 8, 'value': 8}}
2024-11-10 14:35:34 | INFO | word_vec | Loading word vectors...
2024-11-10 14:35:34 | WARNING | word_vec | all word vec is inited by random
2024-11-10 14:35:34 | INFO | word_vec | 0 words found in vocab
2024-11-10 14:35:34 | INFO | word_vec | 8 words not found in vocab
2024-11-10 14:35:45 | INFO | deepnet.data.dataset_text | Use general data sampler.
2024-11-10 14:35:46 | INFO | train | Dataset Statictis(only for evaluation): train: 4000
2024-11-10 14:35:49 | INFO | train | Dataset Statictis(only for evaluation): valid: 4000
2024-11-10 14:35:50 | INFO | train | Dataset Statictis(only for evaluation): test: 4000
2024-11-10 14:35:50 | INFO | train | ----------------------------------------------------------------------------------
2024-11-10 14:35:50 | INFO | train | Time of iter training 0.41 s
2024-11-10 14:35:50 | INFO | train | On iter step 0:, global step 1 Loss-step [1.0528 1.0528 1.0000]
2024-11-10 14:36:30 | INFO | train | In dataset train: Loss is [13.8641 13.8641 0.0000]
2024-11-10 14:36:30 | INFO | train | task-0		Acc is 0.1620, F1 is 0.1620
2024-11-10 14:36:30 | INFO | train | task-0		F1-macro is 0.0633, F1-micro is 0.1620
2024-11-10 14:36:30 | INFO | train | task-0		Pre is 0.1620, Rec is 0.1620
2024-11-10 14:36:30 | INFO | train | task-0		C_M is 
[[  0 143   0   0 389   0   0   0]
 [  0 423   0   0 120   0   0   0]
 [  0 136   0   0 386   0   0   0]
 [  0 389   0   0 125   0   0   0]
 [  0 286   0   0 225   0   0   0]
 [  0 159   0   0 376   0   0   0]
 [  0 483   0   0  65   0   0   0]
 [  0  90   4   0 201   0   0   0]]
2024-11-10 14:37:09 | INFO | train | In dataset valid: Loss is [13.7919 13.7919 0.0000]
2024-11-10 14:37:09 | INFO | train | task-0		Acc is 0.1720, F1 is 0.1720
2024-11-10 14:37:09 | INFO | train | task-0		F1-macro is 0.0673, F1-micro is 0.1720
2024-11-10 14:37:09 | INFO | train | task-0		Pre is 0.1720, Rec is 0.1720
2024-11-10 14:37:09 | INFO | train | task-0		C_M is 
[[  0 157   0   0 353   0   0   0]
 [  0 426   0   0  95   0   0   0]
 [  0 135   0   0 373   0   0   0]
 [  0 388   0   0 118   0   0   0]
 [  0 282   0   0 262   0   0   0]
 [  0 136   0   0 369   0   0   0]
 [  0 519   0   0  62   0   0   0]
 [  0  82   0   0 243   0   0   0]]
2024-11-10 14:37:49 | INFO | train | In dataset test: Loss is [13.8419 13.8419 0.0000]
2024-11-10 14:37:49 | INFO | train | task-0		Acc is 0.1645, F1 is 0.1645
2024-11-10 14:37:49 | INFO | train | task-0		F1-macro is 0.0646, F1-micro is 0.1645
2024-11-10 14:37:49 | INFO | train | task-0		Pre is 0.1645, Rec is 0.1645
2024-11-10 14:37:49 | INFO | train | task-0		C_M is 
[[  0 141   0   0 382   0   0   0]
 [  0 419   0   0 115   0   0   0]
 [  0 161   0   0 388   0   0   0]
 [  0 417   0   0 158   0   0   0]
 [  0 270   1   0 239   0   0   0]
 [  0 154   0   0 380   0   0   0]
 [  0 446   0   0  54   0   0   0]
 [  0  88   0   0 187   0   0   0]]
2024-11-10 14:37:52 | INFO | train | The best f1_macro util now is 0.0646, at step 0
2024-11-10 14:37:55 | INFO | train | The best f1_micro util now is 0.1645, at step 0
2024-11-10 14:38:40 | INFO | train | ----------------------------------------------------------------------------------
2024-11-10 14:38:40 | INFO | train | Time of iter training 45.47 s
2024-11-10 14:38:40 | INFO | train | On iter step 1:, global step 257 Loss-step [11.6045 11.6045 0.0000]
2024-11-10 14:39:19 | INFO | train | In dataset train: Loss is [9.6368 9.6368 0.0000]
2024-11-10 14:39:19 | INFO | train | task-0		Acc is 0.2807, F1 is 0.2807
2024-11-10 14:39:19 | INFO | train | task-0		F1-macro is 0.1966, F1-micro is 0.2807
2024-11-10 14:39:19 | INFO | train | task-0		Pre is 0.2807, Rec is 0.2807
2024-11-10 14:39:19 | INFO | train | task-0		C_M is 
[[  0  13   0 514   0   0   5   0]
 [  0 321   0 217   0   0   5   0]
 [  0   4   0 518   0   0   0   0]
 [  0 146   0 356   0   0  12   0]
 [  0  57   0 332   0   0 122   0]
 [  0   7   0 523   0   0   5   0]
 [  0   1   0 101   0   0 446   0]
 [  0   0   0 284   0   0  11   0]]
2024-11-10 14:39:59 | INFO | train | In dataset valid: Loss is [9.6509 9.6509 0.0000]
2024-11-10 14:39:59 | INFO | train | task-0		Acc is 0.2903, F1 is 0.2903
2024-11-10 14:39:59 | INFO | train | task-0		F1-macro is 0.2036, F1-micro is 0.2903
2024-11-10 14:39:59 | INFO | train | task-0		Pre is 0.2903, Rec is 0.2903
2024-11-10 14:39:59 | INFO | train | task-0		C_M is 
[[  0   9   0 498   0   0   3   0]
 [  0 334   0 186   0   0   1   0]
 [  0   0   0 506   0   0   2   0]
 [  0 150   0 341   0   0  15   0]
 [  0  56   0 375   0   0 113   0]
 [  0   2   0 498   0   0   5   0]
 [  0   0   0  95   0   0 486   0]
 [  0   2   0 316   0   0   7   0]]
2024-11-10 14:40:38 | INFO | train | In dataset test: Loss is [9.5835 9.5835 0.0000]
2024-11-10 14:40:38 | INFO | train | task-0		Acc is 0.2828, F1 is 0.2828
2024-11-10 14:40:38 | INFO | train | task-0		F1-macro is 0.1998, F1-micro is 0.2828
2024-11-10 14:40:38 | INFO | train | task-0		Pre is 0.2828, Rec is 0.2828
2024-11-10 14:40:38 | INFO | train | task-0		C_M is 
[[  0   7   0 513   0   0   3   0]
 [  0 314   0 216   0   0   4   0]
 [  0   1   0 547   0   0   1   0]
 [  0 140   0 411   0   0  24   0]
 [  0  43   0 354   0   0 113   0]
 [  0   2   0 530   0   0   2   0]
 [  0   1   0  93   0   0 406   0]
 [  0   4   0 260   0   0  11   0]]
2024-11-10 14:40:38 | INFO | train | The best f1_macro util now is 0.1998, at step 1
2024-11-10 14:40:38 | INFO | train | The best f1_micro util now is 0.2828, at step 1
2024-11-10 14:41:24 | INFO | train | ----------------------------------------------------------------------------------
2024-11-10 14:41:24 | INFO | train | Time of iter training 45.89 s
2024-11-10 14:41:24 | INFO | train | On iter step 2:, global step 513 Loss-step [8.3151 8.3151 0.0000]
2024-11-10 14:42:03 | INFO | train | In dataset train: Loss is [6.1627 6.1627 0.0000]
2024-11-10 14:42:03 | INFO | train | task-0		Acc is 0.4610, F1 is 0.4610
2024-11-10 14:42:03 | INFO | train | task-0		F1-macro is 0.3415, F1-micro is 0.4610
2024-11-10 14:42:03 | INFO | train | task-0		Pre is 0.4610, Rec is 0.4610
2024-11-10 14:42:03 | INFO | train | task-0		C_M is 
[[  0   3 509   6   0   0  14   0]
 [  0 495  10  33   0   0   5   0]
 [  0  20 498   4   0   0   0   0]
 [  0 109  47 339   0   0  19   0]
 [  0  48 295   5   3   0 160   0]
 [  0   0 521   0   0   0  14   0]
 [  0   0  31   8   0   0 509   0]
 [  0   0 283   0   0   0  12   0]]
2024-11-10 14:42:43 | INFO | train | In dataset valid: Loss is [6.1661 6.1661 0.0000]
2024-11-10 14:42:43 | INFO | train | task-0		Acc is 0.4600, F1 is 0.4600
2024-11-10 14:42:43 | INFO | train | task-0		F1-macro is 0.3416, F1-micro is 0.4600
2024-11-10 14:42:43 | INFO | train | task-0		Pre is 0.4600, Rec is 0.4600
2024-11-10 14:42:43 | INFO | train | task-0		C_M is 
[[  1   2 495   6   0   0   6   0]
 [  0 484   9  27   0   0   1   0]
 [  0  19 482   4   0   0   3   0]
 [  0 120  44 322   0   0  20   0]
 [  0  49 319   5   2   0 169   0]
 [  0   0 498   0   0   0   7   0]
 [  0   0  29   3   0   0 549   0]
 [  0   0 315   0   1   0   9   0]]
2024-11-10 14:43:22 | INFO | train | In dataset test: Loss is [6.1956 6.1956 0.0000]
2024-11-10 14:43:22 | INFO | train | task-0		Acc is 0.4580, F1 is 0.4580
2024-11-10 14:43:22 | INFO | train | task-0		F1-macro is 0.3355, F1-micro is 0.4580
2024-11-10 14:43:22 | INFO | train | task-0		Pre is 0.4580, Rec is 0.4580
2024-11-10 14:43:22 | INFO | train | task-0		C_M is 
[[  0   2 508   3   0   0  10   0]
 [  0 490   6  33   0   0   5   0]
 [  0  12 532   4   0   0   1   0]
 [  0 140  52 346   0   0  37   0]
 [  0  44 317   2   0   0 147   0]
 [  0   0 528   3   0   0   3   0]
 [  0   0  34   2   0   0 464   0]
 [  0   1 259   0   1   0  14   0]]
2024-11-10 14:43:22 | INFO | train | The best f1_macro util now is 0.3355, at step 2
2024-11-10 14:43:22 | INFO | train | The best f1_micro util now is 0.4580, at step 2
2024-11-10 14:44:08 | INFO | train | ----------------------------------------------------------------------------------
2024-11-10 14:44:08 | INFO | train | Time of iter training 45.57 s
2024-11-10 14:44:08 | INFO | train | On iter step 3:, global step 769 Loss-step [5.9748 5.9748 0.0000]
2024-11-10 14:44:47 | INFO | train | In dataset train: Loss is [4.4782 4.4782 0.0000]
2024-11-10 14:44:47 | INFO | train | task-0		Acc is 0.7252, F1 is 0.7252
2024-11-10 14:44:47 | INFO | train | task-0		F1-macro is 0.6574, F1-micro is 0.7252
2024-11-10 14:44:47 | INFO | train | task-0		Pre is 0.7252, Rec is 0.7252
2024-11-10 14:44:47 | INFO | train | task-0		C_M is 
[[326   1   0   4  15 186   0   0]
 [  0 516   0  17   3   7   0   0]
 [  0   0 522   0   0   0   0   0]
 [  0 114   0 360   2  36   2   0]
 [ 71  10   3  11 173 137 106   0]
 [  2   1   0   9  10 508   5   0]
 [  0   0   0  14   9  29 496   0]
 [  1   0   0   3   4 278   9   0]]
2024-11-10 14:45:26 | INFO | train | In dataset valid: Loss is [4.4695 4.4695 0.0000]
2024-11-10 14:45:26 | INFO | train | task-0		Acc is 0.7120, F1 is 0.7120
2024-11-10 14:45:26 | INFO | train | task-0		F1-macro is 0.6475, F1-micro is 0.7120
2024-11-10 14:45:26 | INFO | train | task-0		Pre is 0.7120, Rec is 0.7120
2024-11-10 14:45:26 | INFO | train | task-0		C_M is 
[[321   0   0   4   6 179   0   0]
 [  1 498   0  14   0   8   0   0]
 [  0   0 506   0   2   0   0   0]
 [  2 122   0 341   1  38   2   0]
 [ 81  14   1  11 160 152 125   0]
 [  0   0   0   3   2 495   5   0]
 [  0   0   0  14  14  26 527   0]
 [  6   0   0   2   4 308   5   0]]
2024-11-10 14:46:06 | INFO | train | In dataset test: Loss is [4.5475 4.5475 0.0000]
2024-11-10 14:46:06 | INFO | train | task-0		Acc is 0.7195, F1 is 0.7195
2024-11-10 14:46:06 | INFO | train | task-0		F1-macro is 0.6471, F1-micro is 0.7195
2024-11-10 14:46:06 | INFO | train | task-0		Pre is 0.7195, Rec is 0.7195
2024-11-10 14:46:06 | INFO | train | task-0		C_M is 
[[309   1   0   3   7 201   2   0]
 [  1 508   0  18   2   5   0   0]
 [  0   1 547   0   1   0   0   0]
 [  1 138   0 389   2  41   4   0]
 [ 61   7   2  13 153 165 109   0]
 [  0   3   0   1   4 524   2   0]
 [  0   0   0   7  13  32 448   0]
 [  5   0   0   6   5 252   7   0]]
2024-11-10 14:46:06 | INFO | train | The best f1_macro util now is 0.6471, at step 3
2024-11-10 14:46:06 | INFO | train | The best f1_micro util now is 0.7195, at step 3
2024-11-10 14:46:51 | INFO | train | ----------------------------------------------------------------------------------
2024-11-10 14:46:51 | INFO | train | Time of iter training 45.44 s
2024-11-10 14:46:51 | INFO | train | On iter step 4:, global step 1025 Loss-step [4.5193 4.5193 0.0000]
2024-11-10 14:47:30 | INFO | train | In dataset train: Loss is [3.9763 3.9763 0.0000]
2024-11-10 14:47:30 | INFO | train | task-0		Acc is 0.7755, F1 is 0.7755
2024-11-10 14:47:30 | INFO | train | task-0		F1-macro is 0.7482, F1-micro is 0.7755
2024-11-10 14:47:30 | INFO | train | task-0		Pre is 0.7755, Rec is 0.7755
2024-11-10 14:47:30 | INFO | train | task-0		C_M is 
[[324   0   0   1   9 198   0   0]
 [  0 407   0 116  15   5   0   0]
 [  0   0 522   0   0   0   0   0]
 [  1   0   0 404  62  46   1   0]
 [ 10   0   0   0 430  36  35   0]
 [  0   0   0   0   2 528   5   0]
 [  0   0   0   3  88  31 426   0]
 [  0   0   0   0   4 223   7  61]]
2024-11-10 14:48:09 | INFO | train | In dataset valid: Loss is [3.9670 3.9670 0.0000]
2024-11-10 14:48:09 | INFO | train | task-0		Acc is 0.7835, F1 is 0.7835
2024-11-10 14:48:09 | INFO | train | task-0		F1-macro is 0.7606, F1-micro is 0.7835
2024-11-10 14:48:09 | INFO | train | task-0		Pre is 0.7835, Rec is 0.7835
2024-11-10 14:48:09 | INFO | train | task-0		C_M is 
[[316   0   0   0   8 186   0   0]
 [  1 421   0  86   8   5   0   0]
 [  0   0 506   0   2   0   0   0]
 [  2   0   0 398  63  43   0   0]
 [  4   0   0   1 473  47  19   0]
 [  0   0   0   0   0 500   5   0]
 [  0   0   0   3 102  27 449   0]
 [  0   0   0   0   7 242   5  71]]
2024-11-10 14:48:49 | INFO | train | In dataset test: Loss is [4.0856 4.0856 0.0000]
2024-11-10 14:48:49 | INFO | train | task-0		Acc is 0.7782, F1 is 0.7782
2024-11-10 14:48:49 | INFO | train | task-0		F1-macro is 0.7458, F1-micro is 0.7782
2024-11-10 14:48:49 | INFO | train | task-0		Pre is 0.7782, Rec is 0.7782
2024-11-10 14:48:49 | INFO | train | task-0		C_M is 
[[308   0   0   0   8 207   0   0]
 [  1 420   0  99  13   1   0   0]
 [  0   0 548   0   1   0   0   0]
 [  2   0   0 444  80  48   1   0]
 [  2   0   1   0 425  50  31   1]
 [  0   0   0   0   1 531   2   0]
 [  1   0   0   2  78  33 386   0]
 [  0   0   0   0   9 207   8  51]]
2024-11-10 14:48:49 | INFO | train | The best f1_macro util now is 0.7458, at step 4
2024-11-10 14:48:49 | INFO | train | The best f1_micro util now is 0.7782, at step 4
2024-11-10 14:49:35 | INFO | train | ----------------------------------------------------------------------------------
2024-11-10 14:49:35 | INFO | train | Time of iter training 46.00 s
2024-11-10 14:49:35 | INFO | train | On iter step 5:, global step 1281 Loss-step [3.7252 3.7252 0.0000]
2024-11-10 14:50:14 | INFO | train | In dataset train: Loss is [2.9501 2.9501 0.0000]
2024-11-10 14:50:14 | INFO | train | task-0		Acc is 0.8310, F1 is 0.8310
2024-11-10 14:50:14 | INFO | train | task-0		F1-macro is 0.7939, F1-micro is 0.8310
2024-11-10 14:50:14 | INFO | train | task-0		Pre is 0.8310, Rec is 0.8310
2024-11-10 14:50:14 | INFO | train | task-0		C_M is 
[[351   0   0   0   8 173   0   0]
 [  1 522   0  12   7   0   1   0]
 [  0   0 522   0   0   0   0   0]
 [  4  57   0 419  30   1   3   0]
 [ 16   0   2   0 435   2  56   0]
 [ 13   1   0   0   1 515   5   0]
 [  1   0   0   5  42   0 500   0]
 [  3   1   0   1   5 217   8  60]]
2024-11-10 14:50:53 | INFO | train | In dataset valid: Loss is [3.0343 3.0343 0.0000]
2024-11-10 14:50:53 | INFO | train | task-0		Acc is 0.8305, F1 is 0.8305
2024-11-10 14:50:53 | INFO | train | task-0		F1-macro is 0.7997, F1-micro is 0.8305
2024-11-10 14:50:53 | INFO | train | task-0		Pre is 0.8305, Rec is 0.8305
2024-11-10 14:50:53 | INFO | train | task-0		C_M is 
[[335   0   0   0   9 166   0   0]
 [  1 510   0   4   6   0   0   0]
 [  0   0 506   0   2   0   0   0]
 [  2  54   0 414  30   4   2   0]
 [ 17   0   0   1 451   4  71   0]
 [  6   0   0   0   0 494   5   0]
 [  0   0   1   4  39   1 536   0]
 [  3   0   0   0   9 233   4  76]]
2024-11-10 14:51:33 | INFO | train | In dataset test: Loss is [3.1531 3.1531 0.0000]
2024-11-10 14:51:33 | INFO | train | task-0		Acc is 0.8273, F1 is 0.8273
2024-11-10 14:51:33 | INFO | train | task-0		F1-macro is 0.7858, F1-micro is 0.8273
2024-11-10 14:51:33 | INFO | train | task-0		Pre is 0.8273, Rec is 0.8273
2024-11-10 14:51:33 | INFO | train | task-0		C_M is 
[[333   0   0   0   8 182   0   0]
 [  1 516   0  11   6   0   0   0]
 [  0   0 548   0   1   0   0   0]
 [  2  76   0 461  28   3   5   0]
 [ 14   1   1   0 425   6  63   0]
 [  8   2   0   0   1 521   2   0]
 [  1   0   0   1  46   0 452   0]
 [  4   0   0   1   9 199   9  53]]
2024-11-10 14:51:33 | INFO | train | The best f1_macro util now is 0.7858, at step 5
2024-11-10 14:51:33 | INFO | train | The best f1_micro util now is 0.8273, at step 5
2024-11-10 14:52:19 | INFO | train | ----------------------------------------------------------------------------------
2024-11-10 14:52:19 | INFO | train | Time of iter training 45.94 s
2024-11-10 14:52:19 | INFO | train | On iter step 6:, global step 1537 Loss-step [3.2839 3.2839 0.0000]
2024-11-10 14:52:58 | INFO | train | In dataset train: Loss is [2.8378 2.8378 0.0000]
2024-11-10 14:52:58 | INFO | train | task-0		Acc is 0.8200, F1 is 0.8200
2024-11-10 14:52:58 | INFO | train | task-0		F1-macro is 0.7870, F1-micro is 0.8200
2024-11-10 14:52:58 | INFO | train | task-0		Pre is 0.8200, Rec is 0.8200
2024-11-10 14:52:58 | INFO | train | task-0		C_M is 
[[525   0   0   1   5   1   0   0]
 [  0 530   0   8   5   0   0   0]
 [  0   0 522   0   0   0   0   0]
 [  6  69   0 419  17   0   3   0]
 [ 22   1   3   0 474   0  11   0]
 [254   0   0   0   1  77   5 198]
 [  1   0   0   3  56   0 488   0]
 [  6   0   0   0   4  33   7 245]]
2024-11-10 14:53:37 | INFO | train | In dataset valid: Loss is [2.9078 2.9078 0.0000]
2024-11-10 14:53:37 | INFO | train | task-0		Acc is 0.8280, F1 is 0.8280
2024-11-10 14:53:37 | INFO | train | task-0		F1-macro is 0.7949, F1-micro is 0.8280
2024-11-10 14:53:37 | INFO | train | task-0		Pre is 0.8280, Rec is 0.8280
2024-11-10 14:53:37 | INFO | train | task-0		C_M is 
[[503   0   0   0   6   1   0   0]
 [  1 512   0   5   3   0   0   0]
 [  0   0 506   0   2   0   0   0]
 [  8  69   0 413  14   0   2   0]
 [ 24   0   1   1 506   0  12   0]
 [236   0   0   0   0  78   5 186]
 [  1   0   0   6  50   0 524   0]
 [  5   0   0   0   8  39   3 270]]
2024-11-10 14:54:17 | INFO | train | In dataset test: Loss is [3.0060 3.0060 0.0000]
2024-11-10 14:54:17 | INFO | train | task-0		Acc is 0.8127, F1 is 0.8128
2024-11-10 14:54:17 | INFO | train | task-0		F1-macro is 0.7762, F1-micro is 0.8128
2024-11-10 14:54:17 | INFO | train | task-0		Pre is 0.8127, Rec is 0.8127
2024-11-10 14:54:17 | INFO | train | task-0		C_M is 
[[515   0   0   0   7   1   0   0]
 [  1 525   0   5   3   0   0   0]
 [  0   0 548   0   1   0   0   0]
 [ 10  79   0 466  17   0   3   0]
 [ 26   1   1   0 469   0  11   2]
 [266   0   0   0   1  69   2 196]
 [  1   0   0   3  56   0 440   0]
 [  6   0   0   2   8  33   7 219]]
2024-11-10 14:54:17 | INFO | train | The best f1_macro util now is 0.7858, at step 5
2024-11-10 14:54:17 | INFO | train | The best f1_micro util now is 0.8273, at step 5
2024-11-10 14:55:03 | INFO | train | ----------------------------------------------------------------------------------
2024-11-10 14:55:03 | INFO | train | Time of iter training 45.96 s
2024-11-10 14:55:03 | INFO | train | On iter step 7:, global step 1793 Loss-step [2.5799 2.5799 0.0000]
2024-11-10 14:55:42 | INFO | train | In dataset train: Loss is [2.2196 2.2196 0.0000]
2024-11-10 14:55:42 | INFO | train | task-0		Acc is 0.8615, F1 is 0.8615
2024-11-10 14:55:42 | INFO | train | task-0		F1-macro is 0.8347, F1-micro is 0.8615
2024-11-10 14:55:42 | INFO | train | task-0		Pre is 0.8615, Rec is 0.8615
2024-11-10 14:55:42 | INFO | train | task-0		C_M is 
[[352   4   0   0   0 176   0   0]
 [  0 515   0  22   5   1   0   0]
 [  0   0 522   0   0   0   0   0]
 [  2   4   0 486  20   0   2   0]
 [ 11   2   4   4 477   1  11   1]
 [ 13   1   0   0   1 511   3   6]
 [  1   0   0   3  41   9 494   0]
 [  1   0   0   0   5 198   2  89]]
2024-11-10 14:56:21 | INFO | train | In dataset valid: Loss is [2.2725 2.2725 0.0000]
2024-11-10 14:56:21 | INFO | train | task-0		Acc is 0.8638, F1 is 0.8638
2024-11-10 14:56:21 | INFO | train | task-0		F1-macro is 0.8379, F1-micro is 0.8638
2024-11-10 14:56:21 | INFO | train | task-0		Pre is 0.8638, Rec is 0.8638
2024-11-10 14:56:21 | INFO | train | task-0		C_M is 
[[338   2   0   1   1 168   0   0]
 [  1 506   0  11   3   0   0   0]
 [  0   0 506   0   2   0   0   0]
 [  3   1   0 481  19   1   1   0]
 [  8   0   1   5 517   3   9   1]
 [  5   0   0   0   0 484   3  13]
 [  0   0   2   5  41   7 526   0]
 [  0   0   0   0  12 214   2  97]]
2024-11-10 14:57:01 | INFO | train | In dataset test: Loss is [2.2800 2.2800 0.0000]
2024-11-10 14:57:01 | INFO | train | task-0		Acc is 0.8602, F1 is 0.8602
2024-11-10 14:57:01 | INFO | train | task-0		F1-macro is 0.8239, F1-micro is 0.8602
2024-11-10 14:57:01 | INFO | train | task-0		Pre is 0.8602, Rec is 0.8602
2024-11-10 14:57:01 | INFO | train | task-0		C_M is 
[[335   1   0   3   2 182   0   0]
 [  1 513   0  16   4   0   0   0]
 [  0   0 548   0   1   0   0   0]
 [  2   7   0 541  22   0   3   0]
 [  3   1   1   9 482   3   7   4]
 [  8   0   0   0   1 512   1  12]
 [  1   0   0   3  42  12 442   0]
 [  3   0   0   0  11 187   6  68]]
2024-11-10 14:57:01 | INFO | train | The best f1_macro util now is 0.8239, at step 7
2024-11-10 14:57:01 | INFO | train | The best f1_micro util now is 0.8602, at step 7
2024-11-10 14:57:47 | INFO | train | ----------------------------------------------------------------------------------
2024-11-10 14:57:47 | INFO | train | Time of iter training 45.80 s
2024-11-10 14:57:47 | INFO | train | On iter step 8:, global step 2049 Loss-step [2.6035 2.6035 0.0000]
2024-11-10 14:58:26 | INFO | train | In dataset train: Loss is [1.9222 1.9222 0.0000]
2024-11-10 14:58:26 | INFO | train | task-0		Acc is 0.8472, F1 is 0.8472
2024-11-10 14:58:26 | INFO | train | task-0		F1-macro is 0.8397, F1-micro is 0.8472
2024-11-10 14:58:26 | INFO | train | task-0		Pre is 0.8472, Rec is 0.8472
2024-11-10 14:58:26 | INFO | train | task-0		C_M is 
[[348   0   0   1   4 179   0   0]
 [  0 528   0  11   2   0   2   0]
 [  0   0 522   0   0   0   0   0]
 [  3  24   0 475  10   2   0   0]
 [ 10   0   0   1 461   1  37   1]
 [  8   0   0   0   2 282   3 240]
 [  1   0   0   5  32   9 501   0]
 [  0   0   0   1   5  14   3 272]]
2024-11-10 14:59:05 | INFO | train | In dataset valid: Loss is [2.0085 2.0085 0.0000]
2024-11-10 14:59:05 | INFO | train | task-0		Acc is 0.8520, F1 is 0.8520
2024-11-10 14:59:05 | INFO | train | task-0		F1-macro is 0.8445, F1-micro is 0.8520
2024-11-10 14:59:05 | INFO | train | task-0		Pre is 0.8520, Rec is 0.8520
2024-11-10 14:59:05 | INFO | train | task-0		C_M is 
[[337   0   0   0   3 170   0   0]
 [  1 511   0   6   3   0   0   0]
 [  0   0 506   0   2   0   0   0]
 [  3  19   0 467  14   1   2   0]
 [  6   0   0   2 477   3  55   1]
 [  2   0   0   0   0 273   3 227]
 [  0   0   0   3  33   6 539   0]
 [  0   0   0   0  12  13   2 298]]
2024-11-10 14:59:45 | INFO | train | In dataset test: Loss is [2.0212 2.0212 0.0000]
2024-11-10 14:59:45 | INFO | train | task-0		Acc is 0.8403, F1 is 0.8403
2024-11-10 14:59:45 | INFO | train | task-0		F1-macro is 0.8296, F1-micro is 0.8403
2024-11-10 14:59:45 | INFO | train | task-0		Pre is 0.8403, Rec is 0.8403
2024-11-10 14:59:45 | INFO | train | task-0		C_M is 
[[330   0   0   0   6 187   0   0]
 [  1 524   0   6   3   0   0   0]
 [  0   0 548   0   1   0   0   0]
 [  3  33   0 521   9   6   3   0]
 [  3   0   1   4 448   1  49   4]
 [  2   0   0   0   3 296   1 232]
 [  1   0   0   1  31  13 454   0]
 [  2   0   0   0  11  15   7 240]]
2024-11-10 14:59:45 | INFO | train | The best f1_macro util now is 0.8296, at step 8
2024-11-10 14:59:45 | INFO | train | The best f1_micro util now is 0.8602, at step 7
2024-11-10 15:00:31 | INFO | train | ----------------------------------------------------------------------------------
2024-11-10 15:00:31 | INFO | train | Time of iter training 46.02 s
2024-11-10 15:00:31 | INFO | train | On iter step 9:, global step 2305 Loss-step [2.2416 2.2416 0.0000]
2024-11-10 15:01:10 | INFO | train | In dataset train: Loss is [2.5649 2.5649 0.0000]
2024-11-10 15:01:10 | INFO | train | task-0		Acc is 0.8120, F1 is 0.8120
2024-11-10 15:01:10 | INFO | train | task-0		F1-macro is 0.7750, F1-micro is 0.8120
2024-11-10 15:01:10 | INFO | train | task-0		Pre is 0.8120, Rec is 0.8120
2024-11-10 15:01:10 | INFO | train | task-0		C_M is 
[[358   0   0   1   3 170   0   0]
 [  1 527   0   1  13   0   1   0]
 [  0   0 522   0   0   0   0   0]
 [  4 138   0 286  83   2   1   0]
 [ 13   0   0   0 484   1  12   1]
 [ 19   0   0   0   0 511   4   1]
 [  0   0   0   5  29   9 493  12]
 [  2   1   0   0   4 214   7  67]]
2024-11-10 15:01:50 | INFO | train | In dataset valid: Loss is [2.5626 2.5626 0.0000]
2024-11-10 15:01:50 | INFO | train | task-0		Acc is 0.8073, F1 is 0.8073
2024-11-10 15:01:50 | INFO | train | task-0		F1-macro is 0.7720, F1-micro is 0.8073
2024-11-10 15:01:50 | INFO | train | task-0		Pre is 0.8073, Rec is 0.8073
2024-11-10 15:01:50 | INFO | train | task-0		C_M is 
[[346   0   0   0   1 163   0   0]
 [  2 506   0   0  13   0   0   0]
 [  0   0 506   0   2   0   0   0]
 [  8 147   0 264  85   0   2   0]
 [  9   0   0   0 515   2  18   0]
 [ 14   0   0   0   0 486   4   1]
 [  0   0   0   4  31   7 529  10]
 [  2   0   0   0  10 233   3  77]]
2024-11-10 15:02:29 | INFO | train | In dataset test: Loss is [2.7575 2.7575 0.0000]
2024-11-10 15:02:29 | INFO | train | task-0		Acc is 0.8005, F1 is 0.8005
2024-11-10 15:02:29 | INFO | train | task-0		F1-macro is 0.7597, F1-micro is 0.8005
2024-11-10 15:02:29 | INFO | train | task-0		Pre is 0.8005, Rec is 0.8005
2024-11-10 15:02:29 | INFO | train | task-0		C_M is 
[[344   0   0   0   0 179   0   0]
 [  1 515   0   0  17   0   1   0]
 [  0   0 548   0   1   0   0   0]
 [  8 173   0 299  91   2   2   0]
 [  8   0   1   2 477   2  19   1]
 [ 16   0   0   0   1 515   1   1]
 [  0   0   0   1  25  14 449  11]
 [  4   1   0   0  10 198   7  55]]
2024-11-10 15:02:29 | INFO | train | The best f1_macro util now is 0.8296, at step 8
2024-11-10 15:02:29 | INFO | train | The best f1_micro util now is 0.8602, at step 7
2024-11-10 15:03:15 | INFO | train | ----------------------------------------------------------------------------------
2024-11-10 15:03:15 | INFO | train | Time of iter training 45.84 s
2024-11-10 15:03:15 | INFO | train | On iter step 10:, global step 2561 Loss-step [1.9679 1.9679 0.0000]
2024-11-10 15:03:54 | INFO | train | In dataset train: Loss is [1.8673 1.8673 0.0000]
2024-11-10 15:03:54 | INFO | train | task-0		Acc is 0.8548, F1 is 0.8547
2024-11-10 15:03:54 | INFO | train | task-0		F1-macro is 0.8206, F1-micro is 0.8547
2024-11-10 15:03:54 | INFO | train | task-0		Pre is 0.8548, Rec is 0.8548
2024-11-10 15:03:54 | INFO | train | task-0		C_M is 
[[355   0   0   1   0 176   0   0]
 [  0 538   0   0   5   0   0   0]
 [  0   0 522   0   0   0   0   0]
 [  0  54   0 445  15   0   0   0]
 [  8   2   0   0 488  11   2   0]
 [ 14   0   0   0   0 521   0   0]
 [  1   0   0  16  38   9 484   0]
 [  0   1   0   0   5 223   0  66]]
2024-11-10 15:04:34 | INFO | train | In dataset valid: Loss is [1.9957 1.9957 0.0000]
2024-11-10 15:04:34 | INFO | train | task-0		Acc is 0.8508, F1 is 0.8508
2024-11-10 15:04:34 | INFO | train | task-0		F1-macro is 0.8190, F1-micro is 0.8508
2024-11-10 15:04:34 | INFO | train | task-0		Pre is 0.8508, Rec is 0.8508
2024-11-10 15:04:34 | INFO | train | task-0		C_M is 
[[344   1   0   0   0 165   0   0]
 [  1 517   0   0   3   0   0   0]
 [  0   0 506   0   2   0   0   0]
 [  0  50   0 438  17   0   1   0]
 [  4   0   0   1 522  15   2   0]
 [  9   0   0   0   0 496   0   0]
 [  1   4   0  25  41   5 505   0]
 [  0   0   0   1  12 236   1  75]]
2024-11-10 15:05:13 | INFO | train | In dataset test: Loss is [2.0196 2.0196 0.0000]
2024-11-10 15:05:13 | INFO | train | task-0		Acc is 0.8488, F1 is 0.8488
2024-11-10 15:05:13 | INFO | train | task-0		F1-macro is 0.8095, F1-micro is 0.8488
2024-11-10 15:05:13 | INFO | train | task-0		Pre is 0.8488, Rec is 0.8488
2024-11-10 15:05:13 | INFO | train | task-0		C_M is 
[[340   0   0   0   0 183   0   0]
 [  1 529   0   1   3   0   0   0]
 [  0   0 548   0   1   0   0   0]
 [  0  76   0 482  16   0   1   0]
 [  4   3   1   3 484  14   1   0]
 [ 11   0   0   0   0 523   0   0]
 [  1   1   0  18  33  13 433   1]
 [  0   2   0   2  12 203   0  56]]
2024-11-10 15:05:13 | INFO | train | The best f1_macro util now is 0.8296, at step 8
2024-11-10 15:05:13 | INFO | train | The best f1_micro util now is 0.8602, at step 7
2024-11-10 15:05:59 | INFO | train | ----------------------------------------------------------------------------------
2024-11-10 15:05:59 | INFO | train | Time of iter training 45.89 s
2024-11-10 15:05:59 | INFO | train | On iter step 11:, global step 2817 Loss-step [2.0436 2.0436 0.0000]
2024-11-10 15:06:38 | INFO | train | In dataset train: Loss is [1.4970 1.4970 0.0000]
2024-11-10 15:06:38 | INFO | train | task-0		Acc is 0.8670, F1 is 0.8670
2024-11-10 15:06:38 | INFO | train | task-0		F1-macro is 0.8401, F1-micro is 0.8670
2024-11-10 15:06:38 | INFO | train | task-0		Pre is 0.8670, Rec is 0.8670
2024-11-10 15:06:38 | INFO | train | task-0		C_M is 
[[361   0   0   0   0 171   0   0]
 [  2 523   0   8   7   2   1   0]
 [  0   0 522   0   0   0   0   0]
 [ 17   0   0 481  12   0   1   3]
 [  8   0   0   0 482   5  11   5]
 [ 18   0   0   0   0 511   0   6]
 [  1   0   0   0  20   7 498  22]
 [  1   0   0   0   4 198   2  90]]
2024-11-10 15:07:18 | INFO | train | In dataset valid: Loss is [1.5249 1.5249 0.0000]
2024-11-10 15:07:18 | INFO | train | task-0		Acc is 0.8652, F1 is 0.8652
2024-11-10 15:07:18 | INFO | train | task-0		F1-macro is 0.8395, F1-micro is 0.8652
2024-11-10 15:07:18 | INFO | train | task-0		Pre is 0.8652, Rec is 0.8652
2024-11-10 15:07:18 | INFO | train | task-0		C_M is 
[[347   0   0   0   0 163   0   0]
 [  1 510   0   6   4   0   0   0]
 [  0   0 506   0   2   0   0   0]
 [ 16   0   0 469  15   0   1   5]
 [  4   0   0   0 515  12  10   3]
 [ 10   0   0   0   0 486   0   9]
 [  0   0   0   2  24   1 530  24]
 [  0   0   0   0  10 213   4  98]]
2024-11-10 15:07:57 | INFO | train | In dataset test: Loss is [1.5932 1.5932 0.0000]
2024-11-10 15:07:57 | INFO | train | task-0		Acc is 0.8688, F1 is 0.8688
2024-11-10 15:07:57 | INFO | train | task-0		F1-macro is 0.8365, F1-micro is 0.8688
2024-11-10 15:07:57 | INFO | train | task-0		Pre is 0.8688, Rec is 0.8688
2024-11-10 15:07:57 | INFO | train | task-0		C_M is 
[[342   0   0   0   0 181   0   0]
 [  2 521   0   7   3   0   1   0]
 [  0   0 548   0   1   0   0   0]
 [ 25   0   0 532  14   0   1   3]
 [  3   0   1   0 483   7   9   7]
 [ 11   0   0   0   1 518   0   4]
 [  1   0   0   0  17   5 450  27]
 [  0   0   0   0  10 178   6  81]]
2024-11-10 15:07:57 | INFO | train | The best f1_macro util now is 0.8296, at step 8
2024-11-10 15:07:57 | INFO | train | The best f1_micro util now is 0.8688, at step 11
2024-11-10 15:08:43 | INFO | train | ----------------------------------------------------------------------------------
2024-11-10 15:08:43 | INFO | train | Time of iter training 45.95 s
2024-11-10 15:08:43 | INFO | train | On iter step 12:, global step 3073 Loss-step [1.8525 1.8525 0.0000]
2024-11-10 15:09:22 | INFO | train | In dataset train: Loss is [1.5513 1.5513 0.0000]
2024-11-10 15:09:22 | INFO | train | task-0		Acc is 0.8500, F1 is 0.8500
2024-11-10 15:09:22 | INFO | train | task-0		F1-macro is 0.8111, F1-micro is 0.8500
2024-11-10 15:09:22 | INFO | train | task-0		Pre is 0.8500, Rec is 0.8500
2024-11-10 15:09:22 | INFO | train | task-0		C_M is 
[[511   0   0   1   2  16   2   0]
 [  0 529   0  10   4   0   0   0]
 [  0   0 522   0   0   0   0   0]
 [  0  22   0 480   7   0   5   0]
 [  3   1   0   4 464   0  39   0]
 [216   0   0   2   1 311   5   0]
 [  0   0   0   8  17   0 518   5]
 [  2   0   0   2   4 213   9  65]]
2024-11-10 15:10:02 | INFO | train | In dataset valid: Loss is [1.5439 1.5439 0.0000]
2024-11-10 15:10:02 | INFO | train | task-0		Acc is 0.8520, F1 is 0.8520
2024-11-10 15:10:02 | INFO | train | task-0		F1-macro is 0.8152, F1-micro is 0.8520
2024-11-10 15:10:02 | INFO | train | task-0		Pre is 0.8520, Rec is 0.8520
2024-11-10 15:10:02 | INFO | train | task-0		C_M is 
[[493   0   0   0   1  14   2   0]
 [  0 512   0   6   3   0   0   0]
 [  0   0 506   0   2   0   0   0]
 [  0  15   0 478   8   0   5   0]
 [  1   0   0   4 500   0  39   0]
 [201   1   0   2   0 296   5   0]
 [  0   0   0  13  19   0 548   1]
 [  1   0   0   1   9 232   7  75]]
2024-11-10 15:10:41 | INFO | train | In dataset test: Loss is [1.6559 1.6559 0.0000]
2024-11-10 15:10:41 | INFO | train | task-0		Acc is 0.8500, F1 is 0.8500
2024-11-10 15:10:41 | INFO | train | task-0		F1-macro is 0.8044, F1-micro is 0.8500
2024-11-10 15:10:41 | INFO | train | task-0		Pre is 0.8500, Rec is 0.8500
2024-11-10 15:10:41 | INFO | train | task-0		C_M is 
[[508   0   0   3   1   9   2   0]
 [  0 526   0   5   3   0   0   0]
 [  0   0 548   0   1   0   0   0]
 [  0  33   0 525   9   0   8   0]
 [  2   1   1   5 467   2  32   0]
 [224   1   0   2   0 305   2   0]
 [  0   0   0  12  20   0 467   1]
 [  0   0   0   5   9 198   9  54]]
2024-11-10 15:10:41 | INFO | train | The best f1_macro util now is 0.8296, at step 8
2024-11-10 15:10:41 | INFO | train | The best f1_micro util now is 0.8688, at step 11
2024-11-10 15:11:27 | INFO | train | ----------------------------------------------------------------------------------
2024-11-10 15:11:27 | INFO | train | Time of iter training 45.94 s
2024-11-10 15:11:27 | INFO | train | On iter step 13:, global step 3329 Loss-step [1.8336 1.8336 0.0000]
2024-11-10 15:12:06 | INFO | train | In dataset train: Loss is [1.4144 1.4144 0.0000]
2024-11-10 15:12:06 | INFO | train | task-0		Acc is 0.8628, F1 is 0.8628
2024-11-10 15:12:06 | INFO | train | task-0		F1-macro is 0.8257, F1-micro is 0.8628
2024-11-10 15:12:06 | INFO | train | task-0		Pre is 0.8628, Rec is 0.8628
2024-11-10 15:12:06 | INFO | train | task-0		C_M is 
[[530   0   0   0   1   1   0   0]
 [  0 523   0  14   3   1   2   0]
 [  0   0 522   0   0   0   0   0]
 [  1   1   0 498  14   0   0   0]
 [  9   1   0   0 494   1   1   5]
 [223   0   0   0   0 312   0   0]
 [  0   0   0   0  47   0 501   0]
 [  3   0   0   1   4 214   2  71]]
2024-11-10 15:12:46 | INFO | train | In dataset valid: Loss is [1.5006 1.5006 0.0000]
2024-11-10 15:12:46 | INFO | train | task-0		Acc is 0.8585, F1 is 0.8585
2024-11-10 15:12:46 | INFO | train | task-0		F1-macro is 0.8227, F1-micro is 0.8585
2024-11-10 15:12:46 | INFO | train | task-0		Pre is 0.8585, Rec is 0.8585
2024-11-10 15:12:46 | INFO | train | task-0		C_M is 
[[507   0   0   0   1   2   0   0]
 [  1 509   0   5   6   0   0   0]
 [  0   0 506   0   2   0   0   0]
 [  0   1   0 484  20   0   1   0]
 [  4   0   0   0 529   5   0   6]
 [214   0   0   0   0 287   0   4]
 [  0   0   0   2  46   0 533   0]
 [  1   0   0   0  12 231   2  79]]
2024-11-10 15:13:25 | INFO | train | In dataset test: Loss is [1.5710 1.5710 0.0000]
2024-11-10 15:13:25 | INFO | train | task-0		Acc is 0.8618, F1 is 0.8618
2024-11-10 15:13:25 | INFO | train | task-0		F1-macro is 0.8171, F1-micro is 0.8618
2024-11-10 15:13:25 | INFO | train | task-0		Pre is 0.8618, Rec is 0.8618
2024-11-10 15:13:25 | INFO | train | task-0		C_M is 
[[521   0   0   0   1   1   0   0]
 [  1 519   0  10   3   0   1   0]
 [  0   0 548   0   1   0   0   0]
 [  0   0   0 557  17   0   1   0]
 [  2   0   1   0 494   4   1   8]
 [235   0   0   0   2 296   0   1]
 [  0   0   0   1  44   0 454   1]
 [  0   0   0   0  13 199   5  58]]
2024-11-10 15:13:25 | INFO | train | The best f1_macro util now is 0.8296, at step 8
2024-11-10 15:13:25 | INFO | train | The best f1_micro util now is 0.8688, at step 11
2024-11-10 15:14:11 | INFO | train | ----------------------------------------------------------------------------------
2024-11-10 15:14:11 | INFO | train | Time of iter training 45.77 s
2024-11-10 15:14:11 | INFO | train | On iter step 14:, global step 3585 Loss-step [1.7891 1.7891 0.0000]
2024-11-10 15:14:50 | INFO | train | In dataset train: Loss is [1.3756 1.3756 0.0000]
2024-11-10 15:14:50 | INFO | train | task-0		Acc is 0.8765, F1 is 0.8765
2024-11-10 15:14:50 | INFO | train | task-0		F1-macro is 0.8558, F1-micro is 0.8765
2024-11-10 15:14:50 | INFO | train | task-0		Pre is 0.8765, Rec is 0.8765
2024-11-10 15:14:50 | INFO | train | task-0		C_M is 
[[523   0   0   0   2   7   0   0]
 [  0 524   0  14   5   0   0   0]
 [  0   0 522   0   0   0   0   0]
 [  8   0   0 495   6   0   5   0]
 [ 12   1   0   0 490   0   7   1]
 [130   0   0   0   0 172   3 230]
 [  0   0   0   0  19   0 501  28]
 [  3   0   0   1   4   4   4 279]]
2024-11-10 15:15:29 | INFO | train | In dataset valid: Loss is [1.3560 1.3560 0.0000]
2024-11-10 15:15:29 | INFO | train | task-0		Acc is 0.8812, F1 is 0.8812
2024-11-10 15:15:29 | INFO | train | task-0		F1-macro is 0.8602, F1-micro is 0.8812
2024-11-10 15:15:29 | INFO | train | task-0		Pre is 0.8812, Rec is 0.8812
2024-11-10 15:15:29 | INFO | train | task-0		C_M is 
[[504   0   0   0   1   5   0   0]
 [  0 511   0   7   3   0   0   0]
 [  0   0 506   0   2   0   0   0]
 [  9   0   0 483  12   0   2   0]
 [  6   0   0   0 523   0  14   1]
 [122   0   0   0   0 166   3 214]
 [  0   0   0   1  23   1 533  23]
 [  1   0   0   0  11  11   3 299]]
2024-11-10 15:16:09 | INFO | train | In dataset test: Loss is [1.4105 1.4105 0.0000]
2024-11-10 15:16:09 | INFO | train | task-0		Acc is 0.8770, F1 is 0.8770
2024-11-10 15:16:09 | INFO | train | task-0		F1-macro is 0.8537, F1-micro is 0.8770
2024-11-10 15:16:09 | INFO | train | task-0		Pre is 0.8770, Rec is 0.8770
2024-11-10 15:16:09 | INFO | train | task-0		C_M is 
[[517   0   0   0   1   5   0   0]
 [  0 520   0  10   1   0   3   0]
 [  0   0 548   0   1   0   0   0]
 [  8   0   0 556   8   0   3   0]
 [  3   0   0   0 487   1  13   6]
 [139   0   0   0   0 184   1 210]
 [  0   0   0   1  18   0 451  30]
 [  2   0   0   0  11  10   7 245]]
2024-11-10 15:16:09 | INFO | train | The best f1_macro util now is 0.8537, at step 14
2024-11-10 15:16:09 | INFO | train | The best f1_micro util now is 0.8770, at step 14
2024-11-10 15:16:55 | INFO | train | ----------------------------------------------------------------------------------
2024-11-10 15:16:55 | INFO | train | Time of iter training 45.64 s
2024-11-10 15:16:55 | INFO | train | On iter step 15:, global step 3841 Loss-step [1.5240 1.5240 0.0000]
2024-11-10 15:17:34 | INFO | train | In dataset train: Loss is [1.2209 1.2209 0.0000]
2024-11-10 15:17:34 | INFO | train | task-0		Acc is 0.8790, F1 is 0.8790
2024-11-10 15:17:34 | INFO | train | task-0		F1-macro is 0.8445, F1-micro is 0.8790
2024-11-10 15:17:34 | INFO | train | task-0		Pre is 0.8790, Rec is 0.8790
2024-11-10 15:17:34 | INFO | train | task-0		C_M is 
[[347   0   0   0   0 185   0   0]
 [  0 526   0  13   4   0   0   0]
 [  0   0 522   0   0   0   0   0]
 [  2   1   0 508   3   0   0   0]
 [ 10   1   0   0 492   2   0   6]
 [  1   0   0   0   0 529   0   5]
 [  1   0   0   3  22   0 521   1]
 [  0   0   0   1   5 217   1  71]]
2024-11-10 15:18:13 | INFO | train | In dataset valid: Loss is [1.1888 1.1888 0.0000]
2024-11-10 15:18:13 | INFO | train | task-0		Acc is 0.8765, F1 is 0.8765
2024-11-10 15:18:13 | INFO | train | task-0		F1-macro is 0.8444, F1-micro is 0.8765
2024-11-10 15:18:13 | INFO | train | task-0		Pre is 0.8765, Rec is 0.8765
2024-11-10 15:18:13 | INFO | train | task-0		C_M is 
[[335   0   0   0   0 175   0   0]
 [  0 511   0   7   3   0   0   0]
 [  0   0 506   0   2   0   0   0]
 [  3   0   0 497   5   0   1   0]
 [  4   0   0   0 526   4   2   8]
 [  1   0   0   0   0 499   0   5]
 [  0   0   0   6  23   0 552   0]
 [  0   0   0   1  10 233   1  80]]
2024-11-10 15:18:53 | INFO | train | In dataset test: Loss is [1.2914 1.2914 0.0000]
2024-11-10 15:18:53 | INFO | train | task-0		Acc is 0.8782, F1 is 0.8782
2024-11-10 15:18:53 | INFO | train | task-0		F1-macro is 0.8374, F1-micro is 0.8782
2024-11-10 15:18:53 | INFO | train | task-0		Pre is 0.8782, Rec is 0.8782
2024-11-10 15:18:53 | INFO | train | task-0		C_M is 
[[329   0   0   0   0 194   0   0]
 [  0 520   0  11   2   0   1   0]
 [  0   0 548   0   1   0   0   0]
 [  4   0   0 562   7   0   2   0]
 [  2   0   1   0 491   3   5   8]
 [  1   0   0   0   0 532   0   1]
 [  1   0   0   7  21   0 471   0]
 [  0   0   0   4  10 200   1  60]]
2024-11-10 15:18:53 | INFO | train | The best f1_macro util now is 0.8537, at step 14
2024-11-10 15:18:53 | INFO | train | The best f1_micro util now is 0.8770, at step 14
2024-11-10 15:19:38 | INFO | train | ----------------------------------------------------------------------------------
2024-11-10 15:19:38 | INFO | train | Time of iter training 45.67 s
2024-11-10 15:19:38 | INFO | train | On iter step 16:, global step 4097 Loss-step [1.5508 1.5508 0.0000]
2024-11-10 15:20:18 | INFO | train | In dataset train: Loss is [1.2760 1.2760 0.0000]
2024-11-10 15:20:18 | INFO | train | task-0		Acc is 0.8868, F1 is 0.8868
2024-11-10 15:20:18 | INFO | train | task-0		F1-macro is 0.8679, F1-micro is 0.8868
2024-11-10 15:20:18 | INFO | train | task-0		Pre is 0.8868, Rec is 0.8868
2024-11-10 15:20:18 | INFO | train | task-0		C_M is 
[[502   0   0   1   0  28   1   0]
 [  0 526   0  13   1   0   3   0]
 [  0   0 522   0   0   0   0   0]
 [  0   1   0 509   3   0   1   0]
 [  6   0   0   4 482   1  18   0]
 [ 60   0   0   2   0 198   5 270]
 [  0   0   0   4  11   0 533   0]
 [  0   0   0   3   4   4   9 275]]
2024-11-10 15:20:57 | INFO | train | In dataset valid: Loss is [1.2927 1.2927 0.0000]
2024-11-10 15:20:57 | INFO | train | task-0		Acc is 0.8892, F1 is 0.8892
2024-11-10 15:20:57 | INFO | train | task-0		F1-macro is 0.8730, F1-micro is 0.8892
2024-11-10 15:20:57 | INFO | train | task-0		Pre is 0.8892, Rec is 0.8892
2024-11-10 15:20:57 | INFO | train | task-0		C_M is 
[[470   0   0   2   0  38   0   0]
 [  0 511   0   7   3   0   0   0]
 [  0   0 506   0   2   0   0   0]
 [  1   0   0 497   7   0   1   0]
 [  2   1   0   4 508   1  28   0]
 [ 40   0   0   0   0 205   5 255]
 [  0   1   0   7  17   0 556   0]
 [  0   0   0   1  11   3   6 304]]
2024-11-10 15:21:36 | INFO | train | In dataset test: Loss is [1.3600 1.3600 0.0000]
2024-11-10 15:21:36 | INFO | train | task-0		Acc is 0.8855, F1 is 0.8855
2024-11-10 15:21:36 | INFO | train | task-0		F1-macro is 0.8661, F1-micro is 0.8855
2024-11-10 15:21:36 | INFO | train | task-0		Pre is 0.8855, Rec is 0.8855
2024-11-10 15:21:36 | INFO | train | task-0		C_M is 
[[484   0   0   1   1  36   1   0]
 [  0 521   0  10   2   0   1   0]
 [  0   0 548   0   1   0   0   0]
 [  0   0   0 565   8   0   2   0]
 [  2   0   1   4 473   1  28   1]
 [ 51   0   0   2   1 221   1 258]
 [  0   0   0   6  14   0 480   0]
 [  0   0   0   2  11   2  10 250]]
2024-11-10 15:21:36 | INFO | train | The best f1_macro util now is 0.8661, at step 16
2024-11-10 15:21:36 | INFO | train | The best f1_micro util now is 0.8855, at step 16
2024-11-10 15:22:22 | INFO | train | ----------------------------------------------------------------------------------
2024-11-10 15:22:22 | INFO | train | Time of iter training 45.80 s
2024-11-10 15:22:22 | INFO | train | On iter step 17:, global step 4353 Loss-step [1.2325 1.2325 0.0000]
2024-11-10 15:23:01 | INFO | train | In dataset train: Loss is [1.2228 1.2228 0.0000]
2024-11-10 15:23:01 | INFO | train | task-0		Acc is 0.8952, F1 is 0.8952
2024-11-10 15:23:01 | INFO | train | task-0		F1-macro is 0.8820, F1-micro is 0.8952
2024-11-10 15:23:01 | INFO | train | task-0		Pre is 0.8952, Rec is 0.8952
2024-11-10 15:23:01 | INFO | train | task-0		C_M is 
[[485   0   0   0  17  30   0   0]
 [  0 527   0  12   3   0   1   0]
 [  0   0 522   0   0   0   0   0]
 [  0   3   0 499  11   0   1   0]
 [  2   1   0   0 501   4   1   2]
 [107   0   0   0   3 273   0 152]
 [  0   0   0   1  22   0 525   0]
 [  0   0   0   1   6  37   2 249]]
2024-11-10 15:23:41 | INFO | train | In dataset valid: Loss is [1.2841 1.2841 0.0000]
2024-11-10 15:23:41 | INFO | train | task-0		Acc is 0.8950, F1 is 0.8950
2024-11-10 15:23:41 | INFO | train | task-0		F1-macro is 0.8818, F1-micro is 0.8950
2024-11-10 15:23:41 | INFO | train | task-0		Pre is 0.8950, Rec is 0.8950
2024-11-10 15:23:41 | INFO | train | task-0		C_M is 
[[464   0   0   0  25  21   0   0]
 [  0 511   0   7   3   0   0   0]
 [  0   0 506   0   2   0   0   0]
 [  0   0   0 490  15   0   1   0]
 [  2   1   0   1 529   7   0   4]
 [ 98   0   0   0  11 260   0 136]
 [  0   1   0   3  23   0 554   0]
 [  0   0   0   0  11  45   3 266]]
2024-11-10 15:24:20 | INFO | train | In dataset test: Loss is [1.2295 1.2295 0.0000]
2024-11-10 15:24:20 | INFO | train | task-0		Acc is 0.8982, F1 is 0.8982
2024-11-10 15:24:20 | INFO | train | task-0		F1-macro is 0.8821, F1-micro is 0.8982
2024-11-10 15:24:20 | INFO | train | task-0		Pre is 0.8982, Rec is 0.8982
2024-11-10 15:24:20 | INFO | train | task-0		C_M is 
[[487   0   0   0  15  21   0   0]
 [  0 521   0  10   2   0   1   0]
 [  0   0 548   0   1   0   0   0]
 [  0   0   0 561  12   0   2   0]
 [  0   0   0   1 495   3   1  10]
 [113   0   0   0   4 287   0 130]
 [  0   0   0   3  21   0 476   0]
 [  0   0   0   1  13  39   4 218]]
2024-11-10 15:24:20 | INFO | train | The best f1_macro util now is 0.8821, at step 17
2024-11-10 15:24:20 | INFO | train | The best f1_micro util now is 0.8982, at step 17
2024-11-10 15:25:06 | INFO | train | ----------------------------------------------------------------------------------
2024-11-10 15:25:06 | INFO | train | Time of iter training 45.71 s
2024-11-10 15:25:06 | INFO | train | On iter step 18:, global step 4609 Loss-step [1.2869 1.2869 0.0000]
2024-11-10 15:25:45 | INFO | train | In dataset train: Loss is [1.2481 1.2481 0.0000]
2024-11-10 15:25:45 | INFO | train | task-0		Acc is 0.9130, F1 is 0.9130
2024-11-10 15:25:45 | INFO | train | task-0		F1-macro is 0.8748, F1-micro is 0.9130
2024-11-10 15:25:45 | INFO | train | task-0		Pre is 0.9130, Rec is 0.9130
2024-11-10 15:25:45 | INFO | train | task-0		C_M is 
[[506   0   0   1   1  24   0   0]
 [  0 526   0  13   4   0   0   0]
 [  0   0 522   0   0   0   0   0]
 [  0   0   0 510   3   0   1   0]
 [  4   0   0   2 498   0   0   7]
 [ 38   0   0   0   1 491   0   5]
 [  0   0   0   3  21   0 524   0]
 [  0   0   0   1   3 215   1  75]]
2024-11-10 15:26:24 | INFO | train | In dataset valid: Loss is [1.1956 1.1956 0.0000]
2024-11-10 15:26:24 | INFO | train | task-0		Acc is 0.9093, F1 is 0.9093
2024-11-10 15:26:24 | INFO | train | task-0		F1-macro is 0.8743, F1-micro is 0.9093
2024-11-10 15:26:24 | INFO | train | task-0		Pre is 0.9093, Rec is 0.9093
2024-11-10 15:26:24 | INFO | train | task-0		C_M is 
[[492   0   0   0   0  18   0   0]
 [  0 511   0   7   3   0   0   0]
 [  0   0 506   0   2   0   0   0]
 [  1   0   0 500   4   0   1   0]
 [  1   1   0   0 529   1   0  12]
 [ 35   0   0   0   0 465   0   5]
 [  0   0   0   9  23   0 549   0]
 [  0   0   0   0   7 233   0  85]]
2024-11-10 15:27:04 | INFO | train | In dataset test: Loss is [1.2195 1.2195 0.0000]
2024-11-10 15:27:04 | INFO | train | task-0		Acc is 0.9155, F1 is 0.9155
2024-11-10 15:27:04 | INFO | train | task-0		F1-macro is 0.8724, F1-micro is 0.9155
2024-11-10 15:27:04 | INFO | train | task-0		Pre is 0.9155, Rec is 0.9155
2024-11-10 15:27:04 | INFO | train | task-0		C_M is 
[[504   0   0   0   4  15   0   0]
 [  0 520   0  11   3   0   0   0]
 [  0   0 548   0   1   0   0   0]
 [  0   0   0 568   5   0   2   0]
 [  2   0   1   1 493   2   0  11]
 [ 41   0   0   0   2 489   0   2]
 [  0   0   0   4  22   0 474   0]
 [  0   0   0   1   9 198   1  66]]
2024-11-10 15:27:04 | INFO | train | The best f1_macro util now is 0.8821, at step 17
2024-11-10 15:27:04 | INFO | train | The best f1_micro util now is 0.9155, at step 18
2024-11-10 15:27:50 | INFO | train | ----------------------------------------------------------------------------------
2024-11-10 15:27:50 | INFO | train | Time of iter training 45.96 s
2024-11-10 15:27:50 | INFO | train | On iter step 19:, global step 4865 Loss-step [1.3685 1.3685 0.0000]
2024-11-10 15:28:29 | INFO | train | In dataset train: Loss is [1.1425 1.1425 0.0000]
2024-11-10 15:28:29 | INFO | train | task-0		Acc is 0.9030, F1 is 0.9030
2024-11-10 15:28:29 | INFO | train | task-0		F1-macro is 0.8965, F1-micro is 0.9030
2024-11-10 15:28:29 | INFO | train | task-0		Pre is 0.9030, Rec is 0.9030
2024-11-10 15:28:29 | INFO | train | task-0		C_M is 
[[396   0   0   0   1 135   0   0]
 [  0 527   0  12   3   1   0   0]
 [  0   0 522   0   0   0   0   0]
 [  0   1   0 510   3   0   0   0]
 [  5   1   0   2 492   3   1   7]
 [  0   0   0   0   0 369   0 166]
 [  0   0   0  11  19   0 518   0]
 [  0   0   0   1   2  14   0 278]]
2024-11-10 15:29:08 | INFO | train | In dataset valid: Loss is [1.1541 1.1541 0.0000]
2024-11-10 15:29:08 | INFO | train | task-0		Acc is 0.9075, F1 is 0.9075
2024-11-10 15:29:08 | INFO | train | task-0		F1-macro is 0.9008, F1-micro is 0.9075
2024-11-10 15:29:08 | INFO | train | task-0		Pre is 0.9075, Rec is 0.9075
2024-11-10 15:29:08 | INFO | train | task-0		C_M is 
[[393   0   0   0   0 117   0   0]
 [  0 511   0   8   2   0   0   0]
 [  0   0 506   0   2   0   0   0]
 [  0   0   0 501   4   0   1   0]
 [  2   0   0   1 525   4   0  12]
 [  1   0   0   0   0 350   0 154]
 [  0   0   0  18  21   0 542   0]
 [  0   0   0   1   4  15   3 302]]
2024-11-10 15:29:48 | INFO | train | In dataset test: Loss is [1.2361 1.2361 0.0000]
2024-11-10 15:29:48 | INFO | train | task-0		Acc is 0.9040, F1 is 0.9040
2024-11-10 15:29:48 | INFO | train | task-0		F1-macro is 0.8952, F1-micro is 0.9040
2024-11-10 15:29:48 | INFO | train | task-0		Pre is 0.9040, Rec is 0.9040
2024-11-10 15:29:48 | INFO | train | task-0		C_M is 
[[383   0   0   0   0 140   0   0]
 [  0 520   0  13   1   0   0   0]
 [  0   0 548   0   1   0   0   0]
 [  0   0   0 569   5   0   1   0]
 [  2   0   0   2 491   1   2  12]
 [  4   0   0   0   1 386   0 143]
 [  0   0   0  11  20   0 469   0]
 [  0   0   0   3   4  15   3 250]]
2024-11-10 15:29:48 | INFO | train | The best f1_macro util now is 0.8952, at step 19
2024-11-10 15:29:48 | INFO | train | The best f1_micro util now is 0.9155, at step 18
2024-11-10 15:30:34 | INFO | train | ----------------------------------------------------------------------------------
2024-11-10 15:30:34 | INFO | train | Time of iter training 45.60 s
2024-11-10 15:30:34 | INFO | train | On iter step 20:, global step 5121 Loss-step [1.2106 1.2106 0.0000]
2024-11-10 15:31:13 | INFO | train | In dataset train: Loss is [1.1334 1.1334 0.0000]
2024-11-10 15:31:13 | INFO | train | task-0		Acc is 0.9325, F1 is 0.9325
2024-11-10 15:31:13 | INFO | train | task-0		F1-macro is 0.9230, F1-micro is 0.9325
2024-11-10 15:31:13 | INFO | train | task-0		Pre is 0.9325, Rec is 0.9325
2024-11-10 15:31:13 | INFO | train | task-0		C_M is 
[[511   0   0   0   1  20   0   0]
 [  0 526   0  13   3   0   1   0]
 [  0   0 522   0   0   0   0   0]
 [  0   0   0 511   3   0   0   0]
 [  6   0   0   0 504   0   0   1]
 [ 20   0   0   0   3 361   1 150]
 [  0   0   0   2  21   0 525   0]
 [  0   0   0   1   9  13   2 270]]
2024-11-10 15:31:52 | INFO | train | In dataset valid: Loss is [1.1475 1.1475 0.0000]
2024-11-10 15:31:52 | INFO | train | task-0		Acc is 0.9410, F1 is 0.9410
2024-11-10 15:31:52 | INFO | train | task-0		F1-macro is 0.9334, F1-micro is 0.9410
2024-11-10 15:31:52 | INFO | train | task-0		Pre is 0.9410, Rec is 0.9410
2024-11-10 15:31:52 | INFO | train | task-0		C_M is 
[[498   0   0   0   0  12   0   0]
 [  0 511   0   7   2   0   1   0]
 [  0   0 506   0   2   0   0   0]
 [  1   0   0 499   4   0   2   0]
 [  3   0   0   0 537   1   2   1]
 [ 21   0   0   0   4 355   0 125]
 [  0   1   0   0  23   0 557   0]
 [  0   0   0   0  11  10   3 301]]
2024-11-10 15:32:32 | INFO | train | In dataset test: Loss is [1.2530 1.2530 0.0000]
2024-11-10 15:32:32 | INFO | train | task-0		Acc is 0.9350, F1 is 0.9350
2024-11-10 15:32:32 | INFO | train | task-0		F1-macro is 0.9236, F1-micro is 0.9350
2024-11-10 15:32:32 | INFO | train | task-0		Pre is 0.9350, Rec is 0.9350
2024-11-10 15:32:32 | INFO | train | task-0		C_M is 
[[507   0   0   0   1  15   0   0]
 [  0 521   0  10   2   0   1   0]
 [  0   0 548   0   1   0   0   0]
 [  0   0   0 566   6   0   3   0]
 [  2   0   0   0 503   1   0   4]
 [ 26   0   0   0   2 373   0 133]
 [  0   0   0   3  21   0 476   0]
 [  0   0   0   1   9  13   6 246]]
2024-11-10 15:32:34 | INFO | train | The best f1_macro util now is 0.9236, at step 20
2024-11-10 15:32:38 | INFO | train | The best f1_micro util now is 0.9350, at step 20
2024-11-10 15:33:24 | INFO | train | ----------------------------------------------------------------------------------
2024-11-10 15:33:24 | INFO | train | Time of iter training 45.93 s
2024-11-10 15:33:24 | INFO | train | On iter step 21:, global step 5377 Loss-step [1.3507 1.3507 0.0000]
2024-11-10 15:34:03 | INFO | train | In dataset train: Loss is [1.0090 1.0090 0.0000]
2024-11-10 15:34:03 | INFO | train | task-0		Acc is 0.9067, F1 is 0.9067
2024-11-10 15:34:03 | INFO | train | task-0		F1-macro is 0.8907, F1-micro is 0.9067
2024-11-10 15:34:03 | INFO | train | task-0		Pre is 0.9067, Rec is 0.9067
2024-11-10 15:34:03 | INFO | train | task-0		C_M is 
[[527   0   0   0   1   4   0   0]
 [  0 527   0  11   3   1   1   0]
 [  0   0 522   0   0   0   0   0]
 [  0   1   0 510   3   0   0   0]
 [  6   0   0   0 498   1   0   6]
 [ 27   0   0   0   1 229   0 278]
 [  0   0   0   0  22   0 526   0]
 [  0   0   0   1   2   4   0 288]]
2024-11-10 15:34:42 | INFO | train | In dataset valid: Loss is [1.0325 1.0325 0.0000]
2024-11-10 15:34:42 | INFO | train | task-0		Acc is 0.9113, F1 is 0.9113
2024-11-10 15:34:42 | INFO | train | task-0		F1-macro is 0.8969, F1-micro is 0.9113
2024-11-10 15:34:42 | INFO | train | task-0		Pre is 0.9113, Rec is 0.9113
2024-11-10 15:34:42 | INFO | train | task-0		C_M is 
[[505   0   0   0   0   5   0   0]
 [  0 511   0   7   2   0   1   0]
 [  0   0 506   0   2   0   0   0]
 [  0   0   0 500   5   0   1   0]
 [  3   0   0   0 527   2   0  12]
 [ 13   0   0   0   0 227   0 265]
 [  0   2   0   4  23   0 552   0]
 [  0   0   0   0   5   1   2 317]]
2024-11-10 15:35:23 | INFO | train | In dataset test: Loss is [0.9963 0.9963 0.0000]
2024-11-10 15:35:23 | INFO | train | task-0		Acc is 0.9077, F1 is 0.9077
2024-11-10 15:35:23 | INFO | train | task-0		F1-macro is 0.8900, F1-micro is 0.9077
2024-11-10 15:35:23 | INFO | train | task-0		Pre is 0.9077, Rec is 0.9077
2024-11-10 15:35:23 | INFO | train | task-0		C_M is 
[[519   0   0   0   2   2   0   0]
 [  0 521   0  10   2   0   1   0]
 [  0   0 548   0   1   0   0   0]
 [  0   0   0 568   5   0   2   0]
 [  2   0   0   0 495   1   0  12]
 [ 28   0   0   0   2 242   0 262]
 [  0   0   0   3  22   0 475   0]
 [  0   0   0   2   5   2   3 263]]
2024-11-10 15:35:23 | INFO | train | The best f1_macro util now is 0.9236, at step 20
2024-11-10 15:35:23 | INFO | train | The best f1_micro util now is 0.9350, at step 20
2024-11-10 15:36:08 | INFO | train | ----------------------------------------------------------------------------------
2024-11-10 15:36:08 | INFO | train | Time of iter training 45.83 s
2024-11-10 15:36:08 | INFO | train | On iter step 22:, global step 5633 Loss-step [1.1234 1.1234 0.0000]
2024-11-10 15:36:48 | INFO | train | In dataset train: Loss is [0.9891 0.9891 0.0000]
2024-11-10 15:36:48 | INFO | train | task-0		Acc is 0.9385, F1 is 0.9385
2024-11-10 15:36:48 | INFO | train | task-0		F1-macro is 0.9282, F1-micro is 0.9385
2024-11-10 15:36:48 | INFO | train | task-0		Pre is 0.9385, Rec is 0.9385
2024-11-10 15:36:48 | INFO | train | task-0		C_M is 
[[510   0   0   1   1  20   0   0]
 [  0 526   0  13   3   0   1   0]
 [  0   0 522   0   0   0   0   0]
 [  0   1   0 510   3   0   0   0]
 [  7   1   0   2 493   1   0   7]
 [  2   0   0   3   0 426   0 104]
 [  0   0   0   1  15   0 532   0]
 [  0   0   0   1   2  57   0 235]]
2024-11-10 15:37:27 | INFO | train | In dataset valid: Loss is [0.9459 0.9459 0.0000]
2024-11-10 15:37:27 | INFO | train | task-0		Acc is 0.9425, F1 is 0.9425
2024-11-10 15:37:27 | INFO | train | task-0		F1-macro is 0.9341, F1-micro is 0.9425
2024-11-10 15:37:27 | INFO | train | task-0		Pre is 0.9425, Rec is 0.9425
2024-11-10 15:37:27 | INFO | train | task-0		C_M is 
[[496   0   0   0   0  14   0   0]
 [  1 511   0   6   2   0   1   0]
 [  0   0 506   0   2   0   0   0]
 [  0   0   0 500   5   0   1   0]
 [  2   0   0   0 523   4   2  13]
 [  0   0   0   0   0 412   0  93]
 [  0   1   0   0  20   0 560   0]
 [  0   0   0   0   5  56   2 262]]
2024-11-10 15:38:07 | INFO | train | In dataset test: Loss is [1.0380 1.0380 0.0000]
2024-11-10 15:38:07 | INFO | train | task-0		Acc is 0.9447, F1 is 0.9447
2024-11-10 15:38:07 | INFO | train | task-0		F1-macro is 0.9337, F1-micro is 0.9447
2024-11-10 15:38:07 | INFO | train | task-0		Pre is 0.9447, Rec is 0.9447
2024-11-10 15:38:07 | INFO | train | task-0		C_M is 
[[502   0   0   4   0  17   0   0]
 [  0 521   0  11   1   0   1   0]
 [  0   0 548   0   1   0   0   0]
 [  0   3   0 564   6   0   2   0]
 [  2   1   1   3 488   2   0  13]
 [  0   0   0   2   1 453   0  78]
 [  0   0   0   1  16   0 483   0]
 [  0   0   0   0   7  47   1 220]]
2024-11-10 15:38:07 | INFO | train | The best f1_macro util now is 0.9337, at step 22
2024-11-10 15:38:07 | INFO | train | The best f1_micro util now is 0.9447, at step 22
2024-11-10 15:38:52 | INFO | train | ----------------------------------------------------------------------------------
2024-11-10 15:38:52 | INFO | train | Time of iter training 45.81 s
2024-11-10 15:38:52 | INFO | train | On iter step 23:, global step 5889 Loss-step [1.2214 1.2214 0.0000]
2024-11-10 15:39:32 | INFO | train | In dataset train: Loss is [0.8449 0.8449 0.0000]
2024-11-10 15:39:32 | INFO | train | task-0		Acc is 0.9553, F1 is 0.9553
2024-11-10 15:39:32 | INFO | train | task-0		F1-macro is 0.9448, F1-micro is 0.9553
2024-11-10 15:39:32 | INFO | train | task-0		Pre is 0.9553, Rec is 0.9553
2024-11-10 15:39:32 | INFO | train | task-0		C_M is 
[[527   0   0   0   1   4   0   0]
 [  0 526   0   5  11   0   1   0]
 [  0   0 522   0   0   0   0   0]
 [  0   1   0 506   6   0   1   0]
 [  5   1   0   1 504   0   0   0]
 [ 13   0   0   0   0 510   0  12]
 [  0   0   0   5  16   0 527   0]
 [  0   0   0   1   9  86   0 199]]
2024-11-10 15:40:11 | INFO | train | In dataset valid: Loss is [0.8114 0.8114 0.0000]
2024-11-10 15:40:11 | INFO | train | task-0		Acc is 0.9550, F1 is 0.9550
2024-11-10 15:40:11 | INFO | train | task-0		F1-macro is 0.9451, F1-micro is 0.9550
2024-11-10 15:40:11 | INFO | train | task-0		Pre is 0.9550, Rec is 0.9550
2024-11-10 15:40:11 | INFO | train | task-0		C_M is 
[[506   0   0   0   0   4   0   0]
 [  1 511   0   5   4   0   0   0]
 [  0   0 506   0   2   0   0   0]
 [  0   0   0 496   8   0   2   0]
 [  3   0   0   1 538   1   1   0]
 [  2   0   0   0   2 488   0  13]
 [  0   0   0   4  17   0 560   0]
 [  0   0   0   0  10  98   2 215]]
2024-11-10 15:40:50 | INFO | train | In dataset test: Loss is [0.8618 0.8618 0.0000]
2024-11-10 15:40:50 | INFO | train | task-0		Acc is 0.9593, F1 is 0.9593
2024-11-10 15:40:50 | INFO | train | task-0		F1-macro is 0.9476, F1-micro is 0.9593
2024-11-10 15:40:50 | INFO | train | task-0		Pre is 0.9593, Rec is 0.9593
2024-11-10 15:40:50 | INFO | train | task-0		C_M is 
[[520   0   0   0   1   2   0   0]
 [  1 521   0   4   5   0   3   0]
 [  0   0 548   0   1   0   0   0]
 [  0   0   0 562  11   0   2   0]
 [  2   0   1   0 503   1   1   2]
 [  6   0   0   0   2 516   0  10]
 [  0   0   0   4  16   0 480   0]
 [  0   0   0   0  12  75   1 187]]
2024-11-10 15:40:50 | INFO | train | The best f1_macro util now is 0.9476, at step 23
2024-11-10 15:40:50 | INFO | train | The best f1_micro util now is 0.9593, at step 23
2024-11-10 15:41:36 | INFO | train | ----------------------------------------------------------------------------------
2024-11-10 15:41:36 | INFO | train | Time of iter training 45.90 s
2024-11-10 15:41:36 | INFO | train | On iter step 24:, global step 6145 Loss-step [0.9618 0.9618 0.0000]
2024-11-10 15:42:16 | INFO | train | In dataset train: Loss is [1.1237 1.1237 0.0000]
2024-11-10 15:42:16 | INFO | train | task-0		Acc is 0.9447, F1 is 0.9447
2024-11-10 15:42:16 | INFO | train | task-0		F1-macro is 0.9340, F1-micro is 0.9447
2024-11-10 15:42:16 | INFO | train | task-0		Pre is 0.9447, Rec is 0.9447
2024-11-10 15:42:16 | INFO | train | task-0		C_M is 
[[505   0   0   0   9  18   0   0]
 [  0 527   0  12   2   0   2   0]
 [  0   0 522   0   0   0   0   0]
 [  0   2   0 506   3   0   3   0]
 [  4   1   0   1 488   0  17   0]
 [  0   0   0   0   9 490   0  36]
 [  0   0   0   2   9   0 537   0]
 [  0   0   0   1  87   0   3 204]]
2024-11-10 15:42:55 | INFO | train | In dataset valid: Loss is [1.1244 1.1244 0.0000]
2024-11-10 15:42:55 | INFO | train | task-0		Acc is 0.9490, F1 is 0.9490
2024-11-10 15:42:55 | INFO | train | task-0		F1-macro is 0.9420, F1-micro is 0.9490
2024-11-10 15:42:55 | INFO | train | task-0		Pre is 0.9490, Rec is 0.9490
2024-11-10 15:42:55 | INFO | train | task-0		C_M is 
[[492   0   0   0   5  13   0   0]
 [  0 511   0   7   2   0   1   0]
 [  0   0 506   0   2   0   0   0]
 [  0   1   0 498   5   0   2   0]
 [  0   0   0   3 518   1  22   0]
 [  1   0   0   0   9 466   0  29]
 [  0   0   0   0  10   0 571   0]
 [  0   0   0   0  88   0   3 234]]
2024-11-10 15:43:34 | INFO | train | In dataset test: Loss is [1.1385 1.1385 0.0000]
2024-11-10 15:43:34 | INFO | train | task-0		Acc is 0.9495, F1 is 0.9495
2024-11-10 15:43:34 | INFO | train | task-0		F1-macro is 0.9363, F1-micro is 0.9495
2024-11-10 15:43:34 | INFO | train | task-0		Pre is 0.9495, Rec is 0.9495
2024-11-10 15:43:34 | INFO | train | task-0		C_M is 
[[506   0   0   0   5  12   0   0]
 [  0 521   0  10   1   0   2   0]
 [  0   0 548   0   1   0   0   0]
 [  0   2   0 565   4   0   4   0]
 [  1   2   0   2 485   1  19   0]
 [  0   1   0   0   7 503   0  23]
 [  0   0   0   1  10   0 489   0]
 [  0   0   0   1  89   0   4 181]]
2024-11-10 15:43:34 | INFO | train | The best f1_macro util now is 0.9476, at step 23
2024-11-10 15:43:34 | INFO | train | The best f1_micro util now is 0.9593, at step 23
2024-11-10 15:44:20 | INFO | train | ----------------------------------------------------------------------------------
2024-11-10 15:44:20 | INFO | train | Time of iter training 46.07 s
2024-11-10 15:44:20 | INFO | train | On iter step 25:, global step 6401 Loss-step [1.1990 1.1990 0.0000]
2024-11-10 15:45:00 | INFO | train | In dataset train: Loss is [0.8561 0.8561 0.0000]
2024-11-10 15:45:00 | INFO | train | task-0		Acc is 0.9778, F1 is 0.9778
2024-11-10 15:45:00 | INFO | train | task-0		F1-macro is 0.9779, F1-micro is 0.9778
2024-11-10 15:45:00 | INFO | train | task-0		Pre is 0.9778, Rec is 0.9778
2024-11-10 15:45:00 | INFO | train | task-0		C_M is 
[[530   0   0   0   1   1   0   0]
 [  6 523   0   7   5   0   2   0]
 [  0   0 522   0   0   0   0   0]
 [  8   4   0 494   6   0   2   0]
 [  7   0   0   0 500   1   0   3]
 [ 13   0   0   0   0 522   0   0]
 [  0   0   0   1  14   0 533   0]
 [  0   0   0   1   5   2   0 287]]
2024-11-10 15:45:39 | INFO | train | In dataset valid: Loss is [0.7859 0.7859 0.0000]
2024-11-10 15:45:39 | INFO | train | task-0		Acc is 0.9810, F1 is 0.9810
2024-11-10 15:45:39 | INFO | train | task-0		F1-macro is 0.9811, F1-micro is 0.9810
2024-11-10 15:45:39 | INFO | train | task-0		Pre is 0.9810, Rec is 0.9810
2024-11-10 15:45:39 | INFO | train | task-0		C_M is 
[[510   0   0   0   0   0   0   0]
 [  4 507   0   5   4   0   1   0]
 [  0   0 506   0   2   0   0   0]
 [  7   2   0 491   4   1   1   0]
 [  6   0   0   0 532   1   2   3]
 [  4   0   0   0   0 500   0   1]
 [  0   0   0   1  16   0 564   0]
 [  0   0   0   0   9   1   1 314]]
2024-11-10 15:46:19 | INFO | train | In dataset test: Loss is [0.8912 0.8912 0.0000]
2024-11-10 15:46:19 | INFO | train | task-0		Acc is 0.9792, F1 is 0.9792
2024-11-10 15:46:19 | INFO | train | task-0		F1-macro is 0.9792, F1-micro is 0.9792
2024-11-10 15:46:19 | INFO | train | task-0		Pre is 0.9792, Rec is 0.9792
2024-11-10 15:46:19 | INFO | train | task-0		C_M is 
[[521   0   0   0   1   0   0   1]
 [  2 518   0   5   6   0   3   0]
 [  0   0 548   0   1   0   0   0]
 [ 15   1   0 549   7   0   3   0]
 [  5   0   0   0 502   1   1   1]
 [  7   0   0   0   0 527   0   0]
 [  0   0   0   0  14   0 486   0]
 [  0   0   0   0   8   0   1 266]]
2024-11-10 15:46:19 | INFO | train | The best f1_macro util now is 0.9792, at step 25
2024-11-10 15:46:19 | INFO | train | The best f1_micro util now is 0.9792, at step 25
2024-11-10 15:47:05 | INFO | train | ----------------------------------------------------------------------------------
2024-11-10 15:47:05 | INFO | train | Time of iter training 45.88 s
2024-11-10 15:47:05 | INFO | train | On iter step 26:, global step 6657 Loss-step [0.8293 0.8293 0.0000]
2024-11-10 15:47:44 | INFO | train | In dataset train: Loss is [0.7327 0.7327 0.0000]
2024-11-10 15:47:44 | INFO | train | task-0		Acc is 0.9758, F1 is 0.9758
2024-11-10 15:47:44 | INFO | train | task-0		F1-macro is 0.9754, F1-micro is 0.9758
2024-11-10 15:47:44 | INFO | train | task-0		Pre is 0.9758, Rec is 0.9758
2024-11-10 15:47:44 | INFO | train | task-0		C_M is 
[[526   0   0   0   1   5   0   0]
 [  0 533   0   6   2   0   2   0]
 [  0   0 522   0   0   0   0   0]
 [  0   6   0 505   3   0   0   0]
 [  8   0   0   8 490   3   1   1]
 [ 11   0   0   0   0 524   0   0]
 [  0   0   0  11  13   0 524   0]
 [  0   0   0   1   7   8   0 279]]
2024-11-10 15:48:23 | INFO | train | In dataset valid: Loss is [0.7282 0.7282 0.0000]
2024-11-10 15:48:23 | INFO | train | task-0		Acc is 0.9778, F1 is 0.9778
2024-11-10 15:48:23 | INFO | train | task-0		F1-macro is 0.9776, F1-micro is 0.9778
2024-11-10 15:48:23 | INFO | train | task-0		Pre is 0.9778, Rec is 0.9778
2024-11-10 15:48:23 | INFO | train | task-0		C_M is 
[[504   0   0   1   0   5   0   0]
 [  0 512   0   7   1   0   1   0]
 [  0   0 506   0   2   0   0   0]
 [  0   4   0 499   1   1   1   0]
 [  3   1   0   5 527   4   2   2]
 [  1   0   0   0   0 504   0   0]
 [  0   0   0  12  17   0 552   0]
 [  0   0   0   1   9   7   1 307]]
2024-11-10 15:49:03 | INFO | train | In dataset test: Loss is [0.7841 0.7841 0.0000]
2024-11-10 15:49:03 | INFO | train | task-0		Acc is 0.9778, F1 is 0.9778
2024-11-10 15:49:03 | INFO | train | task-0		F1-macro is 0.9767, F1-micro is 0.9778
2024-11-10 15:49:03 | INFO | train | task-0		Pre is 0.9778, Rec is 0.9778
2024-11-10 15:49:03 | INFO | train | task-0		C_M is 
[[515   0   0   1   1   5   1   0]
 [  0 525   0   5   1   0   3   0]
 [  0   0 548   0   1   0   0   0]
 [  0   3   0 566   5   0   1   0]
 [  2   1   1  11 492   1   1   1]
 [  6   0   0   0   1 527   0   0]
 [  0   0   0   8  10   0 482   0]
 [  0   0   0   1   9   8   1 256]]
2024-11-10 15:49:03 | INFO | train | The best f1_macro util now is 0.9792, at step 25
2024-11-10 15:49:03 | INFO | train | The best f1_micro util now is 0.9792, at step 25
2024-11-10 15:49:49 | INFO | train | ----------------------------------------------------------------------------------
2024-11-10 15:49:49 | INFO | train | Time of iter training 45.94 s
2024-11-10 15:49:49 | INFO | train | On iter step 27:, global step 6913 Loss-step [0.7090 0.7090 0.0000]
2024-11-10 15:50:28 | INFO | train | In dataset train: Loss is [0.5082 0.5082 0.0000]
2024-11-10 15:50:28 | INFO | train | task-0		Acc is 0.9840, F1 is 0.9840
2024-11-10 15:50:28 | INFO | train | task-0		F1-macro is 0.9840, F1-micro is 0.9840
2024-11-10 15:50:28 | INFO | train | task-0		Pre is 0.9840, Rec is 0.9840
2024-11-10 15:50:28 | INFO | train | task-0		C_M is 
[[526   0   0   0   1   5   0   0]
 [  0 532   0   7   1   0   3   0]
 [  0   0 522   0   0   0   0   0]
 [  0   2   0 508   3   0   1   0]
 [  5   0   0   3 494   0   8   1]
 [  5   0   0   0   0 530   0   0]
 [  0   0   0   2   9   0 537   0]
 [  0   0   0   1   5   2   0 287]]
2024-11-10 15:51:07 | INFO | train | In dataset valid: Loss is [0.5198 0.5198 0.0000]
2024-11-10 15:51:07 | INFO | train | task-0		Acc is 0.9828, F1 is 0.9828
2024-11-10 15:51:07 | INFO | train | task-0		F1-macro is 0.9829, F1-micro is 0.9828
2024-11-10 15:51:07 | INFO | train | task-0		Pre is 0.9828, Rec is 0.9828
2024-11-10 15:51:07 | INFO | train | task-0		C_M is 
[[504   0   0   0   0   6   0   0]
 [  0 513   0   5   2   0   1   0]
 [  0   0 506   0   2   0   0   0]
 [  0   3   0 496   4   1   2   0]
 [  3   1   0   0 523   4  11   2]
 [  1   0   0   0   0 503   0   1]
 [  0   0   0   0  10   0 571   0]
 [  0   0   0   0   9   1   0 315]]
2024-11-10 15:51:47 | INFO | train | In dataset test: Loss is [0.5328 0.5328 0.0000]
2024-11-10 15:51:47 | INFO | train | task-0		Acc is 0.9832, F1 is 0.9832
2024-11-10 15:51:47 | INFO | train | task-0		F1-macro is 0.9825, F1-micro is 0.9832
2024-11-10 15:51:47 | INFO | train | task-0		Pre is 0.9832, Rec is 0.9832
2024-11-10 15:51:47 | INFO | train | task-0		C_M is 
[[516   0   0   0   1   6   0   0]
 [  0 525   0   5   1   0   3   0]
 [  0   0 548   0   1   0   0   0]
 [  0   1   0 567   4   0   3   0]
 [  3   0   1   0 493   1  11   1]
 [  3   0   0   0   0 531   0   0]
 [  0   0   0   0  10   0 490   0]
 [  0   0   0   1   8   2   1 263]]
2024-11-10 15:51:47 | INFO | train | The best f1_macro util now is 0.9825, at step 27
2024-11-10 15:51:47 | INFO | train | The best f1_micro util now is 0.9832, at step 27
2024-11-10 15:52:33 | INFO | train | ----------------------------------------------------------------------------------
2024-11-10 15:52:33 | INFO | train | Time of iter training 46.02 s
2024-11-10 15:52:33 | INFO | train | On iter step 28:, global step 7169 Loss-step [0.5463 0.5463 0.0000]
2024-11-10 15:53:12 | INFO | train | In dataset train: Loss is [0.4998 0.4998 0.0000]
2024-11-10 15:53:12 | INFO | train | task-0		Acc is 0.9852, F1 is 0.9852
2024-11-10 15:53:12 | INFO | train | task-0		F1-macro is 0.9850, F1-micro is 0.9852
2024-11-10 15:53:12 | INFO | train | task-0		Pre is 0.9852, Rec is 0.9852
2024-11-10 15:53:12 | INFO | train | task-0		C_M is 
[[530   0   0   0   1   1   0   0]
 [  0 539   0   0   2   0   2   0]
 [  0   0 522   0   0   0   0   0]
 [  0   8   0 503   3   0   0   0]
 [  4   0   0   4 500   0   0   3]
 [ 11   0   0   0   0 524   0   0]
 [  0   0   0   3   9   0 536   0]
 [  0   1   0   0   3   3   1 287]]
2024-11-10 15:53:51 | INFO | train | In dataset valid: Loss is [0.4853 0.4853 0.0000]
2024-11-10 15:53:51 | INFO | train | task-0		Acc is 0.9858, F1 is 0.9858
2024-11-10 15:53:51 | INFO | train | task-0		F1-macro is 0.9856, F1-micro is 0.9858
2024-11-10 15:53:51 | INFO | train | task-0		Pre is 0.9858, Rec is 0.9858
2024-11-10 15:53:51 | INFO | train | task-0		C_M is 
[[510   0   0   0   0   0   0   0]
 [  0 518   0   0   2   0   1   0]
 [  0   0 506   0   2   0   0   0]
 [  0   6   0 495   3   1   1   0]
 [  3   0   0   0 530   4   3   4]
 [  3   0   0   0   0 502   0   0]
 [  0   0   0   0  13   0 568   0]
 [  0   0   0   0   7   1   3 314]]
2024-11-10 15:54:31 | INFO | train | In dataset test: Loss is [0.5433 0.5433 0.0000]
2024-11-10 15:54:31 | INFO | train | task-0		Acc is 0.9838, F1 is 0.9838
2024-11-10 15:54:31 | INFO | train | task-0		F1-macro is 0.9830, F1-micro is 0.9838
2024-11-10 15:54:31 | INFO | train | task-0		Pre is 0.9838, Rec is 0.9838
2024-11-10 15:54:31 | INFO | train | task-0		C_M is 
[[521   0   0   0   1   1   0   0]
 [  0 528   0   2   1   0   3   0]
 [  0   0 548   0   1   0   0   0]
 [  0  10   0 559   5   0   1   0]
 [  2   1   0   1 500   1   3   2]
 [  5   0   0   0   0 529   0   0]
 [  0   0   0   3  10   0 487   0]
 [  0   0   0   1   8   2   1 263]]
2024-11-10 15:54:31 | INFO | train | The best f1_macro util now is 0.9830, at step 28
2024-11-10 15:54:31 | INFO | train | The best f1_micro util now is 0.9838, at step 28
2024-11-10 15:55:17 | INFO | train | ----------------------------------------------------------------------------------
2024-11-10 15:55:17 | INFO | train | Time of iter training 45.80 s
2024-11-10 15:55:17 | INFO | train | On iter step 29:, global step 7425 Loss-step [0.5754 0.5754 0.0000]
2024-11-10 15:55:56 | INFO | train | In dataset train: Loss is [0.4810 0.4810 0.0000]
2024-11-10 15:55:56 | INFO | train | task-0		Acc is 0.9818, F1 is 0.9818
2024-11-10 15:55:56 | INFO | train | task-0		F1-macro is 0.9815, F1-micro is 0.9818
2024-11-10 15:55:56 | INFO | train | task-0		Pre is 0.9818, Rec is 0.9818
2024-11-10 15:55:56 | INFO | train | task-0		C_M is 
[[530   0   0   0   1   1   0   0]
 [  0 531   0   8   3   0   1   0]
 [  0   0 522   0   0   0   0   0]
 [  0   1   0 503   8   0   2   0]
 [  3   0   0   0 500   1   0   7]
 [ 10   0   0   0   0 525   0   0]
 [  0   0   0   1  20   0 527   0]
 [  0   0   0   1   2   3   0 289]]
2024-11-10 15:56:35 | INFO | train | In dataset valid: Loss is [0.4664 0.4664 0.0000]
2024-11-10 15:56:35 | INFO | train | task-0		Acc is 0.9812, F1 is 0.9812
2024-11-10 15:56:35 | INFO | train | task-0		F1-macro is 0.9812, F1-micro is 0.9812
2024-11-10 15:56:35 | INFO | train | task-0		Pre is 0.9812, Rec is 0.9812
2024-11-10 15:56:35 | INFO | train | task-0		C_M is 
[[509   0   0   0   1   0   0   0]
 [  0 513   0   5   2   0   1   0]
 [  0   0 506   0   2   0   0   0]
 [  0   2   0 494   7   1   2   0]
 [  3   0   0   0 524   4   0  13]
 [  2   0   0   0   0 503   0   0]
 [  0   0   0   2  21   0 558   0]
 [  0   0   0   0   6   1   0 318]]
2024-11-10 15:57:15 | INFO | train | In dataset test: Loss is [0.4978 0.4978 0.0000]
2024-11-10 15:57:15 | INFO | train | task-0		Acc is 0.9795, F1 is 0.9795
2024-11-10 15:57:15 | INFO | train | task-0		F1-macro is 0.9780, F1-micro is 0.9795
2024-11-10 15:57:15 | INFO | train | task-0		Pre is 0.9795, Rec is 0.9795
2024-11-10 15:57:15 | INFO | train | task-0		C_M is 
[[521   0   0   0   1   1   0   0]
 [  0 524   0   6   1   0   3   0]
 [  0   0 548   0   1   0   0   0]
 [  1   1   0 560   9   0   4   0]
 [  1   0   0   0 495   2   0  12]
 [  6   0   0   0   0 528   0   0]
 [  0   0   0   2  20   0 478   0]
 [  0   0   0   2   9   0   0 264]]
2024-11-10 15:57:15 | INFO | train | The best f1_macro util now is 0.9830, at step 28
2024-11-10 15:57:15 | INFO | train | The best f1_micro util now is 0.9838, at step 28
2024-11-10 15:58:01 | INFO | train | ----------------------------------------------------------------------------------
2024-11-10 15:58:01 | INFO | train | Time of iter training 45.85 s
2024-11-10 15:58:01 | INFO | train | On iter step 30:, global step 7681 Loss-step [0.5912 0.5912 0.0000]
2024-11-10 15:58:40 | INFO | train | In dataset train: Loss is [0.5045 0.5045 0.0000]
2024-11-10 15:58:40 | INFO | train | task-0		Acc is 0.9842, F1 is 0.9842
2024-11-10 15:58:40 | INFO | train | task-0		F1-macro is 0.9835, F1-micro is 0.9842
2024-11-10 15:58:40 | INFO | train | task-0		Pre is 0.9842, Rec is 0.9842
2024-11-10 15:58:40 | INFO | train | task-0		C_M is 
[[529   0   0   0   0   3   0   0]
 [  0 526   0  14   0   0   3   0]
 [  0   0 522   0   0   0   0   0]
 [  0   0   0 510   3   0   1   0]
 [  7   0   0   2 498   2   0   2]
 [  6   0   0   0   0 529   0   0]
 [  0   0   0   2   4   0 542   0]
 [  0   0   0   1   7   5   1 281]]
2024-11-10 15:59:19 | INFO | train | In dataset valid: Loss is [0.4565 0.4565 0.0000]
2024-11-10 15:59:19 | INFO | train | task-0		Acc is 0.9872, F1 is 0.9872
2024-11-10 15:59:19 | INFO | train | task-0		F1-macro is 0.9869, F1-micro is 0.9872
2024-11-10 15:59:19 | INFO | train | task-0		Pre is 0.9872, Rec is 0.9872
2024-11-10 15:59:19 | INFO | train | task-0		C_M is 
[[508   0   0   0   0   2   0   0]
 [  1 511   0   7   1   0   1   0]
 [  0   0 506   0   1   0   1   0]
 [  0   1   0 499   3   1   2   0]
 [  4   0   0   0 531   4   3   2]
 [  0   0   0   0   0 505   0   0]
 [  0   0   0   0   5   0 576   0]
 [  0   0   0   0   9   2   1 313]]
2024-11-10 15:59:59 | INFO | train | In dataset test: Loss is [0.5110 0.5110 0.0000]
2024-11-10 15:59:59 | INFO | train | task-0		Acc is 0.9860, F1 is 0.9860
2024-11-10 15:59:59 | INFO | train | task-0		F1-macro is 0.9853, F1-micro is 0.9860
2024-11-10 15:59:59 | INFO | train | task-0		Pre is 0.9860, Rec is 0.9860
2024-11-10 15:59:59 | INFO | train | task-0		C_M is 
[[518   0   0   0   0   5   0   0]
 [  1 521   0   8   0   0   4   0]
 [  0   0 548   0   1   0   0   0]
 [  0   0   0 566   6   0   3   0]
 [  3   0   1   1 502   2   0   1]
 [  3   0   0   0   0 531   0   0]
 [  0   0   0   1   4   0 495   0]
 [  0   0   0   0   9   2   1 263]]
2024-11-10 16:00:02 | INFO | train | The best f1_macro util now is 0.9853, at step 30
2024-11-10 16:00:05 | INFO | train | The best f1_micro util now is 0.9860, at step 30
2024-11-10 16:00:51 | INFO | train | ----------------------------------------------------------------------------------
2024-11-10 16:00:51 | INFO | train | Time of iter training 45.88 s
2024-11-10 16:00:51 | INFO | train | On iter step 31:, global step 7937 Loss-step [0.8416 0.8416 0.0000]
2024-11-10 16:01:30 | INFO | train | In dataset train: Loss is [0.5901 0.5901 0.0000]
2024-11-10 16:01:30 | INFO | train | task-0		Acc is 0.9805, F1 is 0.9805
2024-11-10 16:01:30 | INFO | train | task-0		F1-macro is 0.9803, F1-micro is 0.9805
2024-11-10 16:01:30 | INFO | train | task-0		Pre is 0.9805, Rec is 0.9805
2024-11-10 16:01:30 | INFO | train | task-0		C_M is 
[[513   0   0   0   0  18   1   0]
 [  0 526   0  14   0   0   3   0]
 [  0   0 522   0   0   0   0   0]
 [  0   0   0 511   3   0   0   0]
 [  5   1   0   5 493   3   3   1]
 [  0   0   0   0   0 535   0   0]
 [  0   0   0   2   7   0 539   0]
 [  0   0   0   1   7   4   0 283]]
2024-11-10 16:02:09 | INFO | train | In dataset valid: Loss is [0.5775 0.5775 0.0000]
2024-11-10 16:02:09 | INFO | train | task-0		Acc is 0.9850, F1 is 0.9850
2024-11-10 16:02:09 | INFO | train | task-0		F1-macro is 0.9848, F1-micro is 0.9850
2024-11-10 16:02:09 | INFO | train | task-0		Pre is 0.9850, Rec is 0.9850
2024-11-10 16:02:09 | INFO | train | task-0		C_M is 
[[499   0   0   0   0  11   0   0]
 [  0 511   0   7   1   0   2   0]
 [  0   0 506   0   2   0   0   0]
 [  0   1   0 500   3   1   1   0]
 [  3   0   0   1 531   4   3   2]
 [  0   0   0   0   0 505   0   0]
 [  0   0   0   1   6   0 574   0]
 [  0   1   0   1   7   1   1 314]]
2024-11-10 16:02:49 | INFO | train | In dataset test: Loss is [0.6753 0.6753 0.0000]
2024-11-10 16:02:49 | INFO | train | task-0		Acc is 0.9828, F1 is 0.9828
2024-11-10 16:02:49 | INFO | train | task-0		F1-macro is 0.9822, F1-micro is 0.9828
2024-11-10 16:02:49 | INFO | train | task-0		Pre is 0.9828, Rec is 0.9828
2024-11-10 16:02:49 | INFO | train | task-0		C_M is 
[[508   0   0   0   0  14   1   0]
 [  0 521   0  10   0   0   3   0]
 [  0   0 548   0   1   0   0   0]
 [  0   1   0 568   5   0   1   0]
 [  2   0   1   8 495   1   1   2]
 [  0   0   0   0   0 534   0   0]
 [  0   0   0   2   4   0 494   0]
 [  0   0   0   2   6   2   2 263]]
2024-11-10 16:02:49 | INFO | train | The best f1_macro util now is 0.9853, at step 30
2024-11-10 16:02:49 | INFO | train | The best f1_micro util now is 0.9860, at step 30
2024-11-10 16:03:34 | INFO | train | ----------------------------------------------------------------------------------
2024-11-10 16:03:34 | INFO | train | Time of iter training 45.83 s
2024-11-10 16:03:34 | INFO | train | On iter step 32:, global step 8193 Loss-step [0.5303 0.5303 0.0000]
2024-11-10 16:04:14 | INFO | train | In dataset train: Loss is [0.5162 0.5162 0.0000]
2024-11-10 16:04:14 | INFO | train | task-0		Acc is 0.9850, F1 is 0.9850
2024-11-10 16:04:14 | INFO | train | task-0		F1-macro is 0.9844, F1-micro is 0.9850
2024-11-10 16:04:14 | INFO | train | task-0		Pre is 0.9850, Rec is 0.9850
2024-11-10 16:04:14 | INFO | train | task-0		C_M is 
[[531   0   0   0   0   1   0   0]
 [  0 538   0   1   3   0   1   0]
 [  0   0 522   0   0   0   0   0]
 [  0   4   0 507   3   0   0   0]
 [  8   0   0   1 492   3   0   7]
 [ 10   0   0   0   0 525   0   0]
 [  0   0   0   1  10   0 537   0]
 [  1   1   0   0   2   3   0 288]]
2024-11-10 16:04:53 | INFO | train | In dataset valid: Loss is [0.5404 0.5404 0.0000]
2024-11-10 16:04:53 | INFO | train | task-0		Acc is 0.9858, F1 is 0.9858
2024-11-10 16:04:53 | INFO | train | task-0		F1-macro is 0.9850, F1-micro is 0.9858
2024-11-10 16:04:53 | INFO | train | task-0		Pre is 0.9858, Rec is 0.9858
2024-11-10 16:04:53 | INFO | train | task-0		C_M is 
[[510   0   0   0   0   0   0   0]
 [  0 518   0   0   1   0   2   0]
 [  0   0 506   0   2   0   0   0]
 [  0   4   0 496   4   1   1   0]
 [  3   0   0   0 524   4   0  13]
 [  3   0   0   0   0 502   0   0]
 [  0   0   0   0  10   0 571   0]
 [  0   0   0   1   6   2   0 316]]
2024-11-10 16:05:33 | INFO | train | In dataset test: Loss is [0.6329 0.6329 0.0000]
2024-11-10 16:05:33 | INFO | train | task-0		Acc is 0.9832, F1 is 0.9832
2024-11-10 16:05:33 | INFO | train | task-0		F1-macro is 0.9817, F1-micro is 0.9832
2024-11-10 16:05:33 | INFO | train | task-0		Pre is 0.9832, Rec is 0.9832
2024-11-10 16:05:33 | INFO | train | task-0		C_M is 
[[522   0   0   0   0   1   0   0]
 [  0 527   0   3   0   0   4   0]
 [  0   0 548   0   1   0   0   0]
 [  0   4   0 564   6   0   1   0]
 [  2   0   1   0 492   2   1  12]
 [  7   0   0   0   0 527   0   0]
 [  0   0   0   1  11   0 488   0]
 [  0   0   0   2   6   2   0 265]]
2024-11-10 16:05:33 | INFO | train | The best f1_macro util now is 0.9853, at step 30
2024-11-10 16:05:33 | INFO | train | The best f1_micro util now is 0.9860, at step 30
2024-11-10 16:06:22 | INFO | deepnet.data.dataset_text | Read next training chunk, data size is 67338
2024-11-10 16:06:23 | INFO | train | ----------------------------------------------------------------------------------
2024-11-10 16:06:23 | INFO | train | Time of iter training 50.13 s
2024-11-10 16:06:23 | INFO | train | On iter step 33:, global step 8449 Loss-step [0.8139 0.8139 0.0000]
2024-11-10 16:07:02 | INFO | train | In dataset train: Loss is [0.4688 0.4688 0.0000]
2024-11-10 16:07:02 | INFO | train | task-0		Acc is 0.9832, F1 is 0.9832
2024-11-10 16:07:02 | INFO | train | task-0		F1-macro is 0.9829, F1-micro is 0.9832
2024-11-10 16:07:02 | INFO | train | task-0		Pre is 0.9832, Rec is 0.9832
2024-11-10 16:07:02 | INFO | train | task-0		C_M is 
[[530   0   0   0   0   2   0   0]
 [  0 527   0  12   1   0   3   0]
 [  0   0 522   0   0   0   0   0]
 [  0   0   0 511   3   0   0   0]
 [  7   0   0   3 481   3   8   9]
 [  9   0   0   0   0 526   0   0]
 [  0   0   0   1   3   0 544   0]
 [  1   0   0   1   1   0   0 292]]
2024-11-10 16:07:41 | INFO | train | In dataset valid: Loss is [0.4682 0.4682 0.0000]
2024-11-10 16:07:41 | INFO | train | task-0		Acc is 0.9850, F1 is 0.9850
2024-11-10 16:07:41 | INFO | train | task-0		F1-macro is 0.9845, F1-micro is 0.9850
2024-11-10 16:07:41 | INFO | train | task-0		Pre is 0.9850, Rec is 0.9850
2024-11-10 16:07:41 | INFO | train | task-0		C_M is 
[[509   0   0   0   0   1   0   0]
 [  0 511   0   7   2   0   1   0]
 [  0   0 506   0   2   0   0   0]
 [  1   0   0 503   1   0   1   0]
 [  2   0   0   0 515   6   7  14]
 [  4   0   0   0   0 501   0   0]
 [  0   0   0   2   4   0 575   0]
 [  1   1   0   1   2   0   0 320]]
2024-11-10 16:08:21 | INFO | train | In dataset test: Loss is [0.5418 0.5418 0.0000]
2024-11-10 16:08:21 | INFO | train | task-0		Acc is 0.9805, F1 is 0.9805
2024-11-10 16:08:21 | INFO | train | task-0		F1-macro is 0.9790, F1-micro is 0.9805
2024-11-10 16:08:21 | INFO | train | task-0		Pre is 0.9805, Rec is 0.9805
2024-11-10 16:08:21 | INFO | train | task-0		C_M is 
[[521   0   0   0   0   2   0   0]
 [  0 522   0   8   1   0   3   0]
 [  0   0 548   0   1   0   0   0]
 [  0   0   0 567   5   0   3   0]
 [  2   1   0   2 478   5   9  13]
 [  5   0   0   0   0 529   0   0]
 [  0   0   0   4   5   0 491   0]
 [  0   0   0   3   4   2   0 266]]
2024-11-10 16:08:21 | INFO | train | The best f1_macro util now is 0.9853, at step 30
2024-11-10 16:08:21 | INFO | train | The best f1_micro util now is 0.9860, at step 30
2024-11-10 16:09:07 | INFO | train | ----------------------------------------------------------------------------------
2024-11-10 16:09:07 | INFO | train | Time of iter training 45.86 s
2024-11-10 16:09:07 | INFO | train | On iter step 34:, global step 8705 Loss-step [0.6931 0.6931 0.0000]
2024-11-10 16:09:46 | INFO | train | In dataset train: Loss is [0.3859 0.3859 0.0000]
2024-11-10 16:09:46 | INFO | train | task-0		Acc is 0.9875, F1 is 0.9875
2024-11-10 16:09:46 | INFO | train | task-0		F1-macro is 0.9873, F1-micro is 0.9875
2024-11-10 16:09:46 | INFO | train | task-0		Pre is 0.9875, Rec is 0.9875
2024-11-10 16:09:46 | INFO | train | task-0		C_M is 
[[529   0   0   0   1   2   0   0]
 [  0 538   0   1   1   0   3   0]
 [  0   0 522   0   0   0   0   0]
 [  0   1   0 510   1   0   2   0]
 [  7   0   0   1 497   2   3   1]
 [ 11   0   0   0   0 524   0   0]
 [  0   0   0   3   2   0 543   0]
 [  0   0   0   1   7   0   0 287]]
2024-11-10 16:10:25 | INFO | train | In dataset valid: Loss is [0.3808 0.3808 0.0000]
2024-11-10 16:10:25 | INFO | train | task-0		Acc is 0.9885, F1 is 0.9885
2024-11-10 16:10:25 | INFO | train | task-0		F1-macro is 0.9883, F1-micro is 0.9885
2024-11-10 16:10:25 | INFO | train | task-0		Pre is 0.9885, Rec is 0.9885
2024-11-10 16:10:25 | INFO | train | task-0		C_M is 
[[509   0   0   0   0   1   0   0]
 [  1 517   0   0   2   0   1   0]
 [  0   0 506   0   2   0   0   0]
 [  0   4   0 497   2   1   2   0]
 [  3   0   0   0 531   4   4   2]
 [  3   0   0   0   0 502   0   0]
 [  0   0   0   1   3   0 577   0]
 [  1   0   0   0   8   0   1 315]]
2024-11-10 16:11:05 | INFO | train | In dataset test: Loss is [0.4511 0.4511 0.0000]
2024-11-10 16:11:05 | INFO | train | task-0		Acc is 0.9872, F1 is 0.9872
2024-11-10 16:11:05 | INFO | train | task-0		F1-macro is 0.9864, F1-micro is 0.9872
2024-11-10 16:11:05 | INFO | train | task-0		Pre is 0.9872, Rec is 0.9872
2024-11-10 16:11:05 | INFO | train | task-0		C_M is 
[[521   0   0   0   0   2   0   0]
 [  1 525   0   4   1   0   3   0]
 [  0   0 548   0   1   0   0   0]
 [  0   0   0 567   3   0   5   0]
 [  3   0   0   2 501   2   1   1]
 [  5   0   0   0   0 529   0   0]
 [  0   0   0   1   4   0 495   0]
 [  2   0   0   0   7   2   1 263]]
2024-11-10 16:11:05 | INFO | train | The best f1_macro util now is 0.9864, at step 34
2024-11-10 16:11:05 | INFO | train | The best f1_micro util now is 0.9872, at step 34
2024-11-10 16:11:51 | INFO | train | ----------------------------------------------------------------------------------
2024-11-10 16:11:51 | INFO | train | Time of iter training 46.01 s
2024-11-10 16:11:51 | INFO | train | On iter step 35:, global step 8961 Loss-step [0.5578 0.5578 0.0000]
2024-11-10 16:12:30 | INFO | train | In dataset train: Loss is [0.4777 0.4777 0.0000]
2024-11-10 16:12:30 | INFO | train | task-0		Acc is 0.9870, F1 is 0.9870
2024-11-10 16:12:30 | INFO | train | task-0		F1-macro is 0.9868, F1-micro is 0.9870
2024-11-10 16:12:30 | INFO | train | task-0		Pre is 0.9870, Rec is 0.9870
2024-11-10 16:12:30 | INFO | train | task-0		C_M is 
[[529   0   0   0   0   3   0   0]
 [  0 533   0   6   3   0   1   0]
 [  0   0 522   0   0   0   0   0]
 [  0   2   0 509   3   0   0   0]
 [  7   0   0   2 500   1   0   1]
 [  5   0   0   0   0 530   0   0]
 [  0   0   0   3   7   0 538   0]
 [  0   0   0   1   7   0   0 287]]
2024-11-10 16:13:09 | INFO | train | In dataset valid: Loss is [0.4595 0.4595 0.0000]
2024-11-10 16:13:09 | INFO | train | task-0		Acc is 0.9875, F1 is 0.9875
2024-11-10 16:13:09 | INFO | train | task-0		F1-macro is 0.9874, F1-micro is 0.9875
2024-11-10 16:13:09 | INFO | train | task-0		Pre is 0.9875, Rec is 0.9875
2024-11-10 16:13:09 | INFO | train | task-0		C_M is 
[[509   0   0   0   0   1   0   0]
 [  0 515   0   3   2   0   1   0]
 [  0   0 506   0   2   0   0   0]
 [  1   2   0 501   1   0   1   0]
 [  3   0   0   0 535   4   0   2]
 [  1   0   0   0   1 503   0   0]
 [  0   0   0   8   7   0 566   0]
 [  0   0   0   0  10   0   0 315]]
2024-11-10 16:13:49 | INFO | train | In dataset test: Loss is [0.5268 0.5268 0.0000]
2024-11-10 16:13:49 | INFO | train | task-0		Acc is 0.9850, F1 is 0.9850
2024-11-10 16:13:49 | INFO | train | task-0		F1-macro is 0.9841, F1-micro is 0.9850
2024-11-10 16:13:49 | INFO | train | task-0		Pre is 0.9850, Rec is 0.9850
2024-11-10 16:13:49 | INFO | train | task-0		C_M is 
[[520   0   0   0   0   3   0   0]
 [  0 524   0   8   1   0   1   0]
 [  0   0 548   0   1   0   0   0]
 [  0   0   0 569   5   0   1   0]
 [  3   0   0   1 503   2   0   1]
 [  3   0   0   0   1 530   0   0]
 [  0   0   0   6   9   0 485   0]
 [  0   0   0   2  10   2   0 261]]
2024-11-10 16:13:49 | INFO | train | The best f1_macro util now is 0.9864, at step 34
2024-11-10 16:13:49 | INFO | train | The best f1_micro util now is 0.9872, at step 34
2024-11-10 16:14:35 | INFO | train | ----------------------------------------------------------------------------------
2024-11-10 16:14:35 | INFO | train | Time of iter training 45.90 s
2024-11-10 16:14:35 | INFO | train | On iter step 36:, global step 9217 Loss-step [0.7864 0.7864 0.0000]
2024-11-10 16:15:14 | INFO | train | In dataset train: Loss is [0.3845 0.3845 0.0000]
2024-11-10 16:15:14 | INFO | train | task-0		Acc is 0.9865, F1 is 0.9865
2024-11-10 16:15:14 | INFO | train | task-0		F1-macro is 0.9862, F1-micro is 0.9865
2024-11-10 16:15:14 | INFO | train | task-0		Pre is 0.9865, Rec is 0.9865
2024-11-10 16:15:14 | INFO | train | task-0		C_M is 
[[532   0   0   0   0   0   0   0]
 [  0 533   0   6   1   0   3   0]
 [  0   0 522   0   0   0   0   0]
 [  0   0   0 511   1   0   2   0]
 [  5   0   0   2 497   6   0   1]
 [ 12   0   0   0   0 523   0   0]
 [  0   0   0   1   5   0 542   0]
 [  0   1   0   1   6   1   0 286]]
2024-11-10 16:15:53 | INFO | train | In dataset valid: Loss is [0.3625 0.3625 0.0000]
2024-11-10 16:15:53 | INFO | train | task-0		Acc is 0.9878, F1 is 0.9878
2024-11-10 16:15:53 | INFO | train | task-0		F1-macro is 0.9876, F1-micro is 0.9878
2024-11-10 16:15:53 | INFO | train | task-0		Pre is 0.9878, Rec is 0.9878
2024-11-10 16:15:53 | INFO | train | task-0		C_M is 
[[510   0   0   0   0   0   0   0]
 [  1 514   0   3   2   0   1   0]
 [  0   0 506   0   2   0   0   0]
 [  1   1   0 502   0   0   2   0]
 [  4   1   0   0 531   4   2   2]
 [  3   0   0   0   0 502   0   0]
 [  0   0   0   5   5   0 571   0]
 [  0   1   0   0   7   1   1 315]]
2024-11-10 16:16:33 | INFO | train | In dataset test: Loss is [0.4356 0.4356 0.0000]
2024-11-10 16:16:33 | INFO | train | task-0		Acc is 0.9862, F1 is 0.9862
2024-11-10 16:16:33 | INFO | train | task-0		F1-macro is 0.9853, F1-micro is 0.9862
2024-11-10 16:16:33 | INFO | train | task-0		Pre is 0.9862, Rec is 0.9862
2024-11-10 16:16:33 | INFO | train | task-0		C_M is 
[[522   0   0   0   0   1   0   0]
 [  1 524   0   5   1   0   3   0]
 [  0   0 548   0   1   0   0   0]
 [  1   0   0 568   2   0   4   0]
 [  3   1   0   1 502   2   0   1]
 [  6   1   0   0   0 527   0   0]
 [  0   0   0   2   5   0 493   0]
 [  0   0   0   2   9   2   1 261]]
2024-11-10 16:16:33 | INFO | train | The best f1_macro util now is 0.9864, at step 34
2024-11-10 16:16:33 | INFO | train | The best f1_micro util now is 0.9872, at step 34
2024-11-10 16:17:19 | INFO | train | ----------------------------------------------------------------------------------
2024-11-10 16:17:19 | INFO | train | Time of iter training 46.00 s
2024-11-10 16:17:19 | INFO | train | On iter step 37:, global step 9473 Loss-step [0.3946 0.3946 0.0000]
2024-11-10 16:17:58 | INFO | train | In dataset train: Loss is [0.4330 0.4330 0.0000]
2024-11-10 16:17:58 | INFO | train | task-0		Acc is 0.9880, F1 is 0.9880
2024-11-10 16:17:58 | INFO | train | task-0		F1-macro is 0.9876, F1-micro is 0.9880
2024-11-10 16:17:58 | INFO | train | task-0		Pre is 0.9880, Rec is 0.9880
2024-11-10 16:17:58 | INFO | train | task-0		C_M is 
[[530   0   0   0   1   1   0   0]
 [  0 535   0   2   4   0   2   0]
 [  0   0 522   0   0   0   0   0]
 [  0   2   0 509   2   0   1   0]
 [  3   0   0   1 505   1   0   1]
 [ 12   0   0   0   0 523   0   0]
 [  0   0   0   0   5   0 543   0]
 [  0   0   0   1   9   0   0 285]]
2024-11-10 16:18:37 | INFO | train | In dataset valid: Loss is [0.4446 0.4446 0.0000]
2024-11-10 16:18:37 | INFO | train | task-0		Acc is 0.9880, F1 is 0.9880
2024-11-10 16:18:37 | INFO | train | task-0		F1-macro is 0.9879, F1-micro is 0.9880
2024-11-10 16:18:37 | INFO | train | task-0		Pre is 0.9880, Rec is 0.9880
2024-11-10 16:18:37 | INFO | train | task-0		C_M is 
[[510   0   0   0   0   0   0   0]
 [  1 514   0   3   3   0   0   0]
 [  0   0 506   0   2   0   0   0]
 [  1   4   0 496   3   0   2   0]
 [  2   0   0   0 534   4   3   1]
 [  3   0   0   0   0 502   0   0]
 [  0   0   0   1   5   0 575   0]
 [  0   0   0   0  10   0   0 315]]
2024-11-10 16:19:17 | INFO | train | In dataset test: Loss is [0.5071 0.5071 0.0000]
2024-11-10 16:19:17 | INFO | train | task-0		Acc is 0.9872, F1 is 0.9872
2024-11-10 16:19:17 | INFO | train | task-0		F1-macro is 0.9865, F1-micro is 0.9872
2024-11-10 16:19:17 | INFO | train | task-0		Pre is 0.9872, Rec is 0.9872
2024-11-10 16:19:17 | INFO | train | task-0		C_M is 
[[522   0   0   0   0   1   0   0]
 [  1 527   0   2   2   0   2   0]
 [  0   0 548   0   1   0   0   0]
 [  1   5   0 562   3   0   4   0]
 [  2   0   0   1 505   1   0   1]
 [  7   0   0   0   0 527   0   0]
 [  0   0   0   0   5   0 495   0]
 [  0   0   0   0  11   1   0 263]]
2024-11-10 16:19:17 | INFO | train | The best f1_macro util now is 0.9864, at step 34
2024-11-10 16:19:17 | INFO | train | The best f1_micro util now is 0.9872, at step 34
2024-11-10 16:20:03 | INFO | train | ----------------------------------------------------------------------------------
2024-11-10 16:20:03 | INFO | train | Time of iter training 45.67 s
2024-11-10 16:20:03 | INFO | train | On iter step 38:, global step 9729 Loss-step [0.5588 0.5588 0.0000]
2024-11-10 16:20:42 | INFO | train | In dataset train: Loss is [0.3673 0.3673 0.0000]
2024-11-10 16:20:42 | INFO | train | task-0		Acc is 0.9882, F1 is 0.9882
2024-11-10 16:20:42 | INFO | train | task-0		F1-macro is 0.9881, F1-micro is 0.9882
2024-11-10 16:20:42 | INFO | train | task-0		Pre is 0.9882, Rec is 0.9882
2024-11-10 16:20:42 | INFO | train | task-0		C_M is 
[[527   0   0   0   1   4   0   0]
 [  0 539   0   0   4   0   0   0]
 [  0   0 522   0   0   0   0   0]
 [  0   5   0 504   5   0   0   0]
 [  3   0   0   1 503   0   0   4]
 [  5   0   0   0   0 530   0   0]
 [  0   0   0   1  10   0 537   0]
 [  0   1   0   0   3   0   0 291]]
2024-11-10 16:21:21 | INFO | train | In dataset valid: Loss is [0.3745 0.3745 0.0000]
2024-11-10 16:21:21 | INFO | train | task-0		Acc is 0.9852, F1 is 0.9852
2024-11-10 16:21:21 | INFO | train | task-0		F1-macro is 0.9850, F1-micro is 0.9852
2024-11-10 16:21:21 | INFO | train | task-0		Pre is 0.9852, Rec is 0.9852
2024-11-10 16:21:21 | INFO | train | task-0		C_M is 
[[510   0   0   0   0   0   0   0]
 [  1 516   0   1   3   0   0   0]
 [  0   0 506   0   2   0   0   0]
 [  0   8   0 491   6   0   1   0]
 [  1   1   0   0 528   4   0  10]
 [  1   0   0   0   0 504   0   0]
 [  0   0   0   1  12   0 568   0]
 [  0   0   0   0   7   0   0 318]]
2024-11-10 16:22:01 | INFO | train | In dataset test: Loss is [0.4002 0.4002 0.0000]
2024-11-10 16:22:01 | INFO | train | task-0		Acc is 0.9830, F1 is 0.9830
2024-11-10 16:22:01 | INFO | train | task-0		F1-macro is 0.9815, F1-micro is 0.9830
2024-11-10 16:22:01 | INFO | train | task-0		Pre is 0.9830, Rec is 0.9830
2024-11-10 16:22:01 | INFO | train | task-0		C_M is 
[[520   0   0   0   0   3   0   0]
 [  1 528   0   1   2   0   2   0]
 [  0   0 548   0   1   0   0   0]
 [  1   8   0 559   6   0   1   0]
 [  2   0   0   0 495   2   0  11]
 [  3   0   0   0   0 531   0   0]
 [  0   0   0   0  13   0 487   0]
 [  0   0   0   0  11   0   0 264]]
2024-11-10 16:22:01 | INFO | train | The best f1_macro util now is 0.9864, at step 34
2024-11-10 16:22:01 | INFO | train | The best f1_micro util now is 0.9872, at step 34
2024-11-10 16:22:47 | INFO | train | ----------------------------------------------------------------------------------
2024-11-10 16:22:47 | INFO | train | Time of iter training 45.93 s
2024-11-10 16:22:47 | INFO | train | On iter step 39:, global step 9985 Loss-step [0.5292 0.5292 0.0000]
2024-11-10 16:23:26 | INFO | train | In dataset train: Loss is [0.4380 0.4380 0.0000]
2024-11-10 16:23:26 | INFO | train | task-0		Acc is 0.9872, F1 is 0.9872
2024-11-10 16:23:26 | INFO | train | task-0		F1-macro is 0.9867, F1-micro is 0.9872
2024-11-10 16:23:26 | INFO | train | task-0		Pre is 0.9872, Rec is 0.9872
2024-11-10 16:23:26 | INFO | train | task-0		C_M is 
[[530   0   0   0   2   0   0   0]
 [  0 535   0   1   5   0   2   0]
 [  0   0 522   0   0   0   0   0]
 [  0   2   0 507   4   0   1   0]
 [  2   0   0   1 508   0   0   0]
 [ 12   0   0   0   1 522   0   0]
 [  0   0   0   0   5   0 543   0]
 [  0   0   0   1  12   0   0 282]]
2024-11-10 16:24:05 | INFO | train | In dataset valid: Loss is [0.5406 0.5406 0.0000]
2024-11-10 16:24:05 | INFO | train | task-0		Acc is 0.9880, F1 is 0.9880
2024-11-10 16:24:05 | INFO | train | task-0		F1-macro is 0.9876, F1-micro is 0.9880
2024-11-10 16:24:05 | INFO | train | task-0		Pre is 0.9880, Rec is 0.9880
2024-11-10 16:24:05 | INFO | train | task-0		C_M is 
[[509   0   0   0   1   0   0   0]
 [  1 516   0   1   3   0   0   0]
 [  0   0 506   0   2   0   0   0]
 [  0   3   0 496   5   0   2   0]
 [  0   0   0   0 541   1   2   0]
 [  3   0   0   0   0 502   0   0]
 [  0   0   0   2   6   0 573   0]
 [  0   0   0   1  15   0   0 309]]
2024-11-10 16:24:45 | INFO | train | In dataset test: Loss is [0.6281 0.6281 0.0000]
2024-11-10 16:24:45 | INFO | train | task-0		Acc is 0.9858, F1 is 0.9858
2024-11-10 16:24:45 | INFO | train | task-0		F1-macro is 0.9842, F1-micro is 0.9858
2024-11-10 16:24:45 | INFO | train | task-0		Pre is 0.9858, Rec is 0.9858
2024-11-10 16:24:45 | INFO | train | task-0		C_M is 
[[520   0   0   0   2   1   0   0]
 [  1 525   0   4   2   0   2   0]
 [  0   0 548   0   1   0   0   0]
 [  0   1   0 566   4   0   4   0]
 [  1   0   0   1 506   1   0   1]
 [  5   0   0   0   2 527   0   0]
 [  0   0   0   1   4   0 495   0]
 [  0   0   0   2  16   0   1 256]]
2024-11-10 16:24:45 | INFO | train | The best f1_macro util now is 0.9864, at step 34
2024-11-10 16:24:45 | INFO | train | The best f1_micro util now is 0.9872, at step 34
2024-11-10 16:25:31 | INFO | train | ----------------------------------------------------------------------------------
2024-11-10 16:25:31 | INFO | train | Time of iter training 46.20 s
2024-11-10 16:25:31 | INFO | train | On iter step 40:, global step 10241 Loss-step [0.4685 0.4685 0.0000]
2024-11-10 16:26:10 | INFO | train | In dataset train: Loss is [0.3207 0.3207 0.0000]
2024-11-10 16:26:10 | INFO | train | task-0		Acc is 0.9872, F1 is 0.9872
2024-11-10 16:26:10 | INFO | train | task-0		F1-macro is 0.9869, F1-micro is 0.9872
2024-11-10 16:26:10 | INFO | train | task-0		Pre is 0.9872, Rec is 0.9872
2024-11-10 16:26:10 | INFO | train | task-0		C_M is 
[[531   0   0   0   0   1   0   0]
 [  0 533   0   4   3   0   3   0]
 [  0   0 522   0   0   0   0   0]
 [  0   1   0 510   1   0   2   0]
 [  3   0   0   2 489   1   9   7]
 [  9   0   0   0   0 526   0   0]
 [  0   0   0   0   1   0 547   0]
 [  0   1   0   0   2   0   1 291]]
2024-11-10 16:26:49 | INFO | train | In dataset valid: Loss is [0.3278 0.3278 0.0000]
2024-11-10 16:26:49 | INFO | train | task-0		Acc is 0.9875, F1 is 0.9875
2024-11-10 16:26:49 | INFO | train | task-0		F1-macro is 0.9869, F1-micro is 0.9875
2024-11-10 16:26:49 | INFO | train | task-0		Pre is 0.9875, Rec is 0.9875
2024-11-10 16:26:49 | INFO | train | task-0		C_M is 
[[510   0   0   0   0   0   0   0]
 [  1 515   0   2   2   0   1   0]
 [  0   0 506   0   1   0   1   0]
 [  0   1   0 501   1   1   2   0]
 [  1   0   0   0 517   4  10  12]
 [  2   0   0   0   0 503   0   0]
 [  0   0   0   1   0   0 580   0]
 [  0   0   0   0   6   0   1 318]]
2024-11-10 16:27:29 | INFO | train | In dataset test: Loss is [0.3858 0.3858 0.0000]
2024-11-10 16:27:29 | INFO | train | task-0		Acc is 0.9835, F1 is 0.9835
2024-11-10 16:27:29 | INFO | train | task-0		F1-macro is 0.9819, F1-micro is 0.9835
2024-11-10 16:27:29 | INFO | train | task-0		Pre is 0.9835, Rec is 0.9835
2024-11-10 16:27:29 | INFO | train | task-0		C_M is 
[[522   0   0   0   0   1   0   0]
 [  1 524   0   5   0   0   4   0]
 [  0   0 548   0   1   0   0   0]
 [  0   2   0 566   3   0   4   0]
 [  2   0   1   1 486   2   6  12]
 [  7   0   0   0   0 527   0   0]
 [  0   0   0   1   3   0 496   0]
 [  0   0   0   0   6   1   3 265]]
2024-11-10 16:27:29 | INFO | train | The best f1_macro util now is 0.9864, at step 34
2024-11-10 16:27:29 | INFO | train | The best f1_micro util now is 0.9872, at step 34
2024-11-10 16:28:15 | INFO | train | ----------------------------------------------------------------------------------
2024-11-10 16:28:15 | INFO | train | Time of iter training 45.93 s
2024-11-10 16:28:15 | INFO | train | On iter step 41:, global step 10497 Loss-step [0.3962 0.3962 0.0000]
2024-11-10 16:28:54 | INFO | train | In dataset train: Loss is [0.3245 0.3245 0.0000]
2024-11-10 16:28:54 | INFO | train | task-0		Acc is 0.9905, F1 is 0.9905
2024-11-10 16:28:54 | INFO | train | task-0		F1-macro is 0.9902, F1-micro is 0.9905
2024-11-10 16:28:54 | INFO | train | task-0		Pre is 0.9905, Rec is 0.9905
2024-11-10 16:28:54 | INFO | train | task-0		C_M is 
[[531   0   0   0   0   1   0   0]
 [  0 536   0   1   4   0   2   0]
 [  0   0 522   0   0   0   0   0]
 [  0   0   0 510   3   0   1   0]
 [  4   0   0   0 501   1   0   5]
 [  6   0   0   0   0 529   0   0]
 [  0   0   0   0   6   0 542   0]
 [  0   1   0   0   3   0   0 291]]
2024-11-10 16:29:34 | INFO | train | In dataset valid: Loss is [0.3479 0.3479 0.0000]
2024-11-10 16:29:34 | INFO | train | task-0		Acc is 0.9880, F1 is 0.9880
2024-11-10 16:29:34 | INFO | train | task-0		F1-macro is 0.9876, F1-micro is 0.9880
2024-11-10 16:29:34 | INFO | train | task-0		Pre is 0.9880, Rec is 0.9880
2024-11-10 16:29:34 | INFO | train | task-0		C_M is 
[[510   0   0   0   0   0   0   0]
 [  1 517   0   0   3   0   0   0]
 [  0   0 506   0   2   0   0   0]
 [  0   2   0 498   3   1   2   0]
 [  1   0   0   0 528   4   2   9]
 [  1   0   0   0   0 504   0   0]
 [  0   0   0   3   7   0 571   0]
 [  0   0   0   0   7   0   0 318]]
2024-11-10 16:30:13 | INFO | train | In dataset test: Loss is [0.4409 0.4409 0.0000]
2024-11-10 16:30:13 | INFO | train | task-0		Acc is 0.9862, F1 is 0.9862
2024-11-10 16:30:13 | INFO | train | task-0		F1-macro is 0.9848, F1-micro is 0.9862
2024-11-10 16:30:13 | INFO | train | task-0		Pre is 0.9862, Rec is 0.9862
2024-11-10 16:30:13 | INFO | train | task-0		C_M is 
[[521   0   0   0   0   2   0   0]
 [  1 526   0   3   2   0   2   0]
 [  0   0 548   0   1   0   0   0]
 [  0   0   0 567   5   0   3   0]
 [  1   0   0   1 499   1   0   8]
 [  5   0   0   0   0 529   0   0]
 [  0   0   0   2   7   0 491   0]
 [  0   0   0   0  11   0   0 264]]
2024-11-10 16:30:13 | INFO | train | The best f1_macro util now is 0.9864, at step 34
2024-11-10 16:30:13 | INFO | train | The best f1_micro util now is 0.9872, at step 34
2024-11-10 16:30:59 | INFO | train | ----------------------------------------------------------------------------------
2024-11-10 16:30:59 | INFO | train | Time of iter training 45.98 s
2024-11-10 16:30:59 | INFO | train | On iter step 42:, global step 10753 Loss-step [0.5496 0.5496 0.0000]
2024-11-10 16:31:38 | INFO | train | In dataset train: Loss is [0.5957 0.5957 0.0000]
2024-11-10 16:31:38 | INFO | train | task-0		Acc is 0.9825, F1 is 0.9825
2024-11-10 16:31:38 | INFO | train | task-0		F1-macro is 0.9828, F1-micro is 0.9825
2024-11-10 16:31:38 | INFO | train | task-0		Pre is 0.9825, Rec is 0.9825
2024-11-10 16:31:38 | INFO | train | task-0		C_M is 
[[517   0   0   0   0  15   0   0]
 [  0 526   0  11   4   0   2   0]
 [  0   0 522   0   0   0   0   0]
 [  0   0   0 511   3   0   0   0]
 [  4   0   0   0 501   6   0   0]
 [ 13   0   0   0   0 522   0   0]
 [  0   0   0   0   5   0 543   0]
 [  0   0   0   0   5   2   0 288]]
2024-11-10 16:32:18 | INFO | train | In dataset valid: Loss is [0.5771 0.5771 0.0000]
2024-11-10 16:32:18 | INFO | train | task-0		Acc is 0.9840, F1 is 0.9840
2024-11-10 16:32:18 | INFO | train | task-0		F1-macro is 0.9840, F1-micro is 0.9840
2024-11-10 16:32:18 | INFO | train | task-0		Pre is 0.9840, Rec is 0.9840
2024-11-10 16:32:18 | INFO | train | task-0		C_M is 
[[491   0   0   0   0  19   0   0]
 [  1 510   0   7   3   0   0   0]
 [  0   0 506   0   2   0   0   0]
 [  1   0   0 500   2   1   2   0]
 [  2   0   0   0 535   4   1   2]
 [  3   0   0   0   0 502   0   0]
 [  0   0   0   1   5   0 575   0]
 [  1   0   0   0   5   1   1 317]]
2024-11-10 16:32:57 | INFO | train | In dataset test: Loss is [0.6679 0.6679 0.0000]
2024-11-10 16:32:57 | INFO | train | task-0		Acc is 0.9810, F1 is 0.9810
2024-11-10 16:32:57 | INFO | train | task-0		F1-macro is 0.9804, F1-micro is 0.9810
2024-11-10 16:32:57 | INFO | train | task-0		Pre is 0.9810, Rec is 0.9810
2024-11-10 16:32:57 | INFO | train | task-0		C_M is 
[[503   0   0   0   0  20   0   0]
 [  1 521   0   8   2   0   2   0]
 [  0   0 548   0   1   0   0   0]
 [  0   0   0 565   6   2   2   0]
 [  1   0   0   1 502   3   0   3]
 [  7   0   0   0   0 527   0   0]
 [  0   0   0   1   4   0 495   0]
 [  2   0   0   0   7   2   1 263]]
2024-11-10 16:32:57 | INFO | train | The best f1_macro util now is 0.9864, at step 34
2024-11-10 16:32:57 | INFO | train | The best f1_micro util now is 0.9872, at step 34
2024-11-10 16:33:43 | INFO | train | ----------------------------------------------------------------------------------
2024-11-10 16:33:43 | INFO | train | Time of iter training 45.75 s
2024-11-10 16:33:43 | INFO | train | On iter step 43:, global step 11009 Loss-step [0.7632 0.7632 0.0000]
2024-11-10 16:34:22 | INFO | train | In dataset train: Loss is [0.3851 0.3851 0.0000]
2024-11-10 16:34:22 | INFO | train | task-0		Acc is 0.9878, F1 is 0.9878
2024-11-10 16:34:22 | INFO | train | task-0		F1-macro is 0.9874, F1-micro is 0.9878
2024-11-10 16:34:22 | INFO | train | task-0		Pre is 0.9878, Rec is 0.9878
2024-11-10 16:34:22 | INFO | train | task-0		C_M is 
[[527   0   0   0   1   4   0   0]
 [  0 538   0   1   0   1   3   0]
 [  0   0 522   0   0   0   0   0]
 [  0   2   0 509   1   0   2   0]
 [  6   2   0   2 493   2   0   6]
 [  7   0   0   0   0 528   0   0]
 [  0   0   0   0   5   0 543   0]
 [  0   0   0   1   3   0   0 291]]
2024-11-10 16:35:01 | INFO | train | In dataset valid: Loss is [0.3427 0.3427 0.0000]
2024-11-10 16:35:01 | INFO | train | task-0		Acc is 0.9880, F1 is 0.9880
2024-11-10 16:35:01 | INFO | train | task-0		F1-macro is 0.9875, F1-micro is 0.9880
2024-11-10 16:35:01 | INFO | train | task-0		Pre is 0.9880, Rec is 0.9880
2024-11-10 16:35:01 | INFO | train | task-0		C_M is 
[[504   0   0   0   0   6   0   0]
 [  1 517   0   0   1   1   1   0]
 [  0   0 506   0   2   0   0   0]
 [  1   3   0 499   1   0   2   0]
 [  1   0   0   0 527   1   3  12]
 [  2   0   0   0   0 503   0   0]
 [  0   0   0   0   5   0 576   0]
 [  0   0   0   1   4   0   0 320]]
2024-11-10 16:35:41 | INFO | train | In dataset test: Loss is [0.4057 0.4057 0.0000]
2024-11-10 16:35:41 | INFO | train | task-0		Acc is 0.9880, F1 is 0.9880
2024-11-10 16:35:41 | INFO | train | task-0		F1-macro is 0.9868, F1-micro is 0.9880
2024-11-10 16:35:41 | INFO | train | task-0		Pre is 0.9880, Rec is 0.9880
2024-11-10 16:35:41 | INFO | train | task-0		C_M is 
[[520   0   0   0   0   3   0   0]
 [  1 527   0   2   0   0   4   0]
 [  0   0 548   0   1   0   0   0]
 [  0   1   0 567   3   0   4   0]
 [  2   1   0   1 496   2   0   8]
 [  3   0   0   0   0 531   0   0]
 [  0   0   0   0   4   0 496   0]
 [  0   0   0   2   5   0   1 267]]
2024-11-10 16:35:41 | INFO | train | The best f1_macro util now is 0.9864, at step 34
2024-11-10 16:35:41 | INFO | train | The best f1_micro util now is 0.9872, at step 34
2024-11-10 16:36:27 | INFO | train | ----------------------------------------------------------------------------------
2024-11-10 16:36:27 | INFO | train | Time of iter training 45.80 s
2024-11-10 16:36:27 | INFO | train | On iter step 44:, global step 11265 Loss-step [0.4688 0.4688 0.0000]
2024-11-10 16:37:06 | INFO | train | In dataset train: Loss is [0.2721 0.2721 0.0000]
2024-11-10 16:37:06 | INFO | train | task-0		Acc is 0.9892, F1 is 0.9892
2024-11-10 16:37:06 | INFO | train | task-0		F1-macro is 0.9889, F1-micro is 0.9892
2024-11-10 16:37:06 | INFO | train | task-0		Pre is 0.9892, Rec is 0.9892
2024-11-10 16:37:06 | INFO | train | task-0		C_M is 
[[527   0   0   0   1   4   0   0]
 [  0 540   0   0   0   0   3   0]
 [  0   0 522   0   0   0   0   0]
 [  0   2   0 509   2   0   1   0]
 [  4   1   0   1 499   0   0   6]
 [  8   0   0   0   0 527   0   0]
 [  0   0   0   1   5   0 542   0]
 [  0   1   0   0   3   0   0 291]]
2024-11-10 16:37:45 | INFO | train | In dataset valid: Loss is [0.2988 0.2988 0.0000]
2024-11-10 16:37:45 | INFO | train | task-0		Acc is 0.9875, F1 is 0.9875
2024-11-10 16:37:45 | INFO | train | task-0		F1-macro is 0.9869, F1-micro is 0.9875
2024-11-10 16:37:45 | INFO | train | task-0		Pre is 0.9875, Rec is 0.9875
2024-11-10 16:37:45 | INFO | train | task-0		C_M is 
[[505   0   0   0   1   4   0   0]
 [  1 518   0   0   1   0   1   0]
 [  0   0 506   0   2   0   0   0]
 [  0   4   0 497   2   1   2   0]
 [  1   0   0   0 528   1   3  11]
 [  2   0   0   0   0 503   0   0]
 [  0   0   0   1   5   0 575   0]
 [  0   0   0   1   5   0   1 318]]
2024-11-10 16:38:25 | INFO | train | In dataset test: Loss is [0.3693 0.3693 0.0000]
2024-11-10 16:38:25 | INFO | train | task-0		Acc is 0.9840, F1 is 0.9840
2024-11-10 16:38:25 | INFO | train | task-0		F1-macro is 0.9824, F1-micro is 0.9840
2024-11-10 16:38:25 | INFO | train | task-0		Pre is 0.9840, Rec is 0.9840
2024-11-10 16:38:25 | INFO | train | task-0		C_M is 
[[520   0   0   0   0   3   0   0]
 [  1 529   0   0   0   0   4   0]
 [  0   0 548   0   1   0   0   0]
 [  0  10   0 558   3   0   4   0]
 [  0   1   0   2 493   2   0  12]
 [  4   0   0   0   0 530   0   0]
 [  0   0   0   2   4   0 494   0]
 [  0   0   0   2   8   0   1 264]]
2024-11-10 16:38:25 | INFO | train | The best f1_macro util now is 0.9864, at step 34
2024-11-10 16:38:25 | INFO | train | The best f1_micro util now is 0.9872, at step 34
2024-11-10 16:39:11 | INFO | train | ----------------------------------------------------------------------------------
2024-11-10 16:39:11 | INFO | train | Time of iter training 46.25 s
2024-11-10 16:39:11 | INFO | train | On iter step 45:, global step 11521 Loss-step [0.4305 0.4305 0.0000]
2024-11-10 16:39:50 | INFO | train | In dataset train: Loss is [0.2865 0.2865 0.0000]
2024-11-10 16:39:50 | INFO | train | task-0		Acc is 0.9868, F1 is 0.9868
2024-11-10 16:39:50 | INFO | train | task-0		F1-macro is 0.9865, F1-micro is 0.9868
2024-11-10 16:39:50 | INFO | train | task-0		Pre is 0.9868, Rec is 0.9868
2024-11-10 16:39:50 | INFO | train | task-0		C_M is 
[[530   0   0   0   0   2   0   0]
 [  0 528   0  11   1   0   3   0]
 [  0   0 522   0   0   0   0   0]
 [  0   0   0 510   3   0   1   0]
 [  2   0   0   0 505   1   0   3]
 [ 13   0   0   0   0 522   0   0]
 [  0   0   0   0   6   0 542   0]
 [  0   0   0   1   4   2   0 288]]
2024-11-10 16:40:30 | INFO | train | In dataset valid: Loss is [0.3098 0.3098 0.0000]
2024-11-10 16:40:30 | INFO | train | task-0		Acc is 0.9895, F1 is 0.9895
2024-11-10 16:40:30 | INFO | train | task-0		F1-macro is 0.9890, F1-micro is 0.9895
2024-11-10 16:40:30 | INFO | train | task-0		Pre is 0.9895, Rec is 0.9895
2024-11-10 16:40:30 | INFO | train | task-0		C_M is 
[[510   0   0   0   0   0   0   0]
 [  1 514   0   4   1   0   1   0]
 [  0   0 506   0   2   0   0   0]
 [  0   0   0 501   3   0   2   0]
 [  0   0   0   0 534   1   1   8]
 [  3   0   0   0   0 502   0   0]
 [  0   0   0   1   6   0 574   0]
 [  0   0   0   0   6   1   1 317]]
2024-11-10 16:41:09 | INFO | train | In dataset test: Loss is [0.4014 0.4014 0.0000]
2024-11-10 16:41:09 | INFO | train | task-0		Acc is 0.9865, F1 is 0.9865
2024-11-10 16:41:09 | INFO | train | task-0		F1-macro is 0.9853, F1-micro is 0.9865
2024-11-10 16:41:09 | INFO | train | task-0		Pre is 0.9865, Rec is 0.9865
2024-11-10 16:41:09 | INFO | train | task-0		C_M is 
[[523   0   0   0   0   0   0   0]
 [  1 523   0   6   0   0   4   0]
 [  0   0 548   0   1   0   0   0]
 [  0   1   0 567   5   0   2   0]
 [  1   0   0   2 500   1   0   6]
 [  7   0   0   0   0 527   0   0]
 [  0   0   0   2   4   0 494   0]
 [  0   0   0   0  10   0   1 264]]
2024-11-10 16:41:09 | INFO | train | The best f1_macro util now is 0.9853, at step 45
2024-11-10 16:41:09 | INFO | train | The best f1_micro util now is 0.9865, at step 45
2024-11-10 16:41:56 | INFO | train | ----------------------------------------------------------------------------------
2024-11-10 16:41:56 | INFO | train | Time of iter training 46.31 s
2024-11-10 16:41:56 | INFO | train | On iter step 46:, global step 11777 Loss-step [0.6024 0.6024 0.0000]
2024-11-10 16:42:35 | INFO | train | In dataset train: Loss is [0.3010 0.3010 0.0000]
2024-11-10 16:42:35 | INFO | train | task-0		Acc is 0.9892, F1 is 0.9892
2024-11-10 16:42:35 | INFO | train | task-0		F1-macro is 0.9889, F1-micro is 0.9892
2024-11-10 16:42:35 | INFO | train | task-0		Pre is 0.9892, Rec is 0.9892
2024-11-10 16:42:35 | INFO | train | task-0		C_M is 
[[531   0   0   0   1   0   0   0]
 [  0 539   0   1   0   0   3   0]
 [  0   0 522   0   0   0   0   0]
 [  0   2   0 509   2   0   1   0]
 [  4   0   0   0 500   0   0   7]
 [ 13   0   0   0   0 522   0   0]
 [  0   0   0   0   6   0 542   0]
 [  0   1   0   0   2   0   0 292]]
2024-11-10 16:43:14 | INFO | train | In dataset valid: Loss is [0.3021 0.3021 0.0000]
2024-11-10 16:43:14 | INFO | train | task-0		Acc is 0.9895, F1 is 0.9895
2024-11-10 16:43:14 | INFO | train | task-0		F1-macro is 0.9890, F1-micro is 0.9895
2024-11-10 16:43:14 | INFO | train | task-0		Pre is 0.9895, Rec is 0.9895
2024-11-10 16:43:14 | INFO | train | task-0		C_M is 
[[510   0   0   0   0   0   0   0]
 [  1 518   0   0   1   0   1   0]
 [  0   0 506   0   2   0   0   0]
 [  0   2   0 500   3   0   1   0]
 [  1   0   0   0 526   3   2  12]
 [  3   0   0   0   0 502   0   0]
 [  0   0   0   0   6   0 575   0]
 [  0   0   0   0   4   0   0 321]]
2024-11-10 16:43:54 | INFO | train | In dataset test: Loss is [0.3746 0.3746 0.0000]
2024-11-10 16:43:54 | INFO | train | task-0		Acc is 0.9858, F1 is 0.9858
2024-11-10 16:43:54 | INFO | train | task-0		F1-macro is 0.9845, F1-micro is 0.9858
2024-11-10 16:43:54 | INFO | train | task-0		Pre is 0.9858, Rec is 0.9858
2024-11-10 16:43:54 | INFO | train | task-0		C_M is 
[[523   0   0   0   0   0   0   0]
 [  1 528   0   1   0   0   4   0]
 [  0   0 548   0   1   0   0   0]
 [  0   8   0 560   4   0   3   0]
 [  2   0   0   1 494   1   0  12]
 [  7   0   0   0   0 527   0   0]
 [  0   0   0   1   4   0 495   0]
 [  0   0   0   0   7   0   0 268]]
2024-11-10 16:43:54 | INFO | train | The best f1_macro util now is 0.9845, at step 46
2024-11-10 16:43:54 | INFO | train | The best f1_micro util now is 0.9865, at step 45
2024-11-10 16:44:40 | INFO | train | ----------------------------------------------------------------------------------
2024-11-10 16:44:40 | INFO | train | Time of iter training 46.05 s
2024-11-10 16:44:40 | INFO | train | On iter step 47:, global step 12033 Loss-step [0.4052 0.4052 0.0000]
2024-11-10 16:45:19 | INFO | train | In dataset train: Loss is [0.2747 0.2747 0.0000]
2024-11-10 16:45:19 | INFO | train | task-0		Acc is 0.9885, F1 is 0.9885
2024-11-10 16:45:19 | INFO | train | task-0		F1-macro is 0.9881, F1-micro is 0.9885
2024-11-10 16:45:19 | INFO | train | task-0		Pre is 0.9885, Rec is 0.9885
2024-11-10 16:45:19 | INFO | train | task-0		C_M is 
[[530   0   0   0   1   1   0   0]
 [  0 534   0   5   1   0   3   0]
 [  0   0 522   0   0   0   0   0]
 [  0   0   0 511   1   0   1   1]
 [  3   0   0   0 500   0   0   8]
 [ 13   0   0   0   0 522   0   0]
 [  0   0   0   0   6   0 542   0]
 [  0   0   0   1   1   0   0 293]]
2024-11-10 16:45:58 | INFO | train | In dataset valid: Loss is [0.2731 0.2731 0.0000]
2024-11-10 16:45:58 | INFO | train | task-0		Acc is 0.9895, F1 is 0.9895
2024-11-10 16:45:58 | INFO | train | task-0		F1-macro is 0.9889, F1-micro is 0.9895
2024-11-10 16:45:58 | INFO | train | task-0		Pre is 0.9895, Rec is 0.9895
2024-11-10 16:45:58 | INFO | train | task-0		C_M is 
[[510   0   0   0   0   0   0   0]
 [  1 518   0   0   1   0   1   0]
 [  0   0 506   0   2   0   0   0]
 [  0   1   0 500   0   1   2   2]
 [  1   0   0   0 524   4   2  13]
 [  3   0   0   0   0 502   0   0]
 [  0   0   0   0   5   0 576   0]
 [  0   0   0   0   3   0   0 322]]
2024-11-10 16:46:38 | INFO | train | In dataset test: Loss is [0.3113 0.3113 0.0000]
2024-11-10 16:46:38 | INFO | train | task-0		Acc is 0.9878, F1 is 0.9878
2024-11-10 16:46:38 | INFO | train | task-0		F1-macro is 0.9865, F1-micro is 0.9878
2024-11-10 16:46:38 | INFO | train | task-0		Pre is 0.9878, Rec is 0.9878
2024-11-10 16:46:38 | INFO | train | task-0		C_M is 
[[522   0   0   0   0   1   0   0]
 [  1 527   0   3   0   0   3   0]
 [  0   0 548   0   1   0   0   0]
 [  0   2   0 566   3   0   4   0]
 [  1   0   0   0 495   2   0  12]
 [  7   0   0   0   0 527   0   0]
 [  0   0   0   0   4   0 496   0]
 [  0   0   0   0   5   0   0 270]]
2024-11-10 16:46:38 | INFO | train | The best f1_macro util now is 0.9845, at step 46
2024-11-10 16:46:38 | INFO | train | The best f1_micro util now is 0.9865, at step 45
2024-11-10 16:47:24 | INFO | train | ----------------------------------------------------------------------------------
2024-11-10 16:47:24 | INFO | train | Time of iter training 46.23 s
2024-11-10 16:47:24 | INFO | train | On iter step 48:, global step 12289 Loss-step [0.3538 0.3538 0.0000]
2024-11-10 16:48:03 | INFO | train | In dataset train: Loss is [0.3085 0.3085 0.0000]
2024-11-10 16:48:03 | INFO | train | task-0		Acc is 0.9878, F1 is 0.9878
2024-11-10 16:48:03 | INFO | train | task-0		F1-macro is 0.9877, F1-micro is 0.9878
2024-11-10 16:48:03 | INFO | train | task-0		Pre is 0.9878, Rec is 0.9878
2024-11-10 16:48:03 | INFO | train | task-0		C_M is 
[[532   0   0   0   0   0   0   0]
 [  0 531   0   9   0   0   3   0]
 [  0   0 522   0   0   0   0   0]
 [  0   0   0 511   2   0   1   0]
 [  5   0   0   2 500   0   0   4]
 [ 14   0   0   0   0 521   0   0]
 [  0   0   0   0   5   0 543   0]
 [  0   0   0   1   3   0   0 291]]
2024-11-10 16:48:42 | INFO | train | In dataset valid: Loss is [0.3518 0.3518 0.0000]
2024-11-10 16:48:42 | INFO | train | task-0		Acc is 0.9890, F1 is 0.9890
2024-11-10 16:48:42 | INFO | train | task-0		F1-macro is 0.9887, F1-micro is 0.9890
2024-11-10 16:48:42 | INFO | train | task-0		Pre is 0.9890, Rec is 0.9890
2024-11-10 16:48:42 | INFO | train | task-0		C_M is 
[[510   0   0   0   0   0   0   0]
 [  1 513   0   5   1   0   1   0]
 [  0   0 506   0   2   0   0   0]
 [  1   0   0 501   1   0   2   1]
 [  3   0   0   0 528   4   2   7]
 [  4   0   0   0   0 501   0   0]
 [  0   0   0   0   4   0 577   0]
 [  0   0   0   0   5   0   0 320]]
2024-11-10 16:49:22 | INFO | train | In dataset test: Loss is [0.3623 0.3623 0.0000]
2024-11-10 16:49:22 | INFO | train | task-0		Acc is 0.9890, F1 is 0.9890
2024-11-10 16:49:22 | INFO | train | task-0		F1-macro is 0.9883, F1-micro is 0.9890
2024-11-10 16:49:22 | INFO | train | task-0		Pre is 0.9890, Rec is 0.9890
2024-11-10 16:49:22 | INFO | train | task-0		C_M is 
[[523   0   0   0   0   0   0   0]
 [  1 525   0   5   0   0   3   0]
 [  0   0 548   0   1   0   0   0]
 [  0   0   0 568   3   0   4   0]
 [  1   0   0   2 501   1   0   5]
 [  7   0   0   0   0 527   0   0]
 [  0   0   0   0   4   0 496   0]
 [  0   0   0   0   6   1   0 268]]
2024-11-10 16:49:22 | INFO | train | The best f1_macro util now is 0.9845, at step 46
2024-11-10 16:49:22 | INFO | train | The best f1_micro util now is 0.9865, at step 45
2024-11-10 16:50:08 | INFO | train | ----------------------------------------------------------------------------------
2024-11-10 16:50:08 | INFO | train | Time of iter training 45.99 s
2024-11-10 16:50:08 | INFO | train | On iter step 49:, global step 12545 Loss-step [0.3010 0.3010 0.0000]
2024-11-10 16:50:47 | INFO | train | In dataset train: Loss is [0.2585 0.2585 0.0000]
2024-11-10 16:50:47 | INFO | train | task-0		Acc is 0.9900, F1 is 0.9900
2024-11-10 16:50:47 | INFO | train | task-0		F1-macro is 0.9898, F1-micro is 0.9900
2024-11-10 16:50:47 | INFO | train | task-0		Pre is 0.9900, Rec is 0.9900
2024-11-10 16:50:47 | INFO | train | task-0		C_M is 
[[531   0   0   0   0   1   0   0]
 [  0 537   0   3   0   0   3   0]
 [  0   0 522   0   0   0   0   0]
 [  0   0   0 511   2   0   1   0]
 [  4   2   0   0 501   0   4   0]
 [ 11   0   0   0   0 524   0   0]
 [  0   0   0   0   1   0 547   0]
 [  0   1   0   0   7   0   0 287]]
2024-11-10 16:51:27 | INFO | train | In dataset valid: Loss is [0.2691 0.2691 0.0000]
2024-11-10 16:51:27 | INFO | train | task-0		Acc is 0.9920, F1 is 0.9920
2024-11-10 16:51:27 | INFO | train | task-0		F1-macro is 0.9919, F1-micro is 0.9920
2024-11-10 16:51:27 | INFO | train | task-0		Pre is 0.9920, Rec is 0.9920
2024-11-10 16:51:27 | INFO | train | task-0		C_M is 
[[509   0   0   0   0   1   0   0]
 [  1 518   0   0   1   0   1   0]
 [  0   0 506   0   2   0   0   0]
 [  1   1   0 500   2   0   2   0]
 [  0   0   0   0 538   3   3   0]
 [  4   0   0   0   0 501   0   0]
 [  0   0   0   0   2   0 579   0]
 [  0   0   0   0   8   0   0 317]]
2024-11-10 16:52:06 | INFO | train | In dataset test: Loss is [0.3258 0.3258 0.0000]
2024-11-10 16:52:06 | INFO | train | task-0		Acc is 0.9888, F1 is 0.9888
2024-11-10 16:52:06 | INFO | train | task-0		F1-macro is 0.9879, F1-micro is 0.9888
2024-11-10 16:52:06 | INFO | train | task-0		Pre is 0.9888, Rec is 0.9888
2024-11-10 16:52:06 | INFO | train | task-0		C_M is 
[[522   0   0   0   0   1   0   0]
 [  1 526   0   3   0   0   4   0]
 [  0   0 548   0   1   0   0   0]
 [  0   1   0 567   3   0   4   0]
 [  1   0   0   1 504   2   0   2]
 [  7   0   0   0   0 527   0   0]
 [  0   0   0   0   3   0 497   0]
 [  0   0   0   0  11   0   0 264]]
2024-11-10 16:52:06 | INFO | train | The best f1_macro util now is 0.9879, at step 49
2024-11-10 16:52:06 | INFO | train | The best f1_micro util now is 0.9888, at step 49
2024-11-10 16:52:52 | INFO | train | ----------------------------------------------------------------------------------
2024-11-10 16:52:52 | INFO | train | Time of iter training 46.15 s
2024-11-10 16:52:52 | INFO | train | On iter step 50:, global step 12801 Loss-step [0.4027 0.4027 0.0000]
2024-11-10 16:53:32 | INFO | train | In dataset train: Loss is [1.0535 1.0535 0.0000]
2024-11-10 16:53:32 | INFO | train | task-0		Acc is 0.9453, F1 is 0.9453
2024-11-10 16:53:32 | INFO | train | task-0		F1-macro is 0.9279, F1-micro is 0.9453
2024-11-10 16:53:32 | INFO | train | task-0		Pre is 0.9453, Rec is 0.9453
2024-11-10 16:53:32 | INFO | train | task-0		C_M is 
[[531   0   0   0   1   0   0   0]
 [  0 532   0   9   0   0   2   0]
 [  0   0 522   0   0   0   0   0]
 [  0   0   0 513   1   0   0   0]
 [  1   0   0   6 500   0   3   1]
 [ 13   0   0   3   0 519   0   0]
 [  0   0   0  30   6   0 512   0]
 [  0   0   0 139   3   0   1 152]]
2024-11-10 16:54:11 | INFO | train | In dataset valid: Loss is [1.3040 1.3040 0.0000]
2024-11-10 16:54:11 | INFO | train | task-0		Acc is 0.9373, F1 is 0.9373
2024-11-10 16:54:11 | INFO | train | task-0		F1-macro is 0.9237, F1-micro is 0.9373
2024-11-10 16:54:11 | INFO | train | task-0		Pre is 0.9373, Rec is 0.9373
2024-11-10 16:54:11 | INFO | train | task-0		C_M is 
[[509   0   0   1   0   0   0   0]
 [  0 516   0   5   0   0   0   0]
 [  0   0 506   0   2   0   0   0]
 [  0   0   0 506   0   0   0   0]
 [  0   0   0  12 527   2   3   0]
 [  5   0   0   9   0 491   0   0]
 [  0   0   0  49   7   0 525   0]
 [  0   0   0 146   9   0   1 169]]
2024-11-10 16:54:51 | INFO | train | In dataset test: Loss is [1.1856 1.1856 0.0000]
2024-11-10 16:54:51 | INFO | train | task-0		Acc is 0.9403, F1 is 0.9403
2024-11-10 16:54:51 | INFO | train | task-0		F1-macro is 0.9187, F1-micro is 0.9403
2024-11-10 16:54:51 | INFO | train | task-0		Pre is 0.9403, Rec is 0.9403
2024-11-10 16:54:51 | INFO | train | task-0		C_M is 
[[522   0   0   1   0   0   0   0]
 [  0 524   0  10   0   0   0   0]
 [  0   0 548   0   1   0   0   0]
 [  0   0   0 573   2   0   0   0]
 [  1   0   0   9 494   1   5   0]
 [  7   0   0   9   0 518   0   0]
 [  0   0   0  37   5   0 458   0]
 [  0   0   0 139   9   2   1 124]]
2024-11-10 16:54:51 | INFO | train | The best f1_macro util now is 0.9879, at step 49
2024-11-10 16:54:51 | INFO | train | The best f1_micro util now is 0.9888, at step 49
2024-11-10 16:55:37 | INFO | train | ----------------------------------------------------------------------------------
2024-11-10 16:55:37 | INFO | train | Time of iter training 46.12 s
2024-11-10 16:55:37 | INFO | train | On iter step 51:, global step 13057 Loss-step [0.3544 0.3544 0.0000]
2024-11-10 16:56:16 | INFO | train | In dataset train: Loss is [0.2293 0.2293 0.0000]
2024-11-10 16:56:16 | INFO | train | task-0		Acc is 0.9895, F1 is 0.9895
2024-11-10 16:56:16 | INFO | train | task-0		F1-macro is 0.9892, F1-micro is 0.9895
2024-11-10 16:56:16 | INFO | train | task-0		Pre is 0.9895, Rec is 0.9895
2024-11-10 16:56:16 | INFO | train | task-0		C_M is 
[[531   0   0   0   0   1   0   0]
 [  0 535   0   4   1   0   3   0]
 [  0   0 522   0   0   0   0   0]
 [  0   0   0 511   2   0   1   0]
 [  1   0   0   2 500   2   0   6]
 [  9   0   0   0   0 526   0   0]
 [  0   0   0   2   5   0 541   0]
 [  0   0   0   1   2   0   0 292]]
2024-11-10 16:56:56 | INFO | train | In dataset valid: Loss is [0.2833 0.2833 0.0000]
2024-11-10 16:56:56 | INFO | train | task-0		Acc is 0.9892, F1 is 0.9892
2024-11-10 16:56:56 | INFO | train | task-0		F1-macro is 0.9886, F1-micro is 0.9892
2024-11-10 16:56:56 | INFO | train | task-0		Pre is 0.9892, Rec is 0.9892
2024-11-10 16:56:56 | INFO | train | task-0		C_M is 
[[507   0   0   0   0   3   0   0]
 [  1 517   0   0   2   0   1   0]
 [  0   0 506   0   2   0   0   0]
 [  0   0   0 504   0   1   1   0]
 [  1   0   0   0 528   3   1  11]
 [  1   0   0   0   0 504   0   0]
 [  0   0   0   3   5   0 573   0]
 [  0   0   0   0   7   0   0 318]]
2024-11-10 16:57:35 | INFO | train | In dataset test: Loss is [0.3645 0.3645 0.0000]
2024-11-10 16:57:35 | INFO | train | task-0		Acc is 0.9858, F1 is 0.9858
2024-11-10 16:57:35 | INFO | train | task-0		F1-macro is 0.9839, F1-micro is 0.9858
2024-11-10 16:57:35 | INFO | train | task-0		Pre is 0.9858, Rec is 0.9858
2024-11-10 16:57:35 | INFO | train | task-0		C_M is 
[[520   0   0   0   0   3   0   0]
 [  1 527   0   3   0   0   3   0]
 [  0   0 548   0   1   0   0   0]
 [  0   0   0 571   3   0   1   0]
 [  1   0   0   1 494   2   0  12]
 [  7   0   0   0   0 527   0   0]
 [  0   0   0   4   4   0 492   0]
 [  0   0   0   0   9   2   0 264]]
2024-11-10 16:57:35 | INFO | train | The best f1_macro util now is 0.9879, at step 49
2024-11-10 16:57:35 | INFO | train | The best f1_micro util now is 0.9888, at step 49
2024-11-10 16:58:21 | INFO | train | ----------------------------------------------------------------------------------
2024-11-10 16:58:21 | INFO | train | Time of iter training 45.77 s
2024-11-10 16:58:21 | INFO | train | On iter step 52:, global step 13313 Loss-step [0.3687 0.3687 0.0000]
2024-11-10 16:59:00 | INFO | train | In dataset train: Loss is [0.2627 0.2627 0.0000]
2024-11-10 16:59:00 | INFO | train | task-0		Acc is 0.9878, F1 is 0.9878
2024-11-10 16:59:00 | INFO | train | task-0		F1-macro is 0.9877, F1-micro is 0.9878
2024-11-10 16:59:00 | INFO | train | task-0		Pre is 0.9878, Rec is 0.9878
2024-11-10 16:59:00 | INFO | train | task-0		C_M is 
[[531   0   0   0   1   0   0   0]
 [  0 536   0   3   1   0   3   0]
 [  0   0 522   0   0   0   0   0]
 [  0   0   0 510   3   0   1   0]
 [  3   1   0   0 496   0   6   5]
 [ 18   0   0   0   1 516   0   0]
 [  0   0   0   0   0   0 548   0]
 [  0   1   0   0   2   0   0 292]]
2024-11-10 16:59:39 | INFO | train | In dataset valid: Loss is [0.3339 0.3339 0.0000]
2024-11-10 16:59:39 | INFO | train | task-0		Acc is 0.9872, F1 is 0.9872
2024-11-10 16:59:39 | INFO | train | task-0		F1-macro is 0.9869, F1-micro is 0.9872
2024-11-10 16:59:39 | INFO | train | task-0		Pre is 0.9872, Rec is 0.9872
2024-11-10 16:59:39 | INFO | train | task-0		C_M is 
[[510   0   0   0   0   0   0   0]
 [  0 517   0   2   1   0   1   0]
 [  1   0 505   0   2   0   0   0]
 [  1   1   0 502   1   0   1   0]
 [  1   0   0   0 525   1   8   9]
 [ 12   0   0   1   1 491   0   0]
 [  0   0   0   2   0   0 579   0]
 [  0   1   0   0   4   0   0 320]]
2024-11-10 17:00:19 | INFO | train | In dataset test: Loss is [0.3651 0.3651 0.0000]
2024-11-10 17:00:19 | INFO | train | task-0		Acc is 0.9852, F1 is 0.9852
2024-11-10 17:00:19 | INFO | train | task-0		F1-macro is 0.9842, F1-micro is 0.9852
2024-11-10 17:00:19 | INFO | train | task-0		Pre is 0.9852, Rec is 0.9852
2024-11-10 17:00:19 | INFO | train | task-0		C_M is 
[[523   0   0   0   0   0   0   0]
 [  0 527   0   4   0   0   3   0]
 [  0   0 548   0   0   0   1   0]
 [  0   0   0 570   2   0   3   0]
 [  2   0   0   1 489   1  10   7]
 [ 14   0   0   0   1 519   0   0]
 [  0   0   0   1   1   0 498   0]
 [  0   0   0   0   7   0   1 267]]
2024-11-10 17:00:19 | INFO | train | The best f1_macro util now is 0.9879, at step 49
2024-11-10 17:00:19 | INFO | train | The best f1_micro util now is 0.9888, at step 49
2024-11-10 17:01:05 | INFO | train | ----------------------------------------------------------------------------------
2024-11-10 17:01:05 | INFO | train | Time of iter training 46.07 s
2024-11-10 17:01:05 | INFO | train | On iter step 53:, global step 13569 Loss-step [0.3587 0.3587 0.0000]
2024-11-10 17:01:44 | INFO | train | In dataset train: Loss is [0.2358 0.2358 0.0000]
2024-11-10 17:01:44 | INFO | train | task-0		Acc is 0.9920, F1 is 0.9920
2024-11-10 17:01:44 | INFO | train | task-0		F1-macro is 0.9920, F1-micro is 0.9920
2024-11-10 17:01:44 | INFO | train | task-0		Pre is 0.9920, Rec is 0.9920
2024-11-10 17:01:44 | INFO | train | task-0		C_M is 
[[532   0   0   0   0   0   0   0]
 [  0 537   0   3   1   0   2   0]
 [  0   0 522   0   0   0   0   0]
 [  0   0   0 510   3   1   0   0]
 [  0   0   0   0 509   1   0   1]
 [  9   0   0   0   0 526   0   0]
 [  0   0   0   0   6   1 541   0]
 [  0   1   0   0   3   0   0 291]]
2024-11-10 17:02:24 | INFO | train | In dataset valid: Loss is [0.2872 0.2872 0.0000]
2024-11-10 17:02:24 | INFO | train | task-0		Acc is 0.9910, F1 is 0.9910
2024-11-10 17:02:24 | INFO | train | task-0		F1-macro is 0.9910, F1-micro is 0.9910
2024-11-10 17:02:24 | INFO | train | task-0		Pre is 0.9910, Rec is 0.9910
2024-11-10 17:02:24 | INFO | train | task-0		C_M is 
[[507   0   0   0   0   3   0   0]
 [  1 518   0   0   2   0   0   0]
 [  0   0 506   0   2   0   0   0]
 [  0   1   0 502   2   0   1   0]
 [  1   0   0   0 536   3   2   2]
 [  2   0   0   0   0 503   0   0]
 [  0   2   0   0   5   1 573   0]
 [  0   0   0   0   6   0   0 319]]
2024-11-10 17:03:03 | INFO | train | In dataset test: Loss is [0.3248 0.3248 0.0000]
2024-11-10 17:03:03 | INFO | train | task-0		Acc is 0.9892, F1 is 0.9892
2024-11-10 17:03:03 | INFO | train | task-0		F1-macro is 0.9883, F1-micro is 0.9892
2024-11-10 17:03:03 | INFO | train | task-0		Pre is 0.9892, Rec is 0.9892
2024-11-10 17:03:03 | INFO | train | task-0		C_M is 
[[521   0   0   0   0   2   0   0]
 [  1 528   0   3   1   0   1   0]
 [  0   0 548   0   1   0   0   0]
 [  0   0   0 570   2   1   2   0]
 [  1   0   0   0 505   2   0   2]
 [  6   0   0   0   0 528   0   0]
 [  0   1   0   0   5   1 493   0]
 [  0   0   0   0   9   2   0 264]]
2024-11-10 17:03:03 | INFO | train | The best f1_macro util now is 0.9879, at step 49
2024-11-10 17:03:03 | INFO | train | The best f1_micro util now is 0.9888, at step 49
2024-11-10 17:03:49 | INFO | train | ----------------------------------------------------------------------------------
2024-11-10 17:03:49 | INFO | train | Time of iter training 46.01 s
2024-11-10 17:03:49 | INFO | train | On iter step 54:, global step 13825 Loss-step [0.3930 0.3930 0.0000]
2024-11-10 17:04:28 | INFO | train | In dataset train: Loss is [0.2977 0.2977 0.0000]
2024-11-10 17:04:28 | INFO | train | task-0		Acc is 0.9908, F1 is 0.9908
2024-11-10 17:04:28 | INFO | train | task-0		F1-macro is 0.9904, F1-micro is 0.9908
2024-11-10 17:04:28 | INFO | train | task-0		Pre is 0.9908, Rec is 0.9908
2024-11-10 17:04:28 | INFO | train | task-0		C_M is 
[[524   0   0   0   1   7   0   0]
 [  0 541   0   0   0   0   2   0]
 [  0   0 522   0   0   0   0   0]
 [  0   0   0 510   3   0   1   0]
 [  0   2   0   0 503   5   1   0]
 [  3   0   0   0   0 532   0   0]
 [  0   0   0   0   3   0 545   0]
 [  0   1   0   0   3   5   0 286]]
2024-11-10 17:05:08 | INFO | train | In dataset valid: Loss is [0.3124 0.3124 0.0000]
2024-11-10 17:05:08 | INFO | train | task-0		Acc is 0.9912, F1 is 0.9912
2024-11-10 17:05:08 | INFO | train | task-0		F1-macro is 0.9910, F1-micro is 0.9912
2024-11-10 17:05:08 | INFO | train | task-0		Pre is 0.9912, Rec is 0.9912
2024-11-10 17:05:08 | INFO | train | task-0		C_M is 
[[506   0   0   0   0   4   0   0]
 [  1 519   0   0   1   0   0   0]
 [  0   0 506   0   2   0   0   0]
 [  0   3   0 500   2   0   1   0]
 [  0   0   0   0 534   3   3   4]
 [  0   0   0   0   0 505   0   0]
 [  0   0   0   0   4   0 577   0]
 [  0   0   0   0   5   1   1 318]]
2024-11-10 17:05:47 | INFO | train | In dataset test: Loss is [0.3938 0.3938 0.0000]
2024-11-10 17:05:47 | INFO | train | task-0		Acc is 0.9885, F1 is 0.9885
2024-11-10 17:05:47 | INFO | train | task-0		F1-macro is 0.9877, F1-micro is 0.9885
2024-11-10 17:05:47 | INFO | train | task-0		Pre is 0.9885, Rec is 0.9885
2024-11-10 17:05:47 | INFO | train | task-0		C_M is 
[[515   0   0   0   0   8   0   0]
 [  0 532   0   0   0   0   2   0]
 [  0   0 548   0   0   0   1   0]
 [  0   7   0 562   3   0   3   0]
 [  0   0   0   1 505   2   1   1]
 [  1   0   0   0   0 533   0   0]
 [  0   1   0   0   3   0 496   0]
 [  0   0   0   0   7   4   1 263]]
2024-11-10 17:05:47 | INFO | train | The best f1_macro util now is 0.9879, at step 49
2024-11-10 17:05:47 | INFO | train | The best f1_micro util now is 0.9888, at step 49
2024-11-10 17:06:33 | INFO | train | ----------------------------------------------------------------------------------
2024-11-10 17:06:33 | INFO | train | Time of iter training 45.79 s
2024-11-10 17:06:33 | INFO | train | On iter step 55:, global step 14081 Loss-step [0.2637 0.2637 0.0000]
2024-11-10 17:07:12 | INFO | train | In dataset train: Loss is [0.2554 0.2554 0.0000]
2024-11-10 17:07:12 | INFO | train | task-0		Acc is 0.9892, F1 is 0.9892
2024-11-10 17:07:12 | INFO | train | task-0		F1-macro is 0.9887, F1-micro is 0.9892
2024-11-10 17:07:12 | INFO | train | task-0		Pre is 0.9892, Rec is 0.9892
2024-11-10 17:07:12 | INFO | train | task-0		C_M is 
[[532   0   0   0   0   0   0   0]
 [  0 536   0   4   0   0   3   0]
 [  0   0 522   0   0   0   0   0]
 [  0   0   0 510   3   0   1   0]
 [  2   2   0   0 506   0   1   0]
 [ 11   0   0   0   0 524   0   0]
 [  0   0   0   0   4   0 544   0]
 [  0   0   0   1   8   3   0 283]]
2024-11-10 17:07:52 | INFO | train | In dataset valid: Loss is [0.2593 0.2593 0.0000]
2024-11-10 17:07:52 | INFO | train | task-0		Acc is 0.9922, F1 is 0.9922
2024-11-10 17:07:52 | INFO | train | task-0		F1-macro is 0.9920, F1-micro is 0.9922
2024-11-10 17:07:52 | INFO | train | task-0		Pre is 0.9922, Rec is 0.9922
2024-11-10 17:07:52 | INFO | train | task-0		C_M is 
[[509   0   0   0   0   1   0   0]
 [  1 518   0   0   1   0   1   0]
 [  0   0 506   0   2   0   0   0]
 [  0   0   0 504   1   0   1   0]
 [  1   0   0   0 539   2   2   0]
 [  3   0   0   0   0 502   0   0]
 [  0   0   0   0   5   0 576   0]
 [  1   0   0   0   7   1   1 315]]
2024-11-10 17:08:31 | INFO | train | In dataset test: Loss is [0.3348 0.3348 0.0000]
2024-11-10 17:08:31 | INFO | train | task-0		Acc is 0.9895, F1 is 0.9895
2024-11-10 17:08:31 | INFO | train | task-0		F1-macro is 0.9885, F1-micro is 0.9895
2024-11-10 17:08:31 | INFO | train | task-0		Pre is 0.9895, Rec is 0.9895
2024-11-10 17:08:31 | INFO | train | task-0		C_M is 
[[521   0   0   0   0   2   0   0]
 [  1 528   0   1   0   0   4   0]
 [  0   0 548   0   0   0   1   0]
 [  0   0   0 570   2   0   3   0]
 [  0   0   0   2 504   2   1   1]
 [  6   0   0   0   0 528   0   0]
 [  0   0   0   0   4   0 496   0]
 [  0   0   0   0   8   3   1 263]]
2024-11-10 17:08:31 | INFO | train | The best f1_macro util now is 0.9885, at step 55
2024-11-10 17:08:31 | INFO | train | The best f1_micro util now is 0.9895, at step 55
2024-11-10 17:09:17 | INFO | train | ----------------------------------------------------------------------------------
2024-11-10 17:09:17 | INFO | train | Time of iter training 46.04 s
2024-11-10 17:09:17 | INFO | train | On iter step 56:, global step 14337 Loss-step [0.5078 0.5078 0.0000]
2024-11-10 17:09:57 | INFO | train | In dataset train: Loss is [0.3621 0.3621 0.0000]
2024-11-10 17:09:57 | INFO | train | task-0		Acc is 0.9890, F1 is 0.9890
2024-11-10 17:09:57 | INFO | train | task-0		F1-macro is 0.9888, F1-micro is 0.9890
2024-11-10 17:09:57 | INFO | train | task-0		Pre is 0.9890, Rec is 0.9890
2024-11-10 17:09:57 | INFO | train | task-0		C_M is 
[[517   0   0   0   1  14   0   0]
 [  0 537   0   3   0   0   3   0]
 [  0   0 522   0   0   0   0   0]
 [  0   0   0 511   3   0   0   0]
 [  1   3   0   2 501   1   3   0]
 [  1   0   0   0   0 534   0   0]
 [  0   0   0   0   1   0 547   0]
 [  0   0   0   3   5   0   0 287]]
2024-11-10 17:10:36 | INFO | train | In dataset valid: Loss is [0.2921 0.2921 0.0000]
2024-11-10 17:10:36 | INFO | train | task-0		Acc is 0.9912, F1 is 0.9912
2024-11-10 17:10:36 | INFO | train | task-0		F1-macro is 0.9909, F1-micro is 0.9912
2024-11-10 17:10:36 | INFO | train | task-0		Pre is 0.9912, Rec is 0.9912
2024-11-10 17:10:36 | INFO | train | task-0		C_M is 
[[499   0   0   0   0  11   0   0]
 [  1 518   0   0   1   0   1   0]
 [  0   0 506   0   2   0   0   0]
 [  0   1   0 503   2   0   0   0]
 [  0   0   0   1 540   1   2   0]
 [  0   0   0   0   0 505   0   0]
 [  0   0   0   0   2   0 579   0]
 [  0   1   0   1   7   0   1 315]]
2024-11-10 17:11:15 | INFO | train | In dataset test: Loss is [0.6377 0.6377 0.0000]
2024-11-10 17:11:15 | INFO | train | task-0		Acc is 0.9880, F1 is 0.9880
2024-11-10 17:11:15 | INFO | train | task-0		F1-macro is 0.9872, F1-micro is 0.9880
2024-11-10 17:11:15 | INFO | train | task-0		Pre is 0.9880, Rec is 0.9880
2024-11-10 17:11:15 | INFO | train | task-0		C_M is 
[[509   0   0   1   0  13   0   0]
 [  1 528   0   2   0   0   3   0]
 [  0   0 548   0   0   0   1   0]
 [  0   0   0 569   6   0   0   0]
 [  0   1   0   2 502   1   3   1]
 [  0   0   0   0   0 534   0   0]
 [  0   0   0   1   0   0 499   0]
 [  0   0   0   3   6   2   1 263]]
2024-11-10 17:11:15 | INFO | train | The best f1_macro util now is 0.9885, at step 55
2024-11-10 17:11:15 | INFO | train | The best f1_micro util now is 0.9895, at step 55
2024-11-10 17:12:02 | INFO | train | ----------------------------------------------------------------------------------
2024-11-10 17:12:02 | INFO | train | Time of iter training 46.16 s
2024-11-10 17:12:02 | INFO | train | On iter step 57:, global step 14593 Loss-step [0.5695 0.5695 0.0000]
2024-11-10 17:12:41 | INFO | train | In dataset train: Loss is [0.3238 0.3238 0.0000]
2024-11-10 17:12:41 | INFO | train | task-0		Acc is 0.9895, F1 is 0.9895
2024-11-10 17:12:41 | INFO | train | task-0		F1-macro is 0.9893, F1-micro is 0.9895
2024-11-10 17:12:41 | INFO | train | task-0		Pre is 0.9895, Rec is 0.9895
2024-11-10 17:12:41 | INFO | train | task-0		C_M is 
[[527   0   0   0   0   5   0   0]
 [  0 537   0   3   0   0   3   0]
 [  0   0 522   0   0   0   0   0]
 [  0   0   0 511   2   0   1   0]
 [  7   2   0   0 492   0   8   2]
 [  3   0   0   0   0 532   0   0]
 [  0   0   0   0   0   0 548   0]
 [  0   1   0   0   5   0   0 289]]
2024-11-10 17:13:20 | INFO | train | In dataset valid: Loss is [0.3496 0.3496 0.0000]
2024-11-10 17:13:20 | INFO | train | task-0		Acc is 0.9898, F1 is 0.9898
2024-11-10 17:13:20 | INFO | train | task-0		F1-macro is 0.9895, F1-micro is 0.9898
2024-11-10 17:13:20 | INFO | train | task-0		Pre is 0.9898, Rec is 0.9898
2024-11-10 17:13:20 | INFO | train | task-0		C_M is 
[[506   0   0   0   0   4   0   0]
 [  1 518   0   0   1   0   1   0]
 [  0   0 506   0   2   0   0   0]
 [  2   0   0 503   0   0   1   0]
 [  1   1   0   2 525   4   9   2]
 [  1   0   0   0   0 504   0   0]
 [  0   0   0   0   0   0 581   0]
 [  0   2   0   0   7   0   0 316]]
2024-11-10 17:14:00 | INFO | train | In dataset test: Loss is [0.3986 0.3986 0.0000]
2024-11-10 17:14:00 | INFO | train | task-0		Acc is 0.9872, F1 is 0.9872
2024-11-10 17:14:00 | INFO | train | task-0		F1-macro is 0.9866, F1-micro is 0.9872
2024-11-10 17:14:00 | INFO | train | task-0		Pre is 0.9872, Rec is 0.9872
2024-11-10 17:14:00 | INFO | train | task-0		C_M is 
[[517   0   0   0   0   6   0   0]
 [  1 529   0   1   0   0   3   0]
 [  0   0 548   0   1   0   0   0]
 [  0   2   0 567   3   0   3   0]
 [  1   3   1   3 491   2   8   1]
 [  1   0   0   0   0 533   0   0]
 [  0   0   0   0   1   0 499   0]
 [  0   1   0   0   7   2   0 265]]
2024-11-10 17:14:00 | INFO | train | The best f1_macro util now is 0.9885, at step 55
2024-11-10 17:14:00 | INFO | train | The best f1_micro util now is 0.9895, at step 55
2024-11-10 17:14:46 | INFO | train | ----------------------------------------------------------------------------------
2024-11-10 17:14:46 | INFO | train | Time of iter training 46.01 s
2024-11-10 17:14:46 | INFO | train | On iter step 58:, global step 14849 Loss-step [0.2390 0.2390 0.0000]
2024-11-10 17:15:25 | INFO | train | In dataset train: Loss is [0.2736 0.2736 0.0000]
2024-11-10 17:15:25 | INFO | train | task-0		Acc is 0.9895, F1 is 0.9895
2024-11-10 17:15:25 | INFO | train | task-0		F1-macro is 0.9894, F1-micro is 0.9895
2024-11-10 17:15:25 | INFO | train | task-0		Pre is 0.9895, Rec is 0.9895
2024-11-10 17:15:25 | INFO | train | task-0		C_M is 
[[530   0   0   0   0   2   0   0]
 [  0 537   0   3   0   0   3   0]
 [  0   0 522   0   0   0   0   0]
 [  0   0   0 511   2   0   1   0]
 [  4   2   0   0 495   4   5   1]
 [  9   0   0   0   0 526   0   0]
 [  0   0   0   0   0   0 548   0]
 [  0   0   0   1   5   0   0 289]]
2024-11-10 17:16:04 | INFO | train | In dataset valid: Loss is [0.2765 0.2765 0.0000]
2024-11-10 17:16:04 | INFO | train | task-0		Acc is 0.9915, F1 is 0.9915
2024-11-10 17:16:04 | INFO | train | task-0		F1-macro is 0.9912, F1-micro is 0.9915
2024-11-10 17:16:04 | INFO | train | task-0		Pre is 0.9915, Rec is 0.9915
2024-11-10 17:16:04 | INFO | train | task-0		C_M is 
[[508   0   0   0   0   2   0   0]
 [  1 518   0   0   1   0   1   0]
 [  0   0 506   0   2   0   0   0]
 [  0   0   0 504   0   1   1   0]
 [  0   0   0   1 532   5   5   1]
 [  2   0   0   0   0 503   0   0]
 [  0   0   0   0   1   0 580   0]
 [  0   1   0   0   8   1   0 315]]
2024-11-10 17:16:44 | INFO | train | In dataset test: Loss is [0.3410 0.3410 0.0000]
2024-11-10 17:16:44 | INFO | train | task-0		Acc is 0.9895, F1 is 0.9895
2024-11-10 17:16:44 | INFO | train | task-0		F1-macro is 0.9888, F1-micro is 0.9895
2024-11-10 17:16:44 | INFO | train | task-0		Pre is 0.9895, Rec is 0.9895
2024-11-10 17:16:44 | INFO | train | task-0		C_M is 
[[521   0   0   0   0   2   0   0]
 [  1 527   0   3   0   0   3   0]
 [  0   0 548   0   1   0   0   0]
 [  0   0   0 569   1   2   3   0]
 [  0   0   1   1 501   3   3   1]
 [  6   0   0   0   0 528   0   0]
 [  0   0   0   0   1   0 499   0]
 [  0   0   0   0   8   2   0 265]]
2024-11-10 17:16:44 | INFO | train | The best f1_macro util now is 0.9885, at step 55
2024-11-10 17:16:44 | INFO | train | The best f1_micro util now is 0.9895, at step 55
2024-11-10 17:17:30 | INFO | train | ----------------------------------------------------------------------------------
2024-11-10 17:17:30 | INFO | train | Time of iter training 45.87 s
2024-11-10 17:17:30 | INFO | train | On iter step 59:, global step 15105 Loss-step [0.3052 0.3052 0.0000]
2024-11-10 17:18:09 | INFO | train | In dataset train: Loss is [0.2045 0.2045 0.0000]
2024-11-10 17:18:09 | INFO | train | task-0		Acc is 0.9890, F1 is 0.9890
2024-11-10 17:18:09 | INFO | train | task-0		F1-macro is 0.9888, F1-micro is 0.9890
2024-11-10 17:18:09 | INFO | train | task-0		Pre is 0.9890, Rec is 0.9890
2024-11-10 17:18:09 | INFO | train | task-0		C_M is 
[[528   0   0   0   4   0   0   0]
 [  0 537   0   3   2   0   1   0]
 [  0   0 522   0   0   0   0   0]
 [  0   0   0 511   3   0   0   0]
 [  0   2   0   0 495   3   5   6]
 [ 13   0   0   0   0 522   0   0]
 [  0   0   0   0   0   0 548   0]
 [  0   1   0   0   1   0   0 293]]
2024-11-10 17:18:48 | INFO | train | In dataset valid: Loss is [0.2106 0.2106 0.0000]
2024-11-10 17:18:48 | INFO | train | task-0		Acc is 0.9910, F1 is 0.9910
2024-11-10 17:18:48 | INFO | train | task-0		F1-macro is 0.9905, F1-micro is 0.9910
2024-11-10 17:18:48 | INFO | train | task-0		Pre is 0.9910, Rec is 0.9910
2024-11-10 17:18:48 | INFO | train | task-0		C_M is 
[[509   0   0   0   1   0   0   0]
 [  1 518   0   0   1   0   1   0]
 [  0   0 506   0   2   0   0   0]
 [  0   0   0 503   2   1   0   0]
 [  0   0   0   1 528   3   2  10]
 [  3   0   0   0   0 502   0   0]
 [  0   0   0   0   3   0 578   0]
 [  0   0   0   0   5   0   0 320]]
2024-11-10 17:19:28 | INFO | train | In dataset test: Loss is [0.2843 0.2843 0.0000]
2024-11-10 17:19:28 | INFO | train | task-0		Acc is 0.9875, F1 is 0.9875
2024-11-10 17:19:28 | INFO | train | task-0		F1-macro is 0.9859, F1-micro is 0.9875
2024-11-10 17:19:28 | INFO | train | task-0		Pre is 0.9875, Rec is 0.9875
2024-11-10 17:19:28 | INFO | train | task-0		C_M is 
[[523   0   0   0   0   0   0   0]
 [  0 527   0   4   0   0   3   0]
 [  0   0 548   0   0   0   1   0]
 [  0   0   0 569   6   0   0   0]
 [  0   0   0   1 492   2   3  12]
 [  7   0   0   0   0 527   0   0]
 [  0   0   0   0   3   0 497   0]
 [  0   0   0   0   6   2   0 267]]
2024-11-10 17:19:28 | INFO | train | The best f1_macro util now is 0.9885, at step 55
2024-11-10 17:19:28 | INFO | train | The best f1_micro util now is 0.9895, at step 55
2024-11-10 17:20:14 | INFO | train | ----------------------------------------------------------------------------------
2024-11-10 17:20:14 | INFO | train | Time of iter training 45.97 s
2024-11-10 17:20:14 | INFO | train | On iter step 60:, global step 15361 Loss-step [0.2595 0.2595 0.0000]
2024-11-10 17:20:53 | INFO | train | In dataset train: Loss is [0.2603 0.2603 0.0000]
2024-11-10 17:20:53 | INFO | train | task-0		Acc is 0.9905, F1 is 0.9905
2024-11-10 17:20:53 | INFO | train | task-0		F1-macro is 0.9903, F1-micro is 0.9905
2024-11-10 17:20:53 | INFO | train | task-0		Pre is 0.9905, Rec is 0.9905
2024-11-10 17:20:53 | INFO | train | task-0		C_M is 
[[531   0   0   0   1   0   0   0]
 [  0 540   0   1   0   0   2   0]
 [  0   0 522   0   0   0   0   0]
 [  0   1   0 510   2   0   1   0]
 [  0   3   0   0 501   0   7   0]
 [ 13   0   0   0   0 522   0   0]
 [  0   0   0   0   0   0 548   0]
 [  0   1   0   1   5   0   0 288]]
2024-11-10 17:21:32 | INFO | train | In dataset valid: Loss is [0.2165 0.2165 0.0000]
2024-11-10 17:21:32 | INFO | train | task-0		Acc is 0.9928, F1 is 0.9928
2024-11-10 17:21:32 | INFO | train | task-0		F1-macro is 0.9926, F1-micro is 0.9928
2024-11-10 17:21:32 | INFO | train | task-0		Pre is 0.9928, Rec is 0.9928
2024-11-10 17:21:32 | INFO | train | task-0		C_M is 
[[510   0   0   0   0   0   0   0]
 [  0 520   0   0   1   0   0   0]
 [  0   0 506   0   2   0   0   0]
 [  0   1   0 504   0   0   1   0]
 [  0   0   0   1 534   1   8   0]
 [  4   1   0   0   0 500   0   0]
 [  0   1   0   0   0   0 580   0]
 [  0   0   0   0   8   0   0 317]]
2024-11-10 17:22:12 | INFO | train | In dataset test: Loss is [0.2808 0.2808 0.0000]
2024-11-10 17:22:12 | INFO | train | task-0		Acc is 0.9892, F1 is 0.9892
2024-11-10 17:22:12 | INFO | train | task-0		F1-macro is 0.9889, F1-micro is 0.9892
2024-11-10 17:22:12 | INFO | train | task-0		Pre is 0.9892, Rec is 0.9892
2024-11-10 17:22:12 | INFO | train | task-0		C_M is 
[[523   0   0   0   0   0   0   0]
 [  0 532   0   1   0   0   1   0]
 [  0   0 548   0   0   0   1   0]
 [  0   7   0 563   3   0   2   0]
 [  0   1   1   0 497   1   9   1]
 [  7   0   0   0   0 527   0   0]
 [  0   1   0   0   0   0 499   0]
 [  0   0   0   0   6   1   0 268]]
2024-11-10 17:22:15 | INFO | train | The best f1_macro util now is 0.9889, at step 60
2024-11-10 17:22:19 | INFO | train | The best f1_micro util now is 0.9892, at step 60
2024-11-10 17:23:05 | INFO | train | ----------------------------------------------------------------------------------
2024-11-10 17:23:05 | INFO | train | Time of iter training 46.05 s
2024-11-10 17:23:05 | INFO | train | On iter step 61:, global step 15617 Loss-step [0.2855 0.2855 0.0000]
2024-11-10 17:23:44 | INFO | train | In dataset train: Loss is [0.3321 0.3321 0.0000]
2024-11-10 17:23:44 | INFO | train | task-0		Acc is 0.9918, F1 is 0.9918
2024-11-10 17:23:44 | INFO | train | task-0		F1-macro is 0.9914, F1-micro is 0.9918
2024-11-10 17:23:44 | INFO | train | task-0		Pre is 0.9918, Rec is 0.9918
2024-11-10 17:23:44 | INFO | train | task-0		C_M is 
[[531   0   0   0   1   0   0   0]
 [  1 539   0   1   1   0   1   0]
 [  0   0 522   0   0   0   0   0]
 [  0   0   0 512   2   0   0   0]
 [  0   0   0   1 506   0   4   0]
 [ 12   0   0   0   0 523   0   0]
 [  0   0   0   0   1   0 547   0]
 [  0   1   0   0   7   0   0 287]]
2024-11-10 17:24:23 | INFO | train | In dataset valid: Loss is [0.3705 0.3705 0.0000]
2024-11-10 17:24:23 | INFO | train | task-0		Acc is 0.9930, F1 is 0.9930
2024-11-10 17:24:23 | INFO | train | task-0		F1-macro is 0.9926, F1-micro is 0.9930
2024-11-10 17:24:23 | INFO | train | task-0		Pre is 0.9930, Rec is 0.9930
2024-11-10 17:24:23 | INFO | train | task-0		C_M is 
[[509   0   0   0   0   1   0   0]
 [  1 519   0   0   1   0   0   0]
 [  0   0 506   0   2   0   0   0]
 [  0   1   0 504   1   0   0   0]
 [  0   0   0   0 541   1   2   0]
 [  3   0   0   0   0 502   0   0]
 [  0   0   0   2   2   0 577   0]
 [  0   0   0   2   9   0   0 314]]
2024-11-10 17:25:03 | INFO | train | In dataset test: Loss is [0.4025 0.4025 0.0000]
2024-11-10 17:25:03 | INFO | train | task-0		Acc is 0.9885, F1 is 0.9885
2024-11-10 17:25:03 | INFO | train | task-0		F1-macro is 0.9875, F1-micro is 0.9885
2024-11-10 17:25:03 | INFO | train | task-0		Pre is 0.9885, Rec is 0.9885
2024-11-10 17:25:03 | INFO | train | task-0		C_M is 
[[522   0   0   0   1   0   0   0]
 [  1 529   0   1   2   0   1   0]
 [  0   0 548   0   1   0   0   0]
 [  0   4   0 567   3   0   1   0]
 [  0   0   0   0 505   1   3   1]
 [  7   0   0   0   0 527   0   0]
 [  1   1   0   0   4   0 494   0]
 [  0   0   0   1  10   2   0 262]]
2024-11-10 17:25:03 | INFO | train | The best f1_macro util now is 0.9889, at step 60
2024-11-10 17:25:03 | INFO | train | The best f1_micro util now is 0.9885, at step 61
2024-11-10 17:25:49 | INFO | train | ----------------------------------------------------------------------------------
2024-11-10 17:25:49 | INFO | train | Time of iter training 45.86 s
2024-11-10 17:25:49 | INFO | train | On iter step 62:, global step 15873 Loss-step [0.3037 0.3037 0.0000]
2024-11-10 17:26:28 | INFO | train | In dataset train: Loss is [0.1786 0.1786 0.0000]
2024-11-10 17:26:28 | INFO | train | task-0		Acc is 0.9930, F1 is 0.9930
2024-11-10 17:26:28 | INFO | train | task-0		F1-macro is 0.9929, F1-micro is 0.9930
2024-11-10 17:26:28 | INFO | train | task-0		Pre is 0.9930, Rec is 0.9930
2024-11-10 17:26:28 | INFO | train | task-0		C_M is 
[[531   0   0   0   1   0   0   0]
 [  0 542   0   0   0   0   1   0]
 [  0   0 522   0   0   0   0   0]
 [  0   2   0 510   2   0   0   0]
 [  0   1   0   1 505   0   4   0]
 [ 11   0   0   0   0 524   0   0]
 [  0   0   0   0   0   0 548   0]
 [  0   1   0   0   4   0   0 290]]
2024-11-10 17:27:07 | INFO | train | In dataset valid: Loss is [0.2225 0.2225 0.0000]
2024-11-10 17:27:07 | INFO | train | task-0		Acc is 0.9940, F1 is 0.9940
2024-11-10 17:27:07 | INFO | train | task-0		F1-macro is 0.9941, F1-micro is 0.9940
2024-11-10 17:27:07 | INFO | train | task-0		Pre is 0.9940, Rec is 0.9940
2024-11-10 17:27:07 | INFO | train | task-0		C_M is 
[[508   0   0   0   0   2   0   0]
 [  1 519   0   0   1   0   0   0]
 [  0   0 506   0   2   0   0   0]
 [  0   4   0 501   0   1   0   0]
 [  0   1   0   0 539   1   3   0]
 [  2   0   0   0   0 503   0   0]
 [  0   0   0   2   1   0 578   0]
 [  0   1   0   0   1   0   1 322]]
2024-11-10 17:27:48 | INFO | train | In dataset test: Loss is [0.3043 0.3043 0.0000]
2024-11-10 17:27:48 | INFO | train | task-0		Acc is 0.9898, F1 is 0.9898
2024-11-10 17:27:48 | INFO | train | task-0		F1-macro is 0.9895, F1-micro is 0.9898
2024-11-10 17:27:48 | INFO | train | task-0		Pre is 0.9898, Rec is 0.9898
2024-11-10 17:27:48 | INFO | train | task-0		C_M is 
[[522   0   0   0   0   1   0   0]
 [  0 531   0   0   1   0   2   0]
 [  0   0 548   0   0   0   0   1]
 [  0  11   0 558   5   0   1   0]
 [  0   0   0   0 505   1   3   1]
 [  7   0   0   0   0 527   0   0]
 [  0   1   0   0   0   0 499   0]
 [  0   0   0   0   4   1   1 269]]
2024-11-10 17:27:48 | INFO | train | The best f1_macro util now is 0.9895, at step 62
2024-11-10 17:27:48 | INFO | train | The best f1_micro util now is 0.9898, at step 62
2024-11-10 17:28:34 | INFO | train | ----------------------------------------------------------------------------------
2024-11-10 17:28:34 | INFO | train | Time of iter training 46.24 s
2024-11-10 17:28:34 | INFO | train | On iter step 63:, global step 16129 Loss-step [0.3840 0.3840 0.0000]
2024-11-10 17:29:13 | INFO | train | In dataset train: Loss is [0.2714 0.2714 0.0000]
2024-11-10 17:29:13 | INFO | train | task-0		Acc is 0.9905, F1 is 0.9905
2024-11-10 17:29:13 | INFO | train | task-0		F1-macro is 0.9900, F1-micro is 0.9905
2024-11-10 17:29:13 | INFO | train | task-0		Pre is 0.9905, Rec is 0.9905
2024-11-10 17:29:13 | INFO | train | task-0		C_M is 
[[529   0   0   0   0   3   0   0]
 [  0 541   0   1   0   0   1   0]
 [  0   0 522   0   0   0   0   0]
 [  0   0   0 513   1   0   0   0]
 [  6   3   0   1 499   0   1   1]
 [  8   0   0   0   0 527   0   0]
 [  0   0   0   0   3   0 545   0]
 [  2   1   0   0   5   1   0 286]]
2024-11-10 17:29:53 | INFO | train | In dataset valid: Loss is [0.2528 0.2528 0.0000]
2024-11-10 17:29:53 | INFO | train | task-0		Acc is 0.9920, F1 is 0.9920
2024-11-10 17:29:53 | INFO | train | task-0		F1-macro is 0.9918, F1-micro is 0.9920
2024-11-10 17:29:53 | INFO | train | task-0		Pre is 0.9920, Rec is 0.9920
2024-11-10 17:29:53 | INFO | train | task-0		C_M is 
[[505   0   0   0   0   5   0   0]
 [  1 519   0   0   1   0   0   0]
 [  0   0 506   0   2   0   0   0]
 [  1   1   0 503   0   0   1   0]
 [  1   2   0   0 538   1   2   0]
 [  3   0   0   0   0 502   0   0]
 [  0   0   0   0   3   0 577   1]
 [  2   0   0   0   4   0   1 318]]
2024-11-10 17:30:32 | INFO | train | In dataset test: Loss is [0.3031 0.3031 0.0000]
2024-11-10 17:30:32 | INFO | train | task-0		Acc is 0.9895, F1 is 0.9895
2024-11-10 17:30:32 | INFO | train | task-0		F1-macro is 0.9890, F1-micro is 0.9895
2024-11-10 17:30:32 | INFO | train | task-0		Pre is 0.9895, Rec is 0.9895
2024-11-10 17:30:32 | INFO | train | task-0		C_M is 
[[518   0   0   0   0   5   0   0]
 [  1 530   0   1   0   0   2   0]
 [  0   0 548   0   1   0   0   0]
 [  0   1   0 569   2   1   2   0]
 [  2   2   1   0 502   1   1   1]
 [  5   0   0   0   0 529   0   0]
 [  0   0   0   1   3   1 495   0]
 [  0   0   0   0   7   0   1 267]]
2024-11-10 17:30:32 | INFO | train | The best f1_macro util now is 0.9895, at step 62
2024-11-10 17:30:32 | INFO | train | The best f1_micro util now is 0.9898, at step 62
2024-11-10 17:31:18 | INFO | train | ----------------------------------------------------------------------------------
2024-11-10 17:31:18 | INFO | train | Time of iter training 46.22 s
2024-11-10 17:31:18 | INFO | train | On iter step 64:, global step 16385 Loss-step [0.5339 0.5339 0.0000]
2024-11-10 17:31:58 | INFO | train | In dataset train: Loss is [0.5110 0.5110 0.0000]
2024-11-10 17:31:58 | INFO | train | task-0		Acc is 0.9870, F1 is 0.9870
2024-11-10 17:31:58 | INFO | train | task-0		F1-macro is 0.9870, F1-micro is 0.9870
2024-11-10 17:31:58 | INFO | train | task-0		Pre is 0.9870, Rec is 0.9870
2024-11-10 17:31:58 | INFO | train | task-0		C_M is 
[[518   0   0   8   1   5   0   0]
 [  0 538   0   3   0   0   2   0]
 [  0   0 522   0   0   0   0   0]
 [  0   0   0 512   2   0   0   0]
 [  3   1   0   6 495   4   2   0]
 [  1   0   0   4   1 529   0   0]
 [  0   0   0   0   2   0 546   0]
 [  0   0   0   1   4   1   1 288]]
2024-11-10 17:32:37 | INFO | train | In dataset valid: Loss is [0.3793 0.3793 0.0000]
2024-11-10 17:32:37 | INFO | train | task-0		Acc is 0.9918, F1 is 0.9918
2024-11-10 17:32:37 | INFO | train | task-0		F1-macro is 0.9916, F1-micro is 0.9918
2024-11-10 17:32:37 | INFO | train | task-0		Pre is 0.9918, Rec is 0.9918
2024-11-10 17:32:37 | INFO | train | task-0		C_M is 
[[502   0   0   6   1   0   0   1]
 [  1 518   0   0   1   0   1   0]
 [  0   0 506   0   2   0   0   0]
 [  0   0   0 504   1   1   0   0]
 [  0   0   0   2 536   4   2   0]
 [  0   0   0   1   0 504   0   0]
 [  0   0   0   0   2   0 579   0]
 [  0   0   0   0   5   1   1 318]]
2024-11-10 17:33:17 | INFO | train | In dataset test: Loss is [0.6157 0.6157 0.0000]
2024-11-10 17:33:17 | INFO | train | task-0		Acc is 0.9865, F1 is 0.9865
2024-11-10 17:33:17 | INFO | train | task-0		F1-macro is 0.9862, F1-micro is 0.9865
2024-11-10 17:33:17 | INFO | train | task-0		Pre is 0.9865, Rec is 0.9865
2024-11-10 17:33:17 | INFO | train | task-0		C_M is 
[[510   0   0   9   1   3   0   0]
 [  1 528   0   2   0   0   3   0]
 [  0   0 548   0   1   0   0   0]
 [  0   0   0 570   2   1   2   0]
 [  1   0   0   6 498   1   2   2]
 [  3   0   0   3   0 528   0   0]
 [  0   0   0   0   3   0 497   0]
 [  0   0   0   0   5   1   2 267]]
2024-11-10 17:33:17 | INFO | train | The best f1_macro util now is 0.9895, at step 62
2024-11-10 17:33:17 | INFO | train | The best f1_micro util now is 0.9898, at step 62
2024-11-10 17:34:03 | INFO | train | ----------------------------------------------------------------------------------
2024-11-10 17:34:03 | INFO | train | Time of iter training 45.91 s
2024-11-10 17:34:03 | INFO | train | On iter step 65:, global step 16641 Loss-step [0.4234 0.4234 0.0000]
2024-11-10 17:34:43 | INFO | train | In dataset train: Loss is [0.3071 0.3071 0.0000]
2024-11-10 17:34:43 | INFO | train | task-0		Acc is 0.9875, F1 is 0.9875
2024-11-10 17:34:43 | INFO | train | task-0		F1-macro is 0.9873, F1-micro is 0.9875
2024-11-10 17:34:43 | INFO | train | task-0		Pre is 0.9875, Rec is 0.9875
2024-11-10 17:34:43 | INFO | train | task-0		C_M is 
[[529   0   0   2   1   0   0   0]
 [  0 538   0   1   2   0   2   0]
 [  0   0 522   0   0   0   0   0]
 [  0   0   0 510   4   0   0   0]
 [  6   0   0   1 500   4   0   0]
 [ 10   0   0   1   0 524   0   0]
 [  0   0   0   0   7   0 541   0]
 [  0   0   0   1   8   0   0 286]]
2024-11-10 17:35:22 | INFO | train | In dataset valid: Loss is [0.2396 0.2396 0.0000]
2024-11-10 17:35:22 | INFO | train | task-0		Acc is 0.9920, F1 is 0.9920
2024-11-10 17:35:22 | INFO | train | task-0		F1-macro is 0.9918, F1-micro is 0.9920
2024-11-10 17:35:22 | INFO | train | task-0		Pre is 0.9920, Rec is 0.9920
2024-11-10 17:35:22 | INFO | train | task-0		C_M is 
[[508   0   0   0   1   1   0   0]
 [  1 518   0   0   1   0   1   0]
 [  0   0 506   0   2   0   0   0]
 [  1   0   0 504   1   0   0   0]
 [  1   0   0   0 539   4   0   0]
 [  3   0   0   0   0 502   0   0]
 [  0   0   0   0   6   0 575   0]
 [  0   0   0   0   9   0   0 316]]
2024-11-10 17:36:02 | INFO | train | In dataset test: Loss is [0.3151 0.3151 0.0000]
2024-11-10 17:36:02 | INFO | train | task-0		Acc is 0.9898, F1 is 0.9898
2024-11-10 17:36:02 | INFO | train | task-0		F1-macro is 0.9889, F1-micro is 0.9898
2024-11-10 17:36:02 | INFO | train | task-0		Pre is 0.9898, Rec is 0.9898
2024-11-10 17:36:02 | INFO | train | task-0		C_M is 
[[521   0   0   0   0   2   0   0]
 [  1 528   0   2   1   0   2   0]
 [  0   0 548   0   1   0   0   0]
 [  0   0   0 569   6   0   0   0]
 [  0   0   0   1 506   2   0   1]
 [  7   0   0   0   0 527   0   0]
 [  0   0   0   0   4   0 496   0]
 [  0   0   0   0  10   1   0 264]]
2024-11-10 17:36:02 | INFO | train | The best f1_macro util now is 0.9895, at step 62
2024-11-10 17:36:02 | INFO | train | The best f1_micro util now is 0.9898, at step 62
2024-11-10 17:36:46 | INFO | deepnet.data.dataset_text | Read next training chunk, data size is 67509
2024-11-10 17:36:52 | INFO | train | ----------------------------------------------------------------------------------
2024-11-10 17:36:52 | INFO | train | Time of iter training 50.02 s
2024-11-10 17:36:52 | INFO | train | On iter step 66:, global step 16897 Loss-step [0.3292 0.3292 0.0000]
2024-11-10 17:37:31 | INFO | train | In dataset train: Loss is [0.2096 0.2096 0.0000]
2024-11-10 17:37:31 | INFO | train | task-0		Acc is 0.9900, F1 is 0.9900
2024-11-10 17:37:31 | INFO | train | task-0		F1-macro is 0.9900, F1-micro is 0.9900
2024-11-10 17:37:31 | INFO | train | task-0		Pre is 0.9900, Rec is 0.9900
2024-11-10 17:37:31 | INFO | train | task-0		C_M is 
[[517   0   0   0   1  14   0   0]
 [  0 540   0   1   0   0   2   0]
 [  0   0 522   0   0   0   0   0]
 [  0   2   0 510   2   0   0   0]
 [  1   0   0   0 508   2   0   0]
 [  2   0   0   1   0 532   0   0]
 [  0   0   0   0   6   0 542   0]
 [  0   1   0   0   5   0   0 289]]
2024-11-10 17:38:11 | INFO | train | In dataset valid: Loss is [0.2020 0.2020 0.0000]
2024-11-10 17:38:11 | INFO | train | task-0		Acc is 0.9925, F1 is 0.9925
2024-11-10 17:38:11 | INFO | train | task-0		F1-macro is 0.9924, F1-micro is 0.9925
2024-11-10 17:38:11 | INFO | train | task-0		Pre is 0.9925, Rec is 0.9925
2024-11-10 17:38:11 | INFO | train | task-0		C_M is 
[[503   0   0   0   0   7   0   0]
 [  1 518   0   0   1   0   1   0]
 [  0   0 506   0   2   0   0   0]
 [  0   2   0 502   1   1   0   0]
 [  0   0   0   0 542   1   1   0]
 [  0   0   0   0   0 505   0   0]
 [  0   0   0   0   5   0 576   0]
 [  0   0   0   0   7   0   0 318]]
2024-11-10 17:38:50 | INFO | train | In dataset test: Loss is [0.2512 0.2512 0.0000]
2024-11-10 17:38:50 | INFO | train | task-0		Acc is 0.9912, F1 is 0.9912
2024-11-10 17:38:50 | INFO | train | task-0		F1-macro is 0.9908, F1-micro is 0.9912
2024-11-10 17:38:50 | INFO | train | task-0		Pre is 0.9912, Rec is 0.9912
2024-11-10 17:38:50 | INFO | train | task-0		C_M is 
[[512   0   0   0   1  10   0   0]
 [  0 532   0   0   0   0   2   0]
 [  0   0 548   0   1   0   0   0]
 [  0   2   0 569   3   0   1   0]
 [  0   0   0   0 508   1   0   1]
 [  3   0   0   0   0 531   0   0]
 [  0   0   0   0   3   0 497   0]
 [  0   0   0   0   7   0   0 268]]
2024-11-10 17:38:50 | INFO | train | The best f1_macro util now is 0.9895, at step 62
2024-11-10 17:38:50 | INFO | train | The best f1_micro util now is 0.9898, at step 62
2024-11-10 17:39:36 | INFO | train | ----------------------------------------------------------------------------------
2024-11-10 17:39:36 | INFO | train | Time of iter training 45.83 s
2024-11-10 17:39:36 | INFO | train | On iter step 67:, global step 17153 Loss-step [0.3656 0.3656 0.0000]
2024-11-10 17:40:15 | INFO | train | In dataset train: Loss is [0.1804 0.1804 0.0000]
2024-11-10 17:40:15 | INFO | train | task-0		Acc is 0.9928, F1 is 0.9928
2024-11-10 17:40:15 | INFO | train | task-0		F1-macro is 0.9928, F1-micro is 0.9928
2024-11-10 17:40:15 | INFO | train | task-0		Pre is 0.9928, Rec is 0.9928
2024-11-10 17:40:15 | INFO | train | task-0		C_M is 
[[530   0   0   0   1   1   0   0]
 [  0 540   0   1   0   0   2   0]
 [  0   0 522   0   0   0   0   0]
 [  0   3   0 508   3   0   0   0]
 [  1   0   0   0 508   0   2   0]
 [  8   0   0   1   0 526   0   0]
 [  0   0   0   0   2   0 546   0]
 [  0   1   0   0   3   0   0 291]]
2024-11-10 17:40:55 | INFO | train | In dataset valid: Loss is [0.1805 0.1805 0.0000]
2024-11-10 17:40:55 | INFO | train | task-0		Acc is 0.9935, F1 is 0.9935
2024-11-10 17:40:55 | INFO | train | task-0		F1-macro is 0.9935, F1-micro is 0.9935
2024-11-10 17:40:55 | INFO | train | task-0		Pre is 0.9935, Rec is 0.9935
2024-11-10 17:40:55 | INFO | train | task-0		C_M is 
[[508   0   0   0   0   2   0   0]
 [  1 519   0   0   1   0   0   0]
 [  0   0 506   0   2   0   0   0]
 [  0   3   0 501   1   1   0   0]
 [  0   0   0   0 540   3   1   0]
 [  3   0   0   0   0 502   0   0]
 [  0   0   0   1   2   0 578   0]
 [  0   0   0   0   5   0   0 320]]
2024-11-10 17:41:34 | INFO | train | In dataset test: Loss is [0.2723 0.2723 0.0000]
2024-11-10 17:41:34 | INFO | train | task-0		Acc is 0.9922, F1 is 0.9922
2024-11-10 17:41:34 | INFO | train | task-0		F1-macro is 0.9918, F1-micro is 0.9922
2024-11-10 17:41:34 | INFO | train | task-0		Pre is 0.9922, Rec is 0.9922
2024-11-10 17:41:34 | INFO | train | task-0		C_M is 
[[523   0   0   0   0   0   0   0]
 [  1 531   0   0   0   0   2   0]
 [  0   0 548   0   1   0   0   0]
 [  0   4   0 567   4   0   0   0]
 [  0   0   0   0 506   1   2   1]
 [  6   0   0   0   0 528   0   0]
 [  0   0   0   0   2   0 498   0]
 [  0   0   0   1   6   0   0 268]]
2024-11-10 17:41:34 | INFO | train | The best f1_macro util now is 0.9895, at step 62
2024-11-10 17:41:34 | INFO | train | The best f1_micro util now is 0.9898, at step 62
2024-11-10 17:42:20 | INFO | train | ----------------------------------------------------------------------------------
2024-11-10 17:42:20 | INFO | train | Time of iter training 45.89 s
2024-11-10 17:42:20 | INFO | train | On iter step 68:, global step 17409 Loss-step [0.3196 0.3196 0.0000]
2024-11-10 17:43:00 | INFO | train | In dataset train: Loss is [0.2455 0.2455 0.0000]
2024-11-10 17:43:00 | INFO | train | task-0		Acc is 0.9915, F1 is 0.9915
2024-11-10 17:43:00 | INFO | train | task-0		F1-macro is 0.9915, F1-micro is 0.9915
2024-11-10 17:43:00 | INFO | train | task-0		Pre is 0.9915, Rec is 0.9915
2024-11-10 17:43:00 | INFO | train | task-0		C_M is 
[[531   0   0   0   1   0   0   0]
 [  0 539   0   2   0   0   2   0]
 [  0   0 522   0   0   0   0   0]
 [  0   0   0 513   1   0   0   0]
 [  2   0   0   2 499   0   7   1]
 [ 11   0   0   1   0 523   0   0]
 [  0   0   0   0   0   0 548   0]
 [  0   1   0   1   1   0   1 291]]
2024-11-10 17:43:39 | INFO | train | In dataset valid: Loss is [0.2094 0.2094 0.0000]
2024-11-10 17:43:39 | INFO | train | task-0		Acc is 0.9942, F1 is 0.9942
2024-11-10 17:43:39 | INFO | train | task-0		F1-macro is 0.9942, F1-micro is 0.9942
2024-11-10 17:43:39 | INFO | train | task-0		Pre is 0.9942, Rec is 0.9942
2024-11-10 17:43:39 | INFO | train | task-0		C_M is 
[[510   0   0   0   0   0   0   0]
 [  1 518   0   0   1   0   1   0]
 [  0   0 506   0   2   0   0   0]
 [  0   1   0 505   0   0   0   0]
 [  1   0   0   0 534   1   6   2]
 [  3   0   0   0   0 502   0   0]
 [  0   0   0   0   0   0 581   0]
 [  0   0   0   1   2   0   1 321]]
2024-11-10 17:44:19 | INFO | train | In dataset test: Loss is [0.2807 0.2807 0.0000]
2024-11-10 17:44:19 | INFO | train | task-0		Acc is 0.9908, F1 is 0.9908
2024-11-10 17:44:19 | INFO | train | task-0		F1-macro is 0.9902, F1-micro is 0.9908
2024-11-10 17:44:19 | INFO | train | task-0		Pre is 0.9908, Rec is 0.9908
2024-11-10 17:44:19 | INFO | train | task-0		C_M is 
[[521   0   0   2   0   0   0   0]
 [  1 531   0   0   0   0   2   0]
 [  0   0 548   0   1   0   0   0]
 [  0   0   0 572   2   0   1   0]
 [  0   0   0   2 495   1   9   3]
 [  7   0   0   0   0 527   0   0]
 [  0   0   0   0   0   0 500   0]
 [  0   0   0   2   4   0   0 269]]
2024-11-10 17:44:19 | INFO | train | The best f1_macro util now is 0.9902, at step 68
2024-11-10 17:44:19 | INFO | train | The best f1_micro util now is 0.9908, at step 68
2024-11-10 17:45:05 | INFO | train | ----------------------------------------------------------------------------------
2024-11-10 17:45:05 | INFO | train | Time of iter training 46.02 s
2024-11-10 17:45:05 | INFO | train | On iter step 69:, global step 17665 Loss-step [0.2212 0.2212 0.0000]
2024-11-10 17:45:44 | INFO | train | In dataset train: Loss is [0.1845 0.1845 0.0000]
2024-11-10 17:45:44 | INFO | train | task-0		Acc is 0.9922, F1 is 0.9922
2024-11-10 17:45:44 | INFO | train | task-0		F1-macro is 0.9921, F1-micro is 0.9922
2024-11-10 17:45:44 | INFO | train | task-0		Pre is 0.9922, Rec is 0.9922
2024-11-10 17:45:44 | INFO | train | task-0		C_M is 
[[523   0   0   0   1   8   0   0]
 [  0 540   0   1   0   0   2   0]
 [  0   0 522   0   0   0   0   0]
 [  0   1   0 510   3   0   0   0]
 [  2   0   0   0 506   0   3   0]
 [  2   0   0   0   0 533   0   0]
 [  0   0   0   0   2   0 546   0]
 [  0   1   0   0   5   0   0 289]]
2024-11-10 17:46:23 | INFO | train | In dataset valid: Loss is [0.1868 0.1868 0.0000]
2024-11-10 17:46:23 | INFO | train | task-0		Acc is 0.9940, F1 is 0.9940
2024-11-10 17:46:23 | INFO | train | task-0		F1-macro is 0.9938, F1-micro is 0.9940
2024-11-10 17:46:23 | INFO | train | task-0		Pre is 0.9940, Rec is 0.9940
2024-11-10 17:46:23 | INFO | train | task-0		C_M is 
[[504   0   0   0   0   6   0   0]
 [  1 518   0   0   1   0   1   0]
 [  0   0 506   0   2   0   0   0]
 [  0   1   0 504   1   0   0   0]
 [  0   0   0   0 541   1   2   0]
 [  0   0   0   0   0 505   0   0]
 [  0   0   0   0   1   0 580   0]
 [  0   0   0   0   7   0   0 318]]
2024-11-10 17:47:03 | INFO | train | In dataset test: Loss is [0.2500 0.2500 0.0000]
2024-11-10 17:47:03 | INFO | train | task-0		Acc is 0.9915, F1 is 0.9915
2024-11-10 17:47:03 | INFO | train | task-0		F1-macro is 0.9910, F1-micro is 0.9915
2024-11-10 17:47:03 | INFO | train | task-0		Pre is 0.9915, Rec is 0.9915
2024-11-10 17:47:03 | INFO | train | task-0		C_M is 
[[515   0   0   0   0   8   0   0]
 [  1 531   0   0   0   0   2   0]
 [  0   0 548   0   1   0   0   0]
 [  0   2   0 569   3   0   1   0]
 [  0   0   0   0 506   1   2   1]
 [  3   0   0   0   0 531   0   0]
 [  0   0   0   0   2   0 498   0]
 [  0   0   0   0   7   0   0 268]]
2024-11-10 17:47:03 | INFO | train | The best f1_macro util now is 0.9902, at step 68
2024-11-10 17:47:03 | INFO | train | The best f1_micro util now is 0.9908, at step 68
2024-11-10 17:47:49 | INFO | train | ----------------------------------------------------------------------------------
2024-11-10 17:47:49 | INFO | train | Time of iter training 45.98 s
2024-11-10 17:47:49 | INFO | train | On iter step 70:, global step 17921 Loss-step [0.2714 0.2714 0.0000]
2024-11-10 17:48:28 | INFO | train | In dataset train: Loss is [0.2077 0.2077 0.0000]
2024-11-10 17:48:28 | INFO | train | task-0		Acc is 0.9912, F1 is 0.9912
2024-11-10 17:48:28 | INFO | train | task-0		F1-macro is 0.9910, F1-micro is 0.9912
2024-11-10 17:48:28 | INFO | train | task-0		Pre is 0.9912, Rec is 0.9912
2024-11-10 17:48:28 | INFO | train | task-0		C_M is 
[[531   0   0   0   1   0   0   0]
 [  0 538   0   3   2   0   0   0]
 [  0   0 522   0   0   0   0   0]
 [  0   0   0 512   2   0   0   0]
 [  0   1   0   0 510   0   0   0]
 [  7   0   0   1   0 527   0   0]
 [  0   0   0   1   9   0 538   0]
 [  0   0   0   2   6   0   0 287]]
2024-11-10 17:49:08 | INFO | train | In dataset valid: Loss is [0.1870 0.1870 0.0000]
2024-11-10 17:49:08 | INFO | train | task-0		Acc is 0.9912, F1 is 0.9912
2024-11-10 17:49:08 | INFO | train | task-0		F1-macro is 0.9912, F1-micro is 0.9912
2024-11-10 17:49:08 | INFO | train | task-0		Pre is 0.9912, Rec is 0.9912
2024-11-10 17:49:08 | INFO | train | task-0		C_M is 
[[507   0   0   0   0   3   0   0]
 [  1 519   0   0   1   0   0   0]
 [  0   0 506   0   2   0   0   0]
 [  0   0   0 505   1   0   0   0]
 [  0   0   0   1 542   1   0   0]
 [  3   0   0   0   0 502   0   0]
 [  0   1   0   2  10   0 568   0]
 [  0   0   0   1   8   0   0 316]]
2024-11-10 17:49:47 | INFO | train | In dataset test: Loss is [0.2645 0.2645 0.0000]
2024-11-10 17:49:47 | INFO | train | task-0		Acc is 0.9890, F1 is 0.9890
2024-11-10 17:49:47 | INFO | train | task-0		F1-macro is 0.9884, F1-micro is 0.9890
2024-11-10 17:49:47 | INFO | train | task-0		Pre is 0.9890, Rec is 0.9890
2024-11-10 17:49:47 | INFO | train | task-0		C_M is 
[[521   0   0   0   1   1   0   0]
 [  0 530   0   3   0   0   1   0]
 [  0   0 548   0   1   0   0   0]
 [  0   0   0 572   3   0   0   0]
 [  0   0   0   1 507   1   0   1]
 [  6   0   0   0   1 527   0   0]
 [  0   0   0   4  11   0 485   0]
 [  0   0   0   1   8   0   0 266]]
2024-11-10 17:49:47 | INFO | train | The best f1_macro util now is 0.9902, at step 68
2024-11-10 17:49:47 | INFO | train | The best f1_micro util now is 0.9908, at step 68
2024-11-10 17:50:33 | INFO | train | ----------------------------------------------------------------------------------
2024-11-10 17:50:33 | INFO | train | Time of iter training 46.17 s
2024-11-10 17:50:33 | INFO | train | On iter step 71:, global step 18177 Loss-step [0.4587 0.4587 0.0000]
2024-11-10 17:51:13 | INFO | train | In dataset train: Loss is [0.1932 0.1932 0.0000]
2024-11-10 17:51:13 | INFO | train | task-0		Acc is 0.9908, F1 is 0.9908
2024-11-10 17:51:13 | INFO | train | task-0		F1-macro is 0.9908, F1-micro is 0.9908
2024-11-10 17:51:13 | INFO | train | task-0		Pre is 0.9908, Rec is 0.9908
2024-11-10 17:51:13 | INFO | train | task-0		C_M is 
[[512   0   0   0   4  16   0   0]
 [  0 538   0   3   0   0   2   0]
 [  0   0 522   0   0   0   0   0]
 [  0   0   0 512   2   0   0   0]
 [  0   0   0   0 506   0   4   1]
 [  0   0   0   1   0 534   0   0]
 [  0   0   0   0   0   0 548   0]
 [  0   0   0   2   1   1   0 291]]
2024-11-10 17:51:52 | INFO | train | In dataset valid: Loss is [0.1802 0.1802 0.0000]
2024-11-10 17:51:52 | INFO | train | task-0		Acc is 0.9942, F1 is 0.9942
2024-11-10 17:51:52 | INFO | train | task-0		F1-macro is 0.9942, F1-micro is 0.9942
2024-11-10 17:51:52 | INFO | train | task-0		Pre is 0.9942, Rec is 0.9942
2024-11-10 17:51:52 | INFO | train | task-0		C_M is 
[[498   0   0   0   1  11   0   0]
 [  0 520   0   0   1   0   0   0]
 [  0   0 506   0   2   0   0   0]
 [  0   0   0 505   1   0   0   0]
 [  0   0   0   0 539   1   2   2]
 [  0   0   0   0   0 505   0   0]
 [  0   0   0   0   0   0 581   0]
 [  0   0   0   0   2   0   0 323]]
2024-11-10 17:52:32 | INFO | train | In dataset test: Loss is [0.2249 0.2249 0.0000]
2024-11-10 17:52:32 | INFO | train | task-0		Acc is 0.9910, F1 is 0.9910
2024-11-10 17:52:32 | INFO | train | task-0		F1-macro is 0.9906, F1-micro is 0.9910
2024-11-10 17:52:32 | INFO | train | task-0		Pre is 0.9910, Rec is 0.9910
2024-11-10 17:52:32 | INFO | train | task-0		C_M is 
[[509   0   0   0   1  13   0   0]
 [  0 529   0   3   0   0   2   0]
 [  0   0 548   0   0   0   0   1]
 [  0   0   0 572   2   0   1   0]
 [  0   0   0   0 504   1   3   2]
 [  0   0   0   0   0 534   0   0]
 [  0   0   0   0   2   0 498   0]
 [  0   0   0   1   4   0   0 270]]
2024-11-10 17:52:32 | INFO | train | The best f1_macro util now is 0.9906, at step 71
2024-11-10 17:52:32 | INFO | train | The best f1_micro util now is 0.9908, at step 68
2024-11-10 17:53:18 | INFO | train | ----------------------------------------------------------------------------------
2024-11-10 17:53:18 | INFO | train | Time of iter training 45.99 s
2024-11-10 17:53:18 | INFO | train | On iter step 72:, global step 18433 Loss-step [0.2961 0.2961 0.0000]
2024-11-10 17:53:57 | INFO | train | In dataset train: Loss is [0.1787 0.1787 0.0000]
2024-11-10 17:53:57 | INFO | train | task-0		Acc is 0.9935, F1 is 0.9935
2024-11-10 17:53:57 | INFO | train | task-0		F1-macro is 0.9935, F1-micro is 0.9935
2024-11-10 17:53:57 | INFO | train | task-0		Pre is 0.9935, Rec is 0.9935
2024-11-10 17:53:57 | INFO | train | task-0		C_M is 
[[531   0   0   0   1   0   0   0]
 [  0 539   0   2   0   0   2   0]
 [  0   0 522   0   0   0   0   0]
 [  0   0   0 511   2   0   1   0]
 [  0   0   0   0 508   0   3   0]
 [ 10   0   0   1   0 524   0   0]
 [  0   0   0   0   0   0 548   0]
 [  0   1   0   1   2   0   0 291]]
2024-11-10 17:54:37 | INFO | train | In dataset valid: Loss is [0.2072 0.2072 0.0000]
2024-11-10 17:54:37 | INFO | train | task-0		Acc is 0.9955, F1 is 0.9955
2024-11-10 17:54:37 | INFO | train | task-0		F1-macro is 0.9956, F1-micro is 0.9955
2024-11-10 17:54:37 | INFO | train | task-0		Pre is 0.9955, Rec is 0.9955
2024-11-10 17:54:37 | INFO | train | task-0		C_M is 
[[508   0   0   0   0   2   0   0]
 [  1 518   0   0   1   0   1   0]
 [  0   0 506   0   2   0   0   0]
 [  1   1   0 503   0   0   1   0]
 [  0   0   0   0 540   1   3   0]
 [  2   0   0   0   0 503   0   0]
 [  0   0   0   0   0   0 581   0]
 [  0   0   0   0   2   0   0 323]]
2024-11-10 17:55:16 | INFO | train | In dataset test: Loss is [0.2435 0.2435 0.0000]
2024-11-10 17:55:16 | INFO | train | task-0		Acc is 0.9925, F1 is 0.9925
2024-11-10 17:55:16 | INFO | train | task-0		F1-macro is 0.9923, F1-micro is 0.9925
2024-11-10 17:55:16 | INFO | train | task-0		Pre is 0.9925, Rec is 0.9925
2024-11-10 17:55:16 | INFO | train | task-0		C_M is 
[[521   0   0   0   1   1   0   0]
 [  0 531   0   1   0   0   2   0]
 [  0   0 548   0   1   0   0   0]
 [  0   0   0 570   2   0   3   0]
 [  0   0   0   0 504   1   4   1]
 [  7   0   0   0   0 527   0   0]
 [  0   0   0   0   2   0 498   0]
 [  0   0   0   0   4   0   0 271]]
2024-11-10 17:55:16 | INFO | train | The best f1_macro util now is 0.9923, at step 72
2024-11-10 17:55:16 | INFO | train | The best f1_micro util now is 0.9925, at step 72
2024-11-10 17:56:02 | INFO | train | ----------------------------------------------------------------------------------
2024-11-10 17:56:02 | INFO | train | Time of iter training 45.85 s
2024-11-10 17:56:02 | INFO | train | On iter step 73:, global step 18689 Loss-step [0.2344 0.2344 0.0000]
2024-11-10 17:56:41 | INFO | train | In dataset train: Loss is [0.2184 0.2184 0.0000]
2024-11-10 17:56:41 | INFO | train | task-0		Acc is 0.9940, F1 is 0.9940
2024-11-10 17:56:41 | INFO | train | task-0		F1-macro is 0.9940, F1-micro is 0.9940
2024-11-10 17:56:41 | INFO | train | task-0		Pre is 0.9940, Rec is 0.9940
2024-11-10 17:56:41 | INFO | train | task-0		C_M is 
[[527   0   0   0   1   4   0   0]
 [  0 539   0   2   2   0   0   0]
 [  0   0 522   0   0   0   0   0]
 [  0   1   0 510   3   0   0   0]
 [  0   0   0   0 507   0   3   1]
 [  4   0   0   1   0 530   0   0]
 [  0   0   0   0   0   0 548   0]
 [  0   1   0   0   1   0   0 293]]
2024-11-10 17:57:21 | INFO | train | In dataset valid: Loss is [0.1988 0.1988 0.0000]
2024-11-10 17:57:21 | INFO | train | task-0		Acc is 0.9940, F1 is 0.9940
2024-11-10 17:57:21 | INFO | train | task-0		F1-macro is 0.9940, F1-micro is 0.9940
2024-11-10 17:57:21 | INFO | train | task-0		Pre is 0.9940, Rec is 0.9940
2024-11-10 17:57:21 | INFO | train | task-0		C_M is 
[[501   0   0   0   2   7   0   0]
 [  1 519   0   0   1   0   0   0]
 [  0   0 506   0   2   0   0   0]
 [  0   1   0 502   2   1   0   0]
 [  0   0   0   0 541   1   1   1]
 [  0   0   0   0   0 505   0   0]
 [  0   0   0   1   1   0 579   0]
 [  0   0   0   0   2   0   0 323]]
2024-11-10 17:58:00 | INFO | train | In dataset test: Loss is [0.2489 0.2489 0.0000]
2024-11-10 17:58:00 | INFO | train | task-0		Acc is 0.9928, F1 is 0.9928
2024-11-10 17:58:00 | INFO | train | task-0		F1-macro is 0.9924, F1-micro is 0.9928
2024-11-10 17:58:00 | INFO | train | task-0		Pre is 0.9928, Rec is 0.9928
2024-11-10 17:58:00 | INFO | train | task-0		C_M is 
[[515   0   0   0   1   7   0   0]
 [  0 532   0   0   0   0   2   0]
 [  0   0 548   0   1   0   0   0]
 [  0   0   0 570   5   0   0   0]
 [  0   0   0   0 505   1   2   2]
 [  3   0   0   0   0 531   0   0]
 [  0   0   0   0   1   0 499   0]
 [  0   0   0   0   4   0   0 271]]
2024-11-10 17:58:00 | INFO | train | The best f1_macro util now is 0.9923, at step 72
2024-11-10 17:58:00 | INFO | train | The best f1_micro util now is 0.9925, at step 72
2024-11-10 17:58:46 | INFO | train | ----------------------------------------------------------------------------------
2024-11-10 17:58:46 | INFO | train | Time of iter training 46.05 s
2024-11-10 17:58:46 | INFO | train | On iter step 74:, global step 18945 Loss-step [0.1861 0.1861 0.0000]
2024-11-10 17:59:26 | INFO | train | In dataset train: Loss is [0.3059 0.3059 0.0000]
2024-11-10 17:59:26 | INFO | train | task-0		Acc is 0.9908, F1 is 0.9908
2024-11-10 17:59:26 | INFO | train | task-0		F1-macro is 0.9905, F1-micro is 0.9908
2024-11-10 17:59:26 | INFO | train | task-0		Pre is 0.9908, Rec is 0.9908
2024-11-10 17:59:26 | INFO | train | task-0		C_M is 
[[514   0   0   0   9   9   0   0]
 [  0 538   0   3   1   0   1   0]
 [  0   0 522   0   0   0   0   0]
 [  0   0   0 513   1   0   0   0]
 [  0   1   0   0 507   0   3   0]
 [  1   0   0   1   0 533   0   0]
 [  0   0   0   0   0   0 548   0]
 [  0   2   0   2   3   0   0 288]]
2024-11-10 18:00:05 | INFO | train | In dataset valid: Loss is [0.3280 0.3280 0.0000]
2024-11-10 18:00:05 | INFO | train | task-0		Acc is 0.9922, F1 is 0.9922
2024-11-10 18:00:05 | INFO | train | task-0		F1-macro is 0.9924, F1-micro is 0.9922
2024-11-10 18:00:05 | INFO | train | task-0		Pre is 0.9922, Rec is 0.9922
2024-11-10 18:00:05 | INFO | train | task-0		C_M is 
[[493   0   0   0  10   7   0   0]
 [  0 519   0   1   1   0   0   0]
 [  0   0 506   0   2   0   0   0]
 [  0   0   0 503   3   0   0   0]
 [  0   0   0   1 541   1   1   0]
 [  0   1   0   0   0 504   0   0]
 [  0   0   0   1   0   0 580   0]
 [  0   0   0   0   2   0   0 323]]
2024-11-10 18:00:45 | INFO | train | In dataset test: Loss is [0.3745 0.3745 0.0000]
2024-11-10 18:00:45 | INFO | train | task-0		Acc is 0.9912, F1 is 0.9912
2024-11-10 18:00:45 | INFO | train | task-0		F1-macro is 0.9908, F1-micro is 0.9912
2024-11-10 18:00:45 | INFO | train | task-0		Pre is 0.9912, Rec is 0.9912
2024-11-10 18:00:45 | INFO | train | task-0		C_M is 
[[511   0   0   0   5   7   0   0]
 [  0 530   0   2   0   0   2   0]
 [  0   0 548   0   1   0   0   0]
 [  0   0   0 572   3   0   0   0]
 [  0   0   0   0 505   1   3   1]
 [  2   0   0   0   0 532   0   0]
 [  0   0   0   0   1   0 499   0]
 [  0   2   0   0   5   0   0 268]]
2024-11-10 18:00:45 | INFO | train | The best f1_macro util now is 0.9923, at step 72
2024-11-10 18:00:45 | INFO | train | The best f1_micro util now is 0.9925, at step 72
2024-11-10 18:01:31 | INFO | train | ----------------------------------------------------------------------------------
2024-11-10 18:01:31 | INFO | train | Time of iter training 45.91 s
2024-11-10 18:01:31 | INFO | train | On iter step 75:, global step 19201 Loss-step [0.2992 0.2992 0.0000]
2024-11-10 18:02:10 | INFO | train | In dataset train: Loss is [0.3368 0.3368 0.0000]
2024-11-10 18:02:10 | INFO | train | task-0		Acc is 0.9910, F1 is 0.9910
2024-11-10 18:02:10 | INFO | train | task-0		F1-macro is 0.9909, F1-micro is 0.9910
2024-11-10 18:02:10 | INFO | train | task-0		Pre is 0.9910, Rec is 0.9910
2024-11-10 18:02:10 | INFO | train | task-0		C_M is 
[[528   0   0   3   1   0   0   0]
 [  0 541   0   0   0   0   2   0]
 [  0   0 522   0   0   0   0   0]
 [  0   3   0 509   2   0   0   0]
 [  1   1   0   0 506   0   0   3]
 [ 12   0   0   1   0 522   0   0]
 [  0   0   0   0   4   0 544   0]
 [  0   2   0   0   1   0   0 292]]
2024-11-10 18:02:49 | INFO | train | In dataset valid: Loss is [0.2723 0.2723 0.0000]
2024-11-10 18:02:49 | INFO | train | task-0		Acc is 0.9925, F1 is 0.9925
2024-11-10 18:02:49 | INFO | train | task-0		F1-macro is 0.9923, F1-micro is 0.9925
2024-11-10 18:02:49 | INFO | train | task-0		Pre is 0.9925, Rec is 0.9925
2024-11-10 18:02:49 | INFO | train | task-0		C_M is 
[[510   0   0   0   0   0   0   0]
 [  1 519   0   0   1   0   0   0]
 [  0   0 506   0   2   0   0   0]
 [  0   4   0 501   0   0   0   1]
 [  0   1   0   0 536   1   1   5]
 [  3   1   0   0   0 501   0   0]
 [  0   0   0   1   5   0 575   0]
 [  0   1   0   0   2   0   0 322]]
2024-11-10 18:03:29 | INFO | train | In dataset test: Loss is [0.3105 0.3105 0.0000]
2024-11-10 18:03:29 | INFO | train | task-0		Acc is 0.9905, F1 is 0.9905
2024-11-10 18:03:29 | INFO | train | task-0		F1-macro is 0.9899, F1-micro is 0.9905
2024-11-10 18:03:29 | INFO | train | task-0		Pre is 0.9905, Rec is 0.9905
2024-11-10 18:03:29 | INFO | train | task-0		C_M is 
[[521   0   0   2   0   0   0   0]
 [  0 532   0   0   0   0   2   0]
 [  0   0 548   0   1   0   0   0]
 [  0   8   0 565   1   0   1   0]
 [  0   1   0   0 503   1   0   5]
 [  7   0   0   0   0 527   0   0]
 [  0   0   0   0   4   0 496   0]
 [  0   1   0   0   4   0   0 270]]
2024-11-10 18:03:29 | INFO | train | The best f1_macro util now is 0.9923, at step 72
2024-11-10 18:03:29 | INFO | train | The best f1_micro util now is 0.9925, at step 72
2024-11-10 18:04:15 | INFO | train | ----------------------------------------------------------------------------------
2024-11-10 18:04:15 | INFO | train | Time of iter training 45.78 s
2024-11-10 18:04:15 | INFO | train | On iter step 76:, global step 19457 Loss-step [0.4254 0.4254 0.0000]
2024-11-10 18:04:54 | INFO | train | In dataset train: Loss is [0.3364 0.3364 0.0000]
2024-11-10 18:04:54 | INFO | train | task-0		Acc is 0.9910, F1 is 0.9910
2024-11-10 18:04:54 | INFO | train | task-0		F1-macro is 0.9911, F1-micro is 0.9910
2024-11-10 18:04:54 | INFO | train | task-0		Pre is 0.9910, Rec is 0.9910
2024-11-10 18:04:54 | INFO | train | task-0		C_M is 
[[527   0   0   0   1   4   0   0]
 [  0 538   0   0   3   0   2   0]
 [  0   0 522   0   0   0   0   0]
 [  0   0   0 501  10   0   3   0]
 [  1   0   0   0 509   0   1   0]
 [  4   0   0   0   0 531   0   0]
 [  0   1   0   0   2   0 545   0]
 [  0   1   0   0   3   0   0 291]]
2024-11-10 18:05:33 | INFO | train | In dataset valid: Loss is [0.3502 0.3502 0.0000]
2024-11-10 18:05:33 | INFO | train | task-0		Acc is 0.9902, F1 is 0.9902
2024-11-10 18:05:33 | INFO | train | task-0		F1-macro is 0.9904, F1-micro is 0.9902
2024-11-10 18:05:33 | INFO | train | task-0		Pre is 0.9902, Rec is 0.9902
2024-11-10 18:05:33 | INFO | train | task-0		C_M is 
[[504   0   0   0   0   6   0   0]
 [  1 518   0   0   1   0   1   0]
 [  0   0 506   0   2   0   0   0]
 [  0   0   0 495   8   0   2   1]
 [  0   1   0   0 539   3   1   0]
 [  0   0   0   0   1 504   0   0]
 [  0   1   0   0   5   0 575   0]
 [  1   0   0   0   4   0   0 320]]
2024-11-10 18:06:13 | INFO | train | In dataset test: Loss is [0.3968 0.3968 0.0000]
2024-11-10 18:06:13 | INFO | train | task-0		Acc is 0.9868, F1 is 0.9868
2024-11-10 18:06:13 | INFO | train | task-0		F1-macro is 0.9865, F1-micro is 0.9868
2024-11-10 18:06:13 | INFO | train | task-0		Pre is 0.9868, Rec is 0.9868
2024-11-10 18:06:13 | INFO | train | task-0		C_M is 
[[516   0   0   0   1   6   0   0]
 [  1 530   0   0   0   0   3   0]
 [  0   0 548   0   1   0   0   0]
 [  0   0   0 551  12   0  12   0]
 [  0   0   0   0 507   1   1   1]
 [  3   0   0   0   0 531   0   0]
 [  0   0   0   0   3   0 497   0]
 [  0   0   0   0   6   2   0 267]]
2024-11-10 18:06:13 | INFO | train | The best f1_macro util now is 0.9923, at step 72
2024-11-10 18:06:13 | INFO | train | The best f1_micro util now is 0.9925, at step 72
2024-11-10 18:06:59 | INFO | train | ----------------------------------------------------------------------------------
2024-11-10 18:06:59 | INFO | train | Time of iter training 45.95 s
2024-11-10 18:06:59 | INFO | train | On iter step 77:, global step 19713 Loss-step [0.3772 0.3772 0.0000]
2024-11-10 18:07:38 | INFO | train | In dataset train: Loss is [0.2218 0.2218 0.0000]
2024-11-10 18:07:38 | INFO | train | task-0		Acc is 0.9920, F1 is 0.9920
2024-11-10 18:07:38 | INFO | train | task-0		F1-macro is 0.9916, F1-micro is 0.9920
2024-11-10 18:07:38 | INFO | train | task-0		Pre is 0.9920, Rec is 0.9920
2024-11-10 18:07:38 | INFO | train | task-0		C_M is 
[[525   0   0   3   1   3   0   0]
 [  0 539   0   1   1   0   2   0]
 [  0   0 522   0   0   0   0   0]
 [  0   0   0 511   3   0   0   0]
 [  1   0   0   0 506   0   4   0]
 [  4   0   0   1   0 530   0   0]
 [  0   0   0   0   0   0 548   0]
 [  0   0   0   0   8   0   0 287]]
2024-11-10 18:08:17 | INFO | train | In dataset valid: Loss is [0.2166 0.2166 0.0000]
2024-11-10 18:08:17 | INFO | train | task-0		Acc is 0.9938, F1 is 0.9938
2024-11-10 18:08:17 | INFO | train | task-0		F1-macro is 0.9935, F1-micro is 0.9938
2024-11-10 18:08:17 | INFO | train | task-0		Pre is 0.9938, Rec is 0.9938
2024-11-10 18:08:17 | INFO | train | task-0		C_M is 
[[507   0   0   0   0   3   0   0]
 [  1 518   0   0   1   0   1   0]
 [  0   0 506   0   2   0   0   0]
 [  0   1   0 502   2   0   0   1]
 [  0   0   0   0 539   1   3   1]
 [  0   0   0   0   1 504   0   0]
 [  0   0   0   1   0   0 580   0]
 [  0   0   0   1   5   0   0 319]]
2024-11-10 18:08:57 | INFO | train | In dataset test: Loss is [0.2549 0.2549 0.0000]
2024-11-10 18:08:57 | INFO | train | task-0		Acc is 0.9918, F1 is 0.9918
2024-11-10 18:08:57 | INFO | train | task-0		F1-macro is 0.9912, F1-micro is 0.9918
2024-11-10 18:08:57 | INFO | train | task-0		Pre is 0.9918, Rec is 0.9918
2024-11-10 18:08:57 | INFO | train | task-0		C_M is 
[[517   0   0   2   1   3   0   0]
 [  1 531   0   0   0   0   2   0]
 [  0   0 548   0   1   0   0   0]
 [  1   0   0 570   3   0   1   0]
 [  0   0   0   0 505   1   3   1]
 [  5   0   0   0   0 529   0   0]
 [  0   0   0   0   0   0 500   0]
 [  0   0   0   1   5   2   0 267]]
2024-11-10 18:08:57 | INFO | train | The best f1_macro util now is 0.9923, at step 72
2024-11-10 18:08:57 | INFO | train | The best f1_micro util now is 0.9925, at step 72
2024-11-10 18:09:43 | INFO | train | ----------------------------------------------------------------------------------
2024-11-10 18:09:43 | INFO | train | Time of iter training 45.90 s
2024-11-10 18:09:43 | INFO | train | On iter step 78:, global step 19969 Loss-step [0.2298 0.2298 0.0000]
2024-11-10 18:10:22 | INFO | train | In dataset train: Loss is [0.3438 0.3438 0.0000]
2024-11-10 18:10:22 | INFO | train | task-0		Acc is 0.9895, F1 is 0.9895
2024-11-10 18:10:22 | INFO | train | task-0		F1-macro is 0.9893, F1-micro is 0.9895
2024-11-10 18:10:22 | INFO | train | task-0		Pre is 0.9895, Rec is 0.9895
2024-11-10 18:10:22 | INFO | train | task-0		C_M is 
[[527   0   0   4   0   1   0   0]
 [  0 538   0   3   0   0   2   0]
 [  0   1 521   0   0   0   0   0]
 [  0   0   0 514   0   0   0   0]
 [  2   2   0   2 489   1   9   6]
 [  6   0   0   1   0 528   0   0]
 [  0   0   0   0   0   0 548   0]
 [  0   0   0   1   1   0   0 293]]
2024-11-10 18:11:02 | INFO | train | In dataset valid: Loss is [0.2787 0.2787 0.0000]
2024-11-10 18:11:02 | INFO | train | task-0		Acc is 0.9898, F1 is 0.9898
2024-11-10 18:11:02 | INFO | train | task-0		F1-macro is 0.9894, F1-micro is 0.9898
2024-11-10 18:11:02 | INFO | train | task-0		Pre is 0.9898, Rec is 0.9898
2024-11-10 18:11:02 | INFO | train | task-0		C_M is 
[[509   0   0   0   0   1   0   0]
 [  1 518   0   1   0   0   1   0]
 [  0   0 506   2   0   0   0   0]
 [  0   0   0 506   0   0   0   0]
 [  2   2   0   5 515   3   8   9]
 [  3   0   0   0   0 502   0   0]
 [  0   0   0   0   0   0 581   0]
 [  1   0   0   1   1   0   0 322]]
2024-11-10 18:11:41 | INFO | train | In dataset test: Loss is [0.3006 0.3006 0.0000]
2024-11-10 18:11:41 | INFO | train | task-0		Acc is 0.9880, F1 is 0.9880
2024-11-10 18:11:41 | INFO | train | task-0		F1-macro is 0.9871, F1-micro is 0.9880
2024-11-10 18:11:41 | INFO | train | task-0		Pre is 0.9880, Rec is 0.9880
2024-11-10 18:11:41 | INFO | train | task-0		C_M is 
[[519   0   0   2   0   2   0   0]
 [  1 531   0   0   0   0   2   0]
 [  0   0 548   0   1   0   0   0]
 [  0   0   0 573   1   0   1   0]
 [  1   0   0   5 483   1  12   8]
 [  6   0   0   0   0 528   0   0]
 [  0   0   0   0   0   0 500   0]
 [  0   0   0   1   3   1   0 270]]
2024-11-10 18:11:41 | INFO | train | The best f1_macro util now is 0.9923, at step 72
2024-11-10 18:11:41 | INFO | train | The best f1_micro util now is 0.9925, at step 72
2024-11-10 18:12:27 | INFO | train | ----------------------------------------------------------------------------------
2024-11-10 18:12:27 | INFO | train | Time of iter training 46.13 s
2024-11-10 18:12:27 | INFO | train | On iter step 79:, global step 20225 Loss-step [0.3193 0.3193 0.0000]
2024-11-10 18:13:07 | INFO | train | In dataset train: Loss is [0.2509 0.2509 0.0000]
2024-11-10 18:13:07 | INFO | train | task-0		Acc is 0.9915, F1 is 0.9915
2024-11-10 18:13:07 | INFO | train | task-0		F1-macro is 0.9913, F1-micro is 0.9915
2024-11-10 18:13:07 | INFO | train | task-0		Pre is 0.9915, Rec is 0.9915
2024-11-10 18:13:07 | INFO | train | task-0		C_M is 
[[526   0   0   3   1   2   0   0]
 [  0 540   0   1   0   0   2   0]
 [  0   0 522   0   0   0   0   0]
 [  0   0   0 507   7   0   0   0]
 [  2   0   0   0 505   0   4   0]
 [  5   0   0   1   0 529   0   0]
 [  0   0   0   0   0   0 548   0]
 [  0   0   0   1   5   0   0 289]]
2024-11-10 18:13:46 | INFO | train | In dataset valid: Loss is [0.2546 0.2546 0.0000]
2024-11-10 18:13:46 | INFO | train | task-0		Acc is 0.9938, F1 is 0.9938
2024-11-10 18:13:46 | INFO | train | task-0		F1-macro is 0.9935, F1-micro is 0.9938
2024-11-10 18:13:46 | INFO | train | task-0		Pre is 0.9938, Rec is 0.9938
2024-11-10 18:13:46 | INFO | train | task-0		C_M is 
[[509   0   0   0   0   1   0   0]
 [  1 518   0   0   1   0   1   0]
 [  0   0 506   0   2   0   0   0]
 [  0   1   0 501   4   0   0   0]
 [  0   0   0   0 539   1   3   1]
 [  0   0   0   0   1 504   0   0]
 [  0   0   0   0   1   0 580   0]
 [  1   0   0   1   5   0   0 318]]
2024-11-10 18:14:26 | INFO | train | In dataset test: Loss is [0.2707 0.2707 0.0000]
2024-11-10 18:14:26 | INFO | train | task-0		Acc is 0.9912, F1 is 0.9912
2024-11-10 18:14:26 | INFO | train | task-0		F1-macro is 0.9908, F1-micro is 0.9912
2024-11-10 18:14:26 | INFO | train | task-0		Pre is 0.9912, Rec is 0.9912
2024-11-10 18:14:26 | INFO | train | task-0		C_M is 
[[517   0   0   2   1   3   0   0]
 [  0 532   0   0   0   0   2   0]
 [  0   0 548   0   1   0   0   0]
 [  0   1   0 567   6   0   1   0]
 [  0   0   0   0 504   1   4   1]
 [  5   0   0   0   0 529   0   0]
 [  0   0   0   0   0   0 500   0]
 [  0   0   0   0   6   1   0 268]]
2024-11-10 18:14:26 | INFO | train | The best f1_macro util now is 0.9923, at step 72
2024-11-10 18:14:26 | INFO | train | The best f1_micro util now is 0.9925, at step 72
2024-11-10 18:15:12 | INFO | train | ----------------------------------------------------------------------------------
2024-11-10 18:15:12 | INFO | train | Time of iter training 45.86 s
2024-11-10 18:15:12 | INFO | train | On iter step 80:, global step 20481 Loss-step [0.3758 0.3758 0.0000]
2024-11-10 18:15:51 | INFO | train | In dataset train: Loss is [0.2228 0.2228 0.0000]
2024-11-10 18:15:51 | INFO | train | task-0		Acc is 0.9938, F1 is 0.9938
2024-11-10 18:15:51 | INFO | train | task-0		F1-macro is 0.9936, F1-micro is 0.9938
2024-11-10 18:15:51 | INFO | train | task-0		Pre is 0.9938, Rec is 0.9938
2024-11-10 18:15:51 | INFO | train | task-0		C_M is 
[[528   0   0   3   0   1   0   0]
 [  0 540   0   1   0   0   2   0]
 [  0   0 522   0   0   0   0   0]
 [  0   0   0 512   2   0   0   0]
 [  1   0   0   0 508   0   1   1]
 [  7   0   0   1   0 527   0   0]
 [  0   0   0   0   1   0 547   0]
 [  0   1   0   0   3   0   0 291]]
2024-11-10 18:16:30 | INFO | train | In dataset valid: Loss is [0.2331 0.2331 0.0000]
2024-11-10 18:16:30 | INFO | train | task-0		Acc is 0.9938, F1 is 0.9938
2024-11-10 18:16:30 | INFO | train | task-0		F1-macro is 0.9935, F1-micro is 0.9938
2024-11-10 18:16:30 | INFO | train | task-0		Pre is 0.9938, Rec is 0.9938
2024-11-10 18:16:30 | INFO | train | task-0		C_M is 
[[509   0   0   0   0   1   0   0]
 [  1 519   0   0   1   0   0   0]
 [  0   0 506   0   2   0   0   0]
 [  0   1   0 503   2   0   0   0]
 [  0   0   0   0 537   1   2   4]
 [  0   0   0   0   1 504   0   0]
 [  0   0   0   1   3   0 577   0]
 [  1   0   0   0   4   0   0 320]]
2024-11-10 18:17:10 | INFO | train | In dataset test: Loss is [0.2456 0.2456 0.0000]
2024-11-10 18:17:10 | INFO | train | task-0		Acc is 0.9918, F1 is 0.9918
2024-11-10 18:17:10 | INFO | train | task-0		F1-macro is 0.9912, F1-micro is 0.9918
2024-11-10 18:17:10 | INFO | train | task-0		Pre is 0.9918, Rec is 0.9918
2024-11-10 18:17:10 | INFO | train | task-0		C_M is 
[[519   0   0   2   0   2   0   0]
 [  0 532   0   0   0   0   2   0]
 [  0   0 548   0   1   0   0   0]
 [  0   1   0 572   2   0   0   0]
 [  0   0   0   1 503   1   2   3]
 [  4   0   0   0   1 529   0   0]
 [  0   0   0   2   3   0 495   0]
 [  0   0   0   0   6   0   0 269]]
2024-11-10 18:17:10 | INFO | train | The best f1_macro util now is 0.9923, at step 72
2024-11-10 18:17:10 | INFO | train | The best f1_micro util now is 0.9925, at step 72
2024-11-10 18:17:56 | INFO | train | ----------------------------------------------------------------------------------
2024-11-10 18:17:56 | INFO | train | Time of iter training 46.07 s
2024-11-10 18:17:56 | INFO | train | On iter step 81:, global step 20737 Loss-step [0.3750 0.3750 0.0000]
2024-11-10 18:18:36 | INFO | train | In dataset train: Loss is [0.1817 0.1817 0.0000]
2024-11-10 18:18:36 | INFO | train | task-0		Acc is 0.9910, F1 is 0.9910
2024-11-10 18:18:36 | INFO | train | task-0		F1-macro is 0.9907, F1-micro is 0.9910
2024-11-10 18:18:36 | INFO | train | task-0		Pre is 0.9910, Rec is 0.9910
2024-11-10 18:18:36 | INFO | train | task-0		C_M is 
[[527   0   0   3   0   2   0   0]
 [  0 540   0   1   0   0   2   0]
 [  0   0 522   0   0   0   0   0]
 [  0   0   0 512   2   0   0   0]
 [  4   0   0   0 492   3   6   6]
 [  4   0   0   1   0 530   0   0]
 [  0   0   0   0   0   0 548   0]
 [  0   1   0   0   1   0   0 293]]
2024-11-10 18:19:15 | INFO | train | In dataset valid: Loss is [0.2363 0.2363 0.0000]
2024-11-10 18:19:15 | INFO | train | task-0		Acc is 0.9912, F1 is 0.9912
2024-11-10 18:19:15 | INFO | train | task-0		F1-macro is 0.9909, F1-micro is 0.9912
2024-11-10 18:19:15 | INFO | train | task-0		Pre is 0.9912, Rec is 0.9912
2024-11-10 18:19:15 | INFO | train | task-0		C_M is 
[[509   0   0   0   0   1   0   0]
 [  2 518   0   0   1   0   0   0]
 [  0   0 506   0   1   0   0   1]
 [  0   2   0 501   2   0   0   1]
 [  2   0   0   0 523   3   8   8]
 [  1   0   0   0   0 504   0   0]
 [  0   0   0   0   0   0 581   0]
 [  1   0   0   0   1   0   0 323]]
2024-11-10 18:19:55 | INFO | train | In dataset test: Loss is [0.2646 0.2646 0.0000]
2024-11-10 18:19:55 | INFO | train | task-0		Acc is 0.9888, F1 is 0.9888
2024-11-10 18:19:55 | INFO | train | task-0		F1-macro is 0.9881, F1-micro is 0.9888
2024-11-10 18:19:55 | INFO | train | task-0		Pre is 0.9888, Rec is 0.9888
2024-11-10 18:19:55 | INFO | train | task-0		C_M is 
[[518   0   0   2   0   3   0   0]
 [  1 531   0   0   0   0   2   0]
 [  0   0 548   0   0   0   0   1]
 [  0   2   0 570   2   0   1   0]
 [  1   0   0   1 488   2  12   6]
 [  6   0   0   0   0 528   0   0]
 [  0   0   0   0   0   0 500   0]
 [  0   0   0   0   3   0   0 272]]
2024-11-10 18:19:55 | INFO | train | The best f1_macro util now is 0.9923, at step 72
2024-11-10 18:19:55 | INFO | train | The best f1_micro util now is 0.9925, at step 72
2024-11-10 18:20:41 | INFO | train | ----------------------------------------------------------------------------------
2024-11-10 18:20:41 | INFO | train | Time of iter training 46.02 s
2024-11-10 18:20:41 | INFO | train | On iter step 82:, global step 20993 Loss-step [0.1927 0.1927 0.0000]
2024-11-10 18:21:20 | INFO | train | In dataset train: Loss is [0.1465 0.1465 0.0000]
2024-11-10 18:21:20 | INFO | train | task-0		Acc is 0.9920, F1 is 0.9920
2024-11-10 18:21:20 | INFO | train | task-0		F1-macro is 0.9920, F1-micro is 0.9920
2024-11-10 18:21:20 | INFO | train | task-0		Pre is 0.9920, Rec is 0.9920
2024-11-10 18:21:20 | INFO | train | task-0		C_M is 
[[532   0   0   0   0   0   0   0]
 [  0 540   0   1   0   0   2   0]
 [  0   0 522   0   0   0   0   0]
 [  0   1   0 513   0   0   0   0]
 [  4   0   0   0 497   1   6   3]
 [ 12   0   0   0   0 523   0   0]
 [  0   0   0   0   0   0 548   0]
 [  0   1   0   0   1   0   0 293]]
2024-11-10 18:21:59 | INFO | train | In dataset valid: Loss is [0.2147 0.2147 0.0000]
2024-11-10 18:21:59 | INFO | train | task-0		Acc is 0.9925, F1 is 0.9925
2024-11-10 18:21:59 | INFO | train | task-0		F1-macro is 0.9922, F1-micro is 0.9925
2024-11-10 18:21:59 | INFO | train | task-0		Pre is 0.9925, Rec is 0.9925
2024-11-10 18:21:59 | INFO | train | task-0		C_M is 
[[509   0   0   0   0   1   0   0]
 [  1 519   0   0   1   0   0   0]
 [  0   0 506   0   0   0   0   2]
 [  1   1   0 504   0   0   0   0]
 [  2   0   0   0 527   3   6   6]
 [  4   0   0   0   0 501   0   0]
 [  0   0   0   0   0   0 581   0]
 [  0   1   0   0   1   0   0 323]]
2024-11-10 18:22:39 | INFO | train | In dataset test: Loss is [0.2058 0.2058 0.0000]
2024-11-10 18:22:39 | INFO | train | task-0		Acc is 0.9920, F1 is 0.9920
2024-11-10 18:22:39 | INFO | train | task-0		F1-macro is 0.9914, F1-micro is 0.9920
2024-11-10 18:22:39 | INFO | train | task-0		Pre is 0.9920, Rec is 0.9920
2024-11-10 18:22:39 | INFO | train | task-0		C_M is 
[[523   0   0   0   0   0   0   0]
 [  1 531   0   0   0   0   2   0]
 [  0   0 548   0   0   0   0   1]
 [  0   2   0 570   2   0   1   0]
 [  1   0   0   1 498   1   5   4]
 [  7   0   0   0   0 527   0   0]
 [  0   0   0   0   0   0 500   0]
 [  0   0   0   0   4   0   0 271]]
2024-11-10 18:22:39 | INFO | train | The best f1_macro util now is 0.9923, at step 72
2024-11-10 18:22:39 | INFO | train | The best f1_micro util now is 0.9925, at step 72
2024-11-10 18:23:25 | INFO | train | ----------------------------------------------------------------------------------
2024-11-10 18:23:25 | INFO | train | Time of iter training 46.09 s
2024-11-10 18:23:25 | INFO | train | On iter step 83:, global step 21249 Loss-step [0.3844 0.3844 0.0000]
2024-11-10 18:24:04 | INFO | train | In dataset train: Loss is [0.4505 0.4505 0.0000]
2024-11-10 18:24:04 | INFO | train | task-0		Acc is 0.9808, F1 is 0.9808
2024-11-10 18:24:04 | INFO | train | task-0		F1-macro is 0.9808, F1-micro is 0.9808
2024-11-10 18:24:04 | INFO | train | task-0		Pre is 0.9808, Rec is 0.9808
2024-11-10 18:24:04 | INFO | train | task-0		C_M is 
[[531   0   0   0   0   0   1   0]
 [  0 541   0   0   0   0   2   0]
 [  0   0 522   0   0   0   0   0]
 [  0   9   0 502   0   0   3   0]
 [  1   2   0   0 463   0  37   8]
 [ 12   0   0   0   0 523   0   0]
 [  0   0   0   0   0   0 548   0]
 [  0   1   0   0   0   0   1 293]]
2024-11-10 18:24:44 | INFO | train | In dataset valid: Loss is [0.4789 0.4789 0.0000]
2024-11-10 18:24:44 | INFO | train | task-0		Acc is 0.9820, F1 is 0.9820
2024-11-10 18:24:44 | INFO | train | task-0		F1-macro is 0.9818, F1-micro is 0.9820
2024-11-10 18:24:44 | INFO | train | task-0		Pre is 0.9820, Rec is 0.9820
2024-11-10 18:24:44 | INFO | train | task-0		C_M is 
[[509   0   0   0   0   1   0   0]
 [  1 518   0   0   1   0   1   0]
 [  0   1 506   0   0   0   0   1]
 [  0  10   0 492   1   0   2   1]
 [  0   5   0   0 499   3  24  13]
 [  2   0   0   0   0 502   1   0]
 [  0   0   0   0   0   0 581   0]
 [  0   1   0   0   1   0   2 321]]
2024-11-10 18:25:23 | INFO | train | In dataset test: Loss is [0.5092 0.5092 0.0000]
2024-11-10 18:25:23 | INFO | train | task-0		Acc is 0.9785, F1 is 0.9785
2024-11-10 18:25:23 | INFO | train | task-0		F1-macro is 0.9779, F1-micro is 0.9785
2024-11-10 18:25:23 | INFO | train | task-0		Pre is 0.9785, Rec is 0.9785
2024-11-10 18:25:23 | INFO | train | task-0		C_M is 
[[522   0   0   0   0   1   0   0]
 [  0 532   0   0   0   0   2   0]
 [  0   0 548   0   0   0   1   0]
 [  0  19   0 550   1   0   5   0]
 [  0   4   0   0 462   1  31  12]
 [  7   0   0   0   0 527   0   0]
 [  0   0   0   0   0   0 500   0]
 [  0   0   0   0   1   0   1 273]]
2024-11-10 18:25:23 | INFO | train | The best f1_macro util now is 0.9923, at step 72
2024-11-10 18:25:23 | INFO | train | The best f1_micro util now is 0.9925, at step 72
2024-11-10 18:26:09 | INFO | train | ----------------------------------------------------------------------------------
2024-11-10 18:26:09 | INFO | train | Time of iter training 45.90 s
2024-11-10 18:26:09 | INFO | train | On iter step 84:, global step 21505 Loss-step [0.3272 0.3272 0.0000]
2024-11-10 18:26:49 | INFO | train | In dataset train: Loss is [0.2027 0.2027 0.0000]
2024-11-10 18:26:49 | INFO | train | task-0		Acc is 0.9930, F1 is 0.9930
2024-11-10 18:26:49 | INFO | train | task-0		F1-macro is 0.9928, F1-micro is 0.9930
2024-11-10 18:26:49 | INFO | train | task-0		Pre is 0.9930, Rec is 0.9930
2024-11-10 18:26:49 | INFO | train | task-0		C_M is 
[[529   0   0   0   0   3   0   0]
 [  0 538   0   3   2   0   0   0]
 [  0   0 522   0   0   0   0   0]
 [  0   0   0 513   1   0   0   0]
 [  0   0   0   0 507   3   0   1]
 [  5   0   0   0   0 530   0   0]
 [  0   0   0   0   5   0 543   0]
 [  0   0   0   1   4   0   0 290]]
2024-11-10 18:27:28 | INFO | train | In dataset valid: Loss is [0.2837 0.2837 0.0000]
2024-11-10 18:27:28 | INFO | train | task-0		Acc is 0.9922, F1 is 0.9922
2024-11-10 18:27:28 | INFO | train | task-0		F1-macro is 0.9921, F1-micro is 0.9922
2024-11-10 18:27:28 | INFO | train | task-0		Pre is 0.9922, Rec is 0.9922
2024-11-10 18:27:28 | INFO | train | task-0		C_M is 
[[505   0   0   0   0   5   0   0]
 [  1 519   0   0   1   0   0   0]
 [  0   0 506   0   2   0   0   0]
 [  0   1   0 503   2   0   0   0]
 [  0   1   0   0 536   3   0   4]
 [  0   0   0   0   0 505   0   0]
 [  0   1   0   0   6   0 574   0]
 [  0   1   0   0   3   0   0 321]]
2024-11-10 18:28:08 | INFO | train | In dataset test: Loss is [0.2484 0.2484 0.0000]
2024-11-10 18:28:08 | INFO | train | task-0		Acc is 0.9925, F1 is 0.9925
2024-11-10 18:28:08 | INFO | train | task-0		F1-macro is 0.9919, F1-micro is 0.9925
2024-11-10 18:28:08 | INFO | train | task-0		Pre is 0.9925, Rec is 0.9925
2024-11-10 18:28:08 | INFO | train | task-0		C_M is 
[[518   0   0   0   0   5   0   0]
 [  0 533   0   0   1   0   0   0]
 [  0   0 548   0   1   0   0   0]
 [  0   0   0 573   2   0   0   0]
 [  0   0   0   0 503   3   0   4]
 [  3   0   0   0   0 531   0   0]
 [  0   1   0   0   6   0 493   0]
 [  0   0   0   0   3   1   0 271]]
2024-11-10 18:28:08 | INFO | train | The best f1_macro util now is 0.9923, at step 72
2024-11-10 18:28:08 | INFO | train | The best f1_micro util now is 0.9925, at step 72
2024-11-10 18:28:54 | INFO | train | ----------------------------------------------------------------------------------
2024-11-10 18:28:54 | INFO | train | Time of iter training 46.05 s
2024-11-10 18:28:54 | INFO | train | On iter step 85:, global step 21761 Loss-step [0.2233 0.2233 0.0000]
2024-11-10 18:29:33 | INFO | train | In dataset train: Loss is [0.3942 0.3942 0.0000]
2024-11-10 18:29:33 | INFO | train | task-0		Acc is 0.9845, F1 is 0.9845
2024-11-10 18:29:33 | INFO | train | task-0		F1-macro is 0.9851, F1-micro is 0.9845
2024-11-10 18:29:33 | INFO | train | task-0		Pre is 0.9845, Rec is 0.9845
2024-11-10 18:29:33 | INFO | train | task-0		C_M is 
[[532   0   0   0   0   0   0   0]
 [  0 540   0   0   2   0   1   0]
 [  0   0 522   0   0   0   0   0]
 [  0   1   0 512   1   0   0   0]
 [  2   0   0   0 507   0   0   2]
 [ 48   0   0   0   0 487   0   0]
 [  0   0   0   0   3   0 545   0]
 [  0   1   0   0   1   0   0 293]]
2024-11-10 18:30:12 | INFO | train | In dataset valid: Loss is [0.4817 0.4817 0.0000]
2024-11-10 18:30:12 | INFO | train | task-0		Acc is 0.9838, F1 is 0.9838
2024-11-10 18:30:12 | INFO | train | task-0		F1-macro is 0.9837, F1-micro is 0.9838
2024-11-10 18:30:12 | INFO | train | task-0		Pre is 0.9838, Rec is 0.9838
2024-11-10 18:30:12 | INFO | train | task-0		C_M is 
[[510   0   0   0   0   0   0   0]
 [  1 518   0   0   2   0   0   0]
 [  0   0 506   0   2   0   0   0]
 [  0   2   0 503   1   0   0   0]
 [  0   0   0   0 539   1   0   4]
 [ 39   0   0   0   2 464   0   0]
 [  0   1   0   0   6   0 574   0]
 [  0   0   0   0   4   0   0 321]]
2024-11-10 18:30:52 | INFO | train | In dataset test: Loss is [0.4158 0.4158 0.0000]
2024-11-10 18:30:52 | INFO | train | task-0		Acc is 0.9855, F1 is 0.9855
2024-11-10 18:30:52 | INFO | train | task-0		F1-macro is 0.9854, F1-micro is 0.9855
2024-11-10 18:30:52 | INFO | train | task-0		Pre is 0.9855, Rec is 0.9855
2024-11-10 18:30:52 | INFO | train | task-0		C_M is 
[[523   0   0   0   0   0   0   0]
 [  0 531   0   0   2   0   1   0]
 [  0   0 548   0   1   0   0   0]
 [  0   2   0 571   2   0   0   0]
 [  1   1   0   0 504   0   0   4]
 [ 35   0   0   0   1 498   0   0]
 [  0   0   0   0   4   0 496   0]
 [  0   0   0   1   3   0   0 271]]
2024-11-10 18:30:52 | INFO | train | The best f1_macro util now is 0.9923, at step 72
2024-11-10 18:30:52 | INFO | train | The best f1_micro util now is 0.9925, at step 72
2024-11-10 18:31:38 | INFO | train | ----------------------------------------------------------------------------------
2024-11-10 18:31:38 | INFO | train | Time of iter training 45.82 s
2024-11-10 18:31:38 | INFO | train | On iter step 86:, global step 22017 Loss-step [0.2270 0.2270 0.0000]
2024-11-10 18:32:17 | INFO | train | In dataset train: Loss is [0.1420 0.1420 0.0000]
2024-11-10 18:32:17 | INFO | train | task-0		Acc is 0.9942, F1 is 0.9942
2024-11-10 18:32:17 | INFO | train | task-0		F1-macro is 0.9944, F1-micro is 0.9942
2024-11-10 18:32:17 | INFO | train | task-0		Pre is 0.9942, Rec is 0.9942
2024-11-10 18:32:17 | INFO | train | task-0		C_M is 
[[532   0   0   0   0   0   0   0]
 [  0 540   0   1   1   0   1   0]
 [  0   0 522   0   0   0   0   0]
 [  0   0   0 513   1   0   0   0]
 [  1   0   0   0 509   0   1   0]
 [ 12   0   0   0   0 523   0   0]
 [  0   0   0   0   3   0 545   0]
 [  0   1   0   0   1   0   0 293]]
2024-11-10 18:32:56 | INFO | train | In dataset valid: Loss is [0.1740 0.1740 0.0000]
2024-11-10 18:32:56 | INFO | train | task-0		Acc is 0.9928, F1 is 0.9928
2024-11-10 18:32:56 | INFO | train | task-0		F1-macro is 0.9924, F1-micro is 0.9928
2024-11-10 18:32:56 | INFO | train | task-0		Pre is 0.9928, Rec is 0.9928
2024-11-10 18:32:56 | INFO | train | task-0		C_M is 
[[508   1   0   0   0   1   0   0]
 [  1 519   0   0   1   0   0   0]
 [  0   0 506   1   1   0   0   0]
 [  0   1   0 504   0   0   0   1]
 [  0   0   0   0 536   1   2   5]
 [  4   0   0   0   0 501   0   0]
 [  0   1   0   0   4   0 576   0]
 [  0   1   0   0   3   0   0 321]]
2024-11-10 18:33:36 | INFO | train | In dataset test: Loss is [0.2157 0.2157 0.0000]
2024-11-10 18:33:36 | INFO | train | task-0		Acc is 0.9930, F1 is 0.9930
2024-11-10 18:33:36 | INFO | train | task-0		F1-macro is 0.9925, F1-micro is 0.9930
2024-11-10 18:33:36 | INFO | train | task-0		Pre is 0.9930, Rec is 0.9930
2024-11-10 18:33:36 | INFO | train | task-0		C_M is 
[[523   0   0   0   0   0   0   0]
 [  0 530   0   0   1   0   3   0]
 [  0   0 548   0   1   0   0   0]
 [  0   1   0 572   2   0   0   0]
 [  0   1   0   0 503   1   1   4]
 [  7   0   0   0   0 527   0   0]
 [  0   0   0   0   3   0 497   0]
 [  0   0   0   0   3   0   0 272]]
2024-11-10 18:33:36 | INFO | train | The best f1_macro util now is 0.9923, at step 72
2024-11-10 18:33:36 | INFO | train | The best f1_micro util now is 0.9925, at step 72
2024-11-10 18:34:22 | INFO | train | ----------------------------------------------------------------------------------
2024-11-10 18:34:22 | INFO | train | Time of iter training 45.83 s
2024-11-10 18:34:22 | INFO | train | On iter step 87:, global step 22273 Loss-step [0.2880 0.2880 0.0000]
2024-11-10 18:35:01 | INFO | train | In dataset train: Loss is [0.1867 0.1867 0.0000]
2024-11-10 18:35:01 | INFO | train | task-0		Acc is 0.9920, F1 is 0.9920
2024-11-10 18:35:01 | INFO | train | task-0		F1-macro is 0.9919, F1-micro is 0.9920
2024-11-10 18:35:01 | INFO | train | task-0		Pre is 0.9920, Rec is 0.9920
2024-11-10 18:35:01 | INFO | train | task-0		C_M is 
[[532   0   0   0   0   0   0   0]
 [  0 538   0   2   3   0   0   0]
 [  0   0 522   0   0   0   0   0]
 [  0   0   0 513   1   0   0   0]
 [  0   0   0   0 511   0   0   0]
 [ 13   0   0   0   4 518   0   0]
 [  0   0   0   0   3   0 545   0]
 [  0   0   0   1   5   0   0 289]]
2024-11-10 18:35:41 | INFO | train | In dataset valid: Loss is [0.2032 0.2032 0.0000]
2024-11-10 18:35:41 | INFO | train | task-0		Acc is 0.9905, F1 is 0.9905
2024-11-10 18:35:41 | INFO | train | task-0		F1-macro is 0.9905, F1-micro is 0.9905
2024-11-10 18:35:41 | INFO | train | task-0		Pre is 0.9905, Rec is 0.9905
2024-11-10 18:35:41 | INFO | train | task-0		C_M is 
[[509   1   0   0   0   0   0   0]
 [  1 517   0   0   3   0   0   0]
 [  0   0 506   0   2   0   0   0]
 [  0   1   0 504   1   0   0   0]
 [  0   0   0   0 541   1   0   2]
 [  3   0   0   0  11 491   0   0]
 [  0   1   0   0   5   0 575   0]
 [  0   0   0   0   6   0   0 319]]
2024-11-10 18:36:20 | INFO | train | In dataset test: Loss is [0.2400 0.2400 0.0000]
2024-11-10 18:36:20 | INFO | train | task-0		Acc is 0.9915, F1 is 0.9915
2024-11-10 18:36:20 | INFO | train | task-0		F1-macro is 0.9909, F1-micro is 0.9915
2024-11-10 18:36:20 | INFO | train | task-0		Pre is 0.9915, Rec is 0.9915
2024-11-10 18:36:20 | INFO | train | task-0		C_M is 
[[523   0   0   0   0   0   0   0]
 [  0 531   0   0   2   0   1   0]
 [  0   0 548   0   1   0   0   0]
 [  0   0   0 572   3   0   0   0]
 [  0   1   0   0 507   1   0   1]
 [  7   0   0   0   5 522   0   0]
 [  0   0   0   0   4   0 496   0]
 [  0   0   0   0   8   0   0 267]]
2024-11-10 18:36:20 | INFO | train | The best f1_macro util now is 0.9923, at step 72
2024-11-10 18:36:20 | INFO | train | The best f1_micro util now is 0.9925, at step 72
2024-11-10 18:37:06 | INFO | train | ----------------------------------------------------------------------------------
2024-11-10 18:37:06 | INFO | train | Time of iter training 46.02 s
2024-11-10 18:37:06 | INFO | train | On iter step 88:, global step 22529 Loss-step [0.2549 0.2549 0.0000]
2024-11-10 18:37:46 | INFO | train | In dataset train: Loss is [0.1520 0.1520 0.0000]
2024-11-10 18:37:46 | INFO | train | task-0		Acc is 0.9932, F1 is 0.9932
2024-11-10 18:37:46 | INFO | train | task-0		F1-macro is 0.9930, F1-micro is 0.9932
2024-11-10 18:37:46 | INFO | train | task-0		Pre is 0.9932, Rec is 0.9932
2024-11-10 18:37:46 | INFO | train | task-0		C_M is 
[[531   0   0   0   1   0   0   0]
 [  0 540   0   1   0   0   2   0]
 [  0   0 522   0   0   0   0   0]
 [  0   0   0 513   1   0   0   0]
 [  0   0   0   0 503   0   2   6]
 [ 11   0   0   0   0 524   0   0]
 [  0   0   0   0   2   0 546   0]
 [  0   0   0   1   0   0   0 294]]
2024-11-10 18:38:25 | INFO | train | In dataset valid: Loss is [0.2059 0.2059 0.0000]
2024-11-10 18:38:25 | INFO | train | task-0		Acc is 0.9920, F1 is 0.9920
2024-11-10 18:38:25 | INFO | train | task-0		F1-macro is 0.9912, F1-micro is 0.9920
2024-11-10 18:38:25 | INFO | train | task-0		Pre is 0.9920, Rec is 0.9920
2024-11-10 18:38:25 | INFO | train | task-0		C_M is 
[[508   0   0   0   0   2   0   0]
 [  1 519   0   0   1   0   0   0]
 [  0   0 506   0   2   0   0   0]
 [  0   1   0 503   0   0   1   1]
 [  0   0   0   0 527   1   2  14]
 [  3   0   0   0   0 502   0   0]
 [  0   0   0   0   1   0 580   0]
 [  0   0   0   0   2   0   0 323]]
2024-11-10 18:39:04 | INFO | train | In dataset test: Loss is [0.2378 0.2378 0.0000]
2024-11-10 18:39:04 | INFO | train | task-0		Acc is 0.9915, F1 is 0.9915
2024-11-10 18:39:04 | INFO | train | task-0		F1-macro is 0.9905, F1-micro is 0.9915
2024-11-10 18:39:04 | INFO | train | task-0		Pre is 0.9915, Rec is 0.9915
2024-11-10 18:39:04 | INFO | train | task-0		C_M is 
[[522   0   0   0   0   1   0   0]
 [  0 531   0   0   1   0   2   0]
 [  0   0 548   0   1   0   0   0]
 [  0   1   0 572   1   0   1   0]
 [  0   1   0   0 496   1   1  11]
 [  7   0   0   0   0 527   0   0]
 [  0   0   0   0   3   0 497   0]
 [  0   0   0   0   2   0   0 273]]
2024-11-10 18:39:04 | INFO | train | The best f1_macro util now is 0.9923, at step 72
2024-11-10 18:39:04 | INFO | train | The best f1_micro util now is 0.9925, at step 72
2024-11-10 18:39:51 | INFO | train | ----------------------------------------------------------------------------------
2024-11-10 18:39:51 | INFO | train | Time of iter training 46.04 s
2024-11-10 18:39:51 | INFO | train | On iter step 89:, global step 22785 Loss-step [0.2532 0.2532 0.0000]
2024-11-10 18:40:30 | INFO | train | In dataset train: Loss is [0.1320 0.1320 0.0000]
2024-11-10 18:40:30 | INFO | train | task-0		Acc is 0.9935, F1 is 0.9935
2024-11-10 18:40:30 | INFO | train | task-0		F1-macro is 0.9934, F1-micro is 0.9935
2024-11-10 18:40:30 | INFO | train | task-0		Pre is 0.9935, Rec is 0.9935
2024-11-10 18:40:30 | INFO | train | task-0		C_M is 
[[532   0   0   0   0   0   0   0]
 [  0 538   0   2   2   0   1   0]
 [  0   0 522   0   0   0   0   0]
 [  0   0   0 513   1   0   0   0]
 [  0   0   0   0 511   0   0   0]
 [ 11   0   0   0   0 524   0   0]
 [  0   0   0   0   4   0 544   0]
 [  0   0   0   0   5   0   0 290]]
2024-11-10 18:41:09 | INFO | train | In dataset valid: Loss is [0.1685 0.1685 0.0000]
2024-11-10 18:41:09 | INFO | train | task-0		Acc is 0.9938, F1 is 0.9938
2024-11-10 18:41:09 | INFO | train | task-0		F1-macro is 0.9937, F1-micro is 0.9938
2024-11-10 18:41:09 | INFO | train | task-0		Pre is 0.9938, Rec is 0.9938
2024-11-10 18:41:09 | INFO | train | task-0		C_M is 
[[507   0   0   0   0   3   0   0]
 [  1 519   0   0   1   0   0   0]
 [  0   0 506   0   2   0   0   0]
 [  0   1   0 503   0   1   1   0]
 [  0   0   0   0 541   1   1   1]
 [  2   0   0   0   0 503   0   0]
 [  0   0   0   0   5   0 576   0]
 [  0   1   0   0   4   0   0 320]]
2024-11-10 18:41:49 | INFO | train | In dataset test: Loss is [0.2419 0.2419 0.0000]
2024-11-10 18:41:49 | INFO | train | task-0		Acc is 0.9928, F1 is 0.9928
2024-11-10 18:41:49 | INFO | train | task-0		F1-macro is 0.9925, F1-micro is 0.9928
2024-11-10 18:41:49 | INFO | train | task-0		Pre is 0.9928, Rec is 0.9928
2024-11-10 18:41:49 | INFO | train | task-0		C_M is 
[[520   0   0   0   0   3   0   0]
 [  1 530   0   0   0   0   3   0]
 [  0   0 548   0   1   0   0   0]
 [  0   0   0 572   2   1   0   0]
 [  0   1   0   0 507   1   0   1]
 [  7   0   0   0   0 527   0   0]
 [  0   0   0   0   4   0 496   0]
 [  0   0   0   0   4   0   0 271]]
2024-11-10 18:41:49 | INFO | train | The best f1_macro util now is 0.9923, at step 72
2024-11-10 18:41:49 | INFO | train | The best f1_micro util now is 0.9925, at step 72
2024-11-10 18:42:35 | INFO | train | ----------------------------------------------------------------------------------
2024-11-10 18:42:35 | INFO | train | Time of iter training 45.98 s
2024-11-10 18:42:35 | INFO | train | On iter step 90:, global step 23041 Loss-step [0.2531 0.2531 0.0000]
2024-11-10 18:43:14 | INFO | train | In dataset train: Loss is [0.1281 0.1281 0.0000]
2024-11-10 18:43:14 | INFO | train | task-0		Acc is 0.9942, F1 is 0.9942
2024-11-10 18:43:14 | INFO | train | task-0		F1-macro is 0.9940, F1-micro is 0.9942
2024-11-10 18:43:14 | INFO | train | task-0		Pre is 0.9942, Rec is 0.9942
2024-11-10 18:43:14 | INFO | train | task-0		C_M is 
[[524   0   0   0   0   8   0   0]
 [  0 540   0   1   0   0   2   0]
 [  0   0 522   0   0   0   0   0]
 [  0   0   0 513   1   0   0   0]
 [  0   0   0   0 509   0   1   1]
 [  2   0   0   0   0 533   0   0]
 [  0   0   0   0   2   0 546   0]
 [  0   0   0   0   5   0   0 290]]
2024-11-10 18:43:53 | INFO | train | In dataset valid: Loss is [0.2085 0.2085 0.0000]
2024-11-10 18:43:53 | INFO | train | task-0		Acc is 0.9928, F1 is 0.9928
2024-11-10 18:43:53 | INFO | train | task-0		F1-macro is 0.9925, F1-micro is 0.9928
2024-11-10 18:43:53 | INFO | train | task-0		Pre is 0.9928, Rec is 0.9928
2024-11-10 18:43:53 | INFO | train | task-0		C_M is 
[[501   0   0   0   0   9   0   0]
 [  1 519   0   0   1   0   0   0]
 [  0   0 506   0   2   0   0   0]
 [  0   1   0 505   0   0   0   0]
 [  0   1   0   0 538   1   1   3]
 [  1   0   0   0   0 504   0   0]
 [  0   1   0   0   2   0 578   0]
 [  0   1   0   0   4   0   0 320]]
2024-11-10 18:44:33 | INFO | train | In dataset test: Loss is [0.1866 0.1866 0.0000]
2024-11-10 18:44:33 | INFO | train | task-0		Acc is 0.9928, F1 is 0.9928
2024-11-10 18:44:33 | INFO | train | task-0		F1-macro is 0.9926, F1-micro is 0.9928
2024-11-10 18:44:33 | INFO | train | task-0		Pre is 0.9928, Rec is 0.9928
2024-11-10 18:44:33 | INFO | train | task-0		C_M is 
[[513   0   0   0   0  10   0   0]
 [  1 532   0   0   0   0   1   0]
 [  0   0 548   0   1   0   0   0]
 [  0   1   0 571   3   0   0   0]
 [  0   1   0   1 506   1   0   1]
 [  1   0   0   0   0 533   0   0]
 [  0   0   0   0   3   0 497   0]
 [  0   0   0   0   4   0   0 271]]
2024-11-10 18:44:33 | INFO | train | The best f1_macro util now is 0.9923, at step 72
2024-11-10 18:44:33 | INFO | train | The best f1_micro util now is 0.9925, at step 72
2024-11-10 18:45:19 | INFO | train | ----------------------------------------------------------------------------------
2024-11-10 18:45:19 | INFO | train | Time of iter training 45.72 s
2024-11-10 18:45:19 | INFO | train | On iter step 91:, global step 23297 Loss-step [0.1459 0.1459 0.0000]
2024-11-10 18:45:58 | INFO | train | In dataset train: Loss is [0.1339 0.1339 0.0000]
2024-11-10 18:45:58 | INFO | train | task-0		Acc is 0.9932, F1 is 0.9932
2024-11-10 18:45:58 | INFO | train | task-0		F1-macro is 0.9930, F1-micro is 0.9932
2024-11-10 18:45:58 | INFO | train | task-0		Pre is 0.9932, Rec is 0.9932
2024-11-10 18:45:58 | INFO | train | task-0		C_M is 
[[532   0   0   0   0   0   0   0]
 [  0 538   0   3   1   0   1   0]
 [  0   0 522   0   0   0   0   0]
 [  0   0   0 513   1   0   0   0]
 [  0   0   0   0 511   0   0   0]
 [ 11   0   0   0   0 524   0   0]
 [  0   0   0   0   3   0 545   0]
 [  0   2   0   0   5   0   0 288]]
2024-11-10 18:46:38 | INFO | train | In dataset valid: Loss is [0.2749 0.2749 0.0000]
2024-11-10 18:46:38 | INFO | train | task-0		Acc is 0.9932, F1 is 0.9932
2024-11-10 18:46:38 | INFO | train | task-0		F1-macro is 0.9932, F1-micro is 0.9932
2024-11-10 18:46:38 | INFO | train | task-0		Pre is 0.9932, Rec is 0.9932
2024-11-10 18:46:38 | INFO | train | task-0		C_M is 
[[509   0   0   0   0   1   0   0]
 [  1 519   0   0   1   0   0   0]
 [  0   0 506   0   2   0   0   0]
 [  0   1   0 505   0   0   0   0]
 [  0   1   0   0 540   1   1   1]
 [  3   0   0   0   1 501   0   0]
 [  0   2   0   0   5   0 574   0]
 [  0   0   0   0   6   0   0 319]]
2024-11-10 18:47:17 | INFO | train | In dataset test: Loss is [0.2478 0.2478 0.0000]
2024-11-10 18:47:17 | INFO | train | task-0		Acc is 0.9928, F1 is 0.9928
2024-11-10 18:47:17 | INFO | train | task-0		F1-macro is 0.9923, F1-micro is 0.9928
2024-11-10 18:47:17 | INFO | train | task-0		Pre is 0.9928, Rec is 0.9928
2024-11-10 18:47:17 | INFO | train | task-0		C_M is 
[[521   0   0   0   0   2   0   0]
 [  0 533   0   0   0   0   1   0]
 [  0   0 548   0   1   0   0   0]
 [  0   1   0 571   3   0   0   0]
 [  0   1   0   1 506   1   0   1]
 [  7   0   0   0   0 527   0   0]
 [  0   0   0   0   4   0 496   0]
 [  0   0   0   0   6   0   0 269]]
2024-11-10 18:47:17 | INFO | train | The best f1_macro util now is 0.9923, at step 72
2024-11-10 18:47:17 | INFO | train | The best f1_micro util now is 0.9925, at step 72
2024-11-10 18:48:04 | INFO | train | ----------------------------------------------------------------------------------
2024-11-10 18:48:04 | INFO | train | Time of iter training 46.33 s
2024-11-10 18:48:04 | INFO | train | On iter step 92:, global step 23553 Loss-step [0.2132 0.2132 0.0000]
2024-11-10 18:48:43 | INFO | train | In dataset train: Loss is [0.1780 0.1780 0.0000]
2024-11-10 18:48:43 | INFO | train | task-0		Acc is 0.9920, F1 is 0.9920
2024-11-10 18:48:43 | INFO | train | task-0		F1-macro is 0.9918, F1-micro is 0.9920
2024-11-10 18:48:43 | INFO | train | task-0		Pre is 0.9920, Rec is 0.9920
2024-11-10 18:48:43 | INFO | train | task-0		C_M is 
[[532   0   0   0   0   0   0   0]
 [  0 537   0   3   0   0   3   0]
 [  0   0 522   0   0   0   0   0]
 [  0   0   0 514   0   0   0   0]
 [  0   2   0   2 498   0   6   3]
 [  9   0   0   0   0 526   0   0]
 [  0   0   0   0   0   0 548   0]
 [  0   0   0   1   3   0   0 291]]
2024-11-10 18:49:22 | INFO | train | In dataset valid: Loss is [0.2955 0.2955 0.0000]
2024-11-10 18:49:22 | INFO | train | task-0		Acc is 0.9910, F1 is 0.9910
2024-11-10 18:49:22 | INFO | train | task-0		F1-macro is 0.9907, F1-micro is 0.9910
2024-11-10 18:49:22 | INFO | train | task-0		Pre is 0.9910, Rec is 0.9910
2024-11-10 18:49:22 | INFO | train | task-0		C_M is 
[[508   0   0   0   0   2   0   0]
 [  1 516   0   2   2   0   0   0]
 [  0   0 506   0   2   0   0   0]
 [  0   0   0 504   0   1   1   0]
 [  0   1   0   0 530   2   5   6]
 [  4   0   0   0   0 501   0   0]
 [  0   1   0   0   1   0 579   0]
 [  0   0   0   0   5   0   0 320]]
2024-11-10 18:50:02 | INFO | train | In dataset test: Loss is [0.3297 0.3297 0.0000]
2024-11-10 18:50:02 | INFO | train | task-0		Acc is 0.9902, F1 is 0.9902
2024-11-10 18:50:02 | INFO | train | task-0		F1-macro is 0.9894, F1-micro is 0.9902
2024-11-10 18:50:02 | INFO | train | task-0		Pre is 0.9902, Rec is 0.9902
2024-11-10 18:50:02 | INFO | train | task-0		C_M is 
[[522   0   0   0   0   1   0   0]
 [  1 528   0   3   1   0   1   0]
 [  0   0 548   0   1   0   0   0]
 [  0   0   0 572   2   0   1   0]
 [  2   3   0   0 492   0   7   6]
 [  4   0   0   0   0 530   0   0]
 [  0   0   0   0   1   0 499   0]
 [  0   0   0   0   5   0   0 270]]
2024-11-10 18:50:02 | INFO | train | The best f1_macro util now is 0.9923, at step 72
2024-11-10 18:50:02 | INFO | train | The best f1_micro util now is 0.9925, at step 72
2024-11-10 18:50:48 | INFO | train | ----------------------------------------------------------------------------------
2024-11-10 18:50:48 | INFO | train | Time of iter training 45.92 s
2024-11-10 18:50:48 | INFO | train | On iter step 93:, global step 23809 Loss-step [0.2287 0.2287 0.0000]
2024-11-10 18:51:27 | INFO | train | In dataset train: Loss is [0.2348 0.2348 0.0000]
2024-11-10 18:51:27 | INFO | train | task-0		Acc is 0.9910, F1 is 0.9910
2024-11-10 18:51:27 | INFO | train | task-0		F1-macro is 0.9906, F1-micro is 0.9910
2024-11-10 18:51:27 | INFO | train | task-0		Pre is 0.9910, Rec is 0.9910
2024-11-10 18:51:27 | INFO | train | task-0		C_M is 
[[530   1   0   0   1   0   0   0]
 [  0 538   0   3   0   0   2   0]
 [  0   0 522   0   0   0   0   0]
 [  0   0   0 513   1   0   0   0]
 [  1   2   0   0 501   0   4   3]
 [ 10   1   0   1   0 523   0   0]
 [  0   0   0   0   0   0 548   0]
 [  0   0   0   1   5   0   0 289]]
2024-11-10 18:52:07 | INFO | train | In dataset valid: Loss is [0.2274 0.2274 0.0000]
2024-11-10 18:52:07 | INFO | train | task-0		Acc is 0.9922, F1 is 0.9922
2024-11-10 18:52:07 | INFO | train | task-0		F1-macro is 0.9919, F1-micro is 0.9922
2024-11-10 18:52:07 | INFO | train | task-0		Pre is 0.9922, Rec is 0.9922
2024-11-10 18:52:07 | INFO | train | task-0		C_M is 
[[509   1   0   0   0   0   0   0]
 [  1 519   0   0   1   0   0   0]
 [  0   0 506   0   0   0   0   2]
 [  0   0   0 504   0   1   1   0]
 [  0   4   0   0 529   2   5   4]
 [  4   0   0   0   0 501   0   0]
 [  0   0   0   0   0   0 581   0]
 [  0   2   0   0   3   0   0 320]]
2024-11-10 18:52:46 | INFO | train | In dataset test: Loss is [0.2841 0.2841 0.0000]
2024-11-10 18:52:46 | INFO | train | task-0		Acc is 0.9912, F1 is 0.9912
2024-11-10 18:52:46 | INFO | train | task-0		F1-macro is 0.9908, F1-micro is 0.9912
2024-11-10 18:52:46 | INFO | train | task-0		Pre is 0.9912, Rec is 0.9912
2024-11-10 18:52:46 | INFO | train | task-0		C_M is 
[[523   0   0   0   0   0   0   0]
 [  1 529   0   2   0   0   2   0]
 [  0   0 548   0   0   0   0   1]
 [  0   0   0 572   2   0   1   0]
 [  1   5   0   0 497   1   5   1]
 [  5   2   0   0   0 527   0   0]
 [  0   0   0   0   0   0 500   0]
 [  0   2   0   0   4   0   0 269]]
2024-11-10 18:52:46 | INFO | train | The best f1_macro util now is 0.9923, at step 72
2024-11-10 18:52:46 | INFO | train | The best f1_micro util now is 0.9925, at step 72
2024-11-10 18:53:32 | INFO | train | ----------------------------------------------------------------------------------
2024-11-10 18:53:32 | INFO | train | Time of iter training 46.19 s
2024-11-10 18:53:32 | INFO | train | On iter step 94:, global step 24065 Loss-step [0.3493 0.3493 0.0000]
2024-11-10 18:54:12 | INFO | train | In dataset train: Loss is [0.1201 0.1201 0.0000]
2024-11-10 18:54:12 | INFO | train | task-0		Acc is 0.9942, F1 is 0.9942
2024-11-10 18:54:12 | INFO | train | task-0		F1-macro is 0.9940, F1-micro is 0.9942
2024-11-10 18:54:12 | INFO | train | task-0		Pre is 0.9942, Rec is 0.9942
2024-11-10 18:54:12 | INFO | train | task-0		C_M is 
[[529   0   0   0   1   2   0   0]
 [  0 541   0   0   0   0   2   0]
 [  0   0 522   0   0   0   0   0]
 [  0   2   0 511   1   0   0   0]
 [  0   0   0   0 508   0   3   0]
 [  4   0   0   0   0 531   0   0]
 [  0   0   0   0   2   0 546   0]
 [  0   1   0   0   5   0   0 289]]
2024-11-10 18:54:51 | INFO | train | In dataset valid: Loss is [0.1395 0.1395 0.0000]
2024-11-10 18:54:51 | INFO | train | task-0		Acc is 0.9932, F1 is 0.9932
2024-11-10 18:54:51 | INFO | train | task-0		F1-macro is 0.9931, F1-micro is 0.9932
2024-11-10 18:54:51 | INFO | train | task-0		Pre is 0.9932, Rec is 0.9932
2024-11-10 18:54:51 | INFO | train | task-0		C_M is 
[[506   0   0   0   0   4   0   0]
 [  1 518   0   1   1   0   0   0]
 [  0   0 506   0   1   0   0   1]
 [  0   3   0 501   0   1   1   0]
 [  0   1   0   0 540   1   1   1]
 [  1   0   0   0   1 503   0   0]
 [  0   1   0   0   2   0 578   0]
 [  0   0   0   0   4   0   0 321]]
2024-11-10 18:55:31 | INFO | train | In dataset test: Loss is [0.1688 0.1688 0.0000]
2024-11-10 18:55:31 | INFO | train | task-0		Acc is 0.9928, F1 is 0.9928
2024-11-10 18:55:31 | INFO | train | task-0		F1-macro is 0.9924, F1-micro is 0.9928
2024-11-10 18:55:31 | INFO | train | task-0		Pre is 0.9928, Rec is 0.9928
2024-11-10 18:55:31 | INFO | train | task-0		C_M is 
[[519   0   0   0   0   4   0   0]
 [  0 531   0   0   3   0   0   0]
 [  0   0 548   0   0   0   0   1]
 [  0   2   0 570   2   0   1   0]
 [  0   3   0   0 504   1   1   1]
 [  2   0   0   0   1 531   0   0]
 [  0   0   0   0   3   0 497   0]
 [  0   0   0   0   4   0   0 271]]
2024-11-10 18:55:31 | INFO | train | The best f1_macro util now is 0.9923, at step 72
2024-11-10 18:55:31 | INFO | train | The best f1_micro util now is 0.9925, at step 72
2024-11-10 18:56:17 | INFO | train | ----------------------------------------------------------------------------------
2024-11-10 18:56:17 | INFO | train | Time of iter training 45.81 s
2024-11-10 18:56:17 | INFO | train | On iter step 95:, global step 24321 Loss-step [0.2573 0.2573 0.0000]
2024-11-10 18:56:56 | INFO | train | In dataset train: Loss is [0.2210 0.2210 0.0000]
2024-11-10 18:56:56 | INFO | train | task-0		Acc is 0.9895, F1 is 0.9895
2024-11-10 18:56:56 | INFO | train | task-0		F1-macro is 0.9894, F1-micro is 0.9895
2024-11-10 18:56:56 | INFO | train | task-0		Pre is 0.9895, Rec is 0.9895
2024-11-10 18:56:56 | INFO | train | task-0		C_M is 
[[532   0   0   0   0   0   0   0]
 [  0 541   0   0   0   0   2   0]
 [  0   0 522   0   0   0   0   0]
 [  0   2   0 511   1   0   0   0]
 [  8   4   0   0 493   0   3   3]
 [ 13   0   0   0   0 522   0   0]
 [  0   0   0   0   2   0 546   0]
 [  0   1   0   0   3   0   0 291]]
2024-11-10 18:57:35 | INFO | train | In dataset valid: Loss is [0.2042 0.2042 0.0000]
2024-11-10 18:57:35 | INFO | train | task-0		Acc is 0.9920, F1 is 0.9920
2024-11-10 18:57:35 | INFO | train | task-0		F1-macro is 0.9915, F1-micro is 0.9920
2024-11-10 18:57:35 | INFO | train | task-0		Pre is 0.9920, Rec is 0.9920
2024-11-10 18:57:35 | INFO | train | task-0		C_M is 
[[510   0   0   0   0   0   0   0]
 [  1 518   0   1   1   0   0   0]
 [  0   0 506   0   0   0   0   2]
 [  1   3   0 501   0   0   1   0]
 [  2   1   0   0 530   2   1   8]
 [  4   0   0   0   0 501   0   0]
 [  0   1   0   0   1   0 579   0]
 [  0   0   0   0   2   0   0 323]]
2024-11-10 18:58:15 | INFO | train | In dataset test: Loss is [0.2441 0.2441 0.0000]
2024-11-10 18:58:15 | INFO | train | task-0		Acc is 0.9912, F1 is 0.9912
2024-11-10 18:58:15 | INFO | train | task-0		F1-macro is 0.9906, F1-micro is 0.9912
2024-11-10 18:58:15 | INFO | train | task-0		Pre is 0.9912, Rec is 0.9912
2024-11-10 18:58:15 | INFO | train | task-0		C_M is 
[[523   0   0   0   0   0   0   0]
 [  2 531   0   0   0   0   1   0]
 [  0   0 548   0   0   0   0   1]
 [  0   2   0 571   1   0   1   0]
 [  5   2   0   0 494   1   2   6]
 [  8   0   0   0   0 526   0   0]
 [  0   0   0   0   0   0 500   0]
 [  0   0   0   0   3   0   0 272]]
2024-11-10 18:58:15 | INFO | train | The best f1_macro util now is 0.9923, at step 72
2024-11-10 18:58:15 | INFO | train | The best f1_micro util now is 0.9925, at step 72
2024-11-10 18:59:01 | INFO | train | ----------------------------------------------------------------------------------
2024-11-10 18:59:01 | INFO | train | Time of iter training 46.04 s
2024-11-10 18:59:01 | INFO | train | On iter step 96:, global step 24577 Loss-step [0.4066 0.4066 0.0000]
2024-11-10 18:59:41 | INFO | train | In dataset train: Loss is [0.1384 0.1384 0.0000]
2024-11-10 18:59:41 | INFO | train | task-0		Acc is 0.9925, F1 is 0.9925
2024-11-10 18:59:41 | INFO | train | task-0		F1-macro is 0.9923, F1-micro is 0.9925
2024-11-10 18:59:41 | INFO | train | task-0		Pre is 0.9925, Rec is 0.9925
2024-11-10 18:59:41 | INFO | train | task-0		C_M is 
[[523   0   0   0   0   9   0   0]
 [  1 539   0   0   1   0   2   0]
 [  0   0 522   0   0   0   0   0]
 [  0   1   0 512   1   0   0   0]
 [  1   0   0   0 504   0   5   1]
 [  2   0   0   0   0 533   0   0]
 [  0   0   0   0   0   0 548   0]
 [  0   1   0   0   5   0   0 289]]
2024-11-10 19:00:20 | INFO | train | In dataset valid: Loss is [0.1816 0.1816 0.0000]
2024-11-10 19:00:20 | INFO | train | task-0		Acc is 0.9928, F1 is 0.9928
2024-11-10 19:00:20 | INFO | train | task-0		F1-macro is 0.9925, F1-micro is 0.9928
2024-11-10 19:00:20 | INFO | train | task-0		Pre is 0.9928, Rec is 0.9928
2024-11-10 19:00:20 | INFO | train | task-0		C_M is 
[[502   0   0   0   0   8   0   0]
 [  1 519   0   0   1   0   0   0]
 [  0   0 506   0   1   0   0   1]
 [  1   2   0 503   0   0   0   0]
 [  0   0   0   0 536   2   3   3]
 [  1   0   0   0   0 504   0   0]
 [  0   0   0   0   1   0 580   0]
 [  0   1   0   0   3   0   0 321]]
2024-11-10 19:01:00 | INFO | train | In dataset test: Loss is [0.1699 0.1699 0.0000]
2024-11-10 19:01:00 | INFO | train | task-0		Acc is 0.9920, F1 is 0.9920
2024-11-10 19:01:00 | INFO | train | task-0		F1-macro is 0.9917, F1-micro is 0.9920
2024-11-10 19:01:00 | INFO | train | task-0		Pre is 0.9920, Rec is 0.9920
2024-11-10 19:01:00 | INFO | train | task-0		C_M is 
[[513   0   0   0   0  10   0   0]
 [  1 531   0   0   0   0   2   0]
 [  0   0 548   0   0   0   0   1]
 [  0   1   0 571   2   0   1   0]
 [  0   0   0   1 500   1   7   1]
 [  0   0   0   0   0 534   0   0]
 [  0   0   0   0   0   0 500   0]
 [  0   0   0   0   4   0   0 271]]
2024-11-10 19:01:00 | INFO | train | The best f1_macro util now is 0.9923, at step 72
2024-11-10 19:01:00 | INFO | train | The best f1_micro util now is 0.9925, at step 72
2024-11-10 19:01:45 | INFO | train | ----------------------------------------------------------------------------------
2024-11-10 19:01:45 | INFO | train | Time of iter training 45.70 s
2024-11-10 19:01:45 | INFO | train | On iter step 97:, global step 24833 Loss-step [0.2850 0.2850 0.0000]
2024-11-10 19:02:25 | INFO | train | In dataset train: Loss is [0.2050 0.2050 0.0000]
2024-11-10 19:02:25 | INFO | train | task-0		Acc is 0.9925, F1 is 0.9925
2024-11-10 19:02:25 | INFO | train | task-0		F1-macro is 0.9919, F1-micro is 0.9925
2024-11-10 19:02:25 | INFO | train | task-0		Pre is 0.9925, Rec is 0.9925
2024-11-10 19:02:25 | INFO | train | task-0		C_M is 
[[527   0   0   0   0   5   0   0]
 [  1 540   0   0   0   0   2   0]
 [  0   0 522   0   0   0   0   0]
 [  0   1   0 512   1   0   0   0]
 [  1   1   0   0 508   0   0   1]
 [  2   0   0   0   0 533   0   0]
 [  0   1   0   0   4   0 543   0]
 [  0   4   0   0   6   0   0 285]]
2024-11-10 19:03:04 | INFO | train | In dataset valid: Loss is [0.1811 0.1811 0.0000]
2024-11-10 19:03:04 | INFO | train | task-0		Acc is 0.9922, F1 is 0.9922
2024-11-10 19:03:04 | INFO | train | task-0		F1-macro is 0.9921, F1-micro is 0.9922
2024-11-10 19:03:04 | INFO | train | task-0		Pre is 0.9922, Rec is 0.9922
2024-11-10 19:03:04 | INFO | train | task-0		C_M is 
[[504   0   0   0   0   6   0   0]
 [  1 519   0   0   1   0   0   0]
 [  0   0 506   0   2   0   0   0]
 [  0   2   0 504   0   0   0   0]
 [  0   1   0   0 539   1   1   2]
 [  1   0   0   0   0 504   0   0]
 [  0   2   0   0   5   0 574   0]
 [  0   0   0   0   6   0   0 319]]
2024-11-10 19:03:43 | INFO | train | In dataset test: Loss is [0.1966 0.1966 0.0000]
2024-11-10 19:03:43 | INFO | train | task-0		Acc is 0.9918, F1 is 0.9918
2024-11-10 19:03:43 | INFO | train | task-0		F1-macro is 0.9913, F1-micro is 0.9918
2024-11-10 19:03:43 | INFO | train | task-0		Pre is 0.9918, Rec is 0.9918
2024-11-10 19:03:43 | INFO | train | task-0		C_M is 
[[516   0   0   0   0   7   0   0]
 [  1 531   0   0   1   0   1   0]
 [  0   0 548   0   1   0   0   0]
 [  0   2   0 571   1   0   1   0]
 [  0   2   0   1 505   1   0   1]
 [  1   0   0   0   0 533   0   0]
 [  0   0   0   0   5   0 495   0]
 [  0   2   0   0   5   0   0 268]]
2024-11-10 19:03:43 | INFO | train | The best f1_macro util now is 0.9923, at step 72
2024-11-10 19:03:43 | INFO | train | The best f1_micro util now is 0.9925, at step 72
2024-11-10 19:04:29 | INFO | train | ----------------------------------------------------------------------------------
2024-11-10 19:04:29 | INFO | train | Time of iter training 45.86 s
2024-11-10 19:04:29 | INFO | train | On iter step 98:, global step 25089 Loss-step [0.3087 0.3087 0.0000]
2024-11-10 19:05:09 | INFO | train | In dataset train: Loss is [0.4558 0.4558 0.0000]
2024-11-10 19:05:09 | INFO | train | task-0		Acc is 0.9910, F1 is 0.9910
2024-11-10 19:05:09 | INFO | train | task-0		F1-macro is 0.9908, F1-micro is 0.9910
2024-11-10 19:05:09 | INFO | train | task-0		Pre is 0.9910, Rec is 0.9910
2024-11-10 19:05:09 | INFO | train | task-0		C_M is 
[[529   0   0   0   0   3   0   0]
 [  0 538   0   3   0   0   2   0]
 [  0   0 522   0   0   0   0   0]
 [  0   0   0 512   1   1   0   0]
 [  3   1   0   1 499   1   6   0]
 [  7   0   0   0   0 528   0   0]
 [  0   0   0   0   0   0 548   0]
 [  0   0   0   1   6   0   0 288]]
2024-11-10 19:05:48 | INFO | train | In dataset valid: Loss is [0.4032 0.4032 0.0000]
2024-11-10 19:05:48 | INFO | train | task-0		Acc is 0.9922, F1 is 0.9922
2024-11-10 19:05:48 | INFO | train | task-0		F1-macro is 0.9922, F1-micro is 0.9922
2024-11-10 19:05:48 | INFO | train | task-0		Pre is 0.9922, Rec is 0.9922
2024-11-10 19:05:48 | INFO | train | task-0		C_M is 
[[505   0   0   0   0   5   0   0]
 [  1 519   0   0   1   0   0   0]
 [  0   0 506   0   2   0   0   0]
 [  0   0   0 504   1   0   1   0]
 [  0   0   0   0 535   2   7   0]
 [  2   0   0   2   0 501   0   0]
 [  0   0   0   0   0   0 581   0]
 [  1   0   0   0   6   0   0 318]]
2024-11-10 19:06:28 | INFO | train | In dataset test: Loss is [0.4433 0.4433 0.0000]
2024-11-10 19:06:28 | INFO | train | task-0		Acc is 0.9895, F1 is 0.9895
2024-11-10 19:06:28 | INFO | train | task-0		F1-macro is 0.9891, F1-micro is 0.9895
2024-11-10 19:06:28 | INFO | train | task-0		Pre is 0.9895, Rec is 0.9895
2024-11-10 19:06:28 | INFO | train | task-0		C_M is 
[[518   0   0   0   0   5   0   0]
 [  1 528   0   3   0   0   2   0]
 [  0   0 548   0   1   0   0   0]
 [  0   0   0 571   1   2   1   0]
 [  1   0   0   1 494   1  12   1]
 [  3   0   0   0   0 531   0   0]
 [  0   0   0   0   0   0 500   0]
 [  0   0   0   0   6   0   1 268]]
2024-11-10 19:06:28 | INFO | train | The best f1_macro util now is 0.9923, at step 72
2024-11-10 19:06:28 | INFO | train | The best f1_micro util now is 0.9925, at step 72
2024-11-10 19:07:09 | INFO | deepnet.data.dataset_text | Read next training chunk, data size is 54265
2024-11-10 19:07:17 | INFO | train | ----------------------------------------------------------------------------------
2024-11-10 19:07:17 | INFO | train | Time of iter training 49.27 s
2024-11-10 19:07:17 | INFO | train | On iter step 99:, global step 25345 Loss-step [0.2503 0.2503 0.0000]
2024-11-10 19:07:56 | INFO | train | In dataset train: Loss is [0.1937 0.1937 0.0000]
2024-11-10 19:07:56 | INFO | train | task-0		Acc is 0.9918, F1 is 0.9918
2024-11-10 19:07:56 | INFO | train | task-0		F1-macro is 0.9915, F1-micro is 0.9918
2024-11-10 19:07:56 | INFO | train | task-0		Pre is 0.9918, Rec is 0.9918
2024-11-10 19:07:56 | INFO | train | task-0		C_M is 
[[524   0   0   0   0   8   0   0]
 [  1 537   0   3   2   0   0   0]
 [  0   0 522   0   0   0   0   0]
 [  0   0   0 514   0   0   0   0]
 [  3   1   0   0 504   0   2   1]
 [  1   0   0   1   0 533   0   0]
 [  0   3   0   0   1   0 544   0]
 [  0   1   0   0   5   0   0 289]]
2024-11-10 19:08:35 | INFO | train | In dataset valid: Loss is [0.1468 0.1468 0.0000]
2024-11-10 19:08:35 | INFO | train | task-0		Acc is 0.9922, F1 is 0.9922
2024-11-10 19:08:35 | INFO | train | task-0		F1-macro is 0.9921, F1-micro is 0.9922
2024-11-10 19:08:35 | INFO | train | task-0		Pre is 0.9922, Rec is 0.9922
2024-11-10 19:08:35 | INFO | train | task-0		C_M is 
[[503   0   0   0   0   7   0   0]
 [  1 517   0   2   1   0   0   0]
 [  0   0 506   0   2   0   0   0]
 [  0   0   0 506   0   0   0   0]
 [  1   0   0   1 536   1   0   5]
 [  1   0   0   0   0 504   0   0]
 [  0   3   0   1   2   0 575   0]
 [  0   0   0   0   3   0   0 322]]
2024-11-10 19:09:15 | INFO | train | In dataset test: Loss is [0.1804 0.1804 0.0000]
2024-11-10 19:09:15 | INFO | train | task-0		Acc is 0.9925, F1 is 0.9925
2024-11-10 19:09:15 | INFO | train | task-0		F1-macro is 0.9922, F1-micro is 0.9925
2024-11-10 19:09:15 | INFO | train | task-0		Pre is 0.9925, Rec is 0.9925
2024-11-10 19:09:15 | INFO | train | task-0		C_M is 
[[515   0   0   1   0   7   0   0]
 [  1 531   0   0   0   0   2   0]
 [  0   0 548   0   1   0   0   0]
 [  0   0   0 574   1   0   0   0]
 [  0   0   0   3 503   1   1   2]
 [  2   0   0   0   0 532   0   0]
 [  0   1   0   0   3   0 496   0]
 [  0   0   0   0   4   0   0 271]]
2024-11-10 19:09:15 | INFO | train | The best f1_macro util now is 0.9923, at step 72
2024-11-10 19:09:15 | INFO | train | The best f1_micro util now is 0.9925, at step 72
2024-11-10 19:10:01 | INFO | train | ----------------------------------------------------------------------------------
2024-11-10 19:10:01 | INFO | train | Time of iter training 46.15 s
2024-11-10 19:10:01 | INFO | train | On iter step 100:, global step 25601 Loss-step [0.1929 0.1929 0.0000]
2024-11-10 19:10:41 | INFO | train | In dataset train: Loss is [0.2016 0.2016 0.0000]
2024-11-10 19:10:41 | INFO | train | task-0		Acc is 0.9915, F1 is 0.9915
2024-11-10 19:10:41 | INFO | train | task-0		F1-macro is 0.9912, F1-micro is 0.9915
2024-11-10 19:10:41 | INFO | train | task-0		Pre is 0.9915, Rec is 0.9915
2024-11-10 19:10:41 | INFO | train | task-0		C_M is 
[[532   0   0   0   0   0   0   0]
 [  0 538   0   3   0   0   2   0]
 [  0   0 522   0   0   0   0   0]
 [  0   0   0 514   0   0   0   0]
 [  2   1   0   3 498   0   4   3]
 [  9   0   0   1   0 525   0   0]
 [  0   0   0   0   1   0 547   0]
 [  0   1   0   0   4   0   0 290]]
2024-11-10 19:11:20 | INFO | train | In dataset valid: Loss is [0.1800 0.1800 0.0000]
2024-11-10 19:11:20 | INFO | train | task-0		Acc is 0.9940, F1 is 0.9940
2024-11-10 19:11:20 | INFO | train | task-0		F1-macro is 0.9937, F1-micro is 0.9940
2024-11-10 19:11:20 | INFO | train | task-0		Pre is 0.9940, Rec is 0.9940
2024-11-10 19:11:20 | INFO | train | task-0		C_M is 
[[509   0   0   0   0   1   0   0]
 [  1 518   0   1   1   0   0   0]
 [  0   0 506   0   2   0   0   0]
 [  0   0   0 506   0   0   0   0]
 [  0   0   0   4 532   1   1   6]
 [  1   0   0   1   0 503   0   0]
 [  0   0   0   0   1   0 580   0]
 [  1   0   0   0   2   0   0 322]]
2024-11-10 19:11:59 | INFO | train | In dataset test: Loss is [0.1976 0.1976 0.0000]
2024-11-10 19:11:59 | INFO | train | task-0		Acc is 0.9918, F1 is 0.9918
2024-11-10 19:11:59 | INFO | train | task-0		F1-macro is 0.9912, F1-micro is 0.9918
2024-11-10 19:11:59 | INFO | train | task-0		Pre is 0.9918, Rec is 0.9918
2024-11-10 19:11:59 | INFO | train | task-0		C_M is 
[[520   0   0   0   0   3   0   0]
 [  1 531   0   0   0   0   2   0]
 [  0   0 548   0   0   0   0   1]
 [  0   0   0 574   1   0   0   0]
 [  0   0   0   4 496   1   5   4]
 [  7   0   0   0   0 527   0   0]
 [  0   0   0   0   1   0 499   0]
 [  0   0   0   0   3   0   0 272]]
2024-11-10 19:11:59 | INFO | train | The best f1_macro util now is 0.9923, at step 72
2024-11-10 19:11:59 | INFO | train | The best f1_micro util now is 0.9925, at step 72
2024-11-10 19:12:45 | INFO | train | ----------------------------------------------------------------------------------
2024-11-10 19:12:45 | INFO | train | Time of iter training 45.82 s
2024-11-10 19:12:45 | INFO | train | On iter step 101:, global step 25857 Loss-step [0.2651 0.2651 0.0000]
2024-11-10 19:13:24 | INFO | train | In dataset train: Loss is [0.1531 0.1531 0.0000]
2024-11-10 19:13:24 | INFO | train | task-0		Acc is 0.9935, F1 is 0.9935
2024-11-10 19:13:24 | INFO | train | task-0		F1-macro is 0.9933, F1-micro is 0.9935
2024-11-10 19:13:24 | INFO | train | task-0		Pre is 0.9935, Rec is 0.9935
2024-11-10 19:13:24 | INFO | train | task-0		C_M is 
[[531   0   0   0   0   1   0   0]
 [  1 540   0   0   0   0   2   0]
 [  0   0 522   0   0   0   0   0]
 [  0   1   0 512   1   0   0   0]
 [  4   0   0   0 505   0   2   0]
 [  6   0   0   1   0 528   0   0]
 [  0   0   0   0   1   0 547   0]
 [  0   1   0   0   5   0   0 289]]
2024-11-10 19:14:04 | INFO | train | In dataset valid: Loss is [0.1435 0.1435 0.0000]
2024-11-10 19:14:04 | INFO | train | task-0		Acc is 0.9942, F1 is 0.9942
2024-11-10 19:14:04 | INFO | train | task-0		F1-macro is 0.9940, F1-micro is 0.9942
2024-11-10 19:14:04 | INFO | train | task-0		Pre is 0.9942, Rec is 0.9942
2024-11-10 19:14:04 | INFO | train | task-0		C_M is 
[[507   0   0   0   0   3   0   0]
 [  2 518   0   0   1   0   0   0]
 [  0   0 506   0   1   0   0   1]
 [  2   1   0 503   0   0   0   0]
 [  1   0   0   0 540   1   0   2]
 [  1   0   0   0   0 504   0   0]
 [  0   0   0   0   3   0 578   0]
 [  0   0   0   0   4   0   0 321]]
2024-11-10 19:14:43 | INFO | train | In dataset test: Loss is [0.1905 0.1905 0.0000]
2024-11-10 19:14:43 | INFO | train | task-0		Acc is 0.9935, F1 is 0.9935
2024-11-10 19:14:43 | INFO | train | task-0		F1-macro is 0.9931, F1-micro is 0.9935
2024-11-10 19:14:43 | INFO | train | task-0		Pre is 0.9935, Rec is 0.9935
2024-11-10 19:14:43 | INFO | train | task-0		C_M is 
[[521   0   0   0   0   2   0   0]
 [  1 530   0   0   1   0   2   0]
 [  0   0 548   0   0   0   0   1]
 [  0   1   0 572   2   0   0   0]
 [  0   1   0   0 506   1   1   1]
 [  5   0   0   0   0 529   0   0]
 [  0   0   0   0   3   0 497   0]
 [  0   0   0   0   4   0   0 271]]
2024-11-10 19:14:43 | INFO | train | The best f1_macro util now is 0.9923, at step 72
2024-11-10 19:14:43 | INFO | train | The best f1_micro util now is 0.9925, at step 72
2024-11-10 19:15:29 | INFO | train | ----------------------------------------------------------------------------------
2024-11-10 19:15:29 | INFO | train | Time of iter training 46.01 s
2024-11-10 19:15:29 | INFO | train | On iter step 102:, global step 26113 Loss-step [0.2172 0.2172 0.0000]
2024-11-10 19:16:09 | INFO | train | In dataset train: Loss is [0.1302 0.1302 0.0000]
2024-11-10 19:16:09 | INFO | train | task-0		Acc is 0.9932, F1 is 0.9932
2024-11-10 19:16:09 | INFO | train | task-0		F1-macro is 0.9931, F1-micro is 0.9932
2024-11-10 19:16:09 | INFO | train | task-0		Pre is 0.9932, Rec is 0.9932
2024-11-10 19:16:09 | INFO | train | task-0		C_M is 
[[531   0   0   0   0   1   0   0]
 [  1 539   0   1   0   0   2   0]
 [  0   0 522   0   0   0   0   0]
 [  0   0   0 513   1   0   0   0]
 [  2   0   0   0 505   0   4   0]
 [  7   0   0   1   0 527   0   0]
 [  0   0   0   0   1   0 547   0]
 [  0   1   0   0   5   0   0 289]]
2024-11-10 19:16:48 | INFO | train | In dataset valid: Loss is [0.1229 0.1229 0.0000]
2024-11-10 19:16:48 | INFO | train | task-0		Acc is 0.9948, F1 is 0.9948
2024-11-10 19:16:48 | INFO | train | task-0		F1-macro is 0.9944, F1-micro is 0.9948
2024-11-10 19:16:48 | INFO | train | task-0		Pre is 0.9948, Rec is 0.9948
2024-11-10 19:16:48 | INFO | train | task-0		C_M is 
[[509   0   0   0   0   1   0   0]
 [  2 518   0   0   1   0   0   0]
 [  0   0 506   0   1   0   0   1]
 [  1   1   0 504   0   0   0   0]
 [  1   0   0   0 541   1   1   0]
 [  1   0   0   0   0 504   0   0]
 [  0   0   0   0   1   0 580   0]
 [  0   0   0   0   8   0   0 317]]
2024-11-10 19:17:27 | INFO | train | In dataset test: Loss is [0.1707 0.1707 0.0000]
2024-11-10 19:17:27 | INFO | train | task-0		Acc is 0.9920, F1 is 0.9920
2024-11-10 19:17:27 | INFO | train | task-0		F1-macro is 0.9911, F1-micro is 0.9920
2024-11-10 19:17:27 | INFO | train | task-0		Pre is 0.9920, Rec is 0.9920
2024-11-10 19:17:27 | INFO | train | task-0		C_M is 
[[519   0   0   0   0   4   0   0]
 [  1 530   0   0   1   0   2   0]
 [  0   0 548   0   0   0   0   1]
 [  0   0   0 573   2   0   0   0]
 [  0   0   0   0 504   1   4   1]
 [  5   0   0   0   0 529   0   0]
 [  0   0   0   0   1   0 499   0]
 [  0   1   0   0   8   0   0 266]]
2024-11-10 19:17:27 | INFO | train | The best f1_macro util now is 0.9923, at step 72
2024-11-10 19:17:27 | INFO | train | The best f1_micro util now is 0.9925, at step 72
2024-11-10 19:18:14 | INFO | train | ----------------------------------------------------------------------------------
2024-11-10 19:18:14 | INFO | train | Time of iter training 46.27 s
2024-11-10 19:18:14 | INFO | train | On iter step 103:, global step 26369 Loss-step [0.1748 0.1748 0.0000]
2024-11-10 19:18:53 | INFO | train | In dataset train: Loss is [0.1334 0.1334 0.0000]
2024-11-10 19:18:53 | INFO | train | task-0		Acc is 0.9935, F1 is 0.9935
2024-11-10 19:18:53 | INFO | train | task-0		F1-macro is 0.9933, F1-micro is 0.9935
2024-11-10 19:18:53 | INFO | train | task-0		Pre is 0.9935, Rec is 0.9935
2024-11-10 19:18:53 | INFO | train | task-0		C_M is 
[[529   0   0   0   0   3   0   0]
 [  1 538   0   2   0   0   2   0]
 [  0   0 522   0   0   0   0   0]
 [  0   0   0 513   1   0   0   0]
 [  2   0   0   0 503   0   6   0]
 [  2   0   0   1   0 532   0   0]
 [  0   0   0   0   0   0 548   0]
 [  0   1   0   0   5   0   0 289]]
2024-11-10 19:19:33 | INFO | train | In dataset valid: Loss is [0.1291 0.1291 0.0000]
2024-11-10 19:19:33 | INFO | train | task-0		Acc is 0.9930, F1 is 0.9930
2024-11-10 19:19:33 | INFO | train | task-0		F1-macro is 0.9928, F1-micro is 0.9930
2024-11-10 19:19:33 | INFO | train | task-0		Pre is 0.9930, Rec is 0.9930
2024-11-10 19:19:33 | INFO | train | task-0		C_M is 
[[503   0   0   0   0   7   0   0]
 [  2 517   0   1   1   0   0   0]
 [  0   0 506   0   0   0   0   2]
 [  1   0   0 505   0   0   0   0]
 [  1   0   0   0 535   1   6   1]
 [  1   0   0   0   0 504   0   0]
 [  0   0   0   0   0   0 581   0]
 [  0   0   0   0   4   0   0 321]]
2024-11-10 19:20:13 | INFO | train | In dataset test: Loss is [0.1666 0.1666 0.0000]
2024-11-10 19:20:13 | INFO | train | task-0		Acc is 0.9918, F1 is 0.9918
2024-11-10 19:20:13 | INFO | train | task-0		F1-macro is 0.9913, F1-micro is 0.9918
2024-11-10 19:20:13 | INFO | train | task-0		Pre is 0.9918, Rec is 0.9918
2024-11-10 19:20:13 | INFO | train | task-0		C_M is 
[[518   0   0   0   0   5   0   0]
 [  1 530   0   0   0   0   3   0]
 [  0   0 548   0   0   0   0   1]
 [  0   0   0 572   3   0   0   0]
 [  0   0   0   1 497   1  10   1]
 [  2   0   0   0   0 532   0   0]
 [  0   0   0   0   0   0 500   0]
 [  0   0   0   0   5   0   0 270]]
2024-11-10 19:20:13 | INFO | train | The best f1_macro util now is 0.9923, at step 72
2024-11-10 19:20:13 | INFO | train | The best f1_micro util now is 0.9925, at step 72
2024-11-10 19:20:59 | INFO | train | ----------------------------------------------------------------------------------
2024-11-10 19:20:59 | INFO | train | Time of iter training 45.99 s
2024-11-10 19:20:59 | INFO | train | On iter step 104:, global step 26625 Loss-step [0.2896 0.2896 0.0000]
2024-11-10 19:21:38 | INFO | train | In dataset train: Loss is [0.1492 0.1492 0.0000]
2024-11-10 19:21:38 | INFO | train | task-0		Acc is 0.9925, F1 is 0.9925
2024-11-10 19:21:38 | INFO | train | task-0		F1-macro is 0.9923, F1-micro is 0.9925
2024-11-10 19:21:38 | INFO | train | task-0		Pre is 0.9925, Rec is 0.9925
2024-11-10 19:21:38 | INFO | train | task-0		C_M is 
[[531   0   0   1   0   0   0   0]
 [  0 538   0   1   2   0   2   0]
 [  0   0 522   0   0   0   0   0]
 [  0   0   0 513   1   0   0   0]
 [  0   1   0   1 502   0   2   5]
 [  9   0   0   2   0 524   0   0]
 [  0   0   0   0   2   0 546   0]
 [  0   0   0   0   1   0   0 294]]
2024-11-10 19:22:18 | INFO | train | In dataset valid: Loss is [0.1507 0.1507 0.0000]
2024-11-10 19:22:18 | INFO | train | task-0		Acc is 0.9930, F1 is 0.9930
2024-11-10 19:22:18 | INFO | train | task-0		F1-macro is 0.9923, F1-micro is 0.9930
2024-11-10 19:22:18 | INFO | train | task-0		Pre is 0.9930, Rec is 0.9930
2024-11-10 19:22:18 | INFO | train | task-0		C_M is 
[[509   0   0   1   0   0   0   0]
 [  1 519   0   0   1   0   0   0]
 [  0   0 506   0   1   0   0   1]
 [  1   0   0 504   0   1   0   0]
 [  1   0   0   0 530   1   1  11]
 [  2   0   0   0   0 503   0   0]
 [  0   0   0   0   2   0 579   0]
 [  1   0   0   0   2   0   0 322]]
2024-11-10 19:22:58 | INFO | train | In dataset test: Loss is [0.2182 0.2182 0.0000]
2024-11-10 19:22:59 | INFO | train | task-0		Acc is 0.9922, F1 is 0.9922
2024-11-10 19:22:59 | INFO | train | task-0		F1-macro is 0.9918, F1-micro is 0.9922
2024-11-10 19:22:59 | INFO | train | task-0		Pre is 0.9922, Rec is 0.9922
2024-11-10 19:22:59 | INFO | train | task-0		C_M is 
[[520   0   0   1   0   2   0   0]
 [  1 531   0   0   0   0   2   0]
 [  0   0 548   0   0   0   0   1]
 [  0   0   0 572   3   0   0   0]
 [  0   0   0   2 501   1   1   5]
 [  5   0   0   2   0 527   0   0]
 [  0   0   0   0   3   0 497   0]
 [  0   0   0   0   2   0   0 273]]
2024-11-10 19:22:59 | INFO | train | The best f1_macro util now is 0.9923, at step 72
2024-11-10 19:22:59 | INFO | train | The best f1_micro util now is 0.9925, at step 72
2024-11-10 19:23:44 | INFO | train | ----------------------------------------------------------------------------------
2024-11-10 19:23:44 | INFO | train | Time of iter training 45.84 s
2024-11-10 19:23:44 | INFO | train | On iter step 105:, global step 26881 Loss-step [0.1200 0.1200 0.0000]
2024-11-10 19:24:24 | INFO | train | In dataset train: Loss is [0.1181 0.1181 0.0000]
2024-11-10 19:24:24 | INFO | train | task-0		Acc is 0.9938, F1 is 0.9938
2024-11-10 19:24:24 | INFO | train | task-0		F1-macro is 0.9935, F1-micro is 0.9938
2024-11-10 19:24:24 | INFO | train | task-0		Pre is 0.9938, Rec is 0.9938
2024-11-10 19:24:24 | INFO | train | task-0		C_M is 
[[531   0   0   0   0   1   0   0]
 [  0 539   0   1   1   0   2   0]
 [  0   0 522   0   0   0   0   0]
 [  0   0   0 513   1   0   0   0]
 [  0   0   0   0 507   0   1   3]
 [  9   0   0   1   0 525   0   0]
 [  0   0   0   0   2   0 546   0]
 [  0   0   0   0   3   0   0 292]]
2024-11-10 19:25:03 | INFO | train | In dataset valid: Loss is [0.1270 0.1270 0.0000]
2024-11-10 19:25:03 | INFO | train | task-0		Acc is 0.9938, F1 is 0.9938
2024-11-10 19:25:03 | INFO | train | task-0		F1-macro is 0.9932, F1-micro is 0.9938
2024-11-10 19:25:03 | INFO | train | task-0		Pre is 0.9938, Rec is 0.9938
2024-11-10 19:25:03 | INFO | train | task-0		C_M is 
[[510   0   0   0   0   0   0   0]
 [  1 519   0   0   1   0   0   0]
 [  0   0 506   0   1   0   0   1]
 [  1   0   0 503   2   0   0   0]
 [  0   0   0   0 534   1   0   9]
 [  2   0   0   0   0 503   0   0]
 [  0   0   0   0   3   0 578   0]
 [  0   0   0   0   3   0   0 322]]
2024-11-10 19:25:44 | INFO | train | In dataset test: Loss is [0.1753 0.1753 0.0000]
2024-11-10 19:25:44 | INFO | train | task-0		Acc is 0.9935, F1 is 0.9935
2024-11-10 19:25:44 | INFO | train | task-0		F1-macro is 0.9930, F1-micro is 0.9935
2024-11-10 19:25:44 | INFO | train | task-0		Pre is 0.9935, Rec is 0.9935
2024-11-10 19:25:44 | INFO | train | task-0		C_M is 
[[521   0   0   0   0   2   0   0]
 [  1 531   0   0   0   0   2   0]
 [  0   0 548   0   0   0   0   1]
 [  0   0   0 572   3   0   0   0]
 [  0   0   0   0 505   1   1   3]
 [  6   0   0   0   0 528   0   0]
 [  0   0   0   0   3   0 497   0]
 [  0   0   0   0   3   0   0 272]]
2024-11-10 19:25:44 | INFO | train | The best f1_macro util now is 0.9923, at step 72
2024-11-10 19:25:44 | INFO | train | The best f1_micro util now is 0.9925, at step 72
2024-11-10 19:26:30 | INFO | train | ----------------------------------------------------------------------------------
2024-11-10 19:26:30 | INFO | train | Time of iter training 45.97 s
2024-11-10 19:26:30 | INFO | train | On iter step 106:, global step 27137 Loss-step [0.2013 0.2013 0.0000]
2024-11-10 19:27:09 | INFO | train | In dataset train: Loss is [0.1550 0.1550 0.0000]
2024-11-10 19:27:09 | INFO | train | task-0		Acc is 0.9935, F1 is 0.9935
2024-11-10 19:27:09 | INFO | train | task-0		F1-macro is 0.9933, F1-micro is 0.9935
2024-11-10 19:27:09 | INFO | train | task-0		Pre is 0.9935, Rec is 0.9935
2024-11-10 19:27:09 | INFO | train | task-0		C_M is 
[[529   0   0   1   1   1   0   0]
 [  0 538   0   2   1   0   2   0]
 [  0   0 522   0   0   0   0   0]
 [  0   0   0 513   1   0   0   0]
 [  0   0   0   0 507   0   4   0]
 [  5   0   0   2   0 528   0   0]
 [  0   0   0   0   0   0 548   0]
 [  0   1   0   0   5   0   0 289]]
2024-11-10 19:27:48 | INFO | train | In dataset valid: Loss is [0.1543 0.1543 0.0000]
2024-11-10 19:27:48 | INFO | train | task-0		Acc is 0.9955, F1 is 0.9955
2024-11-10 19:27:48 | INFO | train | task-0		F1-macro is 0.9951, F1-micro is 0.9955
2024-11-10 19:27:48 | INFO | train | task-0		Pre is 0.9955, Rec is 0.9955
2024-11-10 19:27:48 | INFO | train | task-0		C_M is 
[[509   0   0   1   0   0   0   0]
 [  1 519   0   0   1   0   0   0]
 [  0   0 506   0   1   0   0   1]
 [  0   0   0 506   0   0   0   0]
 [  0   0   0   0 542   1   1   0]
 [  2   0   0   0   0 503   0   0]
 [  0   0   0   0   1   0 580   0]
 [  0   0   0   0   8   0   0 317]]
2024-11-10 19:28:28 | INFO | train | In dataset test: Loss is [0.2283 0.2283 0.0000]
2024-11-10 19:28:28 | INFO | train | task-0		Acc is 0.9925, F1 is 0.9925
2024-11-10 19:28:28 | INFO | train | task-0		F1-macro is 0.9919, F1-micro is 0.9925
2024-11-10 19:28:28 | INFO | train | task-0		Pre is 0.9925, Rec is 0.9925
2024-11-10 19:28:28 | INFO | train | task-0		C_M is 
[[519   1   0   1   0   2   0   0]
 [  1 531   0   0   0   0   2   0]
 [  0   0 548   0   0   0   0   1]
 [  0   0   0 572   3   0   0   0]
 [  0   0   0   0 504   1   4   1]
 [  4   2   0   0   0 528   0   0]
 [  0   0   0   0   0   0 500   0]
 [  0   0   0   0   7   0   0 268]]
2024-11-10 19:28:28 | INFO | train | The best f1_macro util now is 0.9923, at step 72
2024-11-10 19:28:28 | INFO | train | The best f1_micro util now is 0.9925, at step 72
2024-11-10 19:29:14 | INFO | train | ----------------------------------------------------------------------------------
2024-11-10 19:29:14 | INFO | train | Time of iter training 46.21 s
2024-11-10 19:29:14 | INFO | train | On iter step 107:, global step 27393 Loss-step [0.2586 0.2586 0.0000]
2024-11-10 19:29:53 | INFO | train | In dataset train: Loss is [0.1435 0.1435 0.0000]
2024-11-10 19:29:53 | INFO | train | task-0		Acc is 0.9900, F1 is 0.9900
2024-11-10 19:29:53 | INFO | train | task-0		F1-macro is 0.9902, F1-micro is 0.9900
2024-11-10 19:29:53 | INFO | train | task-0		Pre is 0.9900, Rec is 0.9900
2024-11-10 19:29:53 | INFO | train | task-0		C_M is 
[[530   0   0   1   0   0   1   0]
 [  0 539   0   1   1   0   2   0]
 [  0   0 522   0   0   0   0   0]
 [  0   0   0 513   1   0   0   0]
 [  0   1   0   0 494   0  16   0]
 [ 10   0   0   2   0 523   0   0]
 [  0   0   0   0   0   0 548   0]
 [  0   1   0   0   3   0   0 291]]
2024-11-10 19:30:32 | INFO | train | In dataset valid: Loss is [0.1479 0.1479 0.0000]
2024-11-10 19:30:32 | INFO | train | task-0		Acc is 0.9915, F1 is 0.9915
2024-11-10 19:30:32 | INFO | train | task-0		F1-macro is 0.9913, F1-micro is 0.9915
2024-11-10 19:30:32 | INFO | train | task-0		Pre is 0.9915, Rec is 0.9915
2024-11-10 19:30:32 | INFO | train | task-0		C_M is 
[[508   1   0   1   0   0   0   0]
 [  1 519   0   0   1   0   0   0]
 [  0   0 506   0   0   0   0   2]
 [  0   1   0 503   0   1   1   0]
 [  0   0   0   0 525   1  13   5]
 [  3   0   0   0   0 502   0   0]
 [  0   0   0   0   0   0 581   0]
 [  0   0   0   0   3   0   0 322]]
2024-11-10 19:31:12 | INFO | train | In dataset test: Loss is [0.2207 0.2207 0.0000]
2024-11-10 19:31:12 | INFO | train | task-0		Acc is 0.9892, F1 is 0.9892
2024-11-10 19:31:12 | INFO | train | task-0		F1-macro is 0.9889, F1-micro is 0.9892
2024-11-10 19:31:12 | INFO | train | task-0		Pre is 0.9892, Rec is 0.9892
2024-11-10 19:31:12 | INFO | train | task-0		C_M is 
[[518   3   0   1   0   1   0   0]
 [  1 531   0   0   0   0   2   0]
 [  0   0 548   0   0   0   0   1]
 [  0   0   0 572   1   1   1   0]
 [  0   0   0   0 489   1  17   3]
 [  5   2   0   0   0 527   0   0]
 [  0   0   0   0   0   0 500   0]
 [  0   0   0   0   3   0   0 272]]
2024-11-10 19:31:12 | INFO | train | The best f1_macro util now is 0.9923, at step 72
2024-11-10 19:31:12 | INFO | train | The best f1_micro util now is 0.9925, at step 72
2024-11-10 19:31:58 | INFO | train | ----------------------------------------------------------------------------------
2024-11-10 19:31:58 | INFO | train | Time of iter training 46.01 s
2024-11-10 19:31:58 | INFO | train | On iter step 108:, global step 27649 Loss-step [0.1350 0.1350 0.0000]
2024-11-10 19:32:37 | INFO | train | In dataset train: Loss is [0.1388 0.1388 0.0000]
2024-11-10 19:32:37 | INFO | train | task-0		Acc is 0.9910, F1 is 0.9910
2024-11-10 19:32:37 | INFO | train | task-0		F1-macro is 0.9908, F1-micro is 0.9910
2024-11-10 19:32:37 | INFO | train | task-0		Pre is 0.9910, Rec is 0.9910
2024-11-10 19:32:37 | INFO | train | task-0		C_M is 
[[532   0   0   0   0   0   0   0]
 [  0 538   0   3   0   0   2   0]
 [  0   0 522   0   0   0   0   0]
 [  0   0   0 513   1   0   0   0]
 [  0   0   0   0 499   0  11   1]
 [ 10   0   0   2   0 523   0   0]
 [  0   0   0   0   0   0 548   0]
 [  0   0   0   1   5   0   0 289]]
2024-11-10 19:33:17 | INFO | train | In dataset valid: Loss is [0.1367 0.1367 0.0000]
2024-11-10 19:33:17 | INFO | train | task-0		Acc is 0.9935, F1 is 0.9935
2024-11-10 19:33:17 | INFO | train | task-0		F1-macro is 0.9935, F1-micro is 0.9935
2024-11-10 19:33:17 | INFO | train | task-0		Pre is 0.9935, Rec is 0.9935
2024-11-10 19:33:17 | INFO | train | task-0		C_M is 
[[510   0   0   0   0   0   0   0]
 [  1 518   0   1   1   0   0   0]
 [  2   0 506   0   0   0   0   0]
 [  0   0   0 506   0   0   0   0]
 [  0   0   0   0 530   1  11   2]
 [  3   0   0   0   0 502   0   0]
 [  0   0   0   0   0   0 581   0]
 [  1   0   0   0   3   0   0 321]]
2024-11-10 19:33:56 | INFO | train | In dataset test: Loss is [0.2003 0.2003 0.0000]
2024-11-10 19:33:56 | INFO | train | task-0		Acc is 0.9910, F1 is 0.9910
2024-11-10 19:33:56 | INFO | train | task-0		F1-macro is 0.9908, F1-micro is 0.9910
2024-11-10 19:33:56 | INFO | train | task-0		Pre is 0.9910, Rec is 0.9910
2024-11-10 19:33:56 | INFO | train | task-0		C_M is 
[[521   1   0   0   0   1   0   0]
 [  1 531   0   0   0   0   2   0]
 [  0   0 548   0   0   1   0   0]
 [  0   0   0 572   1   1   1   0]
 [  0   0   0   0 494   1  14   1]
 [  5   2   0   0   0 527   0   0]
 [  0   0   0   0   0   0 500   0]
 [  0   0   0   0   4   0   0 271]]
2024-11-10 19:33:56 | INFO | train | The best f1_macro util now is 0.9923, at step 72
2024-11-10 19:33:56 | INFO | train | The best f1_micro util now is 0.9925, at step 72
2024-11-10 19:34:42 | INFO | train | ----------------------------------------------------------------------------------
2024-11-10 19:34:42 | INFO | train | Time of iter training 46.15 s
2024-11-10 19:34:42 | INFO | train | On iter step 109:, global step 27905 Loss-step [0.2080 0.2080 0.0000]
2024-11-10 19:35:22 | INFO | train | In dataset train: Loss is [0.1295 0.1295 0.0000]
2024-11-10 19:35:22 | INFO | train | task-0		Acc is 0.9928, F1 is 0.9928
2024-11-10 19:35:22 | INFO | train | task-0		F1-macro is 0.9924, F1-micro is 0.9928
2024-11-10 19:35:22 | INFO | train | task-0		Pre is 0.9928, Rec is 0.9928
2024-11-10 19:35:22 | INFO | train | task-0		C_M is 
[[531   0   0   0   0   1   0   0]
 [  0 538   0   1   0   2   2   0]
 [  0   0 522   0   0   0   0   0]
 [  0   0   0 514   0   0   0   0]
 [  0   0   0   0 501   0   7   3]
 [  7   0   0   1   0 527   0   0]
 [  0   0   0   0   0   0 548   0]
 [  0   0   0   1   4   0   0 290]]
2024-11-10 19:36:01 | INFO | train | In dataset valid: Loss is [0.1367 0.1367 0.0000]
2024-11-10 19:36:01 | INFO | train | task-0		Acc is 0.9932, F1 is 0.9932
2024-11-10 19:36:01 | INFO | train | task-0		F1-macro is 0.9931, F1-micro is 0.9932
2024-11-10 19:36:01 | INFO | train | task-0		Pre is 0.9932, Rec is 0.9932
2024-11-10 19:36:01 | INFO | train | task-0		C_M is 
[[510   0   0   0   0   0   0   0]
 [  1 519   0   0   1   0   0   0]
 [  0   0 506   2   0   0   0   0]
 [  0   0   0 505   0   1   0   0]
 [  0   0   0   0 528   3   8   5]
 [  3   0   0   0   0 502   0   0]
 [  0   0   0   0   0   0 581   0]
 [  1   0   0   0   2   0   0 322]]
2024-11-10 19:36:40 | INFO | train | In dataset test: Loss is [0.1851 0.1851 0.0000]
2024-11-10 19:36:40 | INFO | train | task-0		Acc is 0.9918, F1 is 0.9918
2024-11-10 19:36:40 | INFO | train | task-0		F1-macro is 0.9913, F1-micro is 0.9918
2024-11-10 19:36:40 | INFO | train | task-0		Pre is 0.9918, Rec is 0.9918
2024-11-10 19:36:40 | INFO | train | task-0		C_M is 
[[522   0   0   0   0   1   0   0]
 [  1 531   0   0   0   0   2   0]
 [  0   0 548   0   0   0   0   1]
 [  0   0   0 572   1   1   1   0]
 [  0   0   0   0 495   1  12   2]
 [  6   0   0   0   0 528   0   0]
 [  0   0   0   0   0   0 500   0]
 [  0   0   0   0   3   1   0 271]]
2024-11-10 19:36:40 | INFO | train | The best f1_macro util now is 0.9923, at step 72
2024-11-10 19:36:40 | INFO | train | The best f1_micro util now is 0.9925, at step 72
2024-11-10 19:37:26 | INFO | train | ----------------------------------------------------------------------------------
2024-11-10 19:37:26 | INFO | train | Time of iter training 45.97 s
2024-11-10 19:37:26 | INFO | train | On iter step 110:, global step 28161 Loss-step [0.2594 0.2594 0.0000]
2024-11-10 19:38:06 | INFO | train | In dataset train: Loss is [0.1489 0.1489 0.0000]
2024-11-10 19:38:06 | INFO | train | task-0		Acc is 0.9930, F1 is 0.9930
2024-11-10 19:38:06 | INFO | train | task-0		F1-macro is 0.9928, F1-micro is 0.9930
2024-11-10 19:38:06 | INFO | train | task-0		Pre is 0.9930, Rec is 0.9930
2024-11-10 19:38:06 | INFO | train | task-0		C_M is 
[[525   0   0   0   1   6   0   0]
 [  0 538   0   2   1   1   1   0]
 [  0   0 522   0   0   0   0   0]
 [  0   0   0 513   1   0   0   0]
 [  0   0   0   0 511   0   0   0]
 [  1   0   0   2   0 532   0   0]
 [  0   1   0   0   5   0 542   0]
 [  0   0   0   1   5   0   0 289]]
2024-11-10 19:38:45 | INFO | train | In dataset valid: Loss is [0.1189 0.1189 0.0000]
2024-11-10 19:38:45 | INFO | train | task-0		Acc is 0.9948, F1 is 0.9948
2024-11-10 19:38:45 | INFO | train | task-0		F1-macro is 0.9947, F1-micro is 0.9948
2024-11-10 19:38:45 | INFO | train | task-0		Pre is 0.9948, Rec is 0.9948
2024-11-10 19:38:45 | INFO | train | task-0		C_M is 
[[505   0   0   0   0   5   0   0]
 [  1 519   0   0   1   0   0   0]
 [  0   0 506   2   0   0   0   0]
 [  0   0   0 505   0   1   0   0]
 [  0   0   0   0 542   1   0   1]
 [  1   0   0   0   0 504   0   0]
 [  0   0   0   0   5   0 576   0]
 [  0   0   0   0   3   0   0 322]]
2024-11-10 19:39:25 | INFO | train | In dataset test: Loss is [0.2052 0.2052 0.0000]
2024-11-10 19:39:25 | INFO | train | task-0		Acc is 0.9938, F1 is 0.9938
2024-11-10 19:39:25 | INFO | train | task-0		F1-macro is 0.9933, F1-micro is 0.9938
2024-11-10 19:39:25 | INFO | train | task-0		Pre is 0.9938, Rec is 0.9938
2024-11-10 19:39:25 | INFO | train | task-0		C_M is 
[[518   0   0   1   0   4   0   0]
 [  0 532   0   0   0   0   2   0]
 [  0   0 548   0   0   0   0   1]
 [  0   0   0 572   3   0   0   0]
 [  0   0   0   0 508   1   0   1]
 [  1   0   0   2   0 531   0   0]
 [  0   0   0   0   4   0 496   0]
 [  0   0   0   0   5   0   0 270]]
2024-11-10 19:39:25 | INFO | train | The best f1_macro util now is 0.9923, at step 72
2024-11-10 19:39:25 | INFO | train | The best f1_micro util now is 0.9925, at step 72
2024-11-10 19:40:11 | INFO | train | ----------------------------------------------------------------------------------
2024-11-10 19:40:11 | INFO | train | Time of iter training 46.13 s
2024-11-10 19:40:11 | INFO | train | On iter step 111:, global step 28417 Loss-step [0.3063 0.3063 0.0000]
2024-11-10 19:40:50 | INFO | train | In dataset train: Loss is [0.1353 0.1353 0.0000]
2024-11-10 19:40:50 | INFO | train | task-0		Acc is 0.9935, F1 is 0.9935
2024-11-10 19:40:50 | INFO | train | task-0		F1-macro is 0.9935, F1-micro is 0.9935
2024-11-10 19:40:50 | INFO | train | task-0		Pre is 0.9935, Rec is 0.9935
2024-11-10 19:40:50 | INFO | train | task-0		C_M is 
[[531   0   0   0   1   0   0   0]
 [  0 538   0   3   2   0   0   0]
 [  0   0 522   0   0   0   0   0]
 [  0   0   0 513   1   0   0   0]
 [  0   0   0   0 505   0   4   2]
 [  8   0   0   2   0 525   0   0]
 [  0   0   0   0   1   0 547   0]
 [  0   0   0   1   1   0   0 293]]
2024-11-10 19:41:29 | INFO | train | In dataset valid: Loss is [0.1464 0.1464 0.0000]
2024-11-10 19:41:29 | INFO | train | task-0		Acc is 0.9945, F1 is 0.9945
2024-11-10 19:41:29 | INFO | train | task-0		F1-macro is 0.9944, F1-micro is 0.9945
2024-11-10 19:41:29 | INFO | train | task-0		Pre is 0.9945, Rec is 0.9945
2024-11-10 19:41:29 | INFO | train | task-0		C_M is 
[[510   0   0   0   0   0   0   0]
 [  1 519   0   0   1   0   0   0]
 [  0   0 506   1   1   0   0   0]
 [  0   0   0 505   1   0   0   0]
 [  0   0   0   0 535   1   4   4]
 [  2   0   0   0   0 503   0   0]
 [  0   0   0   0   3   0 578   0]
 [  1   0   0   0   2   0   0 322]]
2024-11-10 19:42:09 | INFO | train | In dataset test: Loss is [0.2053 0.2053 0.0000]
2024-11-10 19:42:09 | INFO | train | task-0		Acc is 0.9922, F1 is 0.9922
2024-11-10 19:42:09 | INFO | train | task-0		F1-macro is 0.9917, F1-micro is 0.9922
2024-11-10 19:42:09 | INFO | train | task-0		Pre is 0.9922, Rec is 0.9922
2024-11-10 19:42:09 | INFO | train | task-0		C_M is 
[[520   0   0   1   0   2   0   0]
 [  0 532   0   0   0   0   2   0]
 [  0   0 548   0   0   0   0   1]
 [  0   0   0 572   3   0   0   0]
 [  0   0   0   1 501   1   4   3]
 [  4   0   0   2   0 528   0   0]
 [  0   0   0   0   3   0 497   0]
 [  0   0   0   0   4   0   0 271]]
2024-11-10 19:42:09 | INFO | train | The best f1_macro util now is 0.9923, at step 72
2024-11-10 19:42:09 | INFO | train | The best f1_micro util now is 0.9925, at step 72
2024-11-10 19:42:55 | INFO | train | ----------------------------------------------------------------------------------
2024-11-10 19:42:55 | INFO | train | Time of iter training 45.92 s
2024-11-10 19:42:55 | INFO | train | On iter step 112:, global step 28673 Loss-step [0.1672 0.1672 0.0000]
2024-11-10 19:43:34 | INFO | train | In dataset train: Loss is [0.1472 0.1472 0.0000]
2024-11-10 19:43:34 | INFO | train | task-0		Acc is 0.9948, F1 is 0.9948
2024-11-10 19:43:34 | INFO | train | task-0		F1-macro is 0.9944, F1-micro is 0.9948
2024-11-10 19:43:34 | INFO | train | task-0		Pre is 0.9948, Rec is 0.9948
2024-11-10 19:43:34 | INFO | train | task-0		C_M is 
[[531   0   0   0   0   1   0   0]
 [  0 538   0   3   2   0   0   0]
 [  0   0 522   0   0   0   0   0]
 [  0   0   0 513   1   0   0   0]
 [  0   0   0   0 511   0   0   0]
 [  4   0   0   2   0 529   0   0]
 [  0   0   0   0   2   0 546   0]
 [  0   0   0   1   5   0   0 289]]
2024-11-10 19:44:13 | INFO | train | In dataset valid: Loss is [0.1411 0.1411 0.0000]
2024-11-10 19:44:13 | INFO | train | task-0		Acc is 0.9958, F1 is 0.9958
2024-11-10 19:44:13 | INFO | train | task-0		F1-macro is 0.9956, F1-micro is 0.9958
2024-11-10 19:44:13 | INFO | train | task-0		Pre is 0.9958, Rec is 0.9958
2024-11-10 19:44:13 | INFO | train | task-0		C_M is 
[[508   0   0   0   0   2   0   0]
 [  1 519   0   0   1   0   0   0]
 [  0   0 506   1   1   0   0   0]
 [  0   1   0 504   1   0   0   0]
 [  0   0   0   0 542   1   0   1]
 [  1   0   0   0   0 504   0   0]
 [  0   0   0   0   2   0 579   0]
 [  0   1   0   0   3   0   0 321]]
2024-11-10 19:44:53 | INFO | train | In dataset test: Loss is [0.2533 0.2533 0.0000]
2024-11-10 19:44:53 | INFO | train | task-0		Acc is 0.9930, F1 is 0.9930
2024-11-10 19:44:53 | INFO | train | task-0		F1-macro is 0.9927, F1-micro is 0.9930
2024-11-10 19:44:53 | INFO | train | task-0		Pre is 0.9930, Rec is 0.9930
2024-11-10 19:44:53 | INFO | train | task-0		C_M is 
[[520   1   0   0   0   2   0   0]
 [  1 531   0   0   0   0   2   0]
 [  0   1 548   0   0   0   0   0]
 [  0   0   0 572   3   0   0   0]
 [  0   0   0   1 507   1   0   1]
 [  4   2   0   0   0 528   0   0]
 [  0   0   0   0   4   0 496   0]
 [  0   0   0   0   5   0   0 270]]
2024-11-10 19:44:53 | INFO | train | The best f1_macro util now is 0.9923, at step 72
2024-11-10 19:44:56 | INFO | train | The best f1_micro util now is 0.9930, at step 112
2024-11-10 19:45:42 | INFO | train | ----------------------------------------------------------------------------------
2024-11-10 19:45:42 | INFO | train | Time of iter training 46.01 s
2024-11-10 19:45:42 | INFO | train | On iter step 113:, global step 28929 Loss-step [0.1789 0.1789 0.0000]
2024-11-10 19:46:21 | INFO | train | In dataset train: Loss is [0.1383 0.1383 0.0000]
2024-11-10 19:46:21 | INFO | train | task-0		Acc is 0.9930, F1 is 0.9930
2024-11-10 19:46:21 | INFO | train | task-0		F1-macro is 0.9928, F1-micro is 0.9930
2024-11-10 19:46:21 | INFO | train | task-0		Pre is 0.9930, Rec is 0.9930
2024-11-10 19:46:21 | INFO | train | task-0		C_M is 
[[523   0   0   0   0   9   0   0]
 [  0 538   0   3   2   0   0   0]
 [  0   0 522   0   0   0   0   0]
 [  0   0   0 513   1   0   0   0]
 [  0   0   0   0 506   1   4   0]
 [  0   0   0   2   0 533   0   0]
 [  0   0   0   0   0   0 548   0]
 [  0   0   0   1   5   0   0 289]]
2024-11-10 19:47:00 | INFO | train | In dataset valid: Loss is [0.1456 0.1456 0.0000]
2024-11-10 19:47:00 | INFO | train | task-0		Acc is 0.9938, F1 is 0.9938
2024-11-10 19:47:00 | INFO | train | task-0		F1-macro is 0.9936, F1-micro is 0.9938
2024-11-10 19:47:00 | INFO | train | task-0		Pre is 0.9938, Rec is 0.9938
2024-11-10 19:47:00 | INFO | train | task-0		C_M is 
[[501   0   0   0   0   9   0   0]
 [  1 519   0   0   1   0   0   0]
 [  0   0 506   2   0   0   0   0]
 [  0   0   0 504   1   1   0   0]
 [  0   0   0   0 539   2   1   2]
 [  0   0   0   0   0 505   0   0]
 [  0   0   0   0   1   0 580   0]
 [  0   0   0   0   4   0   0 321]]
2024-11-10 19:47:40 | INFO | train | In dataset test: Loss is [0.2349 0.2349 0.0000]
2024-11-10 19:47:40 | INFO | train | task-0		Acc is 0.9928, F1 is 0.9928
2024-11-10 19:47:40 | INFO | train | task-0		F1-macro is 0.9924, F1-micro is 0.9928
2024-11-10 19:47:40 | INFO | train | task-0		Pre is 0.9928, Rec is 0.9928
2024-11-10 19:47:40 | INFO | train | task-0		C_M is 
[[514   0   0   0   0   9   0   0]
 [  1 531   0   0   0   0   2   0]
 [  0   0 548   0   0   1   0   0]
 [  0   0   0 572   3   0   0   0]
 [  0   0   0   1 504   1   3   1]
 [  0   0   0   0   0 534   0   0]
 [  0   0   0   0   2   0 498   0]
 [  0   0   0   0   5   0   0 270]]
2024-11-10 19:47:40 | INFO | train | The best f1_macro util now is 0.9923, at step 72
2024-11-10 19:47:40 | INFO | train | The best f1_micro util now is 0.9930, at step 112
2024-11-10 19:48:26 | INFO | train | ----------------------------------------------------------------------------------
2024-11-10 19:48:26 | INFO | train | Time of iter training 46.00 s
2024-11-10 19:48:26 | INFO | train | On iter step 114:, global step 29185 Loss-step [0.1631 0.1631 0.0000]
2024-11-10 19:49:05 | INFO | train | In dataset train: Loss is [0.1624 0.1624 0.0000]
2024-11-10 19:49:05 | INFO | train | task-0		Acc is 0.9928, F1 is 0.9928
2024-11-10 19:49:05 | INFO | train | task-0		F1-macro is 0.9925, F1-micro is 0.9928
2024-11-10 19:49:05 | INFO | train | task-0		Pre is 0.9928, Rec is 0.9928
2024-11-10 19:49:05 | INFO | train | task-0		C_M is 
[[532   0   0   0   0   0   0   0]
 [  0 538   0   3   0   0   2   0]
 [  0   0 522   0   0   0   0   0]
 [  0   0   0 514   0   0   0   0]
 [  1   2   0   0 496   1   5   6]
 [  6   0   0   1   0 528   0   0]
 [  0   0   0   1   0   0 547   0]
 [  0   0   0   1   0   0   0 294]]
2024-11-10 19:49:44 | INFO | train | In dataset valid: Loss is [0.1862 0.1862 0.0000]
2024-11-10 19:49:44 | INFO | train | task-0		Acc is 0.9935, F1 is 0.9935
2024-11-10 19:49:44 | INFO | train | task-0		F1-macro is 0.9928, F1-micro is 0.9935
2024-11-10 19:49:44 | INFO | train | task-0		Pre is 0.9935, Rec is 0.9935
2024-11-10 19:49:44 | INFO | train | task-0		C_M is 
[[510   0   0   0   0   0   0   0]
 [  1 519   0   0   1   0   0   0]
 [  0   0 506   2   0   0   0   0]
 [  1   0   0 505   0   0   0   0]
 [  1   0   0   0 526   3   1  13]
 [  2   0   0   0   0 503   0   0]
 [  0   0   0   0   0   0 581   0]
 [  1   0   0   0   0   0   0 324]]
2024-11-10 19:50:24 | INFO | train | In dataset test: Loss is [0.2317 0.2317 0.0000]
2024-11-10 19:50:24 | INFO | train | task-0		Acc is 0.9908, F1 is 0.9908
2024-11-10 19:50:24 | INFO | train | task-0		F1-macro is 0.9896, F1-micro is 0.9908
2024-11-10 19:50:24 | INFO | train | task-0		Pre is 0.9908, Rec is 0.9908
2024-11-10 19:50:24 | INFO | train | task-0		C_M is 
[[522   0   0   0   0   1   0   0]
 [  1 531   0   0   0   0   2   0]
 [  0   0 548   0   0   0   0   1]
 [  0   0   0 573   2   0   0   0]
 [  0   0   0   1 488   2   8  11]
 [  6   0   0   0   0 528   0   0]
 [  0   0   0   0   0   0 500   0]
 [  0   0   0   0   2   0   0 273]]
2024-11-10 19:50:24 | INFO | train | The best f1_macro util now is 0.9923, at step 72
2024-11-10 19:50:24 | INFO | train | The best f1_micro util now is 0.9930, at step 112
2024-11-10 19:51:10 | INFO | train | ----------------------------------------------------------------------------------
2024-11-10 19:51:10 | INFO | train | Time of iter training 46.13 s
2024-11-10 19:51:10 | INFO | train | On iter step 115:, global step 29441 Loss-step [0.1938 0.1938 0.0000]
2024-11-10 19:51:49 | INFO | train | In dataset train: Loss is [0.1332 0.1332 0.0000]
2024-11-10 19:51:49 | INFO | train | task-0		Acc is 0.9948, F1 is 0.9948
2024-11-10 19:51:49 | INFO | train | task-0		F1-macro is 0.9945, F1-micro is 0.9948
2024-11-10 19:51:49 | INFO | train | task-0		Pre is 0.9948, Rec is 0.9948
2024-11-10 19:51:49 | INFO | train | task-0		C_M is 
[[528   0   0   0   0   4   0   0]
 [  0 538   0   3   1   0   1   0]
 [  0   0 522   0   0   0   0   0]
 [  0   0   0 514   0   0   0   0]
 [  0   0   0   0 511   0   0   0]
 [  2   0   0   1   0 532   0   0]
 [  0   0   0   1   2   0 545   0]
 [  0   0   0   1   5   0   0 289]]
2024-11-10 19:52:29 | INFO | train | In dataset valid: Loss is [0.1280 0.1280 0.0000]
2024-11-10 19:52:29 | INFO | train | task-0		Acc is 0.9948, F1 is 0.9948
2024-11-10 19:52:29 | INFO | train | task-0		F1-macro is 0.9944, F1-micro is 0.9948
2024-11-10 19:52:29 | INFO | train | task-0		Pre is 0.9948, Rec is 0.9948
2024-11-10 19:52:29 | INFO | train | task-0		C_M is 
[[506   0   0   0   0   4   0   0]
 [  1 519   0   0   1   0   0   0]
 [  0   0 506   1   1   0   0   0]
 [  0   0   0 505   1   0   0   0]
 [  0   0   0   0 540   1   0   3]
 [  0   0   0   0   0 505   0   0]
 [  0   0   0   0   3   0 578   0]
 [  1   0   0   0   4   0   0 320]]
2024-11-10 19:53:08 | INFO | train | In dataset test: Loss is [0.2028 0.2028 0.0000]
2024-11-10 19:53:08 | INFO | train | task-0		Acc is 0.9945, F1 is 0.9945
2024-11-10 19:53:08 | INFO | train | task-0		F1-macro is 0.9941, F1-micro is 0.9945
2024-11-10 19:53:08 | INFO | train | task-0		Pre is 0.9945, Rec is 0.9945
2024-11-10 19:53:08 | INFO | train | task-0		C_M is 
[[519   0   0   0   0   4   0   0]
 [  1 531   0   0   0   0   2   0]
 [  0   0 548   0   0   1   0   0]
 [  0   0   0 572   3   0   0   0]
 [  0   0   0   0 508   1   0   1]
 [  1   0   0   0   0 533   0   0]
 [  0   0   0   0   3   0 497   0]
 [  0   0   0   0   5   0   0 270]]
2024-11-10 19:53:08 | INFO | train | The best f1_macro util now is 0.9923, at step 72
2024-11-10 19:53:08 | INFO | train | The best f1_micro util now is 0.9930, at step 112
2024-11-10 19:53:54 | INFO | train | ----------------------------------------------------------------------------------
2024-11-10 19:53:54 | INFO | train | Time of iter training 46.06 s
2024-11-10 19:53:54 | INFO | train | On iter step 116:, global step 29697 Loss-step [0.1174 0.1174 0.0000]
2024-11-10 19:54:34 | INFO | train | In dataset train: Loss is [0.1182 0.1182 0.0000]
2024-11-10 19:54:34 | INFO | train | task-0		Acc is 0.9952, F1 is 0.9952
2024-11-10 19:54:34 | INFO | train | task-0		F1-macro is 0.9949, F1-micro is 0.9952
2024-11-10 19:54:34 | INFO | train | task-0		Pre is 0.9952, Rec is 0.9952
2024-11-10 19:54:34 | INFO | train | task-0		C_M is 
[[531   0   0   0   0   1   0   0]
 [  0 540   0   1   1   0   1   0]
 [  0   0 522   0   0   0   0   0]
 [  0   0   0 514   0   0   0   0]
 [  1   0   0   0 505   0   0   5]
 [  3   1   0   1   0 530   0   0]
 [  0   0   0   0   3   0 545   0]
 [  0   1   0   0   0   0   0 294]]
2024-11-10 19:55:13 | INFO | train | In dataset valid: Loss is [0.1489 0.1489 0.0000]
2024-11-10 19:55:13 | INFO | train | task-0		Acc is 0.9935, F1 is 0.9935
2024-11-10 19:55:13 | INFO | train | task-0		F1-macro is 0.9928, F1-micro is 0.9935
2024-11-10 19:55:13 | INFO | train | task-0		Pre is 0.9935, Rec is 0.9935
2024-11-10 19:55:13 | INFO | train | task-0		C_M is 
[[510   0   0   0   0   0   0   0]
 [  1 519   0   0   1   0   0   0]
 [  0   0 506   2   0   0   0   0]
 [  1   0   0 504   1   0   0   0]
 [  1   0   0   0 530   1   0  12]
 [  0   0   0   0   0 505   0   0]
 [  0   0   0   0   3   0 578   0]
 [  0   0   0   0   3   0   0 322]]
2024-11-10 19:55:52 | INFO | train | In dataset test: Loss is [0.1981 0.1981 0.0000]
2024-11-10 19:55:52 | INFO | train | task-0		Acc is 0.9922, F1 is 0.9922
2024-11-10 19:55:52 | INFO | train | task-0		F1-macro is 0.9911, F1-micro is 0.9922
2024-11-10 19:55:52 | INFO | train | task-0		Pre is 0.9922, Rec is 0.9922
2024-11-10 19:55:52 | INFO | train | task-0		C_M is 
[[521   0   0   0   0   2   0   0]
 [  1 531   0   0   0   0   2   0]
 [  0   0 548   0   0   0   0   1]
 [  0   0   0 572   3   0   0   0]
 [  0   0   0   0 499   1   0  10]
 [  3   1   0   0   0 530   0   0]
 [  0   0   0   0   4   0 496   0]
 [  0   0   0   0   3   0   0 272]]
2024-11-10 19:55:52 | INFO | train | The best f1_macro util now is 0.9923, at step 72
2024-11-10 19:55:52 | INFO | train | The best f1_micro util now is 0.9930, at step 112
2024-11-10 19:56:39 | INFO | train | ----------------------------------------------------------------------------------
2024-11-10 19:56:39 | INFO | train | Time of iter training 46.16 s
2024-11-10 19:56:39 | INFO | train | On iter step 117:, global step 29953 Loss-step [0.2532 0.2532 0.0000]
2024-11-10 19:57:18 | INFO | train | In dataset train: Loss is [0.1277 0.1277 0.0000]
2024-11-10 19:57:18 | INFO | train | task-0		Acc is 0.9958, F1 is 0.9958
2024-11-10 19:57:18 | INFO | train | task-0		F1-macro is 0.9957, F1-micro is 0.9958
2024-11-10 19:57:18 | INFO | train | task-0		Pre is 0.9958, Rec is 0.9958
2024-11-10 19:57:18 | INFO | train | task-0		C_M is 
[[528   1   0   0   1   2   0   0]
 [  0 540   0   1   2   0   0   0]
 [  0   0 522   0   0   0   0   0]
 [  0   0   0 514   0   0   0   0]
 [  0   0   0   0 509   0   0   2]
 [  2   0   0   2   0 531   0   0]
 [  0   0   0   0   3   0 545   0]
 [  0   0   0   1   0   0   0 294]]
2024-11-10 19:57:57 | INFO | train | In dataset valid: Loss is [0.1100 0.1100 0.0000]
2024-11-10 19:57:57 | INFO | train | task-0		Acc is 0.9928, F1 is 0.9928
2024-11-10 19:57:57 | INFO | train | task-0		F1-macro is 0.9923, F1-micro is 0.9928
2024-11-10 19:57:57 | INFO | train | task-0		Pre is 0.9928, Rec is 0.9928
2024-11-10 19:57:57 | INFO | train | task-0		C_M is 
[[505   0   0   1   0   4   0   0]
 [  1 519   0   0   1   0   0   0]
 [  0   0 506   1   1   0   0   0]
 [  0   1   0 505   0   0   0   0]
 [  0   0   0   0 534   1   0   9]
 [  1   0   0   0   0 504   0   0]
 [  0   0   0   0   5   0 576   0]
 [  0   1   0   0   2   0   0 322]]
2024-11-10 19:58:37 | INFO | train | In dataset test: Loss is [0.1820 0.1820 0.0000]
2024-11-10 19:58:37 | INFO | train | task-0		Acc is 0.9932, F1 is 0.9932
2024-11-10 19:58:37 | INFO | train | task-0		F1-macro is 0.9924, F1-micro is 0.9932
2024-11-10 19:58:37 | INFO | train | task-0		Pre is 0.9932, Rec is 0.9932
2024-11-10 19:58:37 | INFO | train | task-0		C_M is 
[[521   1   0   0   0   1   0   0]
 [  0 532   0   0   0   0   2   0]
 [  0   0 548   0   1   0   0   0]
 [  0   0   0 573   2   0   0   0]
 [  0   0   0   1 500   1   0   8]
 [  1   2   0   0   0 531   0   0]
 [  0   0   0   0   4   0 496   0]
 [  0   0   0   0   3   0   0 272]]
2024-11-10 19:58:37 | INFO | train | The best f1_macro util now is 0.9923, at step 72
2024-11-10 19:58:37 | INFO | train | The best f1_micro util now is 0.9930, at step 112
2024-11-10 19:59:23 | INFO | train | ----------------------------------------------------------------------------------
2024-11-10 19:59:23 | INFO | train | Time of iter training 46.07 s
2024-11-10 19:59:23 | INFO | train | On iter step 118:, global step 30209 Loss-step [0.1657 0.1657 0.0000]
2024-11-10 20:00:02 | INFO | train | In dataset train: Loss is [0.1934 0.1934 0.0000]
2024-11-10 20:00:02 | INFO | train | task-0		Acc is 0.9910, F1 is 0.9910
2024-11-10 20:00:02 | INFO | train | task-0		F1-macro is 0.9909, F1-micro is 0.9910
2024-11-10 20:00:02 | INFO | train | task-0		Pre is 0.9910, Rec is 0.9910
2024-11-10 20:00:02 | INFO | train | task-0		C_M is 
[[530   0   0   2   0   0   0   0]
 [  0 541   0   0   2   0   0   0]
 [  0   0 522   0   0   0   0   0]
 [  0   1   0 513   0   0   0   0]
 [  1   7   0   0 498   3   0   2]
 [  9   1   0   1   0 524   0   0]
 [  0   0   0   0   3   0 545   0]
 [  0   1   0   0   3   0   0 291]]
2024-11-10 20:00:42 | INFO | train | In dataset valid: Loss is [0.1778 0.1778 0.0000]
2024-11-10 20:00:42 | INFO | train | task-0		Acc is 0.9915, F1 is 0.9915
2024-11-10 20:00:42 | INFO | train | task-0		F1-macro is 0.9913, F1-micro is 0.9915
2024-11-10 20:00:42 | INFO | train | task-0		Pre is 0.9915, Rec is 0.9915
2024-11-10 20:00:42 | INFO | train | task-0		C_M is 
[[510   0   0   0   0   0   0   0]
 [  1 519   0   0   1   0   0   0]
 [  0   0 506   2   0   0   0   0]
 [  0   2   0 503   1   0   0   0]
 [  1   4   0   0 529   3   0   7]
 [  3   0   0   0   0 502   0   0]
 [  0   1   0   0   5   0 575   0]
 [  1   0   0   0   2   0   0 322]]
2024-11-10 20:01:21 | INFO | train | In dataset test: Loss is [0.2339 0.2339 0.0000]
2024-11-10 20:01:21 | INFO | train | task-0		Acc is 0.9908, F1 is 0.9908
2024-11-10 20:01:21 | INFO | train | task-0		F1-macro is 0.9905, F1-micro is 0.9908
2024-11-10 20:01:21 | INFO | train | task-0		Pre is 0.9908, Rec is 0.9908
2024-11-10 20:01:21 | INFO | train | task-0		C_M is 
[[522   1   0   0   0   0   0   0]
 [  1 531   0   2   0   0   0   0]
 [  0   0 548   0   0   1   0   0]
 [  0   2   0 571   2   0   0   0]
 [  0   5   0   1 497   4   0   3]
 [  5   2   0   0   0 527   0   0]
 [  0   0   0   0   4   0 496   0]
 [  0   0   0   0   4   0   0 271]]
2024-11-10 20:01:21 | INFO | train | The best f1_macro util now is 0.9923, at step 72
2024-11-10 20:01:21 | INFO | train | The best f1_micro util now is 0.9930, at step 112
2024-11-10 20:02:08 | INFO | train | ----------------------------------------------------------------------------------
2024-11-10 20:02:08 | INFO | train | Time of iter training 46.28 s
2024-11-10 20:02:08 | INFO | train | On iter step 119:, global step 30465 Loss-step [0.2496 0.2496 0.0000]
2024-11-10 20:02:47 | INFO | train | In dataset train: Loss is [0.1401 0.1401 0.0000]
2024-11-10 20:02:47 | INFO | train | task-0		Acc is 0.9940, F1 is 0.9940
2024-11-10 20:02:47 | INFO | train | task-0		F1-macro is 0.9938, F1-micro is 0.9940
2024-11-10 20:02:47 | INFO | train | task-0		Pre is 0.9940, Rec is 0.9940
2024-11-10 20:02:47 | INFO | train | task-0		C_M is 
[[527   0   0   0   0   5   0   0]
 [  1 540   0   0   0   0   2   0]
 [  0   0 522   0   0   0   0   0]
 [  0   1   0 513   0   0   0   0]
 [  1   2   0   0 507   1   0   0]
 [  1   0   0   1   0 533   0   0]
 [  0   0   0   0   3   0 545   0]
 [  0   1   0   0   5   0   0 289]]
2024-11-10 20:03:26 | INFO | train | In dataset valid: Loss is [0.1206 0.1206 0.0000]
2024-11-10 20:03:26 | INFO | train | task-0		Acc is 0.9935, F1 is 0.9935
2024-11-10 20:03:26 | INFO | train | task-0		F1-macro is 0.9934, F1-micro is 0.9935
2024-11-10 20:03:26 | INFO | train | task-0		Pre is 0.9935, Rec is 0.9935
2024-11-10 20:03:26 | INFO | train | task-0		C_M is 
[[504   0   0   0   0   6   0   0]
 [  1 519   0   0   1   0   0   0]
 [  0   0 506   2   0   0   0   0]
 [  0   2   0 504   0   0   0   0]
 [  0   0   0   0 539   2   1   2]
 [  0   0   0   0   0 505   0   0]
 [  0   0   0   0   5   0 576   0]
 [  0   1   0   0   3   0   0 321]]
2024-11-10 20:04:06 | INFO | train | In dataset test: Loss is [0.1527 0.1527 0.0000]
2024-11-10 20:04:06 | INFO | train | task-0		Acc is 0.9938, F1 is 0.9938
2024-11-10 20:04:06 | INFO | train | task-0		F1-macro is 0.9934, F1-micro is 0.9938
2024-11-10 20:04:06 | INFO | train | task-0		Pre is 0.9938, Rec is 0.9938
2024-11-10 20:04:06 | INFO | train | task-0		C_M is 
[[519   0   0   0   0   4   0   0]
 [  0 532   0   0   0   0   2   0]
 [  0   0 548   0   0   1   0   0]
 [  0   2   0 572   1   0   0   0]
 [  0   1   0   1 506   1   0   1]
 [  2   0   0   0   0 532   0   0]
 [  0   0   0   0   4   0 496   0]
 [  0   0   0   0   5   0   0 270]]
2024-11-10 20:04:06 | INFO | train | The best f1_macro util now is 0.9923, at step 72
2024-11-10 20:04:06 | INFO | train | The best f1_micro util now is 0.9930, at step 112
2024-11-10 20:04:52 | INFO | train | ----------------------------------------------------------------------------------
2024-11-10 20:04:52 | INFO | train | Time of iter training 45.75 s
2024-11-10 20:04:52 | INFO | train | On iter step 120:, global step 30721 Loss-step [0.1840 0.1840 0.0000]
2024-11-10 20:05:31 | INFO | train | In dataset train: Loss is [0.1295 0.1295 0.0000]
2024-11-10 20:05:31 | INFO | train | task-0		Acc is 0.9938, F1 is 0.9938
2024-11-10 20:05:31 | INFO | train | task-0		F1-macro is 0.9935, F1-micro is 0.9938
2024-11-10 20:05:31 | INFO | train | task-0		Pre is 0.9938, Rec is 0.9938
2024-11-10 20:05:31 | INFO | train | task-0		C_M is 
[[532   0   0   0   0   0   0   0]
 [  0 539   0   2   2   0   0   0]
 [  0   0 522   0   0   0   0   0]
 [  0   0   0 512   2   0   0   0]
 [  0   2   0   0 509   0   0   0]
 [  8   0   0   0   0 527   0   0]
 [  0   0   0   0   3   0 545   0]
 [  0   1   0   0   5   0   0 289]]
2024-11-10 20:06:10 | INFO | train | In dataset valid: Loss is [0.1241 0.1241 0.0000]
2024-11-10 20:06:10 | INFO | train | task-0		Acc is 0.9952, F1 is 0.9952
2024-11-10 20:06:10 | INFO | train | task-0		F1-macro is 0.9952, F1-micro is 0.9952
2024-11-10 20:06:10 | INFO | train | task-0		Pre is 0.9952, Rec is 0.9952
2024-11-10 20:06:10 | INFO | train | task-0		C_M is 
[[510   0   0   0   0   0   0   0]
 [  0 520   0   0   1   0   0   0]
 [  0   0 506   2   0   0   0   0]
 [  0   1   0 504   1   0   0   0]
 [  0   0   0   0 542   1   0   1]
 [  2   0   0   0   1 502   0   0]
 [  0   0   0   0   5   0 576   0]
 [  0   1   0   0   3   0   0 321]]
2024-11-10 20:06:50 | INFO | train | In dataset test: Loss is [0.1714 0.1714 0.0000]
2024-11-10 20:06:50 | INFO | train | task-0		Acc is 0.9932, F1 is 0.9932
2024-11-10 20:06:50 | INFO | train | task-0		F1-macro is 0.9929, F1-micro is 0.9932
2024-11-10 20:06:50 | INFO | train | task-0		Pre is 0.9932, Rec is 0.9932
2024-11-10 20:06:50 | INFO | train | task-0		C_M is 
[[521   0   0   0   0   2   0   0]
 [  0 532   0   0   0   0   2   0]
 [  0   0 548   1   0   0   0   0]
 [  0   0   0 572   3   0   0   0]
 [  0   1   0   0 507   1   0   1]
 [  6   0   0   0   1 527   0   0]
 [  0   0   0   0   4   0 496   0]
 [  0   1   0   0   4   0   0 270]]
2024-11-10 20:06:50 | INFO | train | The best f1_macro util now is 0.9923, at step 72
2024-11-10 20:06:50 | INFO | train | The best f1_micro util now is 0.9930, at step 112
2024-11-10 20:07:36 | INFO | train | ----------------------------------------------------------------------------------
2024-11-10 20:07:36 | INFO | train | Time of iter training 46.19 s
2024-11-10 20:07:36 | INFO | train | On iter step 121:, global step 30977 Loss-step [0.2117 0.2117 0.0000]
2024-11-10 20:08:15 | INFO | train | In dataset train: Loss is [0.1280 0.1280 0.0000]
2024-11-10 20:08:15 | INFO | train | task-0		Acc is 0.9932, F1 is 0.9932
2024-11-10 20:08:15 | INFO | train | task-0		F1-macro is 0.9931, F1-micro is 0.9932
2024-11-10 20:08:15 | INFO | train | task-0		Pre is 0.9932, Rec is 0.9932
2024-11-10 20:08:15 | INFO | train | task-0		C_M is 
[[531   0   0   0   0   1   0   0]
 [  0 538   0   3   1   0   1   0]
 [  0   0 522   0   0   0   0   0]
 [  0   0   0 513   0   0   1   0]
 [  0   1   0   0 505   0   0   5]
 [ 10   0   0   0   0 525   0   0]
 [  0   0   0   0   3   0 545   0]
 [  0   0   0   1   0   0   0 294]]
2024-11-10 20:08:54 | INFO | train | In dataset valid: Loss is [0.1388 0.1388 0.0000]
2024-11-10 20:08:54 | INFO | train | task-0		Acc is 0.9930, F1 is 0.9930
2024-11-10 20:08:54 | INFO | train | task-0		F1-macro is 0.9923, F1-micro is 0.9930
2024-11-10 20:08:54 | INFO | train | task-0		Pre is 0.9930, Rec is 0.9930
2024-11-10 20:08:54 | INFO | train | task-0		C_M is 
[[510   0   0   0   0   0   0   0]
 [  0 519   0   1   1   0   0   0]
 [  0   0 506   0   2   0   0   0]
 [  0   0   0 506   0   0   0   0]
 [  0   0   0   0 531   1   0  12]
 [  2   0   0   0   0 503   0   0]
 [  0   0   0   0   5   0 576   0]
 [  1   0   0   0   3   0   0 321]]
2024-11-10 20:09:34 | INFO | train | In dataset test: Loss is [0.1796 0.1796 0.0000]
2024-11-10 20:09:34 | INFO | train | task-0		Acc is 0.9920, F1 is 0.9920
2024-11-10 20:09:34 | INFO | train | task-0		F1-macro is 0.9908, F1-micro is 0.9920
2024-11-10 20:09:34 | INFO | train | task-0		Pre is 0.9920, Rec is 0.9920
2024-11-10 20:09:34 | INFO | train | task-0		C_M is 
[[522   0   0   0   0   1   0   0]
 [  0 532   0   0   0   0   2   0]
 [  0   0 548   0   1   0   0   0]
 [  0   0   0 573   2   0   0   0]
 [  0   0   0   0 497   2   0  11]
 [  6   0   0   0   0 528   0   0]
 [  0   0   0   0   4   0 496   0]
 [  0   0   0   0   3   0   0 272]]
2024-11-10 20:09:34 | INFO | train | The best f1_macro util now is 0.9923, at step 72
2024-11-10 20:09:34 | INFO | train | The best f1_micro util now is 0.9930, at step 112
2024-11-10 20:10:20 | INFO | train | ----------------------------------------------------------------------------------
2024-11-10 20:10:20 | INFO | train | Time of iter training 45.91 s
2024-11-10 20:10:20 | INFO | train | On iter step 122:, global step 31233 Loss-step [0.2177 0.2177 0.0000]
2024-11-10 20:10:59 | INFO | train | In dataset train: Loss is [0.1577 0.1577 0.0000]
2024-11-10 20:10:59 | INFO | train | task-0		Acc is 0.9908, F1 is 0.9908
2024-11-10 20:10:59 | INFO | train | task-0		F1-macro is 0.9897, F1-micro is 0.9908
2024-11-10 20:10:59 | INFO | train | task-0		Pre is 0.9908, Rec is 0.9908
2024-11-10 20:10:59 | INFO | train | task-0		C_M is 
[[529   0   0   0   0   3   0   0]
 [  0 538   0   3   0   0   2   0]
 [  0   0 522   0   0   0   0   0]
 [  0   0   0 513   0   0   1   0]
 [  0   0   0   0 493   2   0  16]
 [  4   0   0   1   0 530   0   0]
 [  0   0   0   0   4   0 544   0]
 [  0   0   0   1   0   0   0 294]]
2024-11-10 20:11:38 | INFO | train | In dataset valid: Loss is [0.1424 0.1424 0.0000]
2024-11-10 20:11:38 | INFO | train | task-0		Acc is 0.9920, F1 is 0.9920
2024-11-10 20:11:38 | INFO | train | task-0		F1-macro is 0.9911, F1-micro is 0.9920
2024-11-10 20:11:38 | INFO | train | task-0		Pre is 0.9920, Rec is 0.9920
2024-11-10 20:11:38 | INFO | train | task-0		C_M is 
[[509   0   0   0   0   1   0   0]
 [  1 519   0   0   1   0   0   0]
 [  0   0 506   0   1   0   0   1]
 [  0   0   0 506   0   0   0   0]
 [  0   0   0   0 524   3   0  17]
 [  0   0   0   0   0 504   0   1]
 [  0   0   0   0   5   0 576   0]
 [  1   0   0   0   0   0   0 324]]
2024-11-10 20:12:18 | INFO | train | In dataset test: Loss is [0.1926 0.1926 0.0000]
2024-11-10 20:12:18 | INFO | train | task-0		Acc is 0.9912, F1 is 0.9912
2024-11-10 20:12:18 | INFO | train | task-0		F1-macro is 0.9895, F1-micro is 0.9912
2024-11-10 20:12:18 | INFO | train | task-0		Pre is 0.9912, Rec is 0.9912
2024-11-10 20:12:18 | INFO | train | task-0		C_M is 
[[520   0   0   0   0   3   0   0]
 [  0 532   0   0   0   0   2   0]
 [  0   0 548   0   0   0   0   1]
 [  0   0   0 573   1   0   0   1]
 [  0   0   0   0 492   2   0  16]
 [  3   0   0   0   0 531   0   0]
 [  0   0   0   0   4   0 496   0]
 [  0   0   0   0   2   0   0 273]]
2024-11-10 20:12:18 | INFO | train | The best f1_macro util now is 0.9923, at step 72
2024-11-10 20:12:18 | INFO | train | The best f1_micro util now is 0.9930, at step 112
2024-11-10 20:13:04 | INFO | train | ----------------------------------------------------------------------------------
2024-11-10 20:13:04 | INFO | train | Time of iter training 45.98 s
2024-11-10 20:13:04 | INFO | train | On iter step 123:, global step 31489 Loss-step [0.2538 0.2538 0.0000]
2024-11-10 20:13:43 | INFO | train | In dataset train: Loss is [0.1498 0.1498 0.0000]
2024-11-10 20:13:43 | INFO | train | task-0		Acc is 0.9915, F1 is 0.9915
2024-11-10 20:13:43 | INFO | train | task-0		F1-macro is 0.9913, F1-micro is 0.9915
2024-11-10 20:13:43 | INFO | train | task-0		Pre is 0.9915, Rec is 0.9915
2024-11-10 20:13:43 | INFO | train | task-0		C_M is 
[[516   0   0   0   0  16   0   0]
 [  0 541   0   0   0   0   2   0]
 [  0   0 522   0   0   0   0   0]
 [  0   0   0 513   1   0   0   0]
 [  0   2   0   0 499   3   1   6]
 [  0   0   0   0   0 535   0   0]
 [  0   0   0   0   2   0 546   0]
 [  0   1   0   0   0   0   0 294]]
2024-11-10 20:14:22 | INFO | train | In dataset valid: Loss is [0.1429 0.1429 0.0000]
2024-11-10 20:14:22 | INFO | train | task-0		Acc is 0.9908, F1 is 0.9908
2024-11-10 20:14:22 | INFO | train | task-0		F1-macro is 0.9902, F1-micro is 0.9908
2024-11-10 20:14:22 | INFO | train | task-0		Pre is 0.9908, Rec is 0.9908
2024-11-10 20:14:22 | INFO | train | task-0		C_M is 
[[499   0   0   0   0  11   0   0]
 [  1 519   0   0   1   0   0   0]
 [  0   2 506   0   0   0   0   0]
 [  0   2   0 504   0   0   0   0]
 [  0   0   0   0 528   4   1  11]
 [  0   0   0   0   0 505   0   0]
 [  0   0   0   0   2   0 579   0]
 [  0   1   0   0   1   0   0 323]]
2024-11-10 20:15:02 | INFO | train | In dataset test: Loss is [0.1681 0.1681 0.0000]
2024-11-10 20:15:02 | INFO | train | task-0		Acc is 0.9905, F1 is 0.9905
2024-11-10 20:15:02 | INFO | train | task-0		F1-macro is 0.9893, F1-micro is 0.9905
2024-11-10 20:15:02 | INFO | train | task-0		Pre is 0.9905, Rec is 0.9905
2024-11-10 20:15:02 | INFO | train | task-0		C_M is 
[[512   0   0   0   0  11   0   0]
 [  0 532   0   0   0   0   2   0]
 [  0   1 548   0   0   0   0   0]
 [  0   1   0 572   2   0   0   0]
 [  0   1   0   0 496   2   0  11]
 [  0   0   0   0   0 534   0   0]
 [  0   0   0   0   3   0 497   0]
 [  0   0   0   0   3   1   0 271]]
2024-11-10 20:15:02 | INFO | train | The best f1_macro util now is 0.9923, at step 72
2024-11-10 20:15:02 | INFO | train | The best f1_micro util now is 0.9930, at step 112
2024-11-10 20:15:48 | INFO | train | ----------------------------------------------------------------------------------
2024-11-10 20:15:48 | INFO | train | Time of iter training 46.02 s
2024-11-10 20:15:48 | INFO | train | On iter step 124:, global step 31745 Loss-step [0.2919 0.2919 0.0000]
2024-11-10 20:16:27 | INFO | train | In dataset train: Loss is [0.1792 0.1792 0.0000]
2024-11-10 20:16:27 | INFO | train | task-0		Acc is 0.9912, F1 is 0.9912
2024-11-10 20:16:27 | INFO | train | task-0		F1-macro is 0.9910, F1-micro is 0.9912
2024-11-10 20:16:27 | INFO | train | task-0		Pre is 0.9912, Rec is 0.9912
2024-11-10 20:16:27 | INFO | train | task-0		C_M is 
[[530   1   0   0   0   1   0   0]
 [  0 538   0   3   0   0   2   0]
 [  0   0 522   0   0   0   0   0]
 [  0   0   0 513   0   0   1   0]
 [  3   1   0   0 492   0   9   6]
 [  5   1   0   0   0 529   0   0]
 [  0   0   0   0   0   0 548   0]
 [  1   0   0   1   0   0   0 293]]
2024-11-10 20:17:06 | INFO | train | In dataset valid: Loss is [0.1526 0.1526 0.0000]
2024-11-10 20:17:06 | INFO | train | task-0		Acc is 0.9925, F1 is 0.9925
2024-11-10 20:17:06 | INFO | train | task-0		F1-macro is 0.9919, F1-micro is 0.9925
2024-11-10 20:17:06 | INFO | train | task-0		Pre is 0.9925, Rec is 0.9925
2024-11-10 20:17:06 | INFO | train | task-0		C_M is 
[[508   1   0   0   0   1   0   0]
 [  1 519   0   0   1   0   0   0]
 [  0   0 506   2   0   0   0   0]
 [  1   0   0 505   0   0   0   0]
 [  0   0   0   0 523   2   6  13]
 [  1   0   0   0   0 504   0   0]
 [  0   0   0   0   0   0 581   0]
 [  0   1   0   0   0   0   0 324]]
2024-11-10 20:17:46 | INFO | train | In dataset test: Loss is [0.1664 0.1664 0.0000]
2024-11-10 20:17:46 | INFO | train | task-0		Acc is 0.9898, F1 is 0.9898
2024-11-10 20:17:46 | INFO | train | task-0		F1-macro is 0.9888, F1-micro is 0.9898
2024-11-10 20:17:46 | INFO | train | task-0		Pre is 0.9898, Rec is 0.9898
2024-11-10 20:17:46 | INFO | train | task-0		C_M is 
[[520   1   0   0   0   2   0   0]
 [  1 529   0   3   0   0   1   0]
 [  0   0 548   0   0   1   0   0]
 [  0   0   0 573   1   0   1   0]
 [  1   2   0   0 487   1   8  11]
 [  3   2   0   0   0 529   0   0]
 [  0   0   0   0   0   0 500   0]
 [  1   0   0   0   1   0   0 273]]
2024-11-10 20:17:46 | INFO | train | The best f1_macro util now is 0.9923, at step 72
2024-11-10 20:17:46 | INFO | train | The best f1_micro util now is 0.9930, at step 112
2024-11-10 20:18:32 | INFO | train | ----------------------------------------------------------------------------------
2024-11-10 20:18:32 | INFO | train | Time of iter training 46.08 s
2024-11-10 20:18:32 | INFO | train | On iter step 125:, global step 32001 Loss-step [0.2130 0.2130 0.0000]
2024-11-10 20:19:11 | INFO | train | In dataset train: Loss is [0.1373 0.1373 0.0000]
2024-11-10 20:19:11 | INFO | train | task-0		Acc is 0.9925, F1 is 0.9925
2024-11-10 20:19:11 | INFO | train | task-0		F1-macro is 0.9922, F1-micro is 0.9925
2024-11-10 20:19:11 | INFO | train | task-0		Pre is 0.9925, Rec is 0.9925
2024-11-10 20:19:11 | INFO | train | task-0		C_M is 
[[528   0   0   0   1   3   0   0]
 [  0 539   0   2   1   0   1   0]
 [  0   0 522   0   0   0   0   0]
 [  0   0   0 512   2   0   0   0]
 [  0   1   0   0 496   0   8   6]
 [  3   1   0   0   0 531   0   0]
 [  0   0   0   0   0   0 548   0]
 [  0   1   0   0   0   0   0 294]]
2024-11-10 20:19:51 | INFO | train | In dataset valid: Loss is [0.1106 0.1106 0.0000]
2024-11-10 20:19:51 | INFO | train | task-0		Acc is 0.9918, F1 is 0.9918
2024-11-10 20:19:51 | INFO | train | task-0		F1-macro is 0.9912, F1-micro is 0.9918
2024-11-10 20:19:51 | INFO | train | task-0		Pre is 0.9918, Rec is 0.9918
2024-11-10 20:19:51 | INFO | train | task-0		C_M is 
[[505   0   0   0   2   3   0   0]
 [  0 520   0   0   1   0   0   0]
 [  0   0 506   0   1   0   0   1]
 [  0   1   0 504   1   0   0   0]
 [  0   0   0   0 522   1   8  13]
 [  0   0   0   0   0 505   0   0]
 [  0   0   0   0   0   0 581   0]
 [  0   1   0   0   0   0   0 324]]
2024-11-10 20:20:30 | INFO | train | In dataset test: Loss is [0.1547 0.1547 0.0000]
2024-11-10 20:20:30 | INFO | train | task-0		Acc is 0.9890, F1 is 0.9890
2024-11-10 20:20:30 | INFO | train | task-0		F1-macro is 0.9878, F1-micro is 0.9890
2024-11-10 20:20:30 | INFO | train | task-0		Pre is 0.9890, Rec is 0.9890
2024-11-10 20:20:30 | INFO | train | task-0		C_M is 
[[519   1   0   0   0   3   0   0]
 [  1 530   0   1   0   0   2   0]
 [  0   0 548   0   0   0   0   1]
 [  0   0   0 570   2   0   3   0]
 [  0   1   0   0 486   1  11  11]
 [  1   2   0   0   0 531   0   0]
 [  0   0   0   0   0   0 500   0]
 [  0   0   0   0   3   0   0 272]]
2024-11-10 20:20:30 | INFO | train | The best f1_macro util now is 0.9923, at step 72
2024-11-10 20:20:30 | INFO | train | The best f1_micro util now is 0.9930, at step 112
2024-11-10 20:20:46 | INFO | deepnet.data.dataset_text | The count of reading file ./data/Data_of_Nontor/train.txt is 2.
2024-11-10 20:20:48 | INFO | deepnet.data.dataset_text | Read next training chunk, data size is 67560
2024-11-10 20:21:19 | INFO | train | ----------------------------------------------------------------------------------
2024-11-10 20:21:19 | INFO | train | Time of iter training 48.42 s
2024-11-10 20:21:19 | INFO | train | On iter step 126:, global step 32257 Loss-step [0.1106 0.1106 0.0000]
2024-11-10 20:21:58 | INFO | train | In dataset train: Loss is [0.1243 0.1243 0.0000]
2024-11-10 20:21:58 | INFO | train | task-0		Acc is 0.9935, F1 is 0.9935
2024-11-10 20:21:58 | INFO | train | task-0		F1-macro is 0.9933, F1-micro is 0.9935
2024-11-10 20:21:58 | INFO | train | task-0		Pre is 0.9935, Rec is 0.9935
2024-11-10 20:21:58 | INFO | train | task-0		C_M is 
[[525   0   0   0   1   6   0   0]
 [  0 538   0   3   2   0   0   0]
 [  0   0 522   0   0   0   0   0]
 [  0   0   0 512   2   0   0   0]
 [  0   1   0   0 504   0   1   5]
 [  1   1   0   0   0 533   0   0]
 [  0   0   0   0   2   0 546   0]
 [  0   0   0   1   0   0   0 294]]
2024-11-10 20:22:37 | INFO | train | In dataset valid: Loss is [0.1122 0.1122 0.0000]
2024-11-10 20:22:37 | INFO | train | task-0		Acc is 0.9932, F1 is 0.9932
2024-11-10 20:22:37 | INFO | train | task-0		F1-macro is 0.9926, F1-micro is 0.9932
2024-11-10 20:22:37 | INFO | train | task-0		Pre is 0.9932, Rec is 0.9932
2024-11-10 20:22:37 | INFO | train | task-0		C_M is 
[[503   0   0   0   1   6   0   0]
 [  1 519   0   0   1   0   0   0]
 [  0   0 506   1   1   0   0   0]
 [  0   1   0 505   0   0   0   0]
 [  0   0   0   0 531   1   0  12]
 [  0   0   0   0   0 505   0   0]
 [  0   0   0   0   1   0 580   0]
 [  0   1   0   0   0   0   0 324]]
2024-11-10 20:23:17 | INFO | train | In dataset test: Loss is [0.1707 0.1707 0.0000]
2024-11-10 20:23:17 | INFO | train | task-0		Acc is 0.9922, F1 is 0.9922
2024-11-10 20:23:17 | INFO | train | task-0		F1-macro is 0.9912, F1-micro is 0.9922
2024-11-10 20:23:17 | INFO | train | task-0		Pre is 0.9922, Rec is 0.9922
2024-11-10 20:23:17 | INFO | train | task-0		C_M is 
[[518   1   0   0   0   4   0   0]
 [  1 530   0   2   0   0   1   0]
 [  0   0 548   0   1   0   0   0]
 [  0   0   0 573   2   0   0   0]
 [  0   1   0   0 498   1   0  10]
 [  0   2   0   0   0 532   0   0]
 [  0   0   0   0   2   0 498   0]
 [  0   0   0   0   3   0   0 272]]
2024-11-10 20:23:17 | INFO | train | The best f1_macro util now is 0.9923, at step 72
2024-11-10 20:23:17 | INFO | train | The best f1_micro util now is 0.9930, at step 112
2024-11-10 20:24:03 | INFO | train | ----------------------------------------------------------------------------------
2024-11-10 20:24:03 | INFO | train | Time of iter training 46.10 s
2024-11-10 20:24:03 | INFO | train | On iter step 127:, global step 32513 Loss-step [0.1728 0.1728 0.0000]
2024-11-10 20:24:43 | INFO | train | In dataset train: Loss is [0.1238 0.1238 0.0000]
2024-11-10 20:24:43 | INFO | train | task-0		Acc is 0.9920, F1 is 0.9920
2024-11-10 20:24:43 | INFO | train | task-0		F1-macro is 0.9921, F1-micro is 0.9920
2024-11-10 20:24:43 | INFO | train | task-0		Pre is 0.9920, Rec is 0.9920
2024-11-10 20:24:43 | INFO | train | task-0		C_M is 
[[523   0   0   0   1   8   0   0]
 [  0 538   0   3   1   0   1   0]
 [  0   0 522   0   0   0   0   0]
 [  0   0   0 513   1   0   0   0]
 [  0   1   0   0 497   0  11   2]
 [  0   0   0   0   0 535   0   0]
 [  0   0   0   0   1   0 546   1]
 [  0   0   0   1   0   0   0 294]]
2024-11-10 20:25:22 | INFO | train | In dataset valid: Loss is [0.1369 0.1369 0.0000]
2024-11-10 20:25:22 | INFO | train | task-0		Acc is 0.9918, F1 is 0.9918
2024-11-10 20:25:22 | INFO | train | task-0		F1-macro is 0.9916, F1-micro is 0.9918
2024-11-10 20:25:22 | INFO | train | task-0		Pre is 0.9918, Rec is 0.9918
2024-11-10 20:25:22 | INFO | train | task-0		C_M is 
[[501   0   0   0   1   8   0   0]
 [  1 519   0   0   1   0   0   0]
 [  0   0 506   1   0   1   0   0]
 [  1   0   0 504   1   0   0   0]
 [  0   0   0   0 528   1   8   7]
 [  0   0   0   0   0 505   0   0]
 [  0   0   0   0   0   0 580   1]
 [  0   0   0   0   1   0   0 324]]
2024-11-10 20:26:02 | INFO | train | In dataset test: Loss is [0.1728 0.1728 0.0000]
2024-11-10 20:26:02 | INFO | train | task-0		Acc is 0.9900, F1 is 0.9900
2024-11-10 20:26:02 | INFO | train | task-0		F1-macro is 0.9894, F1-micro is 0.9900
2024-11-10 20:26:02 | INFO | train | task-0		Pre is 0.9900, Rec is 0.9900
2024-11-10 20:26:02 | INFO | train | task-0		C_M is 
[[515   0   0   0   0   8   0   0]
 [  1 529   0   3   0   0   1   0]
 [  0   0 548   0   0   1   0   0]
 [  0   0   0 573   2   0   0   0]
 [  0   1   0   0 490   1  13   5]
 [  0   0   0   0   0 534   0   0]
 [  0   0   0   0   0   0 499   1]
 [  0   0   0   0   3   0   0 272]]
2024-11-10 20:26:02 | INFO | train | The best f1_macro util now is 0.9923, at step 72
2024-11-10 20:26:02 | INFO | train | The best f1_micro util now is 0.9930, at step 112
2024-11-10 20:26:47 | INFO | train | ----------------------------------------------------------------------------------
2024-11-10 20:26:47 | INFO | train | Time of iter training 45.91 s
2024-11-10 20:26:47 | INFO | train | On iter step 128:, global step 32769 Loss-step [0.1764 0.1764 0.0000]
2024-11-10 20:27:27 | INFO | train | In dataset train: Loss is [0.1413 0.1413 0.0000]
2024-11-10 20:27:27 | INFO | train | task-0		Acc is 0.9948, F1 is 0.9948
2024-11-10 20:27:27 | INFO | train | task-0		F1-macro is 0.9947, F1-micro is 0.9948
2024-11-10 20:27:27 | INFO | train | task-0		Pre is 0.9948, Rec is 0.9948
2024-11-10 20:27:27 | INFO | train | task-0		C_M is 
[[531   0   0   0   1   0   0   0]
 [  0 538   0   3   0   0   2   0]
 [  0   0 522   0   0   0   0   0]
 [  0   0   0 514   0   0   0   0]
 [  0   0   0   0 507   0   1   3]
 [  6   0   0   1   0 528   0   0]
 [  0   0   0   0   3   0 545   0]
 [  0   0   0   1   0   0   0 294]]
2024-11-10 20:28:06 | INFO | train | In dataset valid: Loss is [0.1098 0.1098 0.0000]
2024-11-10 20:28:06 | INFO | train | task-0		Acc is 0.9932, F1 is 0.9932
2024-11-10 20:28:06 | INFO | train | task-0		F1-macro is 0.9928, F1-micro is 0.9932
2024-11-10 20:28:06 | INFO | train | task-0		Pre is 0.9932, Rec is 0.9932
2024-11-10 20:28:06 | INFO | train | task-0		C_M is 
[[509   0   0   0   0   1   0   0]
 [  1 519   0   0   1   0   0   0]
 [  0   0 506   1   1   0   0   0]
 [  0   0   0 506   0   0   0   0]
 [  0   0   0   1 531   1   0  11]
 [  2   0   0   0   1 502   0   0]
 [  0   0   0   0   5   0 576   0]
 [  0   0   0   0   1   0   0 324]]
2024-11-10 20:28:46 | INFO | train | In dataset test: Loss is [0.1581 0.1581 0.0000]
2024-11-10 20:28:46 | INFO | train | task-0		Acc is 0.9920, F1 is 0.9920
2024-11-10 20:28:46 | INFO | train | task-0		F1-macro is 0.9912, F1-micro is 0.9920
2024-11-10 20:28:46 | INFO | train | task-0		Pre is 0.9920, Rec is 0.9920
2024-11-10 20:28:46 | INFO | train | task-0		C_M is 
[[521   0   0   0   0   2   0   0]
 [  0 530   0   3   0   0   1   0]
 [  0   1 548   0   0   0   0   0]
 [  0   0   0 573   2   0   0   0]
 [  0   0   0   0 501   1   0   8]
 [  6   0   0   1   0 527   0   0]
 [  0   0   0   0   4   0 496   0]
 [  0   0   0   0   3   0   0 272]]
2024-11-10 20:28:46 | INFO | train | The best f1_macro util now is 0.9923, at step 72
2024-11-10 20:28:46 | INFO | train | The best f1_micro util now is 0.9930, at step 112
2024-11-10 20:29:32 | INFO | train | ----------------------------------------------------------------------------------
2024-11-10 20:29:32 | INFO | train | Time of iter training 46.04 s
2024-11-10 20:29:32 | INFO | train | On iter step 129:, global step 33025 Loss-step [0.2466 0.2466 0.0000]
2024-11-10 20:30:11 | INFO | train | In dataset train: Loss is [0.1162 0.1162 0.0000]
2024-11-10 20:30:11 | INFO | train | task-0		Acc is 0.9910, F1 is 0.9910
2024-11-10 20:30:11 | INFO | train | task-0		F1-macro is 0.9908, F1-micro is 0.9910
2024-11-10 20:30:11 | INFO | train | task-0		Pre is 0.9910, Rec is 0.9910
2024-11-10 20:30:11 | INFO | train | task-0		C_M is 
[[524   0   0   0   0   7   1   0]
 [  0 540   0   1   0   0   2   0]
 [  0   0 522   0   0   0   0   0]
 [  0   0   0 514   0   0   0   0]
 [  0   0   0   0 488   2  15   6]
 [  0   0   0   1   0 534   0   0]
 [  0   0   0   0   0   0 548   0]
 [  0   0   0   1   0   0   0 294]]
2024-11-10 20:30:50 | INFO | train | In dataset valid: Loss is [0.1582 0.1582 0.0000]
2024-11-10 20:30:50 | INFO | train | task-0		Acc is 0.9898, F1 is 0.9898
2024-11-10 20:30:50 | INFO | train | task-0		F1-macro is 0.9895, F1-micro is 0.9898
2024-11-10 20:30:50 | INFO | train | task-0		Pre is 0.9898, Rec is 0.9898
2024-11-10 20:30:50 | INFO | train | task-0		C_M is 
[[503   0   0   0   0   7   0   0]
 [  1 518   0   0   1   0   1   0]
 [  0   1 506   0   0   1   0   0]
 [  1   0   0 505   0   0   0   0]
 [  0   0   0   0 518   4  12  10]
 [  0   0   0   0   0 505   0   0]
 [  0   0   0   0   0   0 581   0]
 [  0   0   0   0   0   0   2 323]]
2024-11-10 20:31:30 | INFO | train | In dataset test: Loss is [0.1687 0.1687 0.0000]
2024-11-10 20:31:30 | INFO | train | task-0		Acc is 0.9880, F1 is 0.9880
2024-11-10 20:31:30 | INFO | train | task-0		F1-macro is 0.9866, F1-micro is 0.9880
2024-11-10 20:31:30 | INFO | train | task-0		Pre is 0.9880, Rec is 0.9880
2024-11-10 20:31:30 | INFO | train | task-0		C_M is 
[[518   0   0   0   0   5   0   0]
 [  1 531   0   0   0   0   2   0]
 [  0   1 548   0   0   0   0   0]
 [  0   1   0 571   0   2   1   0]
 [  0   0   0   0 480   2  16  12]
 [  0   0   0   0   0 534   0   0]
 [  0   0   0   0   0   0 500   0]
 [  0   0   0   0   3   1   1 270]]
2024-11-10 20:31:30 | INFO | train | The best f1_macro util now is 0.9923, at step 72
2024-11-10 20:31:30 | INFO | train | The best f1_micro util now is 0.9930, at step 112
2024-11-10 20:32:16 | INFO | train | ----------------------------------------------------------------------------------
2024-11-10 20:32:16 | INFO | train | Time of iter training 46.06 s
2024-11-10 20:32:16 | INFO | train | On iter step 130:, global step 33281 Loss-step [0.1538 0.1538 0.0000]
2024-11-10 20:32:55 | INFO | train | In dataset train: Loss is [0.1240 0.1240 0.0000]
2024-11-10 20:32:55 | INFO | train | task-0		Acc is 0.9958, F1 is 0.9958
2024-11-10 20:32:55 | INFO | train | task-0		F1-macro is 0.9955, F1-micro is 0.9958
2024-11-10 20:32:55 | INFO | train | task-0		Pre is 0.9958, Rec is 0.9958
2024-11-10 20:32:55 | INFO | train | task-0		C_M is 
[[528   0   0   0   0   4   0   0]
 [  0 540   0   1   1   0   1   0]
 [  0   0 522   0   0   0   0   0]
 [  0   0   0 514   0   0   0   0]
 [  0   0   0   0 508   1   1   1]
 [  1   0   0   0   0 534   0   0]
 [  0   0   0   0   2   0 546   0]
 [  0   1   0   0   3   0   0 291]]
2024-11-10 20:33:35 | INFO | train | In dataset valid: Loss is [0.1278 0.1278 0.0000]
2024-11-10 20:33:35 | INFO | train | task-0		Acc is 0.9952, F1 is 0.9952
2024-11-10 20:33:35 | INFO | train | task-0		F1-macro is 0.9951, F1-micro is 0.9952
2024-11-10 20:33:35 | INFO | train | task-0		Pre is 0.9952, Rec is 0.9952
2024-11-10 20:33:35 | INFO | train | task-0		C_M is 
[[505   0   0   0   0   5   0   0]
 [  1 519   0   0   0   1   0   0]
 [  0   1 506   1   0   0   0   0]
 [  1   0   0 505   0   0   0   0]
 [  0   0   0   0 540   2   0   2]
 [  0   0   0   0   0 505   0   0]
 [  0   0   0   0   2   0 579   0]
 [  0   0   0   0   3   0   0 322]]
2024-11-10 20:34:14 | INFO | train | In dataset test: Loss is [0.1726 0.1726 0.0000]
2024-11-10 20:34:14 | INFO | train | task-0		Acc is 0.9940, F1 is 0.9940
2024-11-10 20:34:14 | INFO | train | task-0		F1-macro is 0.9935, F1-micro is 0.9940
2024-11-10 20:34:14 | INFO | train | task-0		Pre is 0.9940, Rec is 0.9940
2024-11-10 20:34:14 | INFO | train | task-0		C_M is 
[[519   0   0   0   0   4   0   0]
 [  1 531   0   0   0   0   2   0]
 [  0   1 548   0   0   0   0   0]
 [  0   0   0 573   1   1   0   0]
 [  1   0   0   0 504   2   1   2]
 [  1   0   0   0   0 533   0   0]
 [  0   0   0   0   2   0 498   0]
 [  0   0   0   0   4   1   0 270]]
2024-11-10 20:34:14 | INFO | train | The best f1_macro util now is 0.9923, at step 72
2024-11-10 20:34:14 | INFO | train | The best f1_micro util now is 0.9930, at step 112
2024-11-10 20:35:01 | INFO | train | ----------------------------------------------------------------------------------
2024-11-10 20:35:01 | INFO | train | Time of iter training 46.22 s
2024-11-10 20:35:01 | INFO | train | On iter step 131:, global step 33537 Loss-step [0.3187 0.3187 0.0000]
2024-11-10 20:35:40 | INFO | train | In dataset train: Loss is [0.1474 0.1474 0.0000]
2024-11-10 20:35:40 | INFO | train | task-0		Acc is 0.9948, F1 is 0.9948
2024-11-10 20:35:40 | INFO | train | task-0		F1-macro is 0.9947, F1-micro is 0.9948
2024-11-10 20:35:40 | INFO | train | task-0		Pre is 0.9948, Rec is 0.9948
2024-11-10 20:35:40 | INFO | train | task-0		C_M is 
[[529   0   0   0   1   2   0   0]
 [  0 540   0   1   0   0   2   0]
 [  0   0 522   0   0   0   0   0]
 [  0   0   0 513   1   0   0   0]
 [  0   0   0   0 504   1   3   3]
 [  4   1   0   0   0 530   0   0]
 [  0   0   0   0   1   0 547   0]
 [  0   0   0   1   0   0   0 294]]
2024-11-10 20:36:19 | INFO | train | In dataset valid: Loss is [0.1167 0.1167 0.0000]
2024-11-10 20:36:19 | INFO | train | task-0		Acc is 0.9950, F1 is 0.9950
2024-11-10 20:36:19 | INFO | train | task-0		F1-macro is 0.9947, F1-micro is 0.9950
2024-11-10 20:36:19 | INFO | train | task-0		Pre is 0.9950, Rec is 0.9950
2024-11-10 20:36:19 | INFO | train | task-0		C_M is 
[[506   0   0   1   0   3   0   0]
 [  0 520   0   0   0   1   0   0]
 [  0   0 506   1   1   0   0   0]
 [  0   1   0 505   0   0   0   0]
 [  0   0   0   0 534   3   0   7]
 [  0   0   0   0   0 505   0   0]
 [  0   0   0   0   1   0 580   0]
 [  0   1   0   0   0   0   0 324]]
2024-11-10 20:36:59 | INFO | train | In dataset test: Loss is [0.1755 0.1755 0.0000]
2024-11-10 20:36:59 | INFO | train | task-0		Acc is 0.9930, F1 is 0.9930
2024-11-10 20:36:59 | INFO | train | task-0		F1-macro is 0.9920, F1-micro is 0.9930
2024-11-10 20:36:59 | INFO | train | task-0		Pre is 0.9930, Rec is 0.9930
2024-11-10 20:36:59 | INFO | train | task-0		C_M is 
[[520   1   0   0   0   2   0   0]
 [  0 532   0   0   1   0   1   0]
 [  0   0 548   0   0   0   0   1]
 [  0   0   0 574   1   0   0   0]
 [  0   0   0   0 498   2   1   9]
 [  2   2   0   1   0 529   0   0]
 [  0   0   0   0   2   0 498   0]
 [  0   0   0   0   2   0   0 273]]
2024-11-10 20:36:59 | INFO | train | The best f1_macro util now is 0.9923, at step 72
2024-11-10 20:36:59 | INFO | train | The best f1_micro util now is 0.9930, at step 112
2024-11-10 20:37:45 | INFO | train | ----------------------------------------------------------------------------------
2024-11-10 20:37:45 | INFO | train | Time of iter training 46.02 s
2024-11-10 20:37:45 | INFO | train | On iter step 132:, global step 33793 Loss-step [0.1999 0.1999 0.0000]
2024-11-10 20:38:24 | INFO | train | In dataset train: Loss is [0.1347 0.1347 0.0000]
2024-11-10 20:38:24 | INFO | train | task-0		Acc is 0.9950, F1 is 0.9950
2024-11-10 20:38:24 | INFO | train | task-0		F1-macro is 0.9947, F1-micro is 0.9950
2024-11-10 20:38:24 | INFO | train | task-0		Pre is 0.9950, Rec is 0.9950
2024-11-10 20:38:24 | INFO | train | task-0		C_M is 
[[529   0   0   0   0   3   0   0]
 [  0 540   0   1   0   0   2   0]
 [  0   0 522   0   0   0   0   0]
 [  0   0   0 513   1   0   0   0]
 [  0   0   0   0 507   1   3   0]
 [  2   0   0   0   0 533   0   0]
 [  0   0   0   0   1   0 547   0]
 [  0   0   0   1   5   0   0 289]]
2024-11-10 20:39:04 | INFO | train | In dataset valid: Loss is [0.1059 0.1059 0.0000]
2024-11-10 20:39:04 | INFO | train | task-0		Acc is 0.9962, F1 is 0.9962
2024-11-10 20:39:04 | INFO | train | task-0		F1-macro is 0.9961, F1-micro is 0.9962
2024-11-10 20:39:04 | INFO | train | task-0		Pre is 0.9962, Rec is 0.9962
2024-11-10 20:39:04 | INFO | train | task-0		C_M is 
[[507   0   0   0   0   3   0   0]
 [  0 520   0   0   0   1   0   0]
 [  0   1 506   0   0   1   0   0]
 [  0   1   0 504   1   0   0   0]
 [  0   0   0   0 542   2   0   0]
 [  0   0   0   0   0 505   0   0]
 [  0   0   0   0   1   0 580   0]
 [  0   0   0   0   4   0   0 321]]
2024-11-10 20:39:43 | INFO | train | In dataset test: Loss is [0.1793 0.1793 0.0000]
2024-11-10 20:39:43 | INFO | train | task-0		Acc is 0.9948, F1 is 0.9948
2024-11-10 20:39:43 | INFO | train | task-0		F1-macro is 0.9941, F1-micro is 0.9948
2024-11-10 20:39:43 | INFO | train | task-0		Pre is 0.9948, Rec is 0.9948
2024-11-10 20:39:43 | INFO | train | task-0		C_M is 
[[521   0   0   0   0   2   0   0]
 [  0 532   0   0   0   0   2   0]
 [  0   0 548   0   0   1   0   0]
 [  0   0   0 574   1   0   0   0]
 [  0   0   0   0 505   1   3   1]
 [  1   0   0   0   0 533   0   0]
 [  0   0   0   0   2   0 498   0]
 [  0   0   0   0   5   1   1 268]]
2024-11-10 20:39:46 | INFO | train | The best f1_macro util now is 0.9941, at step 132
2024-11-10 20:39:49 | INFO | train | The best f1_micro util now is 0.9948, at step 132
2024-11-10 20:40:35 | INFO | train | ----------------------------------------------------------------------------------
2024-11-10 20:40:35 | INFO | train | Time of iter training 46.09 s
2024-11-10 20:40:35 | INFO | train | On iter step 133:, global step 34049 Loss-step [0.2010 0.2010 0.0000]
2024-11-10 20:41:14 | INFO | train | In dataset train: Loss is [0.1069 0.1069 0.0000]
2024-11-10 20:41:14 | INFO | train | task-0		Acc is 0.9962, F1 is 0.9962
2024-11-10 20:41:14 | INFO | train | task-0		F1-macro is 0.9961, F1-micro is 0.9962
2024-11-10 20:41:14 | INFO | train | task-0		Pre is 0.9962, Rec is 0.9962
2024-11-10 20:41:14 | INFO | train | task-0		C_M is 
[[532   0   0   0   0   0   0   0]
 [  0 540   0   1   0   0   2   0]
 [  0   0 522   0   0   0   0   0]
 [  0   0   0 514   0   0   0   0]
 [  0   0   0   0 506   0   2   3]
 [  4   0   0   0   0 531   0   0]
 [  0   0   0   0   2   0 546   0]
 [  0   0   0   1   0   0   0 294]]
2024-11-10 20:41:54 | INFO | train | In dataset valid: Loss is [0.1311 0.1311 0.0000]
2024-11-10 20:41:54 | INFO | train | task-0		Acc is 0.9938, F1 is 0.9938
2024-11-10 20:41:54 | INFO | train | task-0		F1-macro is 0.9933, F1-micro is 0.9938
2024-11-10 20:41:54 | INFO | train | task-0		Pre is 0.9938, Rec is 0.9938
2024-11-10 20:41:54 | INFO | train | task-0		C_M is 
[[507   0   0   0   0   3   0   0]
 [  0 519   0   1   1   0   0   0]
 [  0   2 506   0   0   0   0   0]
 [  0   1   0 505   0   0   0   0]
 [  0   0   0   0 533   2   1   8]
 [  0   0   0   0   0 505   0   0]
 [  0   0   0   0   3   0 578   0]
 [  0   1   0   0   1   0   1 322]]
2024-11-10 20:42:34 | INFO | train | In dataset test: Loss is [0.1440 0.1440 0.0000]
2024-11-10 20:42:34 | INFO | train | task-0		Acc is 0.9942, F1 is 0.9942
2024-11-10 20:42:34 | INFO | train | task-0		F1-macro is 0.9935, F1-micro is 0.9942
2024-11-10 20:42:34 | INFO | train | task-0		Pre is 0.9942, Rec is 0.9942
2024-11-10 20:42:34 | INFO | train | task-0		C_M is 
[[522   0   0   0   0   1   0   0]
 [  0 532   0   0   2   0   0   0]
 [  0   1 548   0   0   0   0   0]
 [  0   0   0 574   1   0   0   0]
 [  0   0   0   0 501   1   1   7]
 [  4   0   0   0   0 530   0   0]
 [  0   0   0   0   3   0 497   0]
 [  0   0   0   0   1   0   1 273]]
2024-11-10 20:42:34 | INFO | train | The best f1_macro util now is 0.9941, at step 132
2024-11-10 20:42:34 | INFO | train | The best f1_micro util now is 0.9948, at step 132
2024-11-10 20:43:19 | INFO | train | ----------------------------------------------------------------------------------
2024-11-10 20:43:19 | INFO | train | Time of iter training 45.97 s
2024-11-10 20:43:19 | INFO | train | On iter step 134:, global step 34305 Loss-step [0.1253 0.1253 0.0000]
2024-11-10 20:43:59 | INFO | train | In dataset train: Loss is [0.0990 0.0990 0.0000]
2024-11-10 20:43:59 | INFO | train | task-0		Acc is 0.9952, F1 is 0.9952
2024-11-10 20:43:59 | INFO | train | task-0		F1-macro is 0.9950, F1-micro is 0.9952
2024-11-10 20:43:59 | INFO | train | task-0		Pre is 0.9952, Rec is 0.9952
2024-11-10 20:43:59 | INFO | train | task-0		C_M is 
[[531   0   0   0   0   1   0   0]
 [  0 540   0   1   0   0   2   0]
 [  0   0 522   0   0   0   0   0]
 [  0   0   0 514   0   0   0   0]
 [  0   0   0   0 505   0   2   4]
 [  5   0   0   0   1 529   0   0]
 [  0   0   0   0   2   0 546   0]
 [  0   0   0   1   0   0   0 294]]
2024-11-10 20:44:38 | INFO | train | In dataset valid: Loss is [0.0932 0.0932 0.0000]
2024-11-10 20:44:38 | INFO | train | task-0		Acc is 0.9950, F1 is 0.9950
2024-11-10 20:44:38 | INFO | train | task-0		F1-macro is 0.9945, F1-micro is 0.9950
2024-11-10 20:44:38 | INFO | train | task-0		Pre is 0.9950, Rec is 0.9950
2024-11-10 20:44:38 | INFO | train | task-0		C_M is 
[[509   0   0   0   0   1   0   0]
 [  0 520   0   0   0   1   0   0]
 [  0   2 506   0   0   0   0   0]
 [  0   1   0 505   0   0   0   0]
 [  0   0   0   0 534   0   1   9]
 [  2   0   0   0   1 502   0   0]
 [  0   0   0   0   1   0 580   0]
 [  0   0   0   0   1   0   0 324]]
2024-11-10 20:45:18 | INFO | train | In dataset test: Loss is [0.1633 0.1633 0.0000]
2024-11-10 20:45:18 | INFO | train | task-0		Acc is 0.9948, F1 is 0.9948
2024-11-10 20:45:18 | INFO | train | task-0		F1-macro is 0.9940, F1-micro is 0.9948
2024-11-10 20:45:18 | INFO | train | task-0		Pre is 0.9948, Rec is 0.9948
2024-11-10 20:45:18 | INFO | train | task-0		C_M is 
[[522   0   0   0   0   1   0   0]
 [  0 532   0   0   2   0   0   0]
 [  0   1 548   0   0   0   0   0]
 [  0   0   0 574   1   0   0   0]
 [  0   0   0   0 500   1   1   8]
 [  2   0   0   0   0 532   0   0]
 [  0   0   0   0   3   0 497   0]
 [  0   0   0   0   1   0   0 274]]
2024-11-10 20:45:18 | INFO | train | The best f1_macro util now is 0.9941, at step 132
2024-11-10 20:45:18 | INFO | train | The best f1_micro util now is 0.9948, at step 132
2024-11-10 20:46:04 | INFO | train | ----------------------------------------------------------------------------------
2024-11-10 20:46:04 | INFO | train | Time of iter training 46.13 s
2024-11-10 20:46:04 | INFO | train | On iter step 135:, global step 34561 Loss-step [0.1122 0.1122 0.0000]
2024-11-10 20:46:44 | INFO | train | In dataset train: Loss is [0.1516 0.1516 0.0000]
2024-11-10 20:46:44 | INFO | train | task-0		Acc is 0.9918, F1 is 0.9918
2024-11-10 20:46:44 | INFO | train | task-0		F1-macro is 0.9915, F1-micro is 0.9918
2024-11-10 20:46:44 | INFO | train | task-0		Pre is 0.9918, Rec is 0.9918
2024-11-10 20:46:44 | INFO | train | task-0		C_M is 
[[526   0   0   0   0   6   0   0]
 [  0 538   0   3   0   0   2   0]
 [  0   0 522   0   0   0   0   0]
 [  0   0   0 514   0   0   0   0]
 [  0   0   0   0 491   7   7   6]
 [  1   0   0   0   0 534   0   0]
 [  0   0   0   0   0   0 548   0]
 [  0   0   0   1   0   0   0 294]]
2024-11-10 20:47:23 | INFO | train | In dataset valid: Loss is [0.1343 0.1343 0.0000]
2024-11-10 20:47:23 | INFO | train | task-0		Acc is 0.9918, F1 is 0.9918
2024-11-10 20:47:23 | INFO | train | task-0		F1-macro is 0.9913, F1-micro is 0.9918
2024-11-10 20:47:23 | INFO | train | task-0		Pre is 0.9918, Rec is 0.9918
2024-11-10 20:47:23 | INFO | train | task-0		C_M is 
[[503   0   0   0   0   7   0   0]
 [  0 519   0   0   1   1   0   0]
 [  0   2 506   0   0   0   0   0]
 [  0   1   0 505   0   0   0   0]
 [  0   0   0   0 525   4   4  11]
 [  0   0   0   0   0 505   0   0]
 [  0   0   0   0   1   0 580   0]
 [  0   0   0   0   1   0   0 324]]
2024-11-10 20:48:03 | INFO | train | In dataset test: Loss is [0.2230 0.2230 0.0000]
2024-11-10 20:48:03 | INFO | train | task-0		Acc is 0.9910, F1 is 0.9910
2024-11-10 20:48:03 | INFO | train | task-0		F1-macro is 0.9900, F1-micro is 0.9910
2024-11-10 20:48:03 | INFO | train | task-0		Pre is 0.9910, Rec is 0.9910
2024-11-10 20:48:03 | INFO | train | task-0		C_M is 
[[517   0   0   0   0   6   0   0]
 [  0 532   0   0   2   0   0   0]
 [  0   1 548   0   0   0   0   0]
 [  0   0   0 574   0   1   0   0]
 [  0   0   0   0 486   6   7  11]
 [  1   0   0   0   0 533   0   0]
 [  0   0   0   0   0   0 500   0]
 [  0   0   0   0   1   0   0 274]]
2024-11-10 20:48:03 | INFO | train | The best f1_macro util now is 0.9941, at step 132
2024-11-10 20:48:03 | INFO | train | The best f1_micro util now is 0.9948, at step 132
2024-11-10 20:48:49 | INFO | train | ----------------------------------------------------------------------------------
2024-11-10 20:48:49 | INFO | train | Time of iter training 46.12 s
2024-11-10 20:48:49 | INFO | train | On iter step 136:, global step 34817 Loss-step [0.1547 0.1547 0.0000]
2024-11-10 20:49:28 | INFO | train | In dataset train: Loss is [0.0932 0.0932 0.0000]
2024-11-10 20:49:28 | INFO | train | task-0		Acc is 0.9952, F1 is 0.9952
2024-11-10 20:49:28 | INFO | train | task-0		F1-macro is 0.9952, F1-micro is 0.9952
2024-11-10 20:49:28 | INFO | train | task-0		Pre is 0.9952, Rec is 0.9952
2024-11-10 20:49:28 | INFO | train | task-0		C_M is 
[[526   0   0   0   0   6   0   0]
 [  0 541   0   0   0   0   2   0]
 [  0   0 522   0   0   0   0   0]
 [  0   0   0 514   0   0   0   0]
 [  0   0   0   0 505   1   2   3]
 [  2   0   0   0   0 533   0   0]
 [  0   0   0   0   2   0 546   0]
 [  0   1   0   0   0   0   0 294]]
2024-11-10 20:50:08 | INFO | train | In dataset valid: Loss is [0.1018 0.1018 0.0000]
2024-11-10 20:50:08 | INFO | train | task-0		Acc is 0.9928, F1 is 0.9928
2024-11-10 20:50:08 | INFO | train | task-0		F1-macro is 0.9922, F1-micro is 0.9928
2024-11-10 20:50:08 | INFO | train | task-0		Pre is 0.9928, Rec is 0.9928
2024-11-10 20:50:08 | INFO | train | task-0		C_M is 
[[503   0   0   0   0   7   0   0]
 [  0 519   0   0   2   0   0   0]
 [  0   2 506   0   0   0   0   0]
 [  0   1   0 505   0   0   0   0]
 [  0   0   0   0 531   3   0  10]
 [  0   0   0   0   0 505   0   0]
 [  0   0   0   0   2   0 579   0]
 [  0   0   0   0   2   0   0 323]]
2024-11-10 20:50:47 | INFO | train | In dataset test: Loss is [0.1429 0.1429 0.0000]
2024-11-10 20:50:47 | INFO | train | task-0		Acc is 0.9920, F1 is 0.9920
2024-11-10 20:50:47 | INFO | train | task-0		F1-macro is 0.9910, F1-micro is 0.9920
2024-11-10 20:50:47 | INFO | train | task-0		Pre is 0.9920, Rec is 0.9920
2024-11-10 20:50:47 | INFO | train | task-0		C_M is 
[[517   0   0   0   0   6   0   0]
 [  0 532   0   0   2   0   0   0]
 [  0   1 548   0   0   0   0   0]
 [  0   1   0 572   2   0   0   0]
 [  0   0   0   0 496   2   1  11]
 [  1   0   0   0   0 533   0   0]
 [  0   0   0   0   3   0 497   0]
 [  0   0   0   0   2   0   0 273]]
2024-11-10 20:50:47 | INFO | train | The best f1_macro util now is 0.9941, at step 132
2024-11-10 20:50:47 | INFO | train | The best f1_micro util now is 0.9948, at step 132
2024-11-10 20:51:33 | INFO | train | ----------------------------------------------------------------------------------
2024-11-10 20:51:33 | INFO | train | Time of iter training 45.92 s
2024-11-10 20:51:33 | INFO | train | On iter step 137:, global step 35073 Loss-step [0.1511 0.1511 0.0000]
2024-11-10 20:52:13 | INFO | train | In dataset train: Loss is [0.1690 0.1690 0.0000]
2024-11-10 20:52:13 | INFO | train | task-0		Acc is 0.9948, F1 is 0.9948
2024-11-10 20:52:13 | INFO | train | task-0		F1-macro is 0.9945, F1-micro is 0.9948
2024-11-10 20:52:13 | INFO | train | task-0		Pre is 0.9948, Rec is 0.9948
2024-11-10 20:52:13 | INFO | train | task-0		C_M is 
[[525   0   0   0   0   7   0   0]
 [  0 539   0   2   0   0   2   0]
 [  0   0 522   0   0   0   0   0]
 [  0   0   0 514   0   0   0   0]
 [  0   0   0   0 510   0   0   1]
 [  0   0   0   0   1 534   0   0]
 [  0   0   0   0   3   0 545   0]
 [  0   0   0   1   4   0   0 290]]
2024-11-10 20:52:52 | INFO | train | In dataset valid: Loss is [0.1899 0.1899 0.0000]
2024-11-10 20:52:52 | INFO | train | task-0		Acc is 0.9938, F1 is 0.9938
2024-11-10 20:52:52 | INFO | train | task-0		F1-macro is 0.9935, F1-micro is 0.9938
2024-11-10 20:52:52 | INFO | train | task-0		Pre is 0.9938, Rec is 0.9938
2024-11-10 20:52:52 | INFO | train | task-0		C_M is 
[[503   1   0   0   0   6   0   0]
 [  1 519   0   0   1   0   0   0]
 [  0   1 506   0   1   0   0   0]
 [  1   0   0 505   0   0   0   0]
 [  0   0   0   0 539   2   0   3]
 [  0   0   0   0   0 505   0   0]
 [  0   0   0   0   3   0 578   0]
 [  0   0   0   0   5   0   0 320]]
2024-11-10 20:53:32 | INFO | train | In dataset test: Loss is [0.2231 0.2231 0.0000]
2024-11-10 20:53:32 | INFO | train | task-0		Acc is 0.9932, F1 is 0.9932
2024-11-10 20:53:32 | INFO | train | task-0		F1-macro is 0.9929, F1-micro is 0.9932
2024-11-10 20:53:32 | INFO | train | task-0		Pre is 0.9932, Rec is 0.9932
2024-11-10 20:53:32 | INFO | train | task-0		C_M is 
[[516   0   0   0   1   6   0   0]
 [  1 531   0   0   2   0   0   0]
 [  0   1 548   0   0   0   0   0]
 [  0   0   0 572   3   0   0   0]
 [  0   0   0   0 506   1   0   3]
 [  0   0   0   0   2 532   0   0]
 [  0   0   0   0   4   0 496   0]
 [  0   0   0   0   3   0   0 272]]
2024-11-10 20:53:32 | INFO | train | The best f1_macro util now is 0.9941, at step 132
2024-11-10 20:53:32 | INFO | train | The best f1_micro util now is 0.9948, at step 132
2024-11-10 20:54:18 | INFO | train | ----------------------------------------------------------------------------------
2024-11-10 20:54:18 | INFO | train | Time of iter training 46.04 s
2024-11-10 20:54:18 | INFO | train | On iter step 138:, global step 35329 Loss-step [0.2755 0.2755 0.0000]
2024-11-10 20:54:57 | INFO | train | In dataset train: Loss is [0.1076 0.1076 0.0000]
2024-11-10 20:54:57 | INFO | train | task-0		Acc is 0.9955, F1 is 0.9955
2024-11-10 20:54:57 | INFO | train | task-0		F1-macro is 0.9952, F1-micro is 0.9955
2024-11-10 20:54:57 | INFO | train | task-0		Pre is 0.9955, Rec is 0.9955
2024-11-10 20:54:57 | INFO | train | task-0		C_M is 
[[531   0   0   0   0   1   0   0]
 [  0 541   0   0   0   0   2   0]
 [  0   0 522   0   0   0   0   0]
 [  0   0   0 514   0   0   0   0]
 [  0   0   0   0 510   1   0   0]
 [  4   0   0   0   0 531   0   0]
 [  0   0   0   0   4   0 544   0]
 [  0   1   0   0   5   0   0 289]]
2024-11-10 20:55:37 | INFO | train | In dataset valid: Loss is [0.0949 0.0949 0.0000]
2024-11-10 20:55:37 | INFO | train | task-0		Acc is 0.9952, F1 is 0.9952
2024-11-10 20:55:37 | INFO | train | task-0		F1-macro is 0.9952, F1-micro is 0.9952
2024-11-10 20:55:37 | INFO | train | task-0		Pre is 0.9952, Rec is 0.9952
2024-11-10 20:55:37 | INFO | train | task-0		C_M is 
[[509   0   0   0   0   1   0   0]
 [  1 519   0   0   0   1   0   0]
 [  0   1 506   0   1   0   0   0]
 [  0   1   0 504   1   0   0   0]
 [  0   0   0   0 542   2   0   0]
 [  0   0   0   0   0 505   0   0]
 [  0   0   0   0   5   0 576   0]
 [  0   0   0   0   5   0   0 320]]
2024-11-10 20:56:16 | INFO | train | In dataset test: Loss is [0.1571 0.1571 0.0000]
2024-11-10 20:56:16 | INFO | train | task-0		Acc is 0.9938, F1 is 0.9938
2024-11-10 20:56:16 | INFO | train | task-0		F1-macro is 0.9934, F1-micro is 0.9938
2024-11-10 20:56:16 | INFO | train | task-0		Pre is 0.9938, Rec is 0.9938
2024-11-10 20:56:16 | INFO | train | task-0		C_M is 
[[521   0   0   0   0   2   0   0]
 [  1 531   0   0   1   0   1   0]
 [  0   1 548   0   0   0   0   0]
 [  0   2   0 571   2   0   0   0]
 [  0   0   0   0 507   2   0   1]
 [  3   0   0   0   0 531   0   0]
 [  0   0   0   0   4   0 496   0]
 [  0   0   0   0   5   0   0 270]]
2024-11-10 20:56:16 | INFO | train | The best f1_macro util now is 0.9941, at step 132
2024-11-10 20:56:16 | INFO | train | The best f1_micro util now is 0.9948, at step 132
2024-11-10 20:57:02 | INFO | train | ----------------------------------------------------------------------------------
2024-11-10 20:57:02 | INFO | train | Time of iter training 45.81 s
2024-11-10 20:57:02 | INFO | train | On iter step 139:, global step 35585 Loss-step [0.1301 0.1301 0.0000]
2024-11-10 20:57:41 | INFO | train | In dataset train: Loss is [0.4880 0.4880 0.0000]
2024-11-10 20:57:41 | INFO | train | task-0		Acc is 0.9805, F1 is 0.9805
2024-11-10 20:57:41 | INFO | train | task-0		F1-macro is 0.9808, F1-micro is 0.9805
2024-11-10 20:57:41 | INFO | train | task-0		Pre is 0.9805, Rec is 0.9805
2024-11-10 20:57:41 | INFO | train | task-0		C_M is 
[[472   2   0   0  36  22   0   0]
 [  0 540   0   1   0   0   2   0]
 [  0   0 522   0   0   0   0   0]
 [  0   0   0 513   1   0   0   0]
 [  0   0   0   0 509   0   2   0]
 [  4   0   0   0   0 531   0   0]
 [  0   0   0   0   2   0 546   0]
 [  0   1   0   0   5   0   0 289]]
2024-11-10 20:58:21 | INFO | train | In dataset valid: Loss is [0.3912 0.3912 0.0000]
2024-11-10 20:58:21 | INFO | train | task-0		Acc is 0.9802, F1 is 0.9802
2024-11-10 20:58:21 | INFO | train | task-0		F1-macro is 0.9806, F1-micro is 0.9802
2024-11-10 20:58:21 | INFO | train | task-0		Pre is 0.9802, Rec is 0.9802
2024-11-10 20:58:21 | INFO | train | task-0		C_M is 
[[446   4   0   0  43  17   0   0]
 [  0 520   0   0   1   0   0   0]
 [  0   2 506   0   0   0   0   0]
 [  0   1   0 505   0   0   0   0]
 [  0   1   0   0 540   3   0   0]
 [  0   0   0   0   0 505   0   0]
 [  0   0   0   0   3   0 578   0]
 [  0   0   0   0   4   0   0 321]]
2024-11-10 20:59:01 | INFO | train | In dataset test: Loss is [0.4319 0.4319 0.0000]
2024-11-10 20:59:01 | INFO | train | task-0		Acc is 0.9800, F1 is 0.9800
2024-11-10 20:59:01 | INFO | train | task-0		F1-macro is 0.9800, F1-micro is 0.9800
2024-11-10 20:59:01 | INFO | train | task-0		Pre is 0.9800, Rec is 0.9800
2024-11-10 20:59:01 | INFO | train | task-0		C_M is 
[[461   1   0   0  39  22   0   0]
 [  0 531   0   1   2   0   0   0]
 [  0   1 548   0   0   0   0   0]
 [  0   0   0 573   2   0   0   0]
 [  0   0   0   0 508   1   0   1]
 [  2   0   0   0   0 532   0   0]
 [  0   0   0   0   3   0 497   0]
 [  0   0   0   0   5   0   0 270]]
2024-11-10 20:59:01 | INFO | train | The best f1_macro util now is 0.9941, at step 132
2024-11-10 20:59:01 | INFO | train | The best f1_micro util now is 0.9948, at step 132
2024-11-10 20:59:47 | INFO | train | ----------------------------------------------------------------------------------
2024-11-10 20:59:47 | INFO | train | Time of iter training 46.06 s
2024-11-10 20:59:47 | INFO | train | On iter step 140:, global step 35841 Loss-step [0.2612 0.2612 0.0000]
2024-11-10 21:00:26 | INFO | train | In dataset train: Loss is [0.0918 0.0918 0.0000]
2024-11-10 21:00:26 | INFO | train | task-0		Acc is 0.9898, F1 is 0.9898
2024-11-10 21:00:26 | INFO | train | task-0		F1-macro is 0.9897, F1-micro is 0.9898
2024-11-10 21:00:26 | INFO | train | task-0		Pre is 0.9898, Rec is 0.9898
2024-11-10 21:00:26 | INFO | train | task-0		C_M is 
[[531   0   0   0   1   0   0   0]
 [  0 538   0   3   0   0   2   0]
 [  0   0 522   0   0   0   0   0]
 [  0   0   0 514   0   0   0   0]
 [  0   0   0   0 495   1  15   0]
 [ 13   0   0   0   0 522   0   0]
 [  0   0   0   0   0   0 548   0]
 [  0   0   0   1   5   0   0 289]]
2024-11-10 21:01:05 | INFO | train | In dataset valid: Loss is [0.1004 0.1004 0.0000]
2024-11-10 21:01:05 | INFO | train | task-0		Acc is 0.9925, F1 is 0.9925
2024-11-10 21:01:05 | INFO | train | task-0		F1-macro is 0.9925, F1-micro is 0.9925
2024-11-10 21:01:05 | INFO | train | task-0		Pre is 0.9925, Rec is 0.9925
2024-11-10 21:01:05 | INFO | train | task-0		C_M is 
[[510   0   0   0   0   0   0   0]
 [  0 519   0   2   0   0   0   0]
 [  0   0 506   2   0   0   0   0]
 [  0   1   0 505   0   0   0   0]
 [  0   0   0   0 528   2  13   1]
 [  3   0   0   0   0 502   0   0]
 [  0   0   0   0   0   0 581   0]
 [  0   0   0   0   6   0   0 319]]
2024-11-10 21:01:45 | INFO | train | In dataset test: Loss is [0.1565 0.1565 0.0000]
2024-11-10 21:01:45 | INFO | train | task-0		Acc is 0.9895, F1 is 0.9895
2024-11-10 21:01:45 | INFO | train | task-0		F1-macro is 0.9888, F1-micro is 0.9895
2024-11-10 21:01:45 | INFO | train | task-0		Pre is 0.9895, Rec is 0.9895
2024-11-10 21:01:45 | INFO | train | task-0		C_M is 
[[523   0   0   0   0   0   0   0]
 [  0 530   0   2   2   0   0   0]
 [  0   0 548   1   0   0   0   0]
 [  0   0   0 573   2   0   0   0]
 [  0   0   0   0 489   2  16   3]
 [  7   0   0   0   0 527   0   0]
 [  0   0   0   0   0   0 500   0]
 [  0   0   0   0   7   0   0 268]]
2024-11-10 21:01:45 | INFO | train | The best f1_macro util now is 0.9941, at step 132
2024-11-10 21:01:45 | INFO | train | The best f1_micro util now is 0.9948, at step 132
2024-11-10 21:02:31 | INFO | train | ----------------------------------------------------------------------------------
2024-11-10 21:02:31 | INFO | train | Time of iter training 46.03 s
2024-11-10 21:02:31 | INFO | train | On iter step 141:, global step 36097 Loss-step [0.1248 0.1248 0.0000]
2024-11-10 21:03:11 | INFO | train | In dataset train: Loss is [0.1254 0.1254 0.0000]
2024-11-10 21:03:11 | INFO | train | task-0		Acc is 0.9920, F1 is 0.9920
2024-11-10 21:03:11 | INFO | train | task-0		F1-macro is 0.9919, F1-micro is 0.9920
2024-11-10 21:03:11 | INFO | train | task-0		Pre is 0.9920, Rec is 0.9920
2024-11-10 21:03:11 | INFO | train | task-0		C_M is 
[[516   0   0   0   2  14   0   0]
 [  0 540   0   3   0   0   0   0]
 [  0   0 522   0   0   0   0   0]
 [  0   0   0 511   3   0   0   0]
 [  0   0   0   0 509   0   2   0]
 [  0   0   0   0   0 535   0   0]
 [  0   0   0   0   2   0 546   0]
 [  0   1   0   0   5   0   0 289]]
2024-11-10 21:03:50 | INFO | train | In dataset valid: Loss is [0.1235 0.1235 0.0000]
2024-11-10 21:03:50 | INFO | train | task-0		Acc is 0.9932, F1 is 0.9932
2024-11-10 21:03:50 | INFO | train | task-0		F1-macro is 0.9931, F1-micro is 0.9932
2024-11-10 21:03:50 | INFO | train | task-0		Pre is 0.9932, Rec is 0.9932
2024-11-10 21:03:50 | INFO | train | task-0		C_M is 
[[498   0   0   0   1  11   0   0]
 [  0 520   0   0   0   1   0   0]
 [  0   0 506   0   2   0   0   0]
 [  0   1   0 505   0   0   0   0]
 [  0   0   0   0 542   2   0   0]
 [  0   0   0   0   0 505   0   0]
 [  0   0   0   1   2   0 578   0]
 [  0   0   0   0   6   0   0 319]]
2024-11-10 21:04:30 | INFO | train | In dataset test: Loss is [0.1690 0.1690 0.0000]
2024-11-10 21:04:30 | INFO | train | task-0		Acc is 0.9940, F1 is 0.9940
2024-11-10 21:04:30 | INFO | train | task-0		F1-macro is 0.9936, F1-micro is 0.9940
2024-11-10 21:04:30 | INFO | train | task-0		Pre is 0.9940, Rec is 0.9940
2024-11-10 21:04:30 | INFO | train | task-0		C_M is 
[[516   0   0   0   0   7   0   0]
 [  0 530   0   2   2   0   0   0]
 [  0   0 548   0   1   0   0   0]
 [  0   0   0 573   2   0   0   0]
 [  0   0   0   0 508   1   0   1]
 [  0   0   0   0   0 534   0   0]
 [  0   0   0   0   3   0 497   0]
 [  0   0   0   0   5   0   0 270]]
2024-11-10 21:04:30 | INFO | train | The best f1_macro util now is 0.9941, at step 132
2024-11-10 21:04:30 | INFO | train | The best f1_micro util now is 0.9948, at step 132
2024-11-10 21:05:15 | INFO | train | ----------------------------------------------------------------------------------
2024-11-10 21:05:15 | INFO | train | Time of iter training 45.89 s
2024-11-10 21:05:15 | INFO | train | On iter step 142:, global step 36353 Loss-step [0.0834 0.0834 0.0000]
2024-11-10 21:05:55 | INFO | train | In dataset train: Loss is [0.1100 0.1100 0.0000]
2024-11-10 21:05:55 | INFO | train | task-0		Acc is 0.9950, F1 is 0.9950
2024-11-10 21:05:55 | INFO | train | task-0		F1-macro is 0.9947, F1-micro is 0.9950
2024-11-10 21:05:55 | INFO | train | task-0		Pre is 0.9950, Rec is 0.9950
2024-11-10 21:05:55 | INFO | train | task-0		C_M is 
[[527   0   0   0   1   4   0   0]
 [  0 540   0   3   0   0   0   0]
 [  0   0 522   0   0   0   0   0]
 [  0   0   0 514   0   0   0   0]
 [  0   0   0   0 509   0   2   0]
 [  2   0   0   0   0 533   0   0]
 [  0   0   0   0   2   0 546   0]
 [  0   1   0   0   5   0   0 289]]
2024-11-10 21:06:34 | INFO | train | In dataset valid: Loss is [0.1203 0.1203 0.0000]
2024-11-10 21:06:34 | INFO | train | task-0		Acc is 0.9960, F1 is 0.9960
2024-11-10 21:06:34 | INFO | train | task-0		F1-macro is 0.9958, F1-micro is 0.9960
2024-11-10 21:06:34 | INFO | train | task-0		Pre is 0.9960, Rec is 0.9960
2024-11-10 21:06:34 | INFO | train | task-0		C_M is 
[[507   0   0   0   0   3   0   0]
 [  0 520   0   0   0   1   0   0]
 [  0   0 506   0   2   0   0   0]
 [  0   1   0 505   0   0   0   0]
 [  0   0   0   0 543   1   0   0]
 [  0   0   0   0   0 505   0   0]
 [  0   0   0   1   1   0 579   0]
 [  0   0   0   0   6   0   0 319]]
2024-11-10 21:07:14 | INFO | train | In dataset test: Loss is [0.1459 0.1459 0.0000]
2024-11-10 21:07:14 | INFO | train | task-0		Acc is 0.9942, F1 is 0.9942
2024-11-10 21:07:14 | INFO | train | task-0		F1-macro is 0.9938, F1-micro is 0.9942
2024-11-10 21:07:14 | INFO | train | task-0		Pre is 0.9942, Rec is 0.9942
2024-11-10 21:07:14 | INFO | train | task-0		C_M is 
[[519   0   0   0   0   4   0   0]
 [  0 531   0   1   2   0   0   0]
 [  0   0 548   0   1   0   0   0]
 [  0   0   0 573   2   0   0   0]
 [  0   0   0   0 508   1   0   1]
 [  2   0   0   0   0 532   0   0]
 [  0   0   0   0   3   0 497   0]
 [  0   0   0   0   6   0   0 269]]
2024-11-10 21:07:14 | INFO | train | The best f1_macro util now is 0.9941, at step 132
2024-11-10 21:07:14 | INFO | train | The best f1_micro util now is 0.9948, at step 132
2024-11-10 21:08:00 | INFO | train | ----------------------------------------------------------------------------------
2024-11-10 21:08:00 | INFO | train | Time of iter training 46.07 s
2024-11-10 21:08:00 | INFO | train | On iter step 143:, global step 36609 Loss-step [0.1209 0.1209 0.0000]
2024-11-10 21:08:39 | INFO | train | In dataset train: Loss is [0.1361 0.1361 0.0000]
2024-11-10 21:08:39 | INFO | train | task-0		Acc is 0.9950, F1 is 0.9950
2024-11-10 21:08:39 | INFO | train | task-0		F1-macro is 0.9947, F1-micro is 0.9950
2024-11-10 21:08:39 | INFO | train | task-0		Pre is 0.9950, Rec is 0.9950
2024-11-10 21:08:39 | INFO | train | task-0		C_M is 
[[530   0   0   0   0   2   0   0]
 [  0 539   0   4   0   0   0   0]
 [  0   0 522   0   0   0   0   0]
 [  0   0   0 514   0   0   0   0]
 [  0   0   0   0 511   0   0   0]
 [  3   0   0   0   0 532   0   0]
 [  0   0   0   0   5   0 543   0]
 [  0   0   0   1   5   0   0 289]]
2024-11-10 21:09:19 | INFO | train | In dataset valid: Loss is [0.1643 0.1643 0.0000]
2024-11-10 21:09:19 | INFO | train | task-0		Acc is 0.9948, F1 is 0.9948
2024-11-10 21:09:19 | INFO | train | task-0		F1-macro is 0.9946, F1-micro is 0.9948
2024-11-10 21:09:19 | INFO | train | task-0		Pre is 0.9948, Rec is 0.9948
2024-11-10 21:09:19 | INFO | train | task-0		C_M is 
[[508   0   0   0   0   2   0   0]
 [  0 519   0   2   0   0   0   0]
 [  0   0 506   2   0   0   0   0]
 [  0   1   0 505   0   0   0   0]
 [  0   0   0   1 542   1   0   0]
 [  0   0   0   0   0 505   0   0]
 [  0   0   0   1   5   0 575   0]
 [  0   0   0   0   6   0   0 319]]
2024-11-10 21:09:58 | INFO | train | In dataset test: Loss is [0.1567 0.1567 0.0000]
2024-11-10 21:09:58 | INFO | train | task-0		Acc is 0.9940, F1 is 0.9940
2024-11-10 21:09:58 | INFO | train | task-0		F1-macro is 0.9937, F1-micro is 0.9940
2024-11-10 21:09:58 | INFO | train | task-0		Pre is 0.9940, Rec is 0.9940
2024-11-10 21:09:58 | INFO | train | task-0		C_M is 
[[519   0   0   0   0   4   0   0]
 [  0 531   0   1   2   0   0   0]
 [  0   0 548   0   1   0   0   0]
 [  0   0   0 574   1   0   0   0]
 [  0   0   0   0 508   1   0   1]
 [  5   0   0   0   0 529   0   0]
 [  0   0   0   0   4   0 496   0]
 [  0   0   0   0   4   0   0 271]]
2024-11-10 21:09:58 | INFO | train | The best f1_macro util now is 0.9941, at step 132
2024-11-10 21:09:58 | INFO | train | The best f1_micro util now is 0.9948, at step 132
2024-11-10 21:10:44 | INFO | train | ----------------------------------------------------------------------------------
2024-11-10 21:10:44 | INFO | train | Time of iter training 45.96 s
2024-11-10 21:10:44 | INFO | train | On iter step 144:, global step 36865 Loss-step [0.1591 0.1591 0.0000]
2024-11-10 21:11:24 | INFO | train | In dataset train: Loss is [0.0849 0.0849 0.0000]
2024-11-10 21:11:24 | INFO | train | task-0		Acc is 0.9932, F1 is 0.9932
2024-11-10 21:11:24 | INFO | train | task-0		F1-macro is 0.9930, F1-micro is 0.9932
2024-11-10 21:11:24 | INFO | train | task-0		Pre is 0.9932, Rec is 0.9932
2024-11-10 21:11:24 | INFO | train | task-0		C_M is 
[[521   0   0   0   0  11   0   0]
 [  0 539   0   3   0   0   1   0]
 [  0   0 522   0   0   0   0   0]
 [  0   0   0 514   0   0   0   0]
 [  0   0   0   0 505   0   0   6]
 [  0   0   0   0   0 535   0   0]
 [  0   0   0   0   5   0 543   0]
 [  0   0   0   1   0   0   0 294]]
2024-11-10 21:12:03 | INFO | train | In dataset valid: Loss is [0.1342 0.1342 0.0000]
2024-11-10 21:12:03 | INFO | train | task-0		Acc is 0.9910, F1 is 0.9910
2024-11-10 21:12:03 | INFO | train | task-0		F1-macro is 0.9904, F1-micro is 0.9910
2024-11-10 21:12:03 | INFO | train | task-0		Pre is 0.9910, Rec is 0.9910
2024-11-10 21:12:03 | INFO | train | task-0		C_M is 
[[501   0   0   0   0   9   0   0]
 [  0 520   0   1   0   0   0   0]
 [  0   0 506   2   0   0   0   0]
 [  0   1   0 505   0   0   0   0]
 [  0   0   0   1 529   2   0  12]
 [  0   0   0   0   0 504   0   1]
 [  0   0   0   0   5   0 576   0]
 [  0   0   0   0   2   0   0 323]]
2024-11-10 21:12:43 | INFO | train | In dataset test: Loss is [0.1487 0.1487 0.0000]
2024-11-10 21:12:43 | INFO | train | task-0		Acc is 0.9922, F1 is 0.9922
2024-11-10 21:12:43 | INFO | train | task-0		F1-macro is 0.9912, F1-micro is 0.9922
2024-11-10 21:12:43 | INFO | train | task-0		Pre is 0.9922, Rec is 0.9922
2024-11-10 21:12:43 | INFO | train | task-0		C_M is 
[[516   0   0   0   0   7   0   0]
 [  0 532   0   0   2   0   0   0]
 [  0   0 548   0   1   0   0   0]
 [  0   1   0 573   1   0   0   0]
 [  0   0   0   0 497   2   0  11]
 [  0   0   0   0   0 534   0   0]
 [  0   0   0   0   4   0 496   0]
 [  0   0   0   0   2   0   0 273]]
2024-11-10 21:12:43 | INFO | train | The best f1_macro util now is 0.9941, at step 132
2024-11-10 21:12:43 | INFO | train | The best f1_micro util now is 0.9948, at step 132
2024-11-10 21:13:29 | INFO | train | ----------------------------------------------------------------------------------
2024-11-10 21:13:29 | INFO | train | Time of iter training 46.24 s
2024-11-10 21:13:29 | INFO | train | On iter step 145:, global step 37121 Loss-step [0.1272 0.1272 0.0000]
2024-11-10 21:14:08 | INFO | train | In dataset train: Loss is [0.0840 0.0840 0.0000]
2024-11-10 21:14:08 | INFO | train | task-0		Acc is 0.9935, F1 is 0.9935
2024-11-10 21:14:08 | INFO | train | task-0		F1-macro is 0.9935, F1-micro is 0.9935
2024-11-10 21:14:08 | INFO | train | task-0		Pre is 0.9935, Rec is 0.9935
2024-11-10 21:14:08 | INFO | train | task-0		C_M is 
[[518   0   0   0   0  14   0   0]
 [  0 540   0   2   0   1   0   0]
 [  0   0 522   0   0   0   0   0]
 [  0   0   0 514   0   0   0   0]
 [  0   0   0   0 509   0   0   2]
 [  0   0   0   0   0 535   0   0]
 [  0   0   0   0   5   0 543   0]
 [  0   0   0   0   2   0   0 293]]
2024-11-10 21:14:48 | INFO | train | In dataset valid: Loss is [0.1146 0.1146 0.0000]
2024-11-10 21:14:48 | INFO | train | task-0		Acc is 0.9925, F1 is 0.9925
2024-11-10 21:14:48 | INFO | train | task-0		F1-macro is 0.9922, F1-micro is 0.9925
2024-11-10 21:14:48 | INFO | train | task-0		Pre is 0.9925, Rec is 0.9925
2024-11-10 21:14:48 | INFO | train | task-0		C_M is 
[[499   0   0   0   0  11   0   0]
 [  0 520   0   0   1   0   0   0]
 [  0   0 506   2   0   0   0   0]
 [  0   1   0 505   0   0   0   0]
 [  0   0   0   0 538   1   0   5]
 [  0   0   0   0   0 505   0   0]
 [  0   0   0   0   5   0 576   0]
 [  0   0   0   0   4   0   0 321]]
2024-11-10 21:15:28 | INFO | train | In dataset test: Loss is [0.1390 0.1390 0.0000]
2024-11-10 21:15:28 | INFO | train | task-0		Acc is 0.9918, F1 is 0.9918
2024-11-10 21:15:28 | INFO | train | task-0		F1-macro is 0.9908, F1-micro is 0.9918
2024-11-10 21:15:28 | INFO | train | task-0		Pre is 0.9918, Rec is 0.9918
2024-11-10 21:15:28 | INFO | train | task-0		C_M is 
[[511   0   0   0   0  12   0   0]
 [  0 532   0   0   2   0   0   0]
 [  0   0 548   0   1   0   0   0]
 [  0   0   0 573   1   0   0   1]
 [  0   0   0   0 501   1   0   8]
 [  0   0   0   0   0 534   0   0]
 [  0   0   0   0   4   0 496   0]
 [  0   0   0   0   3   0   0 272]]
2024-11-10 21:15:28 | INFO | train | The best f1_macro util now is 0.9941, at step 132
2024-11-10 21:15:28 | INFO | train | The best f1_micro util now is 0.9948, at step 132
2024-11-10 21:16:13 | INFO | train | ----------------------------------------------------------------------------------
2024-11-10 21:16:13 | INFO | train | Time of iter training 45.83 s
2024-11-10 21:16:13 | INFO | train | On iter step 146:, global step 37377 Loss-step [0.2015 0.2015 0.0000]
2024-11-10 21:16:53 | INFO | train | In dataset train: Loss is [0.0809 0.0809 0.0000]
2024-11-10 21:16:53 | INFO | train | task-0		Acc is 0.9942, F1 is 0.9942
2024-11-10 21:16:53 | INFO | train | task-0		F1-macro is 0.9940, F1-micro is 0.9942
2024-11-10 21:16:53 | INFO | train | task-0		Pre is 0.9942, Rec is 0.9942
2024-11-10 21:16:53 | INFO | train | task-0		C_M is 
[[525   0   0   0   0   7   0   0]
 [  0 541   0   2   0   0   0   0]
 [  0   0 522   0   0   0   0   0]
 [  0   0   0 514   0   0   0   0]
 [  0   0   0   0 498   1   6   6]
 [  0   0   0   0   0 535   0   0]
 [  0   0   0   0   1   0 547   0]
 [  0   0   0   0   0   0   0 295]]
2024-11-10 21:17:32 | INFO | train | In dataset valid: Loss is [0.1043 0.1043 0.0000]
2024-11-10 21:17:32 | INFO | train | task-0		Acc is 0.9922, F1 is 0.9922
2024-11-10 21:17:32 | INFO | train | task-0		F1-macro is 0.9918, F1-micro is 0.9922
2024-11-10 21:17:32 | INFO | train | task-0		Pre is 0.9922, Rec is 0.9922
2024-11-10 21:17:32 | INFO | train | task-0		C_M is 
[[505   0   0   0   0   5   0   0]
 [  0 520   0   1   0   0   0   0]
 [  0   0 506   2   0   0   0   0]
 [  0   3   0 503   0   0   0   0]
 [  0   0   0   0 528   2   5   9]
 [  0   0   0   0   0 505   0   0]
 [  0   0   0   0   1   0 580   0]
 [  0   1   0   0   2   0   0 322]]
2024-11-10 21:18:12 | INFO | train | In dataset test: Loss is [0.1476 0.1476 0.0000]
2024-11-10 21:18:12 | INFO | train | task-0		Acc is 0.9908, F1 is 0.9908
2024-11-10 21:18:12 | INFO | train | task-0		F1-macro is 0.9898, F1-micro is 0.9908
2024-11-10 21:18:12 | INFO | train | task-0		Pre is 0.9908, Rec is 0.9908
2024-11-10 21:18:12 | INFO | train | task-0		C_M is 
[[516   0   0   0   0   7   0   0]
 [  0 532   0   1   1   0   0   0]
 [  0   0 548   1   0   0   0   0]
 [  0   2   0 572   1   0   0   0]
 [  0   1   0   1 488   2   7  11]
 [  0   0   0   0   0 534   0   0]
 [  0   0   0   0   0   0 500   0]
 [  0   0   0   0   0   2   0 273]]
2024-11-10 21:18:12 | INFO | train | The best f1_macro util now is 0.9941, at step 132
2024-11-10 21:18:12 | INFO | train | The best f1_micro util now is 0.9948, at step 132
2024-11-10 21:18:58 | INFO | train | ----------------------------------------------------------------------------------
2024-11-10 21:18:58 | INFO | train | Time of iter training 46.23 s
2024-11-10 21:18:58 | INFO | train | On iter step 147:, global step 37633 Loss-step [0.1025 0.1025 0.0000]
2024-11-10 21:19:38 | INFO | train | In dataset train: Loss is [0.0817 0.0817 0.0000]
2024-11-10 21:19:38 | INFO | train | task-0		Acc is 0.9952, F1 is 0.9952
2024-11-10 21:19:38 | INFO | train | task-0		F1-macro is 0.9949, F1-micro is 0.9952
2024-11-10 21:19:38 | INFO | train | task-0		Pre is 0.9952, Rec is 0.9952
2024-11-10 21:19:38 | INFO | train | task-0		C_M is 
[[530   0   0   0   0   2   0   0]
 [  0 539   0   2   0   2   0   0]
 [  0   0 522   0   0   0   0   0]
 [  0   0   0 514   0   0   0   0]
 [  0   0   0   0 509   1   0   1]
 [  3   0   0   0   0 532   0   0]
 [  0   0   0   0   3   0 545   0]
 [  0   0   0   0   5   0   0 290]]
2024-11-10 21:20:17 | INFO | train | In dataset valid: Loss is [0.1090 0.1090 0.0000]
2024-11-10 21:20:17 | INFO | train | task-0		Acc is 0.9942, F1 is 0.9942
2024-11-10 21:20:17 | INFO | train | task-0		F1-macro is 0.9942, F1-micro is 0.9942
2024-11-10 21:20:17 | INFO | train | task-0		Pre is 0.9942, Rec is 0.9942
2024-11-10 21:20:17 | INFO | train | task-0		C_M is 
[[506   0   0   0   0   4   0   0]
 [  0 520   0   1   0   0   0   0]
 [  0   0 506   2   0   0   0   0]
 [  1   2   0 503   0   0   0   0]
 [  0   0   0   0 541   2   1   0]
 [  0   0   0   0   0 505   0   0]
 [  0   0   0   0   5   0 576   0]
 [  0   0   0   0   5   0   0 320]]
2024-11-10 21:20:57 | INFO | train | In dataset test: Loss is [0.1441 0.1441 0.0000]
2024-11-10 21:20:57 | INFO | train | task-0		Acc is 0.9942, F1 is 0.9942
2024-11-10 21:20:57 | INFO | train | task-0		F1-macro is 0.9939, F1-micro is 0.9942
2024-11-10 21:20:57 | INFO | train | task-0		Pre is 0.9942, Rec is 0.9942
2024-11-10 21:20:57 | INFO | train | task-0		C_M is 
[[521   0   0   0   0   2   0   0]
 [  0 532   0   1   1   0   0   0]
 [  0   0 548   1   0   0   0   0]
 [  0   2   0 572   1   0   0   0]
 [  0   0   0   0 507   2   0   1]
 [  3   0   0   0   0 531   0   0]
 [  0   0   0   0   4   0 496   0]
 [  0   0   0   0   5   0   0 270]]
2024-11-10 21:20:57 | INFO | train | The best f1_macro util now is 0.9941, at step 132
2024-11-10 21:20:57 | INFO | train | The best f1_micro util now is 0.9948, at step 132
2024-11-10 21:21:43 | INFO | train | ----------------------------------------------------------------------------------
2024-11-10 21:21:43 | INFO | train | Time of iter training 46.11 s
2024-11-10 21:21:43 | INFO | train | On iter step 148:, global step 37889 Loss-step [0.0965 0.0965 0.0000]
2024-11-10 21:22:22 | INFO | train | In dataset train: Loss is [0.0800 0.0800 0.0000]
2024-11-10 21:22:22 | INFO | train | task-0		Acc is 0.9952, F1 is 0.9952
2024-11-10 21:22:22 | INFO | train | task-0		F1-macro is 0.9949, F1-micro is 0.9952
2024-11-10 21:22:22 | INFO | train | task-0		Pre is 0.9952, Rec is 0.9952
2024-11-10 21:22:22 | INFO | train | task-0		C_M is 
[[527   0   0   0   0   5   0   0]
 [  0 540   0   0   3   0   0   0]
 [  0   0 522   0   0   0   0   0]
 [  0   0   0 514   0   0   0   0]
 [  0   0   0   0 509   0   1   1]
 [  1   0   0   0   0 534   0   0]
 [  0   0   0   0   3   0 545   0]
 [  0   0   0   0   5   0   0 290]]
2024-11-10 21:23:01 | INFO | train | In dataset valid: Loss is [0.1100 0.1100 0.0000]
2024-11-10 21:23:01 | INFO | train | task-0		Acc is 0.9952, F1 is 0.9952
2024-11-10 21:23:01 | INFO | train | task-0		F1-macro is 0.9952, F1-micro is 0.9952
2024-11-10 21:23:01 | INFO | train | task-0		Pre is 0.9952, Rec is 0.9952
2024-11-10 21:23:01 | INFO | train | task-0		C_M is 
[[506   0   0   0   0   4   0   0]
 [  0 520   0   1   0   0   0   0]
 [  0   0 506   0   2   0   0   0]
 [  1   0   0 505   0   0   0   0]
 [  0   0   0   0 543   1   0   0]
 [  0   0   0   0   0 505   0   0]
 [  0   0   0   0   5   0 576   0]
 [  0   0   0   0   5   0   0 320]]
2024-11-10 21:23:41 | INFO | train | In dataset test: Loss is [0.1530 0.1530 0.0000]
2024-11-10 21:23:41 | INFO | train | task-0		Acc is 0.9940, F1 is 0.9940
2024-11-10 21:23:41 | INFO | train | task-0		F1-macro is 0.9936, F1-micro is 0.9940
2024-11-10 21:23:41 | INFO | train | task-0		Pre is 0.9940, Rec is 0.9940
2024-11-10 21:23:41 | INFO | train | task-0		C_M is 
[[517   0   0   0   0   6   0   0]
 [  0 532   0   0   2   0   0   0]
 [  0   0 548   0   1   0   0   0]
 [  0   1   0 571   3   0   0   0]
 [  0   0   0   0 508   1   0   1]
 [  1   0   0   0   0 533   0   0]
 [  0   0   0   0   3   0 497   0]
 [  0   0   0   0   5   0   0 270]]
2024-11-10 21:23:41 | INFO | train | The best f1_macro util now is 0.9941, at step 132
2024-11-10 21:23:41 | INFO | train | The best f1_micro util now is 0.9948, at step 132
2024-11-10 21:24:27 | INFO | train | ----------------------------------------------------------------------------------
2024-11-10 21:24:27 | INFO | train | Time of iter training 46.01 s
2024-11-10 21:24:27 | INFO | train | On iter step 149:, global step 38145 Loss-step [0.2080 0.2080 0.0000]
2024-11-10 21:25:07 | INFO | train | In dataset train: Loss is [0.2527 0.2527 0.0000]
2024-11-10 21:25:07 | INFO | train | task-0		Acc is 0.9892, F1 is 0.9892
2024-11-10 21:25:07 | INFO | train | task-0		F1-macro is 0.9877, F1-micro is 0.9892
2024-11-10 21:25:07 | INFO | train | task-0		Pre is 0.9892, Rec is 0.9892
2024-11-10 21:25:07 | INFO | train | task-0		C_M is 
[[532   0   0   0   0   0   0   0]
 [  4 536   0   0   2   0   1   0]
 [  0   0 522   0   0   0   0   0]
 [  1   0   0 513   0   0   0   0]
 [  0   0   0   0 509   0   1   1]
 [ 10   0   0   0   0 525   0   0]
 [  0   0   0   0   2   0 546   0]
 [  4   0   0   0  17   0   0 274]]
2024-11-10 21:25:46 | INFO | train | In dataset valid: Loss is [0.2333 0.2333 0.0000]
2024-11-10 21:25:46 | INFO | train | task-0		Acc is 0.9905, F1 is 0.9905
2024-11-10 21:25:46 | INFO | train | task-0		F1-macro is 0.9893, F1-micro is 0.9905
2024-11-10 21:25:46 | INFO | train | task-0		Pre is 0.9905, Rec is 0.9905
2024-11-10 21:25:46 | INFO | train | task-0		C_M is 
[[510   0   0   0   0   0   0   0]
 [  2 518   0   0   1   0   0   0]
 [  0   0 506   0   0   2   0   0]
 [  4   0   0 502   0   0   0   0]
 [  0   0   0   0 544   0   0   0]
 [  2   0   0   0   2 501   0   0]
 [  0   0   0   0   3   0 577   1]
 [  2   0   0   0  19   0   0 304]]
2024-11-10 21:26:26 | INFO | train | In dataset test: Loss is [0.3220 0.3220 0.0000]
2024-11-10 21:26:26 | INFO | train | task-0		Acc is 0.9878, F1 is 0.9878
2024-11-10 21:26:26 | INFO | train | task-0		F1-macro is 0.9858, F1-micro is 0.9878
2024-11-10 21:26:26 | INFO | train | task-0		Pre is 0.9878, Rec is 0.9878
2024-11-10 21:26:26 | INFO | train | task-0		C_M is 
[[523   0   0   0   0   0   0   0]
 [  5 529   0   0   0   0   0   0]
 [  0   0 548   0   0   1   0   0]
 [  5   0   0 568   2   0   0   0]
 [  1   0   0   0 507   1   0   1]
 [  7   0   0   0   0 527   0   0]
 [  1   0   0   0   4   0 495   0]
 [  3   0   0   0  18   0   0 254]]
2024-11-10 21:26:26 | INFO | train | The best f1_macro util now is 0.9941, at step 132
2024-11-10 21:26:26 | INFO | train | The best f1_micro util now is 0.9948, at step 132
2024-11-10 21:27:12 | INFO | train | ----------------------------------------------------------------------------------
2024-11-10 21:27:12 | INFO | train | Time of iter training 45.75 s
2024-11-10 21:27:12 | INFO | train | On iter step 150:, global step 38401 Loss-step [0.2622 0.2622 0.0000]
2024-11-10 21:27:51 | INFO | train | In dataset train: Loss is [0.0899 0.0899 0.0000]
2024-11-10 21:27:51 | INFO | train | task-0		Acc is 0.9950, F1 is 0.9950
2024-11-10 21:27:51 | INFO | train | task-0		F1-macro is 0.9948, F1-micro is 0.9950
2024-11-10 21:27:51 | INFO | train | task-0		Pre is 0.9950, Rec is 0.9950
2024-11-10 21:27:51 | INFO | train | task-0		C_M is 
[[528   0   0   0   0   4   0   0]
 [  0 539   0   2   0   0   2   0]
 [  0   0 522   0   0   0   0   0]
 [  0   0   0 514   0   0   0   0]
 [  0   0   0   0 511   0   0   0]
 [  2   0   0   0   0 533   0   0]
 [  0   0   0   0   5   0 543   0]
 [  0   0   0   0   5   0   0 290]]
2024-11-10 21:28:30 | INFO | train | In dataset valid: Loss is [0.0919 0.0919 0.0000]
2024-11-10 21:28:30 | INFO | train | task-0		Acc is 0.9950, F1 is 0.9950
2024-11-10 21:28:30 | INFO | train | task-0		F1-macro is 0.9950, F1-micro is 0.9950
2024-11-10 21:28:30 | INFO | train | task-0		Pre is 0.9950, Rec is 0.9950
2024-11-10 21:28:30 | INFO | train | task-0		C_M is 
[[507   0   0   0   0   3   0   0]
 [  0 520   0   1   0   0   0   0]
 [  0   0 506   2   0   0   0   0]
 [  0   1   0 505   0   0   0   0]
 [  0   0   0   0 543   0   1   0]
 [  0   0   0   0   3 502   0   0]
 [  0   0   0   0   5   0 576   0]
 [  0   0   0   0   4   0   0 321]]
2024-11-10 21:29:10 | INFO | train | In dataset test: Loss is [0.1126 0.1126 0.0000]
2024-11-10 21:29:10 | INFO | train | task-0		Acc is 0.9945, F1 is 0.9945
2024-11-10 21:29:10 | INFO | train | task-0		F1-macro is 0.9941, F1-micro is 0.9945
2024-11-10 21:29:10 | INFO | train | task-0		Pre is 0.9945, Rec is 0.9945
2024-11-10 21:29:10 | INFO | train | task-0		C_M is 
[[519   0   0   0   0   4   0   0]
 [  0 534   0   0   0   0   0   0]
 [  0   0 548   1   0   0   0   0]
 [  0   1   0 573   1   0   0   0]
 [  0   1   0   0 507   1   0   1]
 [  3   0   0   0   0 531   0   0]
 [  0   0   0   0   4   0 496   0]
 [  0   0   0   0   5   0   0 270]]
2024-11-10 21:29:10 | INFO | train | The best f1_macro util now is 0.9941, at step 132
2024-11-10 21:29:10 | INFO | train | The best f1_micro util now is 0.9948, at step 132
2024-11-10 21:29:56 | INFO | train | ----------------------------------------------------------------------------------
2024-11-10 21:29:56 | INFO | train | Time of iter training 46.13 s
2024-11-10 21:29:56 | INFO | train | On iter step 151:, global step 38657 Loss-step [0.0903 0.0903 0.0000]
2024-11-10 21:30:36 | INFO | train | In dataset train: Loss is [0.0873 0.0873 0.0000]
2024-11-10 21:30:36 | INFO | train | task-0		Acc is 0.9948, F1 is 0.9948
2024-11-10 21:30:36 | INFO | train | task-0		F1-macro is 0.9947, F1-micro is 0.9948
2024-11-10 21:30:36 | INFO | train | task-0		Pre is 0.9948, Rec is 0.9948
2024-11-10 21:30:36 | INFO | train | task-0		C_M is 
[[527   0   0   0   0   5   0   0]
 [  0 538   0   3   0   0   2   0]
 [  0   0 522   0   0   0   0   0]
 [  0   0   0 514   0   0   0   0]
 [  0   0   0   0 508   0   0   3]
 [  2   0   0   0   0 533   0   0]
 [  0   0   0   0   5   0 543   0]
 [  0   0   0   0   1   0   0 294]]
2024-11-10 21:31:15 | INFO | train | In dataset valid: Loss is [0.1057 0.1057 0.0000]
2024-11-10 21:31:15 | INFO | train | task-0		Acc is 0.9950, F1 is 0.9950
2024-11-10 21:31:15 | INFO | train | task-0		F1-macro is 0.9949, F1-micro is 0.9950
2024-11-10 21:31:15 | INFO | train | task-0		Pre is 0.9950, Rec is 0.9950
2024-11-10 21:31:15 | INFO | train | task-0		C_M is 
[[507   0   0   0   0   3   0   0]
 [  0 520   0   1   0   0   0   0]
 [  0   0 506   0   0   2   0   0]
 [  1   0   0 505   0   0   0   0]
 [  0   0   0   0 541   0   1   2]
 [  0   0   0   0   2 503   0   0]
 [  0   0   0   0   5   0 576   0]
 [  0   0   0   0   3   0   0 322]]
2024-11-10 21:31:55 | INFO | train | In dataset test: Loss is [0.1168 0.1168 0.0000]
2024-11-10 21:31:55 | INFO | train | task-0		Acc is 0.9940, F1 is 0.9940
2024-11-10 21:31:55 | INFO | train | task-0		F1-macro is 0.9935, F1-micro is 0.9940
2024-11-10 21:31:55 | INFO | train | task-0		Pre is 0.9940, Rec is 0.9940
2024-11-10 21:31:55 | INFO | train | task-0		C_M is 
[[519   0   0   0   0   4   0   0]
 [  1 531   0   0   2   0   0   0]
 [  0   0 548   0   0   1   0   0]
 [  0   0   0 574   1   0   0   0]
 [  0   0   0   0 505   1   0   4]
 [  3   0   0   0   0 531   0   0]
 [  0   0   0   0   4   0 496   0]
 [  0   0   0   0   3   0   0 272]]
2024-11-10 21:31:55 | INFO | train | The best f1_macro util now is 0.9941, at step 132
2024-11-10 21:31:55 | INFO | train | The best f1_micro util now is 0.9948, at step 132
2024-11-10 21:32:41 | INFO | train | ----------------------------------------------------------------------------------
2024-11-10 21:32:41 | INFO | train | Time of iter training 46.06 s
2024-11-10 21:32:41 | INFO | train | On iter step 152:, global step 38913 Loss-step [0.1315 0.1315 0.0000]
2024-11-10 21:33:20 | INFO | train | In dataset train: Loss is [0.0943 0.0943 0.0000]
2024-11-10 21:33:20 | INFO | train | task-0		Acc is 0.9955, F1 is 0.9955
2024-11-10 21:33:20 | INFO | train | task-0		F1-macro is 0.9954, F1-micro is 0.9955
2024-11-10 21:33:20 | INFO | train | task-0		Pre is 0.9955, Rec is 0.9955
2024-11-10 21:33:20 | INFO | train | task-0		C_M is 
[[531   0   0   0   0   1   0   0]
 [  1 540   0   0   0   0   2   0]
 [  0   0 522   0   0   0   0   0]
 [  0   0   0 514   0   0   0   0]
 [  1   0   0   0 503   2   1   4]
 [  5   0   0   0   0 530   0   0]
 [  0   0   0   0   1   0 547   0]
 [  0   0   0   0   0   0   0 295]]
2024-11-10 21:33:59 | INFO | train | In dataset valid: Loss is [0.1154 0.1154 0.0000]
2024-11-10 21:33:59 | INFO | train | task-0		Acc is 0.9950, F1 is 0.9950
2024-11-10 21:33:59 | INFO | train | task-0		F1-macro is 0.9948, F1-micro is 0.9950
2024-11-10 21:33:59 | INFO | train | task-0		Pre is 0.9950, Rec is 0.9950
2024-11-10 21:33:59 | INFO | train | task-0		C_M is 
[[508   0   0   0   0   2   0   0]
 [  0 520   0   1   0   0   0   0]
 [  0   0 506   0   0   2   0   0]
 [  1   0   0 505   0   0   0   0]
 [  0   0   0   0 536   3   1   4]
 [  0   0   0   0   1 504   0   0]
 [  0   0   0   0   3   0 578   0]
 [  0   0   0   0   2   0   0 323]]
2024-11-10 21:34:39 | INFO | train | In dataset test: Loss is [0.1342 0.1342 0.0000]
2024-11-10 21:34:39 | INFO | train | task-0		Acc is 0.9922, F1 is 0.9922
2024-11-10 21:34:39 | INFO | train | task-0		F1-macro is 0.9915, F1-micro is 0.9922
2024-11-10 21:34:39 | INFO | train | task-0		Pre is 0.9922, Rec is 0.9922
2024-11-10 21:34:39 | INFO | train | task-0		C_M is 
[[521   0   0   0   0   2   0   0]
 [  1 531   0   0   2   0   0   0]
 [  0   0 548   0   0   1   0   0]
 [  0   2   0 572   1   0   0   0]
 [  0   0   0   0 498   3   1   8]
 [  5   0   0   0   0 529   0   0]
 [  0   0   0   0   3   0 497   0]
 [  0   0   0   0   2   0   0 273]]
2024-11-10 21:34:39 | INFO | train | The best f1_macro util now is 0.9941, at step 132
2024-11-10 21:34:39 | INFO | train | The best f1_micro util now is 0.9948, at step 132
2024-11-10 21:35:25 | INFO | train | ----------------------------------------------------------------------------------
2024-11-10 21:35:25 | INFO | train | Time of iter training 45.88 s
2024-11-10 21:35:25 | INFO | train | On iter step 153:, global step 39169 Loss-step [0.1340 0.1340 0.0000]
2024-11-10 21:36:04 | INFO | train | In dataset train: Loss is [0.0817 0.0817 0.0000]
2024-11-10 21:36:04 | INFO | train | task-0		Acc is 0.9945, F1 is 0.9945
2024-11-10 21:36:04 | INFO | train | task-0		F1-macro is 0.9942, F1-micro is 0.9945
2024-11-10 21:36:04 | INFO | train | task-0		Pre is 0.9945, Rec is 0.9945
2024-11-10 21:36:04 | INFO | train | task-0		C_M is 
[[531   0   0   0   0   1   0   0]
 [  0 540   0   2   0   0   1   0]
 [  0   0 522   0   0   0   0   0]
 [  0   0   0 514   0   0   0   0]
 [  0   0   0   0 500   2   3   6]
 [  6   0   0   0   0 529   0   0]
 [  0   0   0   0   1   0 547   0]
 [  0   0   0   0   0   0   0 295]]
2024-11-10 21:36:44 | INFO | train | In dataset valid: Loss is [0.0962 0.0962 0.0000]
2024-11-10 21:36:44 | INFO | train | task-0		Acc is 0.9945, F1 is 0.9945
2024-11-10 21:36:44 | INFO | train | task-0		F1-macro is 0.9940, F1-micro is 0.9945
2024-11-10 21:36:44 | INFO | train | task-0		Pre is 0.9945, Rec is 0.9945
2024-11-10 21:36:44 | INFO | train | task-0		C_M is 
[[510   0   0   0   0   0   0   0]
 [  0 520   0   1   0   0   0   0]
 [  0   0 506   0   0   2   0   0]
 [  1   0   0 505   0   0   0   0]
 [  0   0   0   0 530   3   1  10]
 [  1   0   0   0   0 504   0   0]
 [  0   0   0   0   2   0 579   0]
 [  0   0   0   0   1   0   0 324]]
2024-11-10 21:37:23 | INFO | train | In dataset test: Loss is [0.1418 0.1418 0.0000]
2024-11-10 21:37:23 | INFO | train | task-0		Acc is 0.9930, F1 is 0.9930
2024-11-10 21:37:23 | INFO | train | task-0		F1-macro is 0.9919, F1-micro is 0.9930
2024-11-10 21:37:23 | INFO | train | task-0		Pre is 0.9930, Rec is 0.9930
2024-11-10 21:37:23 | INFO | train | task-0		C_M is 
[[521   0   0   0   0   2   0   0]
 [  1 532   0   0   1   0   0   0]
 [  0   0 548   0   0   1   0   0]
 [  0   0   0 574   1   0   0   0]
 [  0   0   0   0 495   1   3  11]
 [  5   0   0   0   0 529   0   0]
 [  0   0   0   0   0   0 500   0]
 [  0   0   0   0   2   0   0 273]]
2024-11-10 21:37:23 | INFO | train | The best f1_macro util now is 0.9941, at step 132
2024-11-10 21:37:23 | INFO | train | The best f1_micro util now is 0.9948, at step 132
2024-11-10 21:38:10 | INFO | train | ----------------------------------------------------------------------------------
2024-11-10 21:38:10 | INFO | train | Time of iter training 46.07 s
2024-11-10 21:38:10 | INFO | train | On iter step 154:, global step 39425 Loss-step [0.1208 0.1208 0.0000]
2024-11-10 21:38:49 | INFO | train | In dataset train: Loss is [0.0847 0.0847 0.0000]
2024-11-10 21:38:49 | INFO | train | task-0		Acc is 0.9925, F1 is 0.9925
2024-11-10 21:38:49 | INFO | train | task-0		F1-macro is 0.9923, F1-micro is 0.9925
2024-11-10 21:38:49 | INFO | train | task-0		Pre is 0.9925, Rec is 0.9925
2024-11-10 21:38:49 | INFO | train | task-0		C_M is 
[[530   0   0   0   0   2   0   0]
 [  0 538   0   4   0   0   1   0]
 [  0   0 522   0   0   0   0   0]
 [  0   0   0 514   0   0   0   0]
 [  0   0   0   0 494   0  11   6]
 [  6   0   0   0   0 529   0   0]
 [  0   0   0   0   0   0 548   0]
 [  0   0   0   0   0   0   0 295]]
2024-11-10 21:39:28 | INFO | train | In dataset valid: Loss is [0.1016 0.1016 0.0000]
2024-11-10 21:39:28 | INFO | train | task-0		Acc is 0.9932, F1 is 0.9932
2024-11-10 21:39:28 | INFO | train | task-0		F1-macro is 0.9929, F1-micro is 0.9932
2024-11-10 21:39:28 | INFO | train | task-0		Pre is 0.9932, Rec is 0.9932
2024-11-10 21:39:28 | INFO | train | task-0		C_M is 
[[510   0   0   0   0   0   0   0]
 [  0 520   0   1   0   0   0   0]
 [  0   2 506   0   0   0   0   0]
 [  1   0   0 505   0   0   0   0]
 [  0   0   0   0 521   2  10  11]
 [  0   0   0   0   0 505   0   0]
 [  0   0   0   0   0   0 581   0]
 [  0   0   0   0   0   0   0 325]]
2024-11-10 21:40:08 | INFO | train | In dataset test: Loss is [0.1635 0.1635 0.0000]
2024-11-10 21:40:08 | INFO | train | task-0		Acc is 0.9908, F1 is 0.9908
2024-11-10 21:40:08 | INFO | train | task-0		F1-macro is 0.9897, F1-micro is 0.9908
2024-11-10 21:40:08 | INFO | train | task-0		Pre is 0.9908, Rec is 0.9908
2024-11-10 21:40:08 | INFO | train | task-0		C_M is 
[[521   0   0   0   0   2   0   0]
 [  1 532   0   0   0   0   0   1]
 [  0   1 548   0   0   0   0   0]
 [  0   0   0 574   1   0   0   0]
 [  0   0   0   0 486   1  12  11]
 [  6   0   0   0   0 528   0   0]
 [  0   0   0   0   0   0 500   0]
 [  0   0   0   0   1   0   0 274]]
2024-11-10 21:40:08 | INFO | train | The best f1_macro util now is 0.9941, at step 132
2024-11-10 21:40:08 | INFO | train | The best f1_micro util now is 0.9948, at step 132
2024-11-10 21:40:54 | INFO | train | ----------------------------------------------------------------------------------
2024-11-10 21:40:54 | INFO | train | Time of iter training 46.10 s
2024-11-10 21:40:54 | INFO | train | On iter step 155:, global step 39681 Loss-step [0.3544 0.3544 0.0000]
2024-11-10 21:41:33 | INFO | train | In dataset train: Loss is [0.0880 0.0880 0.0000]
2024-11-10 21:41:33 | INFO | train | task-0		Acc is 0.9952, F1 is 0.9952
2024-11-10 21:41:33 | INFO | train | task-0		F1-macro is 0.9949, F1-micro is 0.9952
2024-11-10 21:41:33 | INFO | train | task-0		Pre is 0.9952, Rec is 0.9952
2024-11-10 21:41:33 | INFO | train | task-0		C_M is 
[[532   0   0   0   0   0   0   0]
 [  0 539   0   1   0   1   2   0]
 [  0   0 522   0   0   0   0   0]
 [  0   0   0 514   0   0   0   0]
 [  1   0   0   0 507   1   2   0]
 [  4   0   0   0   0 531   0   0]
 [  0   0   0   0   1   0 547   0]
 [  0   0   0   0   5   1   0 289]]
2024-11-10 21:42:13 | INFO | train | In dataset valid: Loss is [0.0985 0.0985 0.0000]
2024-11-10 21:42:13 | INFO | train | task-0		Acc is 0.9958, F1 is 0.9958
2024-11-10 21:42:13 | INFO | train | task-0		F1-macro is 0.9957, F1-micro is 0.9958
2024-11-10 21:42:13 | INFO | train | task-0		Pre is 0.9958, Rec is 0.9958
2024-11-10 21:42:13 | INFO | train | task-0		C_M is 
[[508   0   0   0   0   2   0   0]
 [  0 520   0   0   1   0   0   0]
 [  0   2 506   0   0   0   0   0]
 [  1   0   0 505   0   0   0   0]
 [  0   0   0   0 541   2   1   0]
 [  0   0   0   0   1 504   0   0]
 [  0   0   0   0   3   0 578   0]
 [  0   0   0   0   4   0   0 321]]
2024-11-10 21:42:52 | INFO | train | In dataset test: Loss is [0.1147 0.1147 0.0000]
2024-11-10 21:42:52 | INFO | train | task-0		Acc is 0.9950, F1 is 0.9950
2024-11-10 21:42:52 | INFO | train | task-0		F1-macro is 0.9947, F1-micro is 0.9950
2024-11-10 21:42:52 | INFO | train | task-0		Pre is 0.9950, Rec is 0.9950
2024-11-10 21:42:52 | INFO | train | task-0		C_M is 
[[521   0   0   0   0   2   0   0]
 [  1 533   0   0   0   0   0   0]
 [  0   1 548   0   0   0   0   0]
 [  0   2   0 572   1   0   0   0]
 [  0   0   0   0 507   1   1   1]
 [  4   0   0   0   0 530   0   0]
 [  0   0   0   0   2   0 498   0]
 [  0   0   0   0   4   0   0 271]]
2024-11-10 21:42:52 | INFO | train | The best f1_macro util now is 0.9941, at step 132
2024-11-10 21:42:52 | INFO | train | The best f1_micro util now is 0.9948, at step 132
2024-11-10 21:43:39 | INFO | train | ----------------------------------------------------------------------------------
2024-11-10 21:43:39 | INFO | train | Time of iter training 46.03 s
2024-11-10 21:43:39 | INFO | train | On iter step 156:, global step 39937 Loss-step [0.1182 0.1182 0.0000]
2024-11-10 21:44:18 | INFO | train | In dataset train: Loss is [0.1918 0.1918 0.0000]
2024-11-10 21:44:18 | INFO | train | task-0		Acc is 0.9940, F1 is 0.9940
2024-11-10 21:44:18 | INFO | train | task-0		F1-macro is 0.9938, F1-micro is 0.9940
2024-11-10 21:44:18 | INFO | train | task-0		Pre is 0.9940, Rec is 0.9940
2024-11-10 21:44:18 | INFO | train | task-0		C_M is 
[[526   0   0   0   4   2   0   0]
 [  0 539   0   1   0   1   2   0]
 [  0   0 522   0   0   0   0   0]
 [  0   0   0 514   0   0   0   0]
 [  0   0   0   0 511   0   0   0]
 [  1   0   0   1   3 530   0   0]
 [  0   0   0   0   3   0 545   0]
 [  0   1   0   0   5   0   0 289]]
2024-11-10 21:44:57 | INFO | train | In dataset valid: Loss is [0.1724 0.1724 0.0000]
2024-11-10 21:44:57 | INFO | train | task-0		Acc is 0.9952, F1 is 0.9952
2024-11-10 21:44:57 | INFO | train | task-0		F1-macro is 0.9953, F1-micro is 0.9952
2024-11-10 21:44:57 | INFO | train | task-0		Pre is 0.9952, Rec is 0.9952
2024-11-10 21:44:57 | INFO | train | task-0		C_M is 
[[507   0   0   0   3   0   0   0]
 [  0 520   0   0   1   0   0   0]
 [  0   2 506   0   0   0   0   0]
 [  1   0   0 505   0   0   0   0]
 [  0   0   0   0 544   0   0   0]
 [  0   0   0   0   3 502   0   0]
 [  0   0   0   0   5   0 576   0]
 [  0   0   0   0   4   0   0 321]]
2024-11-10 21:45:37 | INFO | train | In dataset test: Loss is [0.2353 0.2353 0.0000]
2024-11-10 21:45:37 | INFO | train | task-0		Acc is 0.9940, F1 is 0.9940
2024-11-10 21:45:37 | INFO | train | task-0		F1-macro is 0.9936, F1-micro is 0.9940
2024-11-10 21:45:37 | INFO | train | task-0		Pre is 0.9940, Rec is 0.9940
2024-11-10 21:45:37 | INFO | train | task-0		C_M is 
[[518   0   0   0   3   2   0   0]
 [  1 532   0   0   1   0   0   0]
 [  0   1 548   0   0   0   0   0]
 [  0   0   0 574   1   0   0   0]
 [  0   0   0   0 508   1   0   1]
 [  3   0   0   0   1 530   0   0]
 [  0   0   0   0   4   0 496   0]
 [  0   0   0   0   5   0   0 270]]
2024-11-10 21:45:37 | INFO | train | The best f1_macro util now is 0.9941, at step 132
2024-11-10 21:45:37 | INFO | train | The best f1_micro util now is 0.9948, at step 132
2024-11-10 21:46:23 | INFO | train | ----------------------------------------------------------------------------------
2024-11-10 21:46:23 | INFO | train | Time of iter training 45.76 s
2024-11-10 21:46:23 | INFO | train | On iter step 157:, global step 40193 Loss-step [0.2268 0.2268 0.0000]
2024-11-10 21:47:02 | INFO | train | In dataset train: Loss is [0.1019 0.1019 0.0000]
2024-11-10 21:47:02 | INFO | train | task-0		Acc is 0.9918, F1 is 0.9918
2024-11-10 21:47:02 | INFO | train | task-0		F1-macro is 0.9916, F1-micro is 0.9918
2024-11-10 21:47:02 | INFO | train | task-0		Pre is 0.9918, Rec is 0.9918
2024-11-10 21:47:02 | INFO | train | task-0		C_M is 
[[531   0   0   0   0   1   0   0]
 [  0 538   0   3   0   0   2   0]
 [  0   0 522   0   0   0   0   0]
 [  0   0   0 514   0   0   0   0]
 [  0   0   0   0 489   3  13   6]
 [  5   0   0   0   0 530   0   0]
 [  0   0   0   0   0   0 548   0]
 [  0   0   0   0   0   0   0 295]]
2024-11-10 21:47:41 | INFO | train | In dataset valid: Loss is [0.1247 0.1247 0.0000]
2024-11-10 21:47:41 | INFO | train | task-0		Acc is 0.9915, F1 is 0.9915
2024-11-10 21:47:41 | INFO | train | task-0		F1-macro is 0.9911, F1-micro is 0.9915
2024-11-10 21:47:41 | INFO | train | task-0		Pre is 0.9915, Rec is 0.9915
2024-11-10 21:47:41 | INFO | train | task-0		C_M is 
[[509   0   0   0   0   1   0   0]
 [  0 520   0   1   0   0   0   0]
 [  0   2 506   0   0   0   0   0]
 [  1   0   0 505   0   0   0   0]
 [  0   0   0   0 518   3  12  11]
 [  0   0   0   1   0 504   0   0]
 [  0   0   0   0   0   0 581   0]
 [  0   0   0   0   1   0   1 323]]
2024-11-10 21:48:21 | INFO | train | In dataset test: Loss is [0.1458 0.1458 0.0000]
2024-11-10 21:48:21 | INFO | train | task-0		Acc is 0.9900, F1 is 0.9900
2024-11-10 21:48:21 | INFO | train | task-0		F1-macro is 0.9890, F1-micro is 0.9900
2024-11-10 21:48:21 | INFO | train | task-0		Pre is 0.9900, Rec is 0.9900
2024-11-10 21:48:21 | INFO | train | task-0		C_M is 
[[521   0   0   0   0   2   0   0]
 [  1 533   0   0   0   0   0   0]
 [  0   1 548   0   0   0   0   0]
 [  0   0   0 574   1   0   0   0]
 [  0   0   0   0 482   3  15  10]
 [  5   0   0   0   0 529   0   0]
 [  0   0   0   0   0   0 500   0]
 [  0   0   0   0   2   0   0 273]]
2024-11-10 21:48:21 | INFO | train | The best f1_macro util now is 0.9941, at step 132
2024-11-10 21:48:21 | INFO | train | The best f1_micro util now is 0.9948, at step 132
2024-11-10 21:49:07 | INFO | train | ----------------------------------------------------------------------------------
2024-11-10 21:49:07 | INFO | train | Time of iter training 45.89 s
2024-11-10 21:49:07 | INFO | train | On iter step 158:, global step 40449 Loss-step [0.1659 0.1659 0.0000]
2024-11-10 21:49:46 | INFO | train | In dataset train: Loss is [0.1006 0.1006 0.0000]
2024-11-10 21:49:46 | INFO | train | task-0		Acc is 0.9950, F1 is 0.9950
2024-11-10 21:49:46 | INFO | train | task-0		F1-macro is 0.9946, F1-micro is 0.9950
2024-11-10 21:49:46 | INFO | train | task-0		Pre is 0.9950, Rec is 0.9950
2024-11-10 21:49:46 | INFO | train | task-0		C_M is 
[[528   0   0   0   0   4   0   0]
 [  0 540   0   0   0   1   2   0]
 [  0   0 522   0   0   0   0   0]
 [  0   0   0 514   0   0   0   0]
 [  0   0   0   0 503   3   0   5]
 [  0   0   0   0   0 535   0   0]
 [  0   0   0   0   3   0 545   0]
 [  0   1   0   0   1   0   0 293]]
2024-11-10 21:50:26 | INFO | train | In dataset valid: Loss is [0.1702 0.1702 0.0000]
2024-11-10 21:50:26 | INFO | train | task-0		Acc is 0.9922, F1 is 0.9922
2024-11-10 21:50:26 | INFO | train | task-0		F1-macro is 0.9919, F1-micro is 0.9922
2024-11-10 21:50:26 | INFO | train | task-0		Pre is 0.9922, Rec is 0.9922
2024-11-10 21:50:26 | INFO | train | task-0		C_M is 
[[505   0   0   0   0   5   0   0]
 [  0 520   0   0   1   0   0   0]
 [  0   0 506   0   2   0   0   0]
 [  1   1   0 504   0   0   0   0]
 [  0   0   0   0 531   3   1   9]
 [  1   0   0   0   0 504   0   0]
 [  0   0   0   0   5   0 576   0]
 [  0   0   0   0   2   0   0 323]]
2024-11-10 21:51:05 | INFO | train | In dataset test: Loss is [0.1739 0.1739 0.0000]
2024-11-10 21:51:05 | INFO | train | task-0		Acc is 0.9918, F1 is 0.9918
2024-11-10 21:51:05 | INFO | train | task-0		F1-macro is 0.9907, F1-micro is 0.9918
2024-11-10 21:51:05 | INFO | train | task-0		Pre is 0.9918, Rec is 0.9918
2024-11-10 21:51:05 | INFO | train | task-0		C_M is 
[[519   0   0   0   0   4   0   0]
 [  1 532   0   0   1   0   0   0]
 [  0   0 548   0   1   0   0   0]
 [  0   2   0 571   2   0   0   0]
 [  0   0   0   0 499   2   0   9]
 [  3   0   0   0   0 531   0   0]
 [  0   0   0   0   4   0 496   0]
 [  0   0   0   0   4   0   0 271]]
2024-11-10 21:51:05 | INFO | train | The best f1_macro util now is 0.9941, at step 132
2024-11-10 21:51:05 | INFO | train | The best f1_micro util now is 0.9948, at step 132
2024-11-10 21:51:23 | INFO | deepnet.data.dataset_text | Read next training chunk, data size is 67338
2024-11-10 21:51:54 | INFO | train | ----------------------------------------------------------------------------------
2024-11-10 21:51:54 | INFO | train | Time of iter training 48.87 s
2024-11-10 21:51:54 | INFO | train | On iter step 159:, global step 40705 Loss-step [0.1975 0.1975 0.0000]
2024-11-10 21:52:34 | INFO | train | In dataset train: Loss is [0.0946 0.0946 0.0000]
2024-11-10 21:52:34 | INFO | train | task-0		Acc is 0.9940, F1 is 0.9940
2024-11-10 21:52:34 | INFO | train | task-0		F1-macro is 0.9938, F1-micro is 0.9940
2024-11-10 21:52:34 | INFO | train | task-0		Pre is 0.9940, Rec is 0.9940
2024-11-10 21:52:34 | INFO | train | task-0		C_M is 
[[525   0   0   0   0   7   0   0]
 [  0 538   0   3   0   0   2   0]
 [  0   0 522   0   0   0   0   0]
 [  0   0   0 514   0   0   0   0]
 [  0   0   0   0 508   2   1   0]
 [  0   0   0   0   0 535   0   0]
 [  0   0   0   0   3   0 545   0]
 [  0   1   0   0   5   0   0 289]]
2024-11-10 21:53:13 | INFO | train | In dataset valid: Loss is [0.1286 0.1286 0.0000]
2024-11-10 21:53:13 | INFO | train | task-0		Acc is 0.9935, F1 is 0.9935
2024-11-10 21:53:13 | INFO | train | task-0		F1-macro is 0.9936, F1-micro is 0.9935
2024-11-10 21:53:13 | INFO | train | task-0		Pre is 0.9935, Rec is 0.9935
2024-11-10 21:53:13 | INFO | train | task-0		C_M is 
[[503   0   0   0   0   7   0   0]
 [  0 519   0   1   1   0   0   0]
 [  0   0 506   0   2   0   0   0]
 [  0   0   0 506   0   0   0   0]
 [  0   0   0   1 539   3   1   0]
 [  0   0   0   1   0 504   0   0]
 [  0   0   0   0   5   0 576   0]
 [  0   0   0   0   4   0   0 321]]
2024-11-10 21:53:52 | INFO | train | In dataset test: Loss is [0.1567 0.1567 0.0000]
2024-11-10 21:53:53 | INFO | train | task-0		Acc is 0.9945, F1 is 0.9945
2024-11-10 21:53:53 | INFO | train | task-0		F1-macro is 0.9941, F1-micro is 0.9945
2024-11-10 21:53:53 | INFO | train | task-0		Pre is 0.9945, Rec is 0.9945
2024-11-10 21:53:53 | INFO | train | task-0		C_M is 
[[516   0   0   0   0   7   0   0]
 [  0 533   0   0   0   1   0   0]
 [  0   0 548   0   1   0   0   0]
 [  0   0   0 574   1   0   0   0]
 [  0   0   0   0 507   2   0   1]
 [  0   0   0   0   0 534   0   0]
 [  0   0   0   0   4   0 496   0]
 [  0   0   0   0   5   0   0 270]]
2024-11-10 21:53:53 | INFO | train | The best f1_macro util now is 0.9941, at step 132
2024-11-10 21:53:53 | INFO | train | The best f1_micro util now is 0.9948, at step 132
2024-11-10 21:54:39 | INFO | train | ----------------------------------------------------------------------------------
2024-11-10 21:54:39 | INFO | train | Time of iter training 46.21 s
2024-11-10 21:54:39 | INFO | train | On iter step 160:, global step 40961 Loss-step [0.1441 0.1441 0.0000]
2024-11-10 21:55:18 | INFO | train | In dataset train: Loss is [0.0876 0.0876 0.0000]
2024-11-10 21:55:18 | INFO | train | task-0		Acc is 0.9955, F1 is 0.9955
2024-11-10 21:55:18 | INFO | train | task-0		F1-macro is 0.9955, F1-micro is 0.9955
2024-11-10 21:55:18 | INFO | train | task-0		Pre is 0.9955, Rec is 0.9955
2024-11-10 21:55:18 | INFO | train | task-0		C_M is 
[[528   0   0   0   0   4   0   0]
 [  0 538   0   3   0   0   2   0]
 [  0   0 522   0   0   0   0   0]
 [  0   0   0 514   0   0   0   0]
 [  0   0   0   0 508   2   1   0]
 [  0   0   0   0   0 535   0   0]
 [  0   0   0   0   3   0 545   0]
 [  0   0   0   0   3   0   0 292]]
2024-11-10 21:55:57 | INFO | train | In dataset valid: Loss is [0.1118 0.1118 0.0000]
2024-11-10 21:55:57 | INFO | train | task-0		Acc is 0.9940, F1 is 0.9940
2024-11-10 21:55:57 | INFO | train | task-0		F1-macro is 0.9941, F1-micro is 0.9940
2024-11-10 21:55:57 | INFO | train | task-0		Pre is 0.9940, Rec is 0.9940
2024-11-10 21:55:57 | INFO | train | task-0		C_M is 
[[504   0   0   0   0   6   0   0]
 [  0 519   0   1   1   0   0   0]
 [  0   0 506   0   2   0   0   0]
 [  0   0   0 506   0   0   0   0]
 [  0   0   0   0 538   3   1   2]
 [  0   0   0   1   0 504   0   0]
 [  0   0   0   0   5   0 576   0]
 [  0   0   0   0   2   0   0 323]]
2024-11-10 21:56:37 | INFO | train | In dataset test: Loss is [0.1417 0.1417 0.0000]
2024-11-10 21:56:37 | INFO | train | task-0		Acc is 0.9948, F1 is 0.9948
2024-11-10 21:56:37 | INFO | train | task-0		F1-macro is 0.9943, F1-micro is 0.9948
2024-11-10 21:56:37 | INFO | train | task-0		Pre is 0.9948, Rec is 0.9948
2024-11-10 21:56:37 | INFO | train | task-0		C_M is 
[[518   0   0   0   0   5   0   0]
 [  1 532   0   0   0   1   0   0]
 [  0   0 548   0   1   0   0   0]
 [  0   0   0 574   1   0   0   0]
 [  0   0   0   0 507   2   0   1]
 [  1   0   0   0   0 533   0   0]
 [  0   0   0   0   3   0 497   0]
 [  0   0   0   0   5   0   0 270]]
2024-11-10 21:56:37 | INFO | train | The best f1_macro util now is 0.9941, at step 132
2024-11-10 21:56:37 | INFO | train | The best f1_micro util now is 0.9948, at step 132
2024-11-10 21:57:23 | INFO | train | ----------------------------------------------------------------------------------
2024-11-10 21:57:23 | INFO | train | Time of iter training 45.93 s
2024-11-10 21:57:23 | INFO | train | On iter step 161:, global step 41217 Loss-step [0.0860 0.0860 0.0000]
2024-11-10 21:58:02 | INFO | train | In dataset train: Loss is [0.0907 0.0907 0.0000]
2024-11-10 21:58:02 | INFO | train | task-0		Acc is 0.9938, F1 is 0.9938
2024-11-10 21:58:02 | INFO | train | task-0		F1-macro is 0.9935, F1-micro is 0.9938
2024-11-10 21:58:02 | INFO | train | task-0		Pre is 0.9938, Rec is 0.9938
2024-11-10 21:58:02 | INFO | train | task-0		C_M is 
[[523   0   0   0   0   9   0   0]
 [  0 540   0   1   0   0   2   0]
 [  0   0 522   0   0   0   0   0]
 [  0   0   0 514   0   0   0   0]
 [  0   0   0   0 501   3   1   6]
 [  0   0   0   0   0 535   0   0]
 [  0   0   0   0   3   0 545   0]
 [  0   0   0   0   0   0   0 295]]
2024-11-10 21:58:41 | INFO | train | In dataset valid: Loss is [0.1282 0.1282 0.0000]
2024-11-10 21:58:41 | INFO | train | task-0		Acc is 0.9912, F1 is 0.9912
2024-11-10 21:58:41 | INFO | train | task-0		F1-macro is 0.9909, F1-micro is 0.9912
2024-11-10 21:58:41 | INFO | train | task-0		Pre is 0.9912, Rec is 0.9912
2024-11-10 21:58:41 | INFO | train | task-0		C_M is 
[[500   0   0   0   0  10   0   0]
 [  0 520   0   0   1   0   0   0]
 [  0   0 506   0   2   0   0   0]
 [  0   1   0 505   0   0   0   0]
 [  0   0   0   0 529   3   1  11]
 [  0   0   0   1   0 504   0   0]
 [  0   0   0   0   5   0 576   0]
 [  0   0   0   0   0   0   0 325]]
2024-11-10 21:59:21 | INFO | train | In dataset test: Loss is [0.1498 0.1498 0.0000]
2024-11-10 21:59:21 | INFO | train | task-0		Acc is 0.9932, F1 is 0.9932
2024-11-10 21:59:21 | INFO | train | task-0		F1-macro is 0.9925, F1-micro is 0.9932
2024-11-10 21:59:21 | INFO | train | task-0		Pre is 0.9932, Rec is 0.9932
2024-11-10 21:59:21 | INFO | train | task-0		C_M is 
[[516   0   0   0   0   7   0   0]
 [  1 532   0   0   0   1   0   0]
 [  0   0 548   0   1   0   0   0]
 [  0   1   0 573   1   0   0   0]
 [  0   0   0   0 500   2   0   8]
 [  0   0   0   0   0 534   0   0]
 [  0   0   0   0   3   0 497   0]
 [  0   0   0   0   2   0   0 273]]
2024-11-10 21:59:21 | INFO | train | The best f1_macro util now is 0.9941, at step 132
2024-11-10 21:59:21 | INFO | train | The best f1_micro util now is 0.9948, at step 132
2024-11-10 22:00:07 | INFO | train | ----------------------------------------------------------------------------------
2024-11-10 22:00:07 | INFO | train | Time of iter training 46.11 s
2024-11-10 22:00:07 | INFO | train | On iter step 162:, global step 41473 Loss-step [0.0792 0.0792 0.0000]
2024-11-10 22:00:46 | INFO | train | In dataset train: Loss is [0.0735 0.0735 0.0000]
2024-11-10 22:00:46 | INFO | train | task-0		Acc is 0.9960, F1 is 0.9960
2024-11-10 22:00:46 | INFO | train | task-0		F1-macro is 0.9957, F1-micro is 0.9960
2024-11-10 22:00:46 | INFO | train | task-0		Pre is 0.9960, Rec is 0.9960
2024-11-10 22:00:46 | INFO | train | task-0		C_M is 
[[530   0   0   0   0   2   0   0]
 [  0 539   0   2   0   0   2   0]
 [  0   0 522   0   0   0   0   0]
 [  0   0   0 514   0   0   0   0]
 [  0   0   0   0 509   2   0   0]
 [  0   0   0   0   0 535   0   0]
 [  0   0   0   0   3   0 545   0]
 [  0   0   0   0   5   0   0 290]]
2024-11-10 22:01:26 | INFO | train | In dataset valid: Loss is [0.1036 0.1036 0.0000]
2024-11-10 22:01:26 | INFO | train | task-0		Acc is 0.9945, F1 is 0.9945
2024-11-10 22:01:26 | INFO | train | task-0		F1-macro is 0.9946, F1-micro is 0.9945
2024-11-10 22:01:26 | INFO | train | task-0		Pre is 0.9945, Rec is 0.9945
2024-11-10 22:01:26 | INFO | train | task-0		C_M is 
[[505   0   0   0   0   5   0   0]
 [  0 520   0   0   1   0   0   0]
 [  0   0 506   0   2   0   0   0]
 [  0   1   0 505   0   0   0   0]
 [  0   0   0   0 540   3   1   0]
 [  0   0   0   1   0 504   0   0]
 [  0   0   0   0   5   0 576   0]
 [  0   0   0   0   3   0   0 322]]
2024-11-10 22:02:05 | INFO | train | In dataset test: Loss is [0.1424 0.1424 0.0000]
2024-11-10 22:02:05 | INFO | train | task-0		Acc is 0.9948, F1 is 0.9948
2024-11-10 22:02:05 | INFO | train | task-0		F1-macro is 0.9944, F1-micro is 0.9948
2024-11-10 22:02:05 | INFO | train | task-0		Pre is 0.9948, Rec is 0.9948
2024-11-10 22:02:05 | INFO | train | task-0		C_M is 
[[520   0   0   0   0   3   0   0]
 [  1 532   0   0   1   0   0   0]
 [  0   0 548   0   1   0   0   0]
 [  0   1   0 573   1   0   0   0]
 [  0   0   0   0 507   2   0   1]
 [  2   0   0   0   0 532   0   0]
 [  0   0   0   0   4   0 496   0]
 [  0   0   0   0   4   0   0 271]]
2024-11-10 22:02:05 | INFO | train | The best f1_macro util now is 0.9941, at step 132
2024-11-10 22:02:05 | INFO | train | The best f1_micro util now is 0.9948, at step 132
2024-11-10 22:02:51 | INFO | train | ----------------------------------------------------------------------------------
2024-11-10 22:02:51 | INFO | train | Time of iter training 46.05 s
2024-11-10 22:02:51 | INFO | train | On iter step 163:, global step 41729 Loss-step [0.1741 0.1741 0.0000]
2024-11-10 22:03:31 | INFO | train | In dataset train: Loss is [0.0958 0.0958 0.0000]
2024-11-10 22:03:31 | INFO | train | task-0		Acc is 0.9918, F1 is 0.9918
2024-11-10 22:03:31 | INFO | train | task-0		F1-macro is 0.9917, F1-micro is 0.9918
2024-11-10 22:03:31 | INFO | train | task-0		Pre is 0.9918, Rec is 0.9918
2024-11-10 22:03:31 | INFO | train | task-0		C_M is 
[[513   0   0   0   1  18   0   0]
 [  0 538   0   3   0   0   2   0]
 [  0   0 522   0   0   0   0   0]
 [  0   0   0 514   0   0   0   0]
 [  0   0   0   0 511   0   0   0]
 [  0   0   0   0   0 535   0   0]
 [  0   0   0   0   3   0 545   0]
 [  0   1   0   0   5   0   0 289]]
2024-11-10 22:04:10 | INFO | train | In dataset valid: Loss is [0.0968 0.0968 0.0000]
2024-11-10 22:04:10 | INFO | train | task-0		Acc is 0.9935, F1 is 0.9935
2024-11-10 22:04:10 | INFO | train | task-0		F1-macro is 0.9936, F1-micro is 0.9935
2024-11-10 22:04:10 | INFO | train | task-0		Pre is 0.9935, Rec is 0.9935
2024-11-10 22:04:10 | INFO | train | task-0		C_M is 
[[499   0   0   0   0  11   0   0]
 [  0 520   0   0   1   0   0   0]
 [  0   0 506   0   2   0   0   0]
 [  0   1   0 505   0   0   0   0]
 [  0   0   0   0 541   2   1   0]
 [  0   0   0   0   0 505   0   0]
 [  0   0   0   0   5   0 576   0]
 [  0   0   0   0   3   0   0 322]]
2024-11-10 22:04:49 | INFO | train | In dataset test: Loss is [0.1464 0.1464 0.0000]
2024-11-10 22:04:49 | INFO | train | task-0		Acc is 0.9932, F1 is 0.9932
2024-11-10 22:04:49 | INFO | train | task-0		F1-macro is 0.9929, F1-micro is 0.9932
2024-11-10 22:04:49 | INFO | train | task-0		Pre is 0.9932, Rec is 0.9932
2024-11-10 22:04:49 | INFO | train | task-0		C_M is 
[[511   0   0   0   0  12   0   0]
 [  0 532   0   1   0   1   0   0]
 [  0   0 548   0   1   0   0   0]
 [  0   0   0 574   1   0   0   0]
 [  0   0   0   0 508   1   0   1]
 [  0   0   0   0   0 534   0   0]
 [  0   0   0   0   4   0 496   0]
 [  0   0   0   0   5   0   0 270]]
2024-11-10 22:04:49 | INFO | train | The best f1_macro util now is 0.9941, at step 132
2024-11-10 22:04:49 | INFO | train | The best f1_micro util now is 0.9948, at step 132
2024-11-10 22:05:35 | INFO | train | ----------------------------------------------------------------------------------
2024-11-10 22:05:35 | INFO | train | Time of iter training 45.98 s
2024-11-10 22:05:35 | INFO | train | On iter step 164:, global step 41985 Loss-step [0.2731 0.2731 0.0000]
2024-11-10 22:06:15 | INFO | train | In dataset train: Loss is [0.1019 0.1019 0.0000]
2024-11-10 22:06:15 | INFO | train | task-0		Acc is 0.9932, F1 is 0.9932
2024-11-10 22:06:15 | INFO | train | task-0		F1-macro is 0.9932, F1-micro is 0.9932
2024-11-10 22:06:15 | INFO | train | task-0		Pre is 0.9932, Rec is 0.9932
2024-11-10 22:06:15 | INFO | train | task-0		C_M is 
[[522   0   0   0   0  10   0   0]
 [  0 538   0   3   0   0   2   0]
 [  0   0 522   0   0   0   0   0]
 [  0   0   0 513   0   0   1   0]
 [  0   0   0   0 507   1   3   0]
 [  0   0   0   0   0 535   0   0]
 [  0   0   0   0   2   0 546   0]
 [  0   0   0   0   5   0   0 290]]
2024-11-10 22:06:54 | INFO | train | In dataset valid: Loss is [0.1404 0.1404 0.0000]
2024-11-10 22:06:54 | INFO | train | task-0		Acc is 0.9938, F1 is 0.9938
2024-11-10 22:06:54 | INFO | train | task-0		F1-macro is 0.9937, F1-micro is 0.9938
2024-11-10 22:06:54 | INFO | train | task-0		Pre is 0.9938, Rec is 0.9938
2024-11-10 22:06:54 | INFO | train | task-0		C_M is 
[[500   0   0   0   0  10   0   0]
 [  0 519   0   1   0   1   0   0]
 [  0   0 506   0   1   0   1   0]
 [  0   0   0 505   0   0   1   0]
 [  0   0   0   0 539   1   2   2]
 [  1   0   0   0   0 504   0   0]
 [  0   0   0   0   1   0 580   0]
 [  0   0   0   0   3   0   0 322]]
2024-11-10 22:07:33 | INFO | train | In dataset test: Loss is [0.1720 0.1720 0.0000]
2024-11-10 22:07:33 | INFO | train | task-0		Acc is 0.9922, F1 is 0.9922
2024-11-10 22:07:33 | INFO | train | task-0		F1-macro is 0.9919, F1-micro is 0.9922
2024-11-10 22:07:33 | INFO | train | task-0		Pre is 0.9922, Rec is 0.9922
2024-11-10 22:07:33 | INFO | train | task-0		C_M is 
[[513   0   0   0   0  10   0   0]
 [  0 531   0   2   0   0   0   1]
 [  0   0 548   0   0   0   1   0]
 [  0   0   0 570   1   1   3   0]
 [  0   0   0   0 506   1   2   1]
 [  0   0   0   0   0 534   0   0]
 [  0   0   0   0   3   0 497   0]
 [  0   0   0   0   4   1   0 270]]
2024-11-10 22:07:33 | INFO | train | The best f1_macro util now is 0.9941, at step 132
2024-11-10 22:07:33 | INFO | train | The best f1_micro util now is 0.9948, at step 132
2024-11-10 22:08:20 | INFO | train | ----------------------------------------------------------------------------------
2024-11-10 22:08:20 | INFO | train | Time of iter training 46.17 s
2024-11-10 22:08:20 | INFO | train | On iter step 165:, global step 42241 Loss-step [0.0919 0.0919 0.0000]
2024-11-10 22:08:59 | INFO | train | In dataset train: Loss is [0.0904 0.0904 0.0000]
2024-11-10 22:08:59 | INFO | train | task-0		Acc is 0.9950, F1 is 0.9950
2024-11-10 22:08:59 | INFO | train | task-0		F1-macro is 0.9948, F1-micro is 0.9950
2024-11-10 22:08:59 | INFO | train | task-0		Pre is 0.9950, Rec is 0.9950
2024-11-10 22:08:59 | INFO | train | task-0		C_M is 
[[526   0   0   0   0   6   0   0]
 [  0 538   0   3   0   0   2   0]
 [  0   0 522   0   0   0   0   0]
 [  0   0   0 513   0   0   1   0]
 [  0   0   0   0 511   0   0   0]
 [  0   0   0   0   0 535   0   0]
 [  0   0   0   0   3   0 545   0]
 [  0   0   0   0   5   0   0 290]]
2024-11-10 22:09:38 | INFO | train | In dataset valid: Loss is [0.1131 0.1131 0.0000]
2024-11-10 22:09:38 | INFO | train | task-0		Acc is 0.9940, F1 is 0.9940
2024-11-10 22:09:38 | INFO | train | task-0		F1-macro is 0.9941, F1-micro is 0.9940
2024-11-10 22:09:38 | INFO | train | task-0		Pre is 0.9940, Rec is 0.9940
2024-11-10 22:09:38 | INFO | train | task-0		C_M is 
[[502   0   0   0   0   8   0   0]
 [  0 519   0   2   0   0   0   0]
 [  0   0 506   0   0   2   0   0]
 [  0   0   0 505   0   0   1   0]
 [  0   0   0   0 542   1   1   0]
 [  1   0   0   0   0 504   0   0]
 [  0   0   0   0   5   0 576   0]
 [  0   0   0   0   3   0   0 322]]
2024-11-10 22:10:18 | INFO | train | In dataset test: Loss is [0.1623 0.1623 0.0000]
2024-11-10 22:10:18 | INFO | train | task-0		Acc is 0.9935, F1 is 0.9935
2024-11-10 22:10:18 | INFO | train | task-0		F1-macro is 0.9932, F1-micro is 0.9935
2024-11-10 22:10:18 | INFO | train | task-0		Pre is 0.9935, Rec is 0.9935
2024-11-10 22:10:18 | INFO | train | task-0		C_M is 
[[516   0   0   0   0   7   0   0]
 [  0 530   0   3   0   1   0   0]
 [  0   0 548   0   0   1   0   0]
 [  0   0   0 571   1   0   3   0]
 [  0   0   0   0 508   1   0   1]
 [  0   0   0   0   0 534   0   0]
 [  0   0   0   0   3   0 497   0]
 [  0   0   0   0   4   1   0 270]]
2024-11-10 22:10:18 | INFO | train | The best f1_macro util now is 0.9941, at step 132
2024-11-10 22:10:18 | INFO | train | The best f1_micro util now is 0.9948, at step 132
2024-11-10 22:11:04 | INFO | train | ----------------------------------------------------------------------------------
2024-11-10 22:11:04 | INFO | train | Time of iter training 46.29 s
2024-11-10 22:11:04 | INFO | train | On iter step 166:, global step 42497 Loss-step [0.2669 0.2669 0.0000]
2024-11-10 22:11:43 | INFO | train | In dataset train: Loss is [0.0813 0.0813 0.0000]
2024-11-10 22:11:43 | INFO | train | task-0		Acc is 0.9942, F1 is 0.9942
2024-11-10 22:11:43 | INFO | train | task-0		F1-macro is 0.9940, F1-micro is 0.9942
2024-11-10 22:11:43 | INFO | train | task-0		Pre is 0.9942, Rec is 0.9942
2024-11-10 22:11:43 | INFO | train | task-0		C_M is 
[[532   0   0   0   0   0   0   0]
 [  0 541   0   0   1   0   1   0]
 [  0   0 522   0   0   0   0   0]
 [  0   0   0 514   0   0   0   0]
 [  2   0   0   0 509   0   0   0]
 [ 10   0   0   0   0 525   0   0]
 [  0   0   0   0   3   0 545   0]
 [  0   1   0   0   5   0   0 289]]
2024-11-10 22:12:22 | INFO | train | In dataset valid: Loss is [0.1138 0.1138 0.0000]
2024-11-10 22:12:22 | INFO | train | task-0		Acc is 0.9942, F1 is 0.9942
2024-11-10 22:12:22 | INFO | train | task-0		F1-macro is 0.9944, F1-micro is 0.9942
2024-11-10 22:12:22 | INFO | train | task-0		Pre is 0.9942, Rec is 0.9942
2024-11-10 22:12:22 | INFO | train | task-0		C_M is 
[[510   0   0   0   0   0   0   0]
 [  0 520   0   1   0   0   0   0]
 [  0   0 506   0   0   2   0   0]
 [  0   3   0 503   0   0   0   0]
 [  1   1   0   0 540   1   1   0]
 [  4   0   0   0   0 501   0   0]
 [  0   1   0   0   5   0 575   0]
 [  0   0   0   0   3   0   0 322]]
2024-11-10 22:13:02 | INFO | train | In dataset test: Loss is [0.1223 0.1223 0.0000]
2024-11-10 22:13:02 | INFO | train | task-0		Acc is 0.9935, F1 is 0.9935
2024-11-10 22:13:02 | INFO | train | task-0		F1-macro is 0.9932, F1-micro is 0.9935
2024-11-10 22:13:02 | INFO | train | task-0		Pre is 0.9935, Rec is 0.9935
2024-11-10 22:13:02 | INFO | train | task-0		C_M is 
[[523   0   0   0   0   0   0   0]
 [  0 533   0   1   0   0   0   0]
 [  0   0 548   0   0   1   0   0]
 [  0   5   0 568   2   0   0   0]
 [  0   0   0   0 508   1   0   1]
 [  6   0   0   0   0 528   0   0]
 [  0   0   0   0   4   0 496   0]
 [  0   0   0   0   4   1   0 270]]
2024-11-10 22:13:02 | INFO | train | The best f1_macro util now is 0.9941, at step 132
2024-11-10 22:13:02 | INFO | train | The best f1_micro util now is 0.9948, at step 132
2024-11-10 22:13:48 | INFO | train | ----------------------------------------------------------------------------------
2024-11-10 22:13:48 | INFO | train | Time of iter training 45.89 s
2024-11-10 22:13:48 | INFO | train | On iter step 167:, global step 42753 Loss-step [0.2077 0.2077 0.0000]
2024-11-10 22:14:27 | INFO | train | In dataset train: Loss is [0.0932 0.0932 0.0000]
2024-11-10 22:14:27 | INFO | train | task-0		Acc is 0.9960, F1 is 0.9960
2024-11-10 22:14:27 | INFO | train | task-0		F1-macro is 0.9956, F1-micro is 0.9960
2024-11-10 22:14:27 | INFO | train | task-0		Pre is 0.9960, Rec is 0.9960
2024-11-10 22:14:27 | INFO | train | task-0		C_M is 
[[530   0   0   0   0   2   0   0]
 [  0 538   0   3   0   0   2   0]
 [  0   0 522   0   0   0   0   0]
 [  0   0   0 514   0   0   0   0]
 [  0   0   0   0 510   0   1   0]
 [  0   0   0   0   0 535   0   0]
 [  0   0   0   0   2   0 546   0]
 [  0   0   0   1   5   0   0 289]]
2024-11-10 22:15:06 | INFO | train | In dataset valid: Loss is [0.0958 0.0958 0.0000]
2024-11-10 22:15:06 | INFO | train | task-0		Acc is 0.9955, F1 is 0.9955
2024-11-10 22:15:06 | INFO | train | task-0		F1-macro is 0.9955, F1-micro is 0.9955
2024-11-10 22:15:06 | INFO | train | task-0		Pre is 0.9955, Rec is 0.9955
2024-11-10 22:15:06 | INFO | train | task-0		C_M is 
[[505   0   0   0   0   5   0   0]
 [  0 519   0   2   0   0   0   0]
 [  0   0 506   0   0   2   0   0]
 [  0   0   0 506   0   0   0   0]
 [  0   0   0   0 542   1   1   0]
 [  0   0   0   0   1 504   0   0]
 [  0   0   0   0   3   0 578   0]
 [  0   0   0   0   3   0   0 322]]
2024-11-10 22:15:46 | INFO | train | In dataset test: Loss is [0.1174 0.1174 0.0000]
2024-11-10 22:15:46 | INFO | train | task-0		Acc is 0.9948, F1 is 0.9948
2024-11-10 22:15:46 | INFO | train | task-0		F1-macro is 0.9944, F1-micro is 0.9948
2024-11-10 22:15:46 | INFO | train | task-0		Pre is 0.9948, Rec is 0.9948
2024-11-10 22:15:46 | INFO | train | task-0		C_M is 
[[520   0   0   0   0   3   0   0]
 [  0 530   0   4   0   0   0   0]
 [  0   0 548   0   0   1   0   0]
 [  0   0   0 573   1   0   1   0]
 [  0   0   0   1 507   1   0   1]
 [  0   0   0   0   0 534   0   0]
 [  0   0   0   0   3   0 497   0]
 [  0   0   0   0   4   1   0 270]]
2024-11-10 22:15:46 | INFO | train | The best f1_macro util now is 0.9941, at step 132
2024-11-10 22:15:46 | INFO | train | The best f1_micro util now is 0.9948, at step 132
2024-11-10 22:16:32 | INFO | train | ----------------------------------------------------------------------------------
2024-11-10 22:16:32 | INFO | train | Time of iter training 46.07 s
2024-11-10 22:16:32 | INFO | train | On iter step 168:, global step 43009 Loss-step [0.1173 0.1173 0.0000]
2024-11-10 22:17:11 | INFO | train | In dataset train: Loss is [0.0915 0.0915 0.0000]
2024-11-10 22:17:11 | INFO | train | task-0		Acc is 0.9955, F1 is 0.9955
2024-11-10 22:17:11 | INFO | train | task-0		F1-macro is 0.9953, F1-micro is 0.9955
2024-11-10 22:17:11 | INFO | train | task-0		Pre is 0.9955, Rec is 0.9955
2024-11-10 22:17:11 | INFO | train | task-0		C_M is 
[[532   0   0   0   0   0   0   0]
 [  0 538   0   3   0   0   2   0]
 [  0   0 522   0   0   0   0   0]
 [  0   0   0 514   0   0   0   0]
 [  1   0   0   0 508   0   2   0]
 [  3   0   0   0   0 532   0   0]
 [  0   0   0   0   2   0 546   0]
 [  0   0   0   0   5   0   0 290]]
2024-11-10 22:17:51 | INFO | train | In dataset valid: Loss is [0.1020 0.1020 0.0000]
2024-11-10 22:17:51 | INFO | train | task-0		Acc is 0.9960, F1 is 0.9960
2024-11-10 22:17:51 | INFO | train | task-0		F1-macro is 0.9960, F1-micro is 0.9960
2024-11-10 22:17:51 | INFO | train | task-0		Pre is 0.9960, Rec is 0.9960
2024-11-10 22:17:51 | INFO | train | task-0		C_M is 
[[509   0   0   0   0   1   0   0]
 [  0 519   0   2   0   0   0   0]
 [  0   0 506   0   1   1   0   0]
 [  0   1   0 505   0   0   0   0]
 [  1   0   0   0 541   1   1   0]
 [  1   0   0   0   0 504   0   0]
 [  0   0   0   0   3   0 578   0]
 [  0   0   0   0   3   0   0 322]]
2024-11-10 22:18:30 | INFO | train | In dataset test: Loss is [0.1278 0.1278 0.0000]
2024-11-10 22:18:30 | INFO | train | task-0		Acc is 0.9952, F1 is 0.9952
2024-11-10 22:18:30 | INFO | train | task-0		F1-macro is 0.9949, F1-micro is 0.9952
2024-11-10 22:18:30 | INFO | train | task-0		Pre is 0.9952, Rec is 0.9952
2024-11-10 22:18:30 | INFO | train | task-0		C_M is 
[[522   0   0   0   0   1   0   0]
 [  1 531   0   2   0   0   0   0]
 [  0   0 548   0   1   0   0   0]
 [  0   0   0 573   1   0   1   0]
 [  0   0   0   0 508   1   0   1]
 [  3   0   0   0   0 531   0   0]
 [  0   0   0   0   3   0 497   0]
 [  0   0   0   0   4   0   0 271]]
2024-11-10 22:18:30 | INFO | train | The best f1_macro util now is 0.9941, at step 132
2024-11-10 22:18:30 | INFO | train | The best f1_micro util now is 0.9948, at step 132
2024-11-10 22:19:16 | INFO | train | ----------------------------------------------------------------------------------
2024-11-10 22:19:16 | INFO | train | Time of iter training 46.05 s
2024-11-10 22:19:16 | INFO | train | On iter step 169:, global step 43265 Loss-step [0.0762 0.0762 0.0000]
2024-11-10 22:19:56 | INFO | train | In dataset train: Loss is [0.0809 0.0809 0.0000]
2024-11-10 22:19:56 | INFO | train | task-0		Acc is 0.9970, F1 is 0.9970
2024-11-10 22:19:56 | INFO | train | task-0		F1-macro is 0.9970, F1-micro is 0.9970
2024-11-10 22:19:56 | INFO | train | task-0		Pre is 0.9970, Rec is 0.9970
2024-11-10 22:19:56 | INFO | train | task-0		C_M is 
[[532   0   0   0   0   0   0   0]
 [  0 538   0   3   0   0   2   0]
 [  0   0 522   0   0   0   0   0]
 [  0   0   0 514   0   0   0   0]
 [  0   0   0   0 505   1   3   2]
 [  0   0   0   0   0 535   0   0]
 [  0   0   0   0   1   0 547   0]
 [  0   0   0   0   0   0   0 295]]
2024-11-10 22:20:35 | INFO | train | In dataset valid: Loss is [0.0984 0.0984 0.0000]
2024-11-10 22:20:35 | INFO | train | task-0		Acc is 0.9948, F1 is 0.9948
2024-11-10 22:20:35 | INFO | train | task-0		F1-macro is 0.9944, F1-micro is 0.9948
2024-11-10 22:20:35 | INFO | train | task-0		Pre is 0.9948, Rec is 0.9948
2024-11-10 22:20:35 | INFO | train | task-0		C_M is 
[[507   0   0   0   0   3   0   0]
 [  0 519   0   2   0   0   0   0]
 [  0   0 506   0   1   1   0   0]
 [  1   0   0 505   0   0   0   0]
 [  0   0   0   0 534   1   2   7]
 [  1   0   0   0   0 504   0   0]
 [  0   0   0   0   0   0 581   0]
 [  0   0   0   0   2   0   0 323]]
2024-11-10 22:21:14 | INFO | train | In dataset test: Loss is [0.1270 0.1270 0.0000]
2024-11-10 22:21:14 | INFO | train | task-0		Acc is 0.9945, F1 is 0.9945
2024-11-10 22:21:14 | INFO | train | task-0		F1-macro is 0.9938, F1-micro is 0.9945
2024-11-10 22:21:14 | INFO | train | task-0		Pre is 0.9945, Rec is 0.9945
2024-11-10 22:21:14 | INFO | train | task-0		C_M is 
[[522   0   0   0   0   1   0   0]
 [  1 531   0   2   0   0   0   0]
 [  0   0 548   0   0   0   1   0]
 [  0   0   0 573   1   0   1   0]
 [  0   0   0   0 498   1   4   7]
 [  1   0   0   0   0 533   0   0]
 [  0   0   0   0   0   0 500   0]
 [  0   0   0   0   2   0   0 273]]
2024-11-10 22:21:14 | INFO | train | The best f1_macro util now is 0.9941, at step 132
2024-11-10 22:21:14 | INFO | train | The best f1_micro util now is 0.9948, at step 132
2024-11-10 22:22:01 | INFO | train | ----------------------------------------------------------------------------------
2024-11-10 22:22:01 | INFO | train | Time of iter training 46.06 s
2024-11-10 22:22:01 | INFO | train | On iter step 170:, global step 43521 Loss-step [0.1241 0.1241 0.0000]
2024-11-10 22:22:40 | INFO | train | In dataset train: Loss is [0.0667 0.0667 0.0000]
2024-11-10 22:22:40 | INFO | train | task-0		Acc is 0.9972, F1 is 0.9972
2024-11-10 22:22:40 | INFO | train | task-0		F1-macro is 0.9972, F1-micro is 0.9972
2024-11-10 22:22:40 | INFO | train | task-0		Pre is 0.9972, Rec is 0.9972
2024-11-10 22:22:40 | INFO | train | task-0		C_M is 
[[532   0   0   0   0   0   0   0]
 [  0 540   0   1   0   0   2   0]
 [  0   0 522   0   0   0   0   0]
 [  0   0   0 514   0   0   0   0]
 [  1   0   0   0 506   0   3   1]
 [  1   0   0   0   0 534   0   0]
 [  0   0   0   0   1   0 547   0]
 [  0   0   0   0   1   0   0 294]]
2024-11-10 22:23:19 | INFO | train | In dataset valid: Loss is [0.1084 0.1084 0.0000]
2024-11-10 22:23:19 | INFO | train | task-0		Acc is 0.9960, F1 is 0.9960
2024-11-10 22:23:19 | INFO | train | task-0		F1-macro is 0.9959, F1-micro is 0.9960
2024-11-10 22:23:19 | INFO | train | task-0		Pre is 0.9960, Rec is 0.9960
2024-11-10 22:23:19 | INFO | train | task-0		C_M is 
[[506   0   0   0   0   4   0   0]
 [  0 519   0   1   1   0   0   0]
 [  0   0 506   0   1   0   0   1]
 [  1   0   0 505   0   0   0   0]
 [  0   0   0   0 541   1   1   1]
 [  1   0   0   0   0 504   0   0]
 [  0   0   0   0   1   0 580   0]
 [  0   0   0   0   2   0   0 323]]
2024-11-10 22:23:59 | INFO | train | In dataset test: Loss is [0.1354 0.1354 0.0000]
2024-11-10 22:23:59 | INFO | train | task-0		Acc is 0.9952, F1 is 0.9952
2024-11-10 22:23:59 | INFO | train | task-0		F1-macro is 0.9947, F1-micro is 0.9952
2024-11-10 22:23:59 | INFO | train | task-0		Pre is 0.9952, Rec is 0.9952
2024-11-10 22:23:59 | INFO | train | task-0		C_M is 
[[522   0   0   0   0   1   0   0]
 [  1 531   0   2   0   0   0   0]
 [  0   0 548   0   1   0   0   0]
 [  0   0   0 573   1   0   1   0]
 [  0   0   0   0 504   1   2   3]
 [  0   0   0   0   0 534   0   0]
 [  0   0   0   0   2   0 498   0]
 [  0   0   0   0   4   0   0 271]]
2024-11-10 22:23:59 | INFO | train | The best f1_macro util now is 0.9941, at step 132
2024-11-10 22:23:59 | INFO | train | The best f1_micro util now is 0.9948, at step 132
2024-11-10 22:24:45 | INFO | train | ----------------------------------------------------------------------------------
2024-11-10 22:24:45 | INFO | train | Time of iter training 46.16 s
2024-11-10 22:24:45 | INFO | train | On iter step 171:, global step 43777 Loss-step [0.1723 0.1723 0.0000]
2024-11-10 22:25:24 | INFO | train | In dataset train: Loss is [0.0671 0.0671 0.0000]
2024-11-10 22:25:24 | INFO | train | task-0		Acc is 0.9955, F1 is 0.9955
2024-11-10 22:25:24 | INFO | train | task-0		F1-macro is 0.9954, F1-micro is 0.9955
2024-11-10 22:25:24 | INFO | train | task-0		Pre is 0.9955, Rec is 0.9955
2024-11-10 22:25:24 | INFO | train | task-0		C_M is 
[[532   0   0   0   0   0   0   0]
 [  0 538   0   3   0   0   2   0]
 [  0   0 522   0   0   0   0   0]
 [  0   0   0 514   0   0   0   0]
 [  1   0   0   0 502   1   5   2]
 [  2   0   0   0   0 533   0   0]
 [  0   0   0   0   0   0 548   0]
 [  0   0   0   1   1   0   0 293]]
2024-11-10 22:26:04 | INFO | train | In dataset valid: Loss is [0.0825 0.0825 0.0000]
2024-11-10 22:26:04 | INFO | train | task-0		Acc is 0.9968, F1 is 0.9968
2024-11-10 22:26:04 | INFO | train | task-0		F1-macro is 0.9967, F1-micro is 0.9968
2024-11-10 22:26:04 | INFO | train | task-0		Pre is 0.9968, Rec is 0.9968
2024-11-10 22:26:04 | INFO | train | task-0		C_M is 
[[508   0   0   0   0   2   0   0]
 [  0 519   0   1   0   1   0   0]
 [  0   0 506   0   1   1   0   0]
 [  0   1   0 505   0   0   0   0]
 [  0   0   0   1 540   1   1   1]
 [  1   0   0   0   0 504   0   0]
 [  0   0   0   0   0   0 581   0]
 [  0   0   0   0   1   0   0 324]]
2024-11-10 22:26:43 | INFO | train | In dataset test: Loss is [0.1073 0.1073 0.0000]
2024-11-10 22:26:43 | INFO | train | task-0		Acc is 0.9960, F1 is 0.9960
2024-11-10 22:26:43 | INFO | train | task-0		F1-macro is 0.9959, F1-micro is 0.9960
2024-11-10 22:26:43 | INFO | train | task-0		Pre is 0.9960, Rec is 0.9960
2024-11-10 22:26:43 | INFO | train | task-0		C_M is 
[[522   0   0   0   0   1   0   0]
 [  1 531   0   2   0   0   0   0]
 [  0   0 548   0   1   0   0   0]
 [  0   0   0 574   1   0   0   0]
 [  0   0   0   0 502   1   6   1]
 [  1   0   0   0   0 533   0   0]
 [  0   0   0   0   0   0 500   0]
 [  0   0   0   0   1   0   0 274]]
2024-11-10 22:26:46 | INFO | train | The best f1_macro util now is 0.9959, at step 171
2024-11-10 22:26:50 | INFO | train | The best f1_micro util now is 0.9960, at step 171
2024-11-10 22:27:36 | INFO | train | ----------------------------------------------------------------------------------
2024-11-10 22:27:36 | INFO | train | Time of iter training 46.05 s
2024-11-10 22:27:36 | INFO | train | On iter step 172:, global step 44033 Loss-step [0.2053 0.2053 0.0000]
2024-11-10 22:28:15 | INFO | train | In dataset train: Loss is [0.4462 0.4462 0.0000]
2024-11-10 22:28:15 | INFO | train | task-0		Acc is 0.9910, F1 is 0.9910
2024-11-10 22:28:15 | INFO | train | task-0		F1-macro is 0.9910, F1-micro is 0.9910
2024-11-10 22:28:15 | INFO | train | task-0		Pre is 0.9910, Rec is 0.9910
2024-11-10 22:28:15 | INFO | train | task-0		C_M is 
[[520   0   0   0   0   1  11   0]
 [  0 537   0   3   0   0   3   0]
 [  0   0 522   0   0   0   0   0]
 [  0   0   0 512   0   0   2   0]
 [  0   0   0   0 500   0   9   2]
 [  0   0   0   1   0 534   0   0]
 [  0   0   0   0   0   0 548   0]
 [  0   0   0   1   1   0   2 291]]
2024-11-10 22:28:54 | INFO | train | In dataset valid: Loss is [0.4372 0.4372 0.0000]
2024-11-10 22:28:54 | INFO | train | task-0		Acc is 0.9912, F1 is 0.9912
2024-11-10 22:28:54 | INFO | train | task-0		F1-macro is 0.9913, F1-micro is 0.9912
2024-11-10 22:28:54 | INFO | train | task-0		Pre is 0.9912, Rec is 0.9912
2024-11-10 22:28:54 | INFO | train | task-0		C_M is 
[[501   0   0   0   0   6   3   0]
 [  0 518   0   1   1   0   1   0]
 [  0   0 506   0   0   0   2   0]
 [  1   0   0 503   0   0   2   0]
 [  0   0   0   0 533   1   9   1]
 [  0   0   0   0   0 505   0   0]
 [  0   0   0   0   0   0 581   0]
 [  0   0   0   0   1   0   6 318]]
2024-11-10 22:29:34 | INFO | train | In dataset test: Loss is [0.5963 0.5963 0.0000]
2024-11-10 22:29:34 | INFO | train | task-0		Acc is 0.9908, F1 is 0.9908
2024-11-10 22:29:34 | INFO | train | task-0		F1-macro is 0.9901, F1-micro is 0.9908
2024-11-10 22:29:34 | INFO | train | task-0		Pre is 0.9908, Rec is 0.9908
2024-11-10 22:29:34 | INFO | train | task-0		C_M is 
[[514   0   0   0   0   3   6   0]
 [  1 529   0   0   0   0   4   0]
 [  0   0 546   0   0   0   3   0]
 [  0   0   0 572   2   0   1   0]
 [  0   0   0   0 501   1   7   1]
 [  0   0   0   0   0 534   0   0]
 [  0   0   0   0   0   0 500   0]
 [  0   0   0   0   1   0   7 267]]
2024-11-10 22:29:34 | INFO | train | The best f1_macro util now is 0.9959, at step 171
2024-11-10 22:29:34 | INFO | train | The best f1_micro util now is 0.9960, at step 171
2024-11-10 22:30:20 | INFO | train | ----------------------------------------------------------------------------------
2024-11-10 22:30:20 | INFO | train | Time of iter training 46.12 s
2024-11-10 22:30:20 | INFO | train | On iter step 173:, global step 44289 Loss-step [0.2057 0.2057 0.0000]
2024-11-10 22:30:59 | INFO | train | In dataset train: Loss is [0.1168 0.1168 0.0000]
2024-11-10 22:30:59 | INFO | train | task-0		Acc is 0.9940, F1 is 0.9940
2024-11-10 22:30:59 | INFO | train | task-0		F1-macro is 0.9936, F1-micro is 0.9940
2024-11-10 22:30:59 | INFO | train | task-0		Pre is 0.9940, Rec is 0.9940
2024-11-10 22:30:59 | INFO | train | task-0		C_M is 
[[528   0   0   0   0   4   0   0]
 [  0 538   0   3   0   0   2   0]
 [  0   0 522   0   0   0   0   0]
 [  0   0   0 513   1   0   0   0]
 [  1   0   0   0 499   2   4   5]
 [  0   0   0   0   0 535   0   0]
 [  0   0   0   0   0   0 548   0]
 [  0   0   0   1   1   0   0 293]]
2024-11-10 22:31:38 | INFO | train | In dataset valid: Loss is [0.1075 0.1075 0.0000]
2024-11-10 22:31:38 | INFO | train | task-0		Acc is 0.9948, F1 is 0.9948
2024-11-10 22:31:38 | INFO | train | task-0		F1-macro is 0.9946, F1-micro is 0.9948
2024-11-10 22:31:38 | INFO | train | task-0		Pre is 0.9948, Rec is 0.9948
2024-11-10 22:31:38 | INFO | train | task-0		C_M is 
[[503   0   0   0   0   7   0   0]
 [  0 519   0   1   1   0   0   0]
 [  0   0 506   0   1   1   0   0]
 [  1   0   0 505   0   0   0   0]
 [  0   0   0   0 536   3   1   4]
 [  0   0   0   0   0 505   0   0]
 [  0   0   0   0   0   0 581   0]
 [  0   0   0   0   0   0   1 324]]
2024-11-10 22:32:18 | INFO | train | In dataset test: Loss is [0.1129 0.1129 0.0000]
2024-11-10 22:32:18 | INFO | train | task-0		Acc is 0.9948, F1 is 0.9948
2024-11-10 22:32:18 | INFO | train | task-0		F1-macro is 0.9943, F1-micro is 0.9948
2024-11-10 22:32:18 | INFO | train | task-0		Pre is 0.9948, Rec is 0.9948
2024-11-10 22:32:18 | INFO | train | task-0		C_M is 
[[519   0   0   0   0   4   0   0]
 [  1 532   0   0   1   0   0   0]
 [  0   0 548   0   1   0   0   0]
 [  0   0   0 573   2   0   0   0]
 [  0   0   0   0 501   1   5   3]
 [  0   0   0   0   0 534   0   0]
 [  0   0   0   0   0   0 500   0]
 [  0   0   0   0   3   0   0 272]]
2024-11-10 22:32:18 | INFO | train | The best f1_macro util now is 0.9959, at step 171
2024-11-10 22:32:18 | INFO | train | The best f1_micro util now is 0.9960, at step 171
2024-11-10 22:33:04 | INFO | train | ----------------------------------------------------------------------------------
2024-11-10 22:33:04 | INFO | train | Time of iter training 45.96 s
2024-11-10 22:33:04 | INFO | train | On iter step 174:, global step 44545 Loss-step [0.1517 0.1517 0.0000]
2024-11-10 22:33:43 | INFO | train | In dataset train: Loss is [0.1253 0.1253 0.0000]
2024-11-10 22:33:43 | INFO | train | task-0		Acc is 0.9955, F1 is 0.9955
2024-11-10 22:33:43 | INFO | train | task-0		F1-macro is 0.9950, F1-micro is 0.9955
2024-11-10 22:33:43 | INFO | train | task-0		Pre is 0.9955, Rec is 0.9955
2024-11-10 22:33:43 | INFO | train | task-0		C_M is 
[[532   0   0   0   0   0   0   0]
 [  0 540   0   1   0   0   2   0]
 [  0   0 522   0   0   0   0   0]
 [  0   0   0 514   0   0   0   0]
 [  1   0   0   0 506   0   2   2]
 [  3   0   0   0   0 532   0   0]
 [  0   0   0   0   1   0 547   0]
 [  0   1   0   0   5   0   0 289]]
2024-11-10 22:34:23 | INFO | train | In dataset valid: Loss is [0.1113 0.1113 0.0000]
2024-11-10 22:34:23 | INFO | train | task-0		Acc is 0.9965, F1 is 0.9965
2024-11-10 22:34:23 | INFO | train | task-0		F1-macro is 0.9964, F1-micro is 0.9965
2024-11-10 22:34:23 | INFO | train | task-0		Pre is 0.9965, Rec is 0.9965
2024-11-10 22:34:23 | INFO | train | task-0		C_M is 
[[508   0   0   0   0   2   0   0]
 [  0 520   0   0   0   1   0   0]
 [  0   0 506   0   1   1   0   0]
 [  1   0   0 505   0   0   0   0]
 [  0   0   0   0 542   1   0   1]
 [  1   0   0   0   0 504   0   0]
 [  0   0   0   0   2   0 579   0]
 [  0   0   0   0   3   0   0 322]]
2024-11-10 22:35:02 | INFO | train | In dataset test: Loss is [0.1387 0.1387 0.0000]
2024-11-10 22:35:02 | INFO | train | task-0		Acc is 0.9952, F1 is 0.9952
2024-11-10 22:35:02 | INFO | train | task-0		F1-macro is 0.9949, F1-micro is 0.9952
2024-11-10 22:35:02 | INFO | train | task-0		Pre is 0.9952, Rec is 0.9952
2024-11-10 22:35:02 | INFO | train | task-0		C_M is 
[[522   0   0   0   0   1   0   0]
 [  1 533   0   0   0   0   0   0]
 [  0   0 548   0   1   0   0   0]
 [  0   1   0 572   2   0   0   0]
 [  0   0   0   0 506   1   2   1]
 [  3   0   0   0   0 531   0   0]
 [  0   0   0   0   2   0 498   0]
 [  0   0   0   0   4   0   0 271]]
2024-11-10 22:35:02 | INFO | train | The best f1_macro util now is 0.9959, at step 171
2024-11-10 22:35:02 | INFO | train | The best f1_micro util now is 0.9960, at step 171
2024-11-10 22:35:48 | INFO | train | ----------------------------------------------------------------------------------
2024-11-10 22:35:48 | INFO | train | Time of iter training 46.07 s
2024-11-10 22:35:48 | INFO | train | On iter step 175:, global step 44801 Loss-step [0.0690 0.0690 0.0000]
2024-11-10 22:36:28 | INFO | train | In dataset train: Loss is [0.1194 0.1194 0.0000]
2024-11-10 22:36:28 | INFO | train | task-0		Acc is 0.9955, F1 is 0.9955
2024-11-10 22:36:28 | INFO | train | task-0		F1-macro is 0.9952, F1-micro is 0.9955
2024-11-10 22:36:28 | INFO | train | task-0		Pre is 0.9955, Rec is 0.9955
2024-11-10 22:36:28 | INFO | train | task-0		C_M is 
[[532   0   0   0   0   0   0   0]
 [  0 540   0   1   0   0   2   0]
 [  0   0 522   0   0   0   0   0]
 [  0   0   0 514   0   0   0   0]
 [  1   0   0   0 503   0   7   0]
 [  1   0   0   0   0 534   0   0]
 [  0   0   0   0   0   0 548   0]
 [  0   0   0   1   5   0   0 289]]
2024-11-10 22:37:07 | INFO | train | In dataset valid: Loss is [0.1210 0.1210 0.0000]
2024-11-10 22:37:07 | INFO | train | task-0		Acc is 0.9945, F1 is 0.9945
2024-11-10 22:37:07 | INFO | train | task-0		F1-macro is 0.9943, F1-micro is 0.9945
2024-11-10 22:37:07 | INFO | train | task-0		Pre is 0.9945, Rec is 0.9945
2024-11-10 22:37:07 | INFO | train | task-0		C_M is 
[[506   0   0   0   0   4   0   0]
 [  0 520   0   0   0   1   0   0]
 [  0   0 506   0   1   1   0   0]
 [  1   0   0 505   0   0   0   0]
 [  0   0   0   0 538   1   5   0]
 [  1   0   0   0   0 504   0   0]
 [  0   0   0   0   0   0 581   0]
 [  0   0   0   0   7   0   0 318]]
2024-11-10 22:37:47 | INFO | train | In dataset test: Loss is [0.1595 0.1595 0.0000]
2024-11-10 22:37:47 | INFO | train | task-0		Acc is 0.9940, F1 is 0.9940
2024-11-10 22:37:47 | INFO | train | task-0		F1-macro is 0.9933, F1-micro is 0.9940
2024-11-10 22:37:47 | INFO | train | task-0		Pre is 0.9940, Rec is 0.9940
2024-11-10 22:37:47 | INFO | train | task-0		C_M is 
[[522   0   0   0   0   1   0   0]
 [  1 533   0   0   0   0   0   0]
 [  0   0 548   0   1   0   0   0]
 [  0   0   0 573   2   0   0   0]
 [  0   0   0   0 499   1   9   1]
 [  1   0   0   0   0 533   0   0]
 [  0   0   0   0   0   0 500   0]
 [  0   0   0   0   7   0   0 268]]
2024-11-10 22:37:47 | INFO | train | The best f1_macro util now is 0.9959, at step 171
2024-11-10 22:37:47 | INFO | train | The best f1_micro util now is 0.9960, at step 171
2024-11-10 22:38:33 | INFO | train | ----------------------------------------------------------------------------------
2024-11-10 22:38:33 | INFO | train | Time of iter training 46.07 s
2024-11-10 22:38:33 | INFO | train | On iter step 176:, global step 45057 Loss-step [0.1296 0.1296 0.0000]
2024-11-10 22:39:12 | INFO | train | In dataset train: Loss is [0.1508 0.1508 0.0000]
2024-11-10 22:39:12 | INFO | train | task-0		Acc is 0.9935, F1 is 0.9935
2024-11-10 22:39:12 | INFO | train | task-0		F1-macro is 0.9934, F1-micro is 0.9935
2024-11-10 22:39:12 | INFO | train | task-0		Pre is 0.9935, Rec is 0.9935
2024-11-10 22:39:12 | INFO | train | task-0		C_M is 
[[532   0   0   0   0   0   0   0]
 [  0 540   0   1   0   0   2   0]
 [  1   0 521   0   0   0   0   0]
 [  0   0   0 514   0   0   0   0]
 [  0   0   0   0 506   0   5   0]
 [ 12   0   0   0   0 523   0   0]
 [  0   0   0   0   0   0 548   0]
 [  0   0   0   0   5   0   0 290]]
2024-11-10 22:39:51 | INFO | train | In dataset valid: Loss is [0.1489 0.1489 0.0000]
2024-11-10 22:39:51 | INFO | train | task-0		Acc is 0.9955, F1 is 0.9955
2024-11-10 22:39:51 | INFO | train | task-0		F1-macro is 0.9952, F1-micro is 0.9955
2024-11-10 22:39:51 | INFO | train | task-0		Pre is 0.9955, Rec is 0.9955
2024-11-10 22:39:51 | INFO | train | task-0		C_M is 
[[510   0   0   0   0   0   0   0]
 [  1 520   0   0   0   0   0   0]
 [  2   0 504   0   1   1   0   0]
 [  1   0   0 505   0   0   0   0]
 [  0   0   0   0 543   0   1   0]
 [  4   0   0   0   1 500   0   0]
 [  0   0   0   0   0   0 581   0]
 [  0   0   0   0   6   0   0 319]]
2024-11-10 22:40:31 | INFO | train | In dataset test: Loss is [0.1772 0.1772 0.0000]
2024-11-10 22:40:31 | INFO | train | task-0		Acc is 0.9935, F1 is 0.9935
2024-11-10 22:40:31 | INFO | train | task-0		F1-macro is 0.9931, F1-micro is 0.9935
2024-11-10 22:40:31 | INFO | train | task-0		Pre is 0.9935, Rec is 0.9935
2024-11-10 22:40:31 | INFO | train | task-0		C_M is 
[[523   0   0   0   0   0   0   0]
 [  2 531   0   1   0   0   0   0]
 [  2   0 546   0   0   0   1   0]
 [  0   0   0 573   2   0   0   0]
 [  0   0   0   0 503   1   5   1]
 [  6   0   0   0   0 528   0   0]
 [  0   0   0   0   0   0 500   0]
 [  0   0   0   0   5   0   0 270]]
2024-11-10 22:40:31 | INFO | train | The best f1_macro util now is 0.9959, at step 171
2024-11-10 22:40:31 | INFO | train | The best f1_micro util now is 0.9960, at step 171
2024-11-10 22:41:17 | INFO | train | ----------------------------------------------------------------------------------
2024-11-10 22:41:17 | INFO | train | Time of iter training 46.18 s
2024-11-10 22:41:17 | INFO | train | On iter step 177:, global step 45313 Loss-step [0.2025 0.2025 0.0000]
2024-11-10 22:41:56 | INFO | train | In dataset train: Loss is [0.5203 0.5203 0.0000]
2024-11-10 22:41:56 | INFO | train | task-0		Acc is 0.9922, F1 is 0.9922
2024-11-10 22:41:56 | INFO | train | task-0		F1-macro is 0.9920, F1-micro is 0.9922
2024-11-10 22:41:56 | INFO | train | task-0		Pre is 0.9922, Rec is 0.9922
2024-11-10 22:41:56 | INFO | train | task-0		C_M is 
[[524   6   0   2   0   0   0   0]
 [  0 540   0   1   0   0   2   0]
 [  0   0 522   0   0   0   0   0]
 [  0   0   0 514   0   0   0   0]
 [  0   0   0   0 511   0   0   0]
 [  1   0   0  10   0 524   0   0]
 [  0   0   0   0   2   0 546   0]
 [  0   1   0   0   6   0   0 288]]
2024-11-10 22:42:36 | INFO | train | In dataset valid: Loss is [0.3149 0.3149 0.0000]
2024-11-10 22:42:36 | INFO | train | task-0		Acc is 0.9938, F1 is 0.9938
2024-11-10 22:42:36 | INFO | train | task-0		F1-macro is 0.9937, F1-micro is 0.9938
2024-11-10 22:42:36 | INFO | train | task-0		Pre is 0.9938, Rec is 0.9938
2024-11-10 22:42:36 | INFO | train | task-0		C_M is 
[[503   6   0   1   0   0   0   0]
 [  0 519   0   1   0   1   0   0]
 [  0   0 506   0   2   0   0   0]
 [  0   1   0 505   0   0   0   0]
 [  0   0   0   0 543   1   0   0]
 [  2   1   0   1   0 501   0   0]
 [  0   0   0   0   3   0 578   0]
 [  0   0   0   0   5   0   0 320]]
2024-11-10 22:43:15 | INFO | train | In dataset test: Loss is [0.5216 0.5216 0.0000]
2024-11-10 22:43:15 | INFO | train | task-0		Acc is 0.9918, F1 is 0.9918
2024-11-10 22:43:15 | INFO | train | task-0		F1-macro is 0.9916, F1-micro is 0.9918
2024-11-10 22:43:15 | INFO | train | task-0		Pre is 0.9918, Rec is 0.9918
2024-11-10 22:43:15 | INFO | train | task-0		C_M is 
[[512   8   0   3   0   0   0   0]
 [  1 531   0   2   0   0   0   0]
 [  0   0 548   0   1   0   0   0]
 [  0   0   0 573   2   0   0   0]
 [  0   0   0   1 507   1   0   1]
 [  0   1   0   5   0 528   0   0]
 [  0   0   0   0   2   0 498   0]
 [  1   0   0   0   4   0   0 270]]
2024-11-10 22:43:15 | INFO | train | The best f1_macro util now is 0.9959, at step 171
2024-11-10 22:43:15 | INFO | train | The best f1_micro util now is 0.9960, at step 171
2024-11-10 22:44:01 | INFO | train | ----------------------------------------------------------------------------------
2024-11-10 22:44:01 | INFO | train | Time of iter training 45.87 s
2024-11-10 22:44:01 | INFO | train | On iter step 178:, global step 45569 Loss-step [0.1462 0.1462 0.0000]
2024-11-10 22:44:41 | INFO | train | In dataset train: Loss is [0.1015 0.1015 0.0000]
2024-11-10 22:44:41 | INFO | train | task-0		Acc is 0.9960, F1 is 0.9960
2024-11-10 22:44:41 | INFO | train | task-0		F1-macro is 0.9956, F1-micro is 0.9960
2024-11-10 22:44:41 | INFO | train | task-0		Pre is 0.9960, Rec is 0.9960
2024-11-10 22:44:41 | INFO | train | task-0		C_M is 
[[532   0   0   0   0   0   0   0]
 [  0 538   0   3   0   0   2   0]
 [  0   0 522   0   0   0   0   0]
 [  0   0   0 514   0   0   0   0]
 [  0   0   0   0 510   0   1   0]
 [  3   0   0   0   0 532   0   0]
 [  0   0   0   0   1   0 547   0]
 [  0   0   0   1   5   0   0 289]]
2024-11-10 22:45:20 | INFO | train | In dataset valid: Loss is [0.0875 0.0875 0.0000]
2024-11-10 22:45:20 | INFO | train | task-0		Acc is 0.9960, F1 is 0.9960
2024-11-10 22:45:20 | INFO | train | task-0		F1-macro is 0.9958, F1-micro is 0.9960
2024-11-10 22:45:20 | INFO | train | task-0		Pre is 0.9960, Rec is 0.9960
2024-11-10 22:45:20 | INFO | train | task-0		C_M is 
[[508   0   0   0   0   2   0   0]
 [  0 519   0   1   0   1   0   0]
 [  0   0 505   0   1   2   0   0]
 [  0   0   0 506   0   0   0   0]
 [  0   0   0   0 543   1   0   0]
 [  0   0   0   0   0 505   0   0]
 [  0   0   0   0   2   0 579   0]
 [  0   0   0   0   6   0   0 319]]
2024-11-10 22:45:59 | INFO | train | In dataset test: Loss is [0.1273 0.1273 0.0000]
2024-11-10 22:45:59 | INFO | train | task-0		Acc is 0.9958, F1 is 0.9958
2024-11-10 22:45:59 | INFO | train | task-0		F1-macro is 0.9954, F1-micro is 0.9958
2024-11-10 22:45:59 | INFO | train | task-0		Pre is 0.9958, Rec is 0.9958
2024-11-10 22:45:59 | INFO | train | task-0		C_M is 
[[522   0   0   0   0   1   0   0]
 [  2 532   0   0   0   0   0   0]
 [  0   0 548   0   1   0   0   0]
 [  0   0   0 573   2   0   0   0]
 [  0   0   0   0 507   1   1   1]
 [  2   0   0   0   0 532   0   0]
 [  0   0   0   0   2   0 498   0]
 [  0   0   0   0   4   0   0 271]]
2024-11-10 22:45:59 | INFO | train | The best f1_macro util now is 0.9959, at step 171
2024-11-10 22:45:59 | INFO | train | The best f1_micro util now is 0.9960, at step 171
2024-11-10 22:46:45 | INFO | train | ----------------------------------------------------------------------------------
2024-11-10 22:46:45 | INFO | train | Time of iter training 46.00 s
2024-11-10 22:46:45 | INFO | train | On iter step 179:, global step 45825 Loss-step [0.2591 0.2591 0.0000]
2024-11-10 22:47:25 | INFO | train | In dataset train: Loss is [0.1736 0.1736 0.0000]
2024-11-10 22:47:25 | INFO | train | task-0		Acc is 0.9908, F1 is 0.9908
2024-11-10 22:47:25 | INFO | train | task-0		F1-macro is 0.9908, F1-micro is 0.9908
2024-11-10 22:47:25 | INFO | train | task-0		Pre is 0.9908, Rec is 0.9908
2024-11-10 22:47:25 | INFO | train | task-0		C_M is 
[[519   0   0   0   1  12   0   0]
 [  0 526   0  12   4   0   1   0]
 [  0   0 522   0   0   0   0   0]
 [  0   0   0 514   0   0   0   0]
 [  0   0   0   0 511   0   0   0]
 [  0   0   0   0   0 535   0   0]
 [  0   0   0   0   2   0 546   0]
 [  0   0   0   0   5   0   0 290]]
2024-11-10 22:48:04 | INFO | train | In dataset valid: Loss is [0.1495 0.1495 0.0000]
2024-11-10 22:48:04 | INFO | train | task-0		Acc is 0.9928, F1 is 0.9928
2024-11-10 22:48:04 | INFO | train | task-0		F1-macro is 0.9927, F1-micro is 0.9928
2024-11-10 22:48:04 | INFO | train | task-0		Pre is 0.9928, Rec is 0.9928
2024-11-10 22:48:04 | INFO | train | task-0		C_M is 
[[500   0   0   0   0  10   0   0]
 [  0 515   0   5   1   0   0   0]
 [  0   0 504   0   0   4   0   0]
 [  0   0   0 506   0   0   0   0]
 [  0   0   0   0 543   1   0   0]
 [  0   0   0   0   0 505   0   0]
 [  0   0   0   0   3   0 578   0]
 [  0   0   0   0   5   0   0 320]]
2024-11-10 22:48:44 | INFO | train | In dataset test: Loss is [0.1912 0.1912 0.0000]
2024-11-10 22:48:44 | INFO | train | task-0		Acc is 0.9908, F1 is 0.9908
2024-11-10 22:48:44 | INFO | train | task-0		F1-macro is 0.9908, F1-micro is 0.9908
2024-11-10 22:48:44 | INFO | train | task-0		Pre is 0.9908, Rec is 0.9908
2024-11-10 22:48:44 | INFO | train | task-0		C_M is 
[[513   0   0   0   0  10   0   0]
 [  0 522   0  10   1   1   0   0]
 [  0   0 546   0   0   3   0   0]
 [  0   0   0 573   2   0   0   0]
 [  0   0   0   1 507   1   0   1]
 [  0   0   0   0   0 534   0   0]
 [  0   0   0   0   3   0 497   0]
 [  0   0   0   0   4   0   0 271]]
2024-11-10 22:48:44 | INFO | train | The best f1_macro util now is 0.9959, at step 171
2024-11-10 22:48:44 | INFO | train | The best f1_micro util now is 0.9960, at step 171
2024-11-10 22:49:30 | INFO | train | ----------------------------------------------------------------------------------
2024-11-10 22:49:30 | INFO | train | Time of iter training 46.08 s
2024-11-10 22:49:30 | INFO | train | On iter step 180:, global step 46081 Loss-step [0.1421 0.1421 0.0000]
2024-11-10 22:50:09 | INFO | train | In dataset train: Loss is [0.1217 0.1217 0.0000]
2024-11-10 22:50:09 | INFO | train | task-0		Acc is 0.9948, F1 is 0.9948
2024-11-10 22:50:09 | INFO | train | task-0		F1-macro is 0.9945, F1-micro is 0.9948
2024-11-10 22:50:09 | INFO | train | task-0		Pre is 0.9948, Rec is 0.9948
2024-11-10 22:50:09 | INFO | train | task-0		C_M is 
[[527   0   0   0   1   4   0   0]
 [  0 538   0   3   0   0   2   0]
 [  0   0 520   0   0   2   0   0]
 [  0   0   0 514   0   0   0   0]
 [  0   0   0   0 511   0   0   0]
 [  0   0   0   0   0 535   0   0]
 [  0   0   0   0   3   0 545   0]
 [  0   1   0   0   5   0   0 289]]
2024-11-10 22:50:48 | INFO | train | In dataset valid: Loss is [0.0968 0.0968 0.0000]
2024-11-10 22:50:48 | INFO | train | task-0		Acc is 0.9932, F1 is 0.9932
2024-11-10 22:50:48 | INFO | train | task-0		F1-macro is 0.9931, F1-micro is 0.9932
2024-11-10 22:50:48 | INFO | train | task-0		Pre is 0.9932, Rec is 0.9932
2024-11-10 22:50:48 | INFO | train | task-0		C_M is 
[[503   0   0   0   0   7   0   0]
 [  0 518   0   2   1   0   0   0]
 [  0   0 503   0   0   5   0   0]
 [  0   0   0 506   0   0   0   0]
 [  0   0   0   0 543   1   0   0]
 [  0   0   0   0   0 505   0   0]
 [  0   0   0   0   5   0 576   0]
 [  0   0   0   0   6   0   0 319]]
2024-11-10 22:51:28 | INFO | train | In dataset test: Loss is [0.1442 0.1442 0.0000]
2024-11-10 22:51:28 | INFO | train | task-0		Acc is 0.9940, F1 is 0.9940
2024-11-10 22:51:28 | INFO | train | task-0		F1-macro is 0.9938, F1-micro is 0.9940
2024-11-10 22:51:28 | INFO | train | task-0		Pre is 0.9940, Rec is 0.9940
2024-11-10 22:51:28 | INFO | train | task-0		C_M is 
[[518   0   0   0   0   5   0   0]
 [  0 532   0   2   0   0   0   0]
 [  0   0 544   1   1   3   0   0]
 [  0   0   0 573   2   0   0   0]
 [  0   0   0   0 508   1   0   1]
 [  1   0   0   0   0 533   0   0]
 [  0   0   0   0   3   0 497   0]
 [  0   0   0   0   4   0   0 271]]
2024-11-10 22:51:28 | INFO | train | The best f1_macro util now is 0.9959, at step 171
2024-11-10 22:51:28 | INFO | train | The best f1_micro util now is 0.9960, at step 171
2024-11-10 22:52:14 | INFO | train | ----------------------------------------------------------------------------------
2024-11-10 22:52:14 | INFO | train | Time of iter training 46.21 s
2024-11-10 22:52:14 | INFO | train | On iter step 181:, global step 46337 Loss-step [0.1537 0.1537 0.0000]
2024-11-10 22:52:53 | INFO | train | In dataset train: Loss is [0.1274 0.1274 0.0000]
2024-11-10 22:52:53 | INFO | train | task-0		Acc is 0.9932, F1 is 0.9932
2024-11-10 22:52:53 | INFO | train | task-0		F1-macro is 0.9930, F1-micro is 0.9932
2024-11-10 22:52:53 | INFO | train | task-0		Pre is 0.9932, Rec is 0.9932
2024-11-10 22:52:53 | INFO | train | task-0		C_M is 
[[521   0   0   0   0  11   0   0]
 [  0 541   0   0   0   0   2   0]
 [  0   0 522   0   0   0   0   0]
 [  0   0   0 514   0   0   0   0]
 [  1   0   0   0 510   0   0   0]
 [  0   1   0   0   0 534   0   0]
 [  0   0   0   0   5   0 543   0]
 [  0   1   0   0   6   0   0 288]]
2024-11-10 22:53:33 | INFO | train | In dataset valid: Loss is [0.1107 0.1107 0.0000]
2024-11-10 22:53:33 | INFO | train | task-0		Acc is 0.9925, F1 is 0.9925
2024-11-10 22:53:33 | INFO | train | task-0		F1-macro is 0.9924, F1-micro is 0.9925
2024-11-10 22:53:33 | INFO | train | task-0		Pre is 0.9925, Rec is 0.9925
2024-11-10 22:53:33 | INFO | train | task-0		C_M is 
[[501   0   0   0   0   9   0   0]
 [  0 519   0   1   1   0   0   0]
 [  0   0 505   0   2   1   0   0]
 [  0   2   0 503   1   0   0   0]
 [  0   0   0   0 544   0   0   0]
 [  0   0   0   0   2 503   0   0]
 [  0   0   0   0   5   0 576   0]
 [  0   0   0   0   6   0   0 319]]
2024-11-10 22:54:12 | INFO | train | In dataset test: Loss is [0.1512 0.1512 0.0000]
2024-11-10 22:54:12 | INFO | train | task-0		Acc is 0.9928, F1 is 0.9928
2024-11-10 22:54:12 | INFO | train | task-0		F1-macro is 0.9923, F1-micro is 0.9928
2024-11-10 22:54:12 | INFO | train | task-0		Pre is 0.9928, Rec is 0.9928
2024-11-10 22:54:12 | INFO | train | task-0		C_M is 
[[513   1   0   0   0   9   0   0]
 [  0 533   0   1   0   0   0   0]
 [  0   0 548   0   1   0   0   0]
 [  0   1   0 572   2   0   0   0]
 [  0   0   0   0 508   1   0   1]
 [  0   2   0   0   0 532   0   0]
 [  0   0   0   0   4   0 496   0]
 [  0   0   0   0   6   0   0 269]]
2024-11-10 22:54:12 | INFO | train | The best f1_macro util now is 0.9959, at step 171
2024-11-10 22:54:12 | INFO | train | The best f1_micro util now is 0.9960, at step 171
2024-11-10 22:54:58 | INFO | train | ----------------------------------------------------------------------------------
2024-11-10 22:54:58 | INFO | train | Time of iter training 46.26 s
2024-11-10 22:54:58 | INFO | train | On iter step 182:, global step 46593 Loss-step [0.1680 0.1680 0.0000]
2024-11-10 22:55:38 | INFO | train | In dataset train: Loss is [0.1204 0.1204 0.0000]
2024-11-10 22:55:38 | INFO | train | task-0		Acc is 0.9950, F1 is 0.9950
2024-11-10 22:55:38 | INFO | train | task-0		F1-macro is 0.9951, F1-micro is 0.9950
2024-11-10 22:55:38 | INFO | train | task-0		Pre is 0.9950, Rec is 0.9950
2024-11-10 22:55:38 | INFO | train | task-0		C_M is 
[[523   0   0   0   0   9   0   0]
 [  0 538   0   3   0   0   2   0]
 [  0   0 522   0   0   0   0   0]
 [  0   0   0 514   0   0   0   0]
 [  1   0   0   0 508   0   2   0]
 [  0   0   0   0   0 535   0   0]
 [  0   0   0   0   1   0 547   0]
 [  0   0   0   0   2   0   0 293]]
2024-11-10 22:56:17 | INFO | train | In dataset valid: Loss is [0.1209 0.1209 0.0000]
2024-11-10 22:56:17 | INFO | train | task-0		Acc is 0.9940, F1 is 0.9940
2024-11-10 22:56:17 | INFO | train | task-0		F1-macro is 0.9940, F1-micro is 0.9940
2024-11-10 22:56:17 | INFO | train | task-0		Pre is 0.9940, Rec is 0.9940
2024-11-10 22:56:17 | INFO | train | task-0		C_M is 
[[502   0   0   0   0   8   0   0]
 [  0 517   0   2   2   0   0   0]
 [  0   0 505   0   1   1   1   0]
 [  0   0   0 506   0   0   0   0]
 [  0   0   0   0 542   1   1   0]
 [  0   0   0   0   2 503   0   0]
 [  0   0   0   0   1   0 580   0]
 [  0   0   0   0   4   0   0 321]]
2024-11-10 22:56:56 | INFO | train | In dataset test: Loss is [0.1781 0.1781 0.0000]
2024-11-10 22:56:56 | INFO | train | task-0		Acc is 0.9932, F1 is 0.9932
2024-11-10 22:56:56 | INFO | train | task-0		F1-macro is 0.9927, F1-micro is 0.9932
2024-11-10 22:56:56 | INFO | train | task-0		Pre is 0.9932, Rec is 0.9932
2024-11-10 22:56:56 | INFO | train | task-0		C_M is 
[[514   0   0   0   0   9   0   0]
 [  0 532   0   2   0   0   0   0]
 [  0   0 548   0   0   0   1   0]
 [  0   0   0 573   2   0   0   0]
 [  0   0   0   0 506   1   2   1]
 [  1   0   0   0   0 533   0   0]
 [  0   0   0   0   1   0 499   0]
 [  0   0   0   0   7   0   0 268]]
2024-11-10 22:56:56 | INFO | train | The best f1_macro util now is 0.9959, at step 171
2024-11-10 22:56:56 | INFO | train | The best f1_micro util now is 0.9960, at step 171
2024-11-10 22:57:42 | INFO | train | ----------------------------------------------------------------------------------
2024-11-10 22:57:42 | INFO | train | Time of iter training 45.91 s
2024-11-10 22:57:42 | INFO | train | On iter step 183:, global step 46849 Loss-step [0.2812 0.2812 0.0000]
2024-11-10 22:58:22 | INFO | train | In dataset train: Loss is [0.1240 0.1240 0.0000]
2024-11-10 22:58:22 | INFO | train | task-0		Acc is 0.9938, F1 is 0.9938
2024-11-10 22:58:22 | INFO | train | task-0		F1-macro is 0.9934, F1-micro is 0.9938
2024-11-10 22:58:22 | INFO | train | task-0		Pre is 0.9938, Rec is 0.9938
2024-11-10 22:58:22 | INFO | train | task-0		C_M is 
[[532   0   0   0   0   0   0   0]
 [  0 538   0   3   0   0   2   0]
 [  0   0 522   0   0   0   0   0]
 [  0   0   0 514   0   0   0   0]
 [  1   0   0   0 504   0   0   6]
 [  9   0   0   0   0 526   0   0]
 [  0   0   0   0   3   0 545   0]
 [  0   0   0   1   0   0   0 294]]
2024-11-10 22:59:01 | INFO | train | In dataset valid: Loss is [0.0925 0.0925 0.0000]
2024-11-10 22:59:01 | INFO | train | task-0		Acc is 0.9945, F1 is 0.9945
2024-11-10 22:59:01 | INFO | train | task-0		F1-macro is 0.9943, F1-micro is 0.9945
2024-11-10 22:59:01 | INFO | train | task-0		Pre is 0.9945, Rec is 0.9945
2024-11-10 22:59:01 | INFO | train | task-0		C_M is 
[[510   0   0   0   0   0   0   0]
 [  0 518   0   2   1   0   0   0]
 [  0   0 506   0   1   1   0   0]
 [  0   0   0 506   0   0   0   0]
 [  0   0   0   0 538   0   0   6]
 [  3   0   0   0   2 500   0   0]
 [  0   0   0   0   5   0 576   0]
 [  0   0   0   0   1   0   0 324]]
2024-11-10 22:59:41 | INFO | train | In dataset test: Loss is [0.1277 0.1277 0.0000]
2024-11-10 22:59:41 | INFO | train | task-0		Acc is 0.9948, F1 is 0.9948
2024-11-10 22:59:41 | INFO | train | task-0		F1-macro is 0.9942, F1-micro is 0.9948
2024-11-10 22:59:41 | INFO | train | task-0		Pre is 0.9948, Rec is 0.9948
2024-11-10 22:59:41 | INFO | train | task-0		C_M is 
[[523   0   0   0   0   0   0   0]
 [  0 532   0   2   0   0   0   0]
 [  0   0 548   0   1   0   0   0]
 [  0   0   0 573   2   0   0   0]
 [  0   0   0   0 504   1   0   5]
 [  5   0   0   0   0 529   0   0]
 [  0   0   0   0   3   0 497   0]
 [  0   0   0   0   2   0   0 273]]
2024-11-10 22:59:41 | INFO | train | The best f1_macro util now is 0.9959, at step 171
2024-11-10 22:59:41 | INFO | train | The best f1_micro util now is 0.9960, at step 171
2024-11-10 23:00:27 | INFO | train | ----------------------------------------------------------------------------------
2024-11-10 23:00:27 | INFO | train | Time of iter training 46.20 s
2024-11-10 23:00:27 | INFO | train | On iter step 184:, global step 47105 Loss-step [0.0678 0.0678 0.0000]
2024-11-10 23:01:06 | INFO | train | In dataset train: Loss is [0.1168 0.1168 0.0000]
2024-11-10 23:01:06 | INFO | train | task-0		Acc is 0.9958, F1 is 0.9958
2024-11-10 23:01:06 | INFO | train | task-0		F1-macro is 0.9957, F1-micro is 0.9958
2024-11-10 23:01:06 | INFO | train | task-0		Pre is 0.9958, Rec is 0.9958
2024-11-10 23:01:06 | INFO | train | task-0		C_M is 
[[532   0   0   0   0   0   0   0]
 [  0 538   0   3   0   0   2   0]
 [  0   0 522   0   0   0   0   0]
 [  0   0   0 514   0   0   0   0]
 [  1   0   0   0 508   1   0   1]
 [  5   0   0   0   0 530   0   0]
 [  0   0   0   0   2   0 546   0]
 [  0   0   0   1   1   0   0 293]]
2024-11-10 23:01:46 | INFO | train | In dataset valid: Loss is [0.0822 0.0822 0.0000]
2024-11-10 23:01:46 | INFO | train | task-0		Acc is 0.9968, F1 is 0.9968
2024-11-10 23:01:46 | INFO | train | task-0		F1-macro is 0.9968, F1-micro is 0.9968
2024-11-10 23:01:46 | INFO | train | task-0		Pre is 0.9968, Rec is 0.9968
2024-11-10 23:01:46 | INFO | train | task-0		C_M is 
[[510   0   0   0   0   0   0   0]
 [  0 518   0   2   1   0   0   0]
 [  0   0 506   0   1   1   0   0]
 [  0   0   0 506   0   0   0   0]
 [  0   0   0   0 542   1   0   1]
 [  1   0   0   0   0 504   0   0]
 [  0   0   0   0   4   0 577   0]
 [  0   0   0   0   1   0   0 324]]
2024-11-10 23:02:26 | INFO | train | In dataset test: Loss is [0.1242 0.1242 0.0000]
2024-11-10 23:02:26 | INFO | train | task-0		Acc is 0.9950, F1 is 0.9950
2024-11-10 23:02:26 | INFO | train | task-0		F1-macro is 0.9946, F1-micro is 0.9950
2024-11-10 23:02:26 | INFO | train | task-0		Pre is 0.9950, Rec is 0.9950
2024-11-10 23:02:26 | INFO | train | task-0		C_M is 
[[523   0   0   0   0   0   0   0]
 [  0 532   0   2   0   0   0   0]
 [  0   0 548   0   1   0   0   0]
 [  0   0   0 573   2   0   0   0]
 [  0   0   0   0 506   1   0   3]
 [  5   0   0   0   0 529   0   0]
 [  0   0   0   0   3   0 497   0]
 [  0   0   0   0   3   0   0 272]]
2024-11-10 23:02:28 | INFO | train | The best f1_macro util now is 0.9946, at step 184
2024-11-10 23:02:28 | INFO | train | The best f1_micro util now is 0.9960, at step 171
2024-11-10 23:03:14 | INFO | train | ----------------------------------------------------------------------------------
2024-11-10 23:03:14 | INFO | train | Time of iter training 46.14 s
2024-11-10 23:03:14 | INFO | train | On iter step 185:, global step 47361 Loss-step [0.1491 0.1491 0.0000]
2024-11-10 23:03:54 | INFO | train | In dataset train: Loss is [0.1127 0.1127 0.0000]
2024-11-10 23:03:54 | INFO | train | task-0		Acc is 0.9948, F1 is 0.9948
2024-11-10 23:03:54 | INFO | train | task-0		F1-macro is 0.9944, F1-micro is 0.9948
2024-11-10 23:03:54 | INFO | train | task-0		Pre is 0.9948, Rec is 0.9948
2024-11-10 23:03:54 | INFO | train | task-0		C_M is 
[[531   0   0   0   0   1   0   0]
 [  0 538   0   3   0   0   2   0]
 [  0   0 522   0   0   0   0   0]
 [  0   0   0 514   0   0   0   0]
 [  1   0   0   0 503   1   0   6]
 [  3   0   0   0   0 532   0   0]
 [  0   0   0   0   3   0 545   0]
 [  0   0   0   1   0   0   0 294]]
2024-11-10 23:04:33 | INFO | train | In dataset valid: Loss is [0.0790 0.0790 0.0000]
2024-11-10 23:04:33 | INFO | train | task-0		Acc is 0.9938, F1 is 0.9938
2024-11-10 23:04:33 | INFO | train | task-0		F1-macro is 0.9933, F1-micro is 0.9938
2024-11-10 23:04:33 | INFO | train | task-0		Pre is 0.9938, Rec is 0.9938
2024-11-10 23:04:33 | INFO | train | task-0		C_M is 
[[509   0   0   0   0   1   0   0]
 [  0 518   0   2   1   0   0   0]
 [  0   0 506   0   1   1   0   0]
 [  0   0   0 506   0   0   0   0]
 [  0   0   0   0 531   2   0  11]
 [  0   0   0   0   0 505   0   0]
 [  0   0   0   0   5   0 576   0]
 [  0   0   0   0   1   0   0 324]]
2024-11-10 23:05:13 | INFO | train | In dataset test: Loss is [0.1174 0.1174 0.0000]
2024-11-10 23:05:13 | INFO | train | task-0		Acc is 0.9930, F1 is 0.9930
2024-11-10 23:05:13 | INFO | train | task-0		F1-macro is 0.9919, F1-micro is 0.9930
2024-11-10 23:05:13 | INFO | train | task-0		Pre is 0.9930, Rec is 0.9930
2024-11-10 23:05:13 | INFO | train | task-0		C_M is 
[[520   0   0   0   0   3   0   0]
 [  0 533   0   1   0   0   0   0]
 [  0   0 548   0   1   0   0   0]
 [  0   0   0 573   2   0   0   0]
 [  0   0   0   0 498   1   0  11]
 [  4   0   0   0   0 530   0   0]
 [  0   0   0   0   3   0 497   0]
 [  0   0   0   0   2   0   0 273]]
2024-11-10 23:05:13 | INFO | train | The best f1_macro util now is 0.9946, at step 184
2024-11-10 23:05:13 | INFO | train | The best f1_micro util now is 0.9960, at step 171
2024-11-10 23:05:59 | INFO | train | ----------------------------------------------------------------------------------
2024-11-10 23:05:59 | INFO | train | Time of iter training 46.20 s
2024-11-10 23:05:59 | INFO | train | On iter step 186:, global step 47617 Loss-step [0.1413 0.1413 0.0000]
2024-11-10 23:06:38 | INFO | train | In dataset train: Loss is [0.1282 0.1282 0.0000]
2024-11-10 23:06:38 | INFO | train | task-0		Acc is 0.9952, F1 is 0.9952
2024-11-10 23:06:38 | INFO | train | task-0		F1-macro is 0.9948, F1-micro is 0.9952
2024-11-10 23:06:38 | INFO | train | task-0		Pre is 0.9952, Rec is 0.9952
2024-11-10 23:06:38 | INFO | train | task-0		C_M is 
[[528   0   0   0   0   4   0   0]
 [  0 539   0   2   0   0   2   0]
 [  0   0 522   0   0   0   0   0]
 [  0   0   0 514   0   0   0   0]
 [  1   0   0   0 503   1   0   6]
 [  0   0   0   0   0 535   0   0]
 [  0   0   0   0   2   0 546   0]
 [  0   0   0   1   0   0   0 294]]
2024-11-10 23:07:17 | INFO | train | In dataset valid: Loss is [0.0974 0.0974 0.0000]
2024-11-10 23:07:17 | INFO | train | task-0		Acc is 0.9932, F1 is 0.9932
2024-11-10 23:07:17 | INFO | train | task-0		F1-macro is 0.9928, F1-micro is 0.9932
2024-11-10 23:07:17 | INFO | train | task-0		Pre is 0.9932, Rec is 0.9932
2024-11-10 23:07:17 | INFO | train | task-0		C_M is 
[[506   0   0   0   0   4   0   0]
 [  0 518   0   2   1   0   0   0]
 [  0   0 505   0   1   2   0   0]
 [  0   0   0 506   0   0   0   0]
 [  0   0   0   0 534   1   0   9]
 [  0   0   0   0   0 505   0   0]
 [  0   0   0   0   5   0 576   0]
 [  0   1   0   0   1   0   0 323]]
2024-11-10 23:07:57 | INFO | train | In dataset test: Loss is [0.1583 0.1583 0.0000]
2024-11-10 23:07:57 | INFO | train | task-0		Acc is 0.9930, F1 is 0.9930
2024-11-10 23:07:57 | INFO | train | task-0		F1-macro is 0.9919, F1-micro is 0.9930
2024-11-10 23:07:57 | INFO | train | task-0		Pre is 0.9930, Rec is 0.9930
2024-11-10 23:07:57 | INFO | train | task-0		C_M is 
[[519   0   0   0   0   4   0   0]
 [  0 533   0   1   0   0   0   0]
 [  0   0 548   0   0   1   0   0]
 [  0   0   0 573   2   0   0   0]
 [  0   0   0   0 497   2   0  11]
 [  2   0   0   0   0 532   0   0]
 [  0   0   0   0   3   0 497   0]
 [  1   0   0   0   1   0   0 273]]
2024-11-10 23:07:57 | INFO | train | The best f1_macro util now is 0.9946, at step 184
2024-11-10 23:07:57 | INFO | train | The best f1_micro util now is 0.9960, at step 171
2024-11-10 23:08:43 | INFO | train | ----------------------------------------------------------------------------------
2024-11-10 23:08:43 | INFO | train | Time of iter training 45.96 s
2024-11-10 23:08:43 | INFO | train | On iter step 187:, global step 47873 Loss-step [0.1059 0.1059 0.0000]
2024-11-10 23:09:22 | INFO | train | In dataset train: Loss is [0.1142 0.1142 0.0000]
2024-11-10 23:09:22 | INFO | train | task-0		Acc is 0.9958, F1 is 0.9958
2024-11-10 23:09:22 | INFO | train | task-0		F1-macro is 0.9953, F1-micro is 0.9958
2024-11-10 23:09:22 | INFO | train | task-0		Pre is 0.9958, Rec is 0.9958
2024-11-10 23:09:22 | INFO | train | task-0		C_M is 
[[532   0   0   0   0   0   0   0]
 [  0 539   0   2   0   0   2   0]
 [  0   0 522   0   0   0   0   0]
 [  0   0   0 514   0   0   0   0]
 [  1   0   0   0 503   1   0   6]
 [  3   0   0   0   0 532   0   0]
 [  0   0   0   0   1   0 547   0]
 [  0   1   0   0   0   0   0 294]]
2024-11-10 23:10:01 | INFO | train | In dataset valid: Loss is [0.0841 0.0841 0.0000]
2024-11-10 23:10:01 | INFO | train | task-0		Acc is 0.9942, F1 is 0.9942
2024-11-10 23:10:01 | INFO | train | task-0		F1-macro is 0.9938, F1-micro is 0.9942
2024-11-10 23:10:01 | INFO | train | task-0		Pre is 0.9942, Rec is 0.9942
2024-11-10 23:10:01 | INFO | train | task-0		C_M is 
[[510   0   0   0   0   0   0   0]
 [  0 518   0   2   1   0   0   0]
 [  0   0 506   0   1   1   0   0]
 [  0   0   0 506   0   0   0   0]
 [  0   0   0   0 532   2   0  10]
 [  0   0   0   0   0 505   0   0]
 [  0   0   0   0   4   0 577   0]
 [  0   1   0   0   1   0   0 323]]
2024-11-10 23:10:41 | INFO | train | In dataset test: Loss is [0.1228 0.1228 0.0000]
2024-11-10 23:10:41 | INFO | train | task-0		Acc is 0.9930, F1 is 0.9930
2024-11-10 23:10:41 | INFO | train | task-0		F1-macro is 0.9918, F1-micro is 0.9930
2024-11-10 23:10:41 | INFO | train | task-0		Pre is 0.9930, Rec is 0.9930
2024-11-10 23:10:41 | INFO | train | task-0		C_M is 
[[520   0   0   0   0   3   0   0]
 [  0 533   0   1   0   0   0   0]
 [  0   0 548   0   1   0   0   0]
 [  0   0   0 574   1   0   0   0]
 [  0   0   0   0 497   2   0  11]
 [  4   0   0   0   0 530   0   0]
 [  0   0   0   0   2   0 498   0]
 [  1   0   0   0   2   0   0 272]]
2024-11-10 23:10:41 | INFO | train | The best f1_macro util now is 0.9946, at step 184
2024-11-10 23:10:41 | INFO | train | The best f1_micro util now is 0.9960, at step 171
2024-11-10 23:11:27 | INFO | train | ----------------------------------------------------------------------------------
2024-11-10 23:11:27 | INFO | train | Time of iter training 45.96 s
2024-11-10 23:11:27 | INFO | train | On iter step 188:, global step 48129 Loss-step [0.1141 0.1141 0.0000]
2024-11-10 23:12:06 | INFO | train | In dataset train: Loss is [0.1164 0.1164 0.0000]
2024-11-10 23:12:06 | INFO | train | task-0		Acc is 0.9945, F1 is 0.9945
2024-11-10 23:12:06 | INFO | train | task-0		F1-macro is 0.9942, F1-micro is 0.9945
2024-11-10 23:12:06 | INFO | train | task-0		Pre is 0.9945, Rec is 0.9945
2024-11-10 23:12:06 | INFO | train | task-0		C_M is 
[[528   0   0   0   0   4   0   0]
 [  0 538   0   3   0   0   2   0]
 [  0   0 522   0   0   0   0   0]
 [  0   0   0 514   0   0   0   0]
 [  1   0   0   0 498   3   3   6]
 [  0   0   0   0   0 535   0   0]
 [  0   0   0   0   0   0 548   0]
 [  0   0   0   0   0   0   0 295]]
2024-11-10 23:12:46 | INFO | train | In dataset valid: Loss is [0.0965 0.0965 0.0000]
2024-11-10 23:12:46 | INFO | train | task-0		Acc is 0.9928, F1 is 0.9928
2024-11-10 23:12:46 | INFO | train | task-0		F1-macro is 0.9922, F1-micro is 0.9928
2024-11-10 23:12:46 | INFO | train | task-0		Pre is 0.9928, Rec is 0.9928
2024-11-10 23:12:46 | INFO | train | task-0		C_M is 
[[506   0   0   0   0   4   0   0]
 [  0 518   0   2   1   0   0   0]
 [  0   0 506   0   1   1   0   0]
 [  0   0   0 506   0   0   0   0]
 [  0   0   0   0 529   3   1  11]
 [  0   0   0   0   0 505   0   0]
 [  0   0   0   0   3   0 578   0]
 [  0   1   0   0   1   0   0 323]]
2024-11-10 23:13:25 | INFO | train | In dataset test: Loss is [0.1296 0.1296 0.0000]
2024-11-10 23:13:25 | INFO | train | task-0		Acc is 0.9932, F1 is 0.9932
2024-11-10 23:13:25 | INFO | train | task-0		F1-macro is 0.9922, F1-micro is 0.9932
2024-11-10 23:13:25 | INFO | train | task-0		Pre is 0.9932, Rec is 0.9932
2024-11-10 23:13:25 | INFO | train | task-0		C_M is 
[[519   0   0   0   0   4   0   0]
 [  0 533   0   1   0   0   0   0]
 [  0   0 548   0   1   0   0   0]
 [  0   0   0 574   1   0   0   0]
 [  0   0   0   0 495   3   1  11]
 [  3   0   0   0   0 531   0   0]
 [  0   0   0   0   0   0 500   0]
 [  0   0   0   0   1   1   0 273]]
2024-11-10 23:13:25 | INFO | train | The best f1_macro util now is 0.9946, at step 184
2024-11-10 23:13:25 | INFO | train | The best f1_micro util now is 0.9960, at step 171
2024-11-10 23:14:11 | INFO | train | ----------------------------------------------------------------------------------
2024-11-10 23:14:11 | INFO | train | Time of iter training 46.03 s
2024-11-10 23:14:11 | INFO | train | On iter step 189:, global step 48385 Loss-step [0.1042 0.1042 0.0000]
2024-11-10 23:14:50 | INFO | train | In dataset train: Loss is [0.1425 0.1425 0.0000]
2024-11-10 23:14:50 | INFO | train | task-0		Acc is 0.9940, F1 is 0.9940
2024-11-10 23:14:50 | INFO | train | task-0		F1-macro is 0.9936, F1-micro is 0.9940
2024-11-10 23:14:50 | INFO | train | task-0		Pre is 0.9940, Rec is 0.9940
2024-11-10 23:14:50 | INFO | train | task-0		C_M is 
[[532   0   0   0   0   0   0   0]
 [  0 540   0   1   0   0   2   0]
 [  0   0 522   0   0   0   0   0]
 [  0   0   0 514   0   0   0   0]
 [  1   2   0   0 495   3   3   7]
 [  3   1   0   0   0 531   0   0]
 [  0   0   0   0   0   0 548   0]
 [  0   1   0   0   0   0   0 294]]
2024-11-10 23:15:30 | INFO | train | In dataset valid: Loss is [0.1306 0.1306 0.0000]
2024-11-10 23:15:30 | INFO | train | task-0		Acc is 0.9922, F1 is 0.9922
2024-11-10 23:15:30 | INFO | train | task-0		F1-macro is 0.9917, F1-micro is 0.9922
2024-11-10 23:15:30 | INFO | train | task-0		Pre is 0.9922, Rec is 0.9922
2024-11-10 23:15:30 | INFO | train | task-0		C_M is 
[[508   0   0   0   0   2   0   0]
 [  0 520   0   0   0   1   0   0]
 [  0   0 506   0   1   0   1   0]
 [  0   1   0 505   0   0   0   0]
 [  0   0   0   1 526   3   2  12]
 [  0   0   0   0   1 504   0   0]
 [  0   0   0   0   3   0 578   0]
 [  0   1   0   0   1   0   1 322]]
2024-11-10 23:16:09 | INFO | train | In dataset test: Loss is [0.1806 0.1806 0.0000]
2024-11-10 23:16:09 | INFO | train | task-0		Acc is 0.9928, F1 is 0.9928
2024-11-10 23:16:09 | INFO | train | task-0		F1-macro is 0.9914, F1-micro is 0.9928
2024-11-10 23:16:09 | INFO | train | task-0		Pre is 0.9928, Rec is 0.9928
2024-11-10 23:16:09 | INFO | train | task-0		C_M is 
[[521   0   0   0   0   2   0   0]
 [  0 533   0   1   0   0   0   0]
 [  0   0 548   0   1   0   0   0]
 [  0   0   0 574   1   0   0   0]
 [  0   0   0   0 495   2   1  12]
 [  3   2   0   0   0 529   0   0]
 [  0   0   0   0   0   0 500   0]
 [  0   0   0   0   2   0   2 271]]
2024-11-10 23:16:09 | INFO | train | The best f1_macro util now is 0.9946, at step 184
2024-11-10 23:16:09 | INFO | train | The best f1_micro util now is 0.9960, at step 171
2024-11-10 23:16:55 | INFO | train | ----------------------------------------------------------------------------------
2024-11-10 23:16:55 | INFO | train | Time of iter training 46.03 s
2024-11-10 23:16:55 | INFO | train | On iter step 190:, global step 48641 Loss-step [0.1331 0.1331 0.0000]
2024-11-10 23:17:35 | INFO | train | In dataset train: Loss is [0.1232 0.1232 0.0000]
2024-11-10 23:17:35 | INFO | train | task-0		Acc is 0.9968, F1 is 0.9968
2024-11-10 23:17:35 | INFO | train | task-0		F1-macro is 0.9966, F1-micro is 0.9968
2024-11-10 23:17:35 | INFO | train | task-0		Pre is 0.9968, Rec is 0.9968
2024-11-10 23:17:35 | INFO | train | task-0		C_M is 
[[532   0   0   0   0   0   0   0]
 [  0 540   0   1   0   0   2   0]
 [  0   0 522   0   0   0   0   0]
 [  0   0   0 514   0   0   0   0]
 [  0   0   0   0 505   2   4   0]
 [  0   0   0   0   0 535   0   0]
 [  0   0   0   0   0   0 548   0]
 [  0   2   0   0   2   0   0 291]]
2024-11-10 23:18:14 | INFO | train | In dataset valid: Loss is [0.0901 0.0901 0.0000]
2024-11-10 23:18:14 | INFO | train | task-0		Acc is 0.9960, F1 is 0.9960
2024-11-10 23:18:14 | INFO | train | task-0		F1-macro is 0.9957, F1-micro is 0.9960
2024-11-10 23:18:14 | INFO | train | task-0		Pre is 0.9960, Rec is 0.9960
2024-11-10 23:18:14 | INFO | train | task-0		C_M is 
[[507   0   0   0   0   3   0   0]
 [  0 520   0   0   0   1   0   0]
 [  0   0 506   1   1   0   0   0]
 [  0   0   0 506   0   0   0   0]
 [  0   0   0   0 539   3   1   1]
 [  0   0   0   0   0 505   0   0]
 [  0   0   0   0   0   0 581   0]
 [  0   1   0   0   4   0   0 320]]
2024-11-10 23:18:54 | INFO | train | In dataset test: Loss is [0.1346 0.1346 0.0000]
2024-11-10 23:18:54 | INFO | train | task-0		Acc is 0.9948, F1 is 0.9948
2024-11-10 23:18:54 | INFO | train | task-0		F1-macro is 0.9942, F1-micro is 0.9948
2024-11-10 23:18:54 | INFO | train | task-0		Pre is 0.9948, Rec is 0.9948
2024-11-10 23:18:54 | INFO | train | task-0		C_M is 
[[521   0   0   0   0   2   0   0]
 [  0 534   0   0   0   0   0   0]
 [  0   0 548   0   1   0   0   0]
 [  0   0   0 574   1   0   0   0]
 [  0   0   0   0 502   2   5   1]
 [  3   0   0   0   0 531   0   0]
 [  0   0   0   0   0   0 500   0]
 [  1   0   0   0   5   0   0 269]]
2024-11-10 23:18:54 | INFO | train | The best f1_macro util now is 0.9946, at step 184
2024-11-10 23:18:54 | INFO | train | The best f1_micro util now is 0.9960, at step 171
2024-11-10 23:19:39 | INFO | train | ----------------------------------------------------------------------------------
2024-11-10 23:19:39 | INFO | train | Time of iter training 45.91 s
2024-11-10 23:19:39 | INFO | train | On iter step 191:, global step 48897 Loss-step [0.1110 0.1110 0.0000]
2024-11-10 23:20:19 | INFO | train | In dataset train: Loss is [0.1220 0.1220 0.0000]
2024-11-10 23:20:19 | INFO | train | task-0		Acc is 0.9962, F1 is 0.9962
2024-11-10 23:20:19 | INFO | train | task-0		F1-macro is 0.9958, F1-micro is 0.9962
2024-11-10 23:20:19 | INFO | train | task-0		Pre is 0.9962, Rec is 0.9962
2024-11-10 23:20:19 | INFO | train | task-0		C_M is 
[[531   0   0   0   1   0   0   0]
 [  0 540   0   1   0   0   2   0]
 [  0   0 522   0   0   0   0   0]
 [  0   0   0 514   0   0   0   0]
 [  1   0   0   0 507   1   2   0]
 [  0   0   0   0   0 535   0   0]
 [  0   0   0   0   0   0 548   0]
 [  0   2   0   0   5   0   0 288]]
2024-11-10 23:20:58 | INFO | train | In dataset valid: Loss is [0.0822 0.0822 0.0000]
2024-11-10 23:20:58 | INFO | train | task-0		Acc is 0.9950, F1 is 0.9950
2024-11-10 23:20:58 | INFO | train | task-0		F1-macro is 0.9948, F1-micro is 0.9950
2024-11-10 23:20:58 | INFO | train | task-0		Pre is 0.9950, Rec is 0.9950
2024-11-10 23:20:58 | INFO | train | task-0		C_M is 
[[507   0   0   0   0   3   0   0]
 [  0 520   0   0   1   0   0   0]
 [  0   0 506   1   1   0   0   0]
 [  0   1   0 505   0   0   0   0]
 [  0   0   0   0 542   1   1   0]
 [  0   0   0   0   1 504   0   0]
 [  0   0   0   0   3   0 578   0]
 [  0   2   0   0   4   1   0 318]]
2024-11-10 23:21:38 | INFO | train | In dataset test: Loss is [0.1137 0.1137 0.0000]
2024-11-10 23:21:38 | INFO | train | task-0		Acc is 0.9962, F1 is 0.9962
2024-11-10 23:21:38 | INFO | train | task-0		F1-macro is 0.9958, F1-micro is 0.9962
2024-11-10 23:21:38 | INFO | train | task-0		Pre is 0.9962, Rec is 0.9962
2024-11-10 23:21:38 | INFO | train | task-0		C_M is 
[[521   0   0   0   0   2   0   0]
 [  0 534   0   0   0   0   0   0]
 [  0   0 548   0   1   0   0   0]
 [  0   0   0 574   1   0   0   0]
 [  0   0   0   0 508   1   0   1]
 [  3   0   0   0   0 531   0   0]
 [  0   0   0   0   1   0 499   0]
 [  0   0   0   0   4   1   0 270]]
2024-11-10 23:21:38 | INFO | train | The best f1_macro util now is 0.9946, at step 184
2024-11-10 23:21:38 | INFO | train | The best f1_micro util now is 0.9960, at step 171
2024-11-10 23:21:50 | INFO | deepnet.data.dataset_text | Read next training chunk, data size is 67509
2024-11-10 23:22:26 | INFO | train | ----------------------------------------------------------------------------------
2024-11-10 23:22:26 | INFO | train | Time of iter training 48.67 s
2024-11-10 23:22:26 | INFO | train | On iter step 192:, global step 49153 Loss-step [0.1000 0.1000 0.0000]
2024-11-10 23:23:06 | INFO | train | In dataset train: Loss is [0.1036 0.1036 0.0000]
2024-11-10 23:23:06 | INFO | train | task-0		Acc is 0.9960, F1 is 0.9960
2024-11-10 23:23:06 | INFO | train | task-0		F1-macro is 0.9956, F1-micro is 0.9960
2024-11-10 23:23:06 | INFO | train | task-0		Pre is 0.9960, Rec is 0.9960
2024-11-10 23:23:06 | INFO | train | task-0		C_M is 
[[531   0   0   0   1   0   0   0]
 [  0 540   0   1   0   0   2   0]
 [  0   0 522   0   0   0   0   0]
 [  0   0   0 514   0   0   0   0]
 [  0   0   0   0 505   0   5   1]
 [  1   0   0   0   0 534   0   0]
 [  0   0   0   0   0   0 548   0]
 [  0   0   0   1   4   0   0 290]]
2024-11-10 23:23:45 | INFO | train | In dataset valid: Loss is [0.0929 0.0929 0.0000]
2024-11-10 23:23:45 | INFO | train | task-0		Acc is 0.9960, F1 is 0.9960
2024-11-10 23:23:45 | INFO | train | task-0		F1-macro is 0.9958, F1-micro is 0.9960
2024-11-10 23:23:45 | INFO | train | task-0		Pre is 0.9960, Rec is 0.9960
2024-11-10 23:23:45 | INFO | train | task-0		C_M is 
[[507   0   0   0   0   3   0   0]
 [  0 520   0   0   1   0   0   0]
 [  0   0 506   0   1   1   0   0]
 [  0   1   0 505   0   0   0   0]
 [  0   0   0   0 541   1   2   0]
 [  0   0   0   0   1 504   0   0]
 [  0   0   0   0   0   0 581   0]
 [  0   0   0   0   4   0   1 320]]
2024-11-10 23:24:25 | INFO | train | In dataset test: Loss is [0.1116 0.1116 0.0000]
2024-11-10 23:24:25 | INFO | train | task-0		Acc is 0.9940, F1 is 0.9940
2024-11-10 23:24:25 | INFO | train | task-0		F1-macro is 0.9935, F1-micro is 0.9940
2024-11-10 23:24:25 | INFO | train | task-0		Pre is 0.9940, Rec is 0.9940
2024-11-10 23:24:25 | INFO | train | task-0		C_M is 
[[522   0   0   0   0   1   0   0]
 [  0 532   0   1   1   0   0   0]
 [  0   0 548   0   1   0   0   0]
 [  0   1   0 573   1   0   0   0]
 [  0   0   0   0 501   1   7   1]
 [  3   0   0   0   0 531   0   0]
 [  0   0   0   0   0   0 500   0]
 [  0   0   0   0   4   0   2 269]]
2024-11-10 23:24:25 | INFO | train | The best f1_macro util now is 0.9946, at step 184
2024-11-10 23:24:25 | INFO | train | The best f1_micro util now is 0.9960, at step 171
2024-11-10 23:25:11 | INFO | train | ----------------------------------------------------------------------------------
2024-11-10 23:25:11 | INFO | train | Time of iter training 45.82 s
2024-11-10 23:25:11 | INFO | train | On iter step 193:, global step 49409 Loss-step [0.1065 0.1065 0.0000]
2024-11-10 23:25:50 | INFO | train | In dataset train: Loss is [0.1067 0.1067 0.0000]
2024-11-10 23:25:50 | INFO | train | task-0		Acc is 0.9975, F1 is 0.9975
2024-11-10 23:25:50 | INFO | train | task-0		F1-macro is 0.9974, F1-micro is 0.9975
2024-11-10 23:25:50 | INFO | train | task-0		Pre is 0.9975, Rec is 0.9975
2024-11-10 23:25:50 | INFO | train | task-0		C_M is 
[[531   0   0   0   1   0   0   0]
 [  0 540   0   1   0   0   2   0]
 [  0   0 522   0   0   0   0   0]
 [  0   0   0 514   0   0   0   0]
 [  1   0   0   0 506   0   2   2]
 [  1   0   0   0   0 534   0   0]
 [  0   0   0   0   0   0 548   0]
 [  0   0   0   0   0   0   0 295]]
2024-11-10 23:26:30 | INFO | train | In dataset valid: Loss is [0.0739 0.0739 0.0000]
2024-11-10 23:26:30 | INFO | train | task-0		Acc is 0.9960, F1 is 0.9960
2024-11-10 23:26:30 | INFO | train | task-0		F1-macro is 0.9956, F1-micro is 0.9960
2024-11-10 23:26:30 | INFO | train | task-0		Pre is 0.9960, Rec is 0.9960
2024-11-10 23:26:30 | INFO | train | task-0		C_M is 
[[508   0   0   0   0   2   0   0]
 [  0 519   0   1   0   0   0   1]
 [  0   0 506   0   0   0   0   2]
 [  0   0   0 506   0   0   0   0]
 [  0   0   0   0 538   1   1   4]
 [  0   0   0   0   1 504   0   0]
 [  0   0   0   0   1   0 579   1]
 [  0   0   0   0   1   0   0 324]]
2024-11-10 23:27:10 | INFO | train | In dataset test: Loss is [0.1034 0.1034 0.0000]
2024-11-10 23:27:10 | INFO | train | task-0		Acc is 0.9958, F1 is 0.9958
2024-11-10 23:27:10 | INFO | train | task-0		F1-macro is 0.9952, F1-micro is 0.9958
2024-11-10 23:27:10 | INFO | train | task-0		Pre is 0.9958, Rec is 0.9958
2024-11-10 23:27:10 | INFO | train | task-0		C_M is 
[[522   0   0   0   0   1   0   0]
 [  0 533   0   1   0   0   0   0]
 [  0   0 548   0   1   0   0   0]
 [  0   0   0 573   2   0   0   0]
 [  0   0   0   0 501   1   1   7]
 [  3   0   0   0   0 531   0   0]
 [  0   0   0   0   0   0 500   0]
 [  0   0   0   0   0   0   0 275]]
2024-11-10 23:27:10 | INFO | train | The best f1_macro util now is 0.9946, at step 184
2024-11-10 23:27:10 | INFO | train | The best f1_micro util now is 0.9960, at step 171
2024-11-10 23:27:56 | INFO | train | ----------------------------------------------------------------------------------
2024-11-10 23:27:56 | INFO | train | Time of iter training 45.94 s
2024-11-10 23:27:56 | INFO | train | On iter step 194:, global step 49665 Loss-step [0.1942 0.1942 0.0000]
2024-11-10 23:28:35 | INFO | train | In dataset train: Loss is [0.1525 0.1525 0.0000]
2024-11-10 23:28:35 | INFO | train | task-0		Acc is 0.9940, F1 is 0.9940
2024-11-10 23:28:35 | INFO | train | task-0		F1-macro is 0.9937, F1-micro is 0.9940
2024-11-10 23:28:35 | INFO | train | task-0		Pre is 0.9940, Rec is 0.9940
2024-11-10 23:28:35 | INFO | train | task-0		C_M is 
[[526   0   0   0   1   5   0   0]
 [  0 538   0   3   0   0   2   0]
 [  0   0 522   0   0   0   0   0]
 [  0   0   0 514   0   0   0   0]
 [  0   0   0   0 504   0   6   1]
 [  0   0   0   0   0 535   0   0]
 [  0   0   0   0   0   0 548   0]
 [  0   0   0   1   5   0   0 289]]
2024-11-10 23:29:14 | INFO | train | In dataset valid: Loss is [0.1341 0.1341 0.0000]
2024-11-10 23:29:14 | INFO | train | task-0		Acc is 0.9940, F1 is 0.9940
2024-11-10 23:29:14 | INFO | train | task-0		F1-macro is 0.9938, F1-micro is 0.9940
2024-11-10 23:29:14 | INFO | train | task-0		Pre is 0.9940, Rec is 0.9940
2024-11-10 23:29:14 | INFO | train | task-0		C_M is 
[[503   0   0   0   0   7   0   0]
 [  0 518   0   2   1   0   0   0]
 [  0   0 506   2   0   0   0   0]
 [  0   0   0 506   0   0   0   0]
 [  0   0   0   0 539   1   3   1]
 [  0   0   0   0   1 504   0   0]
 [  0   0   0   0   0   0 581   0]
 [  0   0   0   0   5   0   1 319]]
2024-11-10 23:29:54 | INFO | train | In dataset test: Loss is [0.1686 0.1686 0.0000]
2024-11-10 23:29:54 | INFO | train | task-0		Acc is 0.9935, F1 is 0.9935
2024-11-10 23:29:54 | INFO | train | task-0		F1-macro is 0.9930, F1-micro is 0.9935
2024-11-10 23:29:54 | INFO | train | task-0		Pre is 0.9935, Rec is 0.9935
2024-11-10 23:29:54 | INFO | train | task-0		C_M is 
[[520   0   0   0   0   3   0   0]
 [  0 532   0   2   0   0   0   0]
 [  0   0 548   0   0   0   1   0]
 [  0   0   0 574   1   0   0   0]
 [  0   0   0   1 497   1   9   2]
 [  1   0   0   0   0 533   0   0]
 [  0   0   0   0   0   0 500   0]
 [  0   0   0   0   4   1   0 270]]
2024-11-10 23:29:54 | INFO | train | The best f1_macro util now is 0.9946, at step 184
2024-11-10 23:29:54 | INFO | train | The best f1_micro util now is 0.9960, at step 171
2024-11-10 23:30:40 | INFO | train | ----------------------------------------------------------------------------------
2024-11-10 23:30:40 | INFO | train | Time of iter training 45.97 s
2024-11-10 23:30:40 | INFO | train | On iter step 195:, global step 49921 Loss-step [0.5823 0.5823 0.0000]
2024-11-10 23:31:20 | INFO | train | In dataset train: Loss is [0.1010 0.1010 0.0000]
2024-11-10 23:31:20 | INFO | train | task-0		Acc is 0.9955, F1 is 0.9955
2024-11-10 23:31:20 | INFO | train | task-0		F1-macro is 0.9953, F1-micro is 0.9955
2024-11-10 23:31:20 | INFO | train | task-0		Pre is 0.9955, Rec is 0.9955
2024-11-10 23:31:20 | INFO | train | task-0		C_M is 
[[530   0   0   0   0   2   0   0]
 [  0 538   0   0   3   0   2   0]
 [  0   0 522   0   0   0   0   0]
 [  0   0   0 514   0   0   0   0]
 [  1   0   0   0 502   1   4   3]
 [  0   0   0   0   0 535   0   0]
 [  0   0   0   0   0   0 548   0]
 [  0   0   0   0   2   0   0 293]]
2024-11-10 23:31:59 | INFO | train | In dataset valid: Loss is [0.1128 0.1128 0.0000]
2024-11-10 23:31:59 | INFO | train | task-0		Acc is 0.9945, F1 is 0.9945
2024-11-10 23:31:59 | INFO | train | task-0		F1-macro is 0.9940, F1-micro is 0.9945
2024-11-10 23:31:59 | INFO | train | task-0		Pre is 0.9945, Rec is 0.9945
2024-11-10 23:31:59 | INFO | train | task-0		C_M is 
[[508   0   0   0   0   2   0   0]
 [  0 519   0   0   2   0   0   0]
 [  0   0 506   0   1   0   1   0]
 [  1   0   0 503   2   0   0   0]
 [  0   0   0   0 536   1   1   6]
 [  0   0   0   0   0 505   0   0]
 [  0   0   0   0   0   0 581   0]
 [  0   1   0   0   4   0   0 320]]
2024-11-10 23:32:39 | INFO | train | In dataset test: Loss is [0.1208 0.1208 0.0000]
2024-11-10 23:32:39 | INFO | train | task-0		Acc is 0.9935, F1 is 0.9935
2024-11-10 23:32:39 | INFO | train | task-0		F1-macro is 0.9929, F1-micro is 0.9935
2024-11-10 23:32:39 | INFO | train | task-0		Pre is 0.9935, Rec is 0.9935
2024-11-10 23:32:39 | INFO | train | task-0		C_M is 
[[521   0   0   0   0   2   0   0]
 [  1 532   0   1   0   0   0   0]
 [  0   0 548   0   1   0   0   0]
 [  0   0   0 573   2   0   0   0]
 [  0   0   0   0 495   1   7   7]
 [  3   0   0   0   0 531   0   0]
 [  0   0   0   0   0   0 500   0]
 [  0   0   0   0   1   0   0 274]]
2024-11-10 23:32:39 | INFO | train | The best f1_macro util now is 0.9946, at step 184
2024-11-10 23:32:39 | INFO | train | The best f1_micro util now is 0.9960, at step 171
2024-11-10 23:33:24 | INFO | train | ----------------------------------------------------------------------------------
2024-11-10 23:33:24 | INFO | train | Time of iter training 45.92 s
2024-11-10 23:33:24 | INFO | train | On iter step 196:, global step 50177 Loss-step [0.1966 0.1966 0.0000]
2024-11-10 23:34:04 | INFO | train | In dataset train: Loss is [0.1363 0.1363 0.0000]
2024-11-10 23:34:04 | INFO | train | task-0		Acc is 0.9958, F1 is 0.9958
2024-11-10 23:34:04 | INFO | train | task-0		F1-macro is 0.9953, F1-micro is 0.9958
2024-11-10 23:34:04 | INFO | train | task-0		Pre is 0.9958, Rec is 0.9958
2024-11-10 23:34:04 | INFO | train | task-0		C_M is 
[[532   0   0   0   0   0   0   0]
 [  0 539   0   1   1   0   2   0]
 [  0   0 522   0   0   0   0   0]
 [  0   0   0 514   0   0   0   0]
 [  0   0   0   0 508   0   2   1]
 [  3   0   0   0   0 532   0   0]
 [  0   0   0   0   1   0 547   0]
 [  0   0   0   0   6   0   0 289]]
2024-11-10 23:34:43 | INFO | train | In dataset valid: Loss is [0.1395 0.1395 0.0000]
2024-11-10 23:34:43 | INFO | train | task-0		Acc is 0.9952, F1 is 0.9952
2024-11-10 23:34:43 | INFO | train | task-0		F1-macro is 0.9950, F1-micro is 0.9952
2024-11-10 23:34:43 | INFO | train | task-0		Pre is 0.9952, Rec is 0.9952
2024-11-10 23:34:43 | INFO | train | task-0		C_M is 
[[509   0   0   0   0   1   0   0]
 [  0 520   0   0   1   0   0   0]
 [  0   0 506   0   1   1   0   0]
 [  1   0   0 504   1   0   0   0]
 [  0   0   0   0 539   0   3   2]
 [  0   0   0   0   1 504   0   0]
 [  0   0   0   0   2   0 579   0]
 [  0   1   0   0   4   0   0 320]]
2024-11-10 23:35:23 | INFO | train | In dataset test: Loss is [0.1498 0.1498 0.0000]
2024-11-10 23:35:23 | INFO | train | task-0		Acc is 0.9952, F1 is 0.9952
2024-11-10 23:35:23 | INFO | train | task-0		F1-macro is 0.9949, F1-micro is 0.9952
2024-11-10 23:35:23 | INFO | train | task-0		Pre is 0.9952, Rec is 0.9952
2024-11-10 23:35:23 | INFO | train | task-0		C_M is 
[[522   0   0   0   0   1   0   0]
 [  1 531   0   1   1   0   0   0]
 [  0   0 548   0   0   1   0   0]
 [  0   1   0 573   1   0   0   0]
 [  0   0   0   0 506   1   1   2]
 [  3   0   0   0   0 531   0   0]
 [  0   0   0   0   2   0 498   0]
 [  0   0   0   0   2   1   0 272]]
2024-11-10 23:35:23 | INFO | train | The best f1_macro util now is 0.9946, at step 184
2024-11-10 23:35:23 | INFO | train | The best f1_micro util now is 0.9960, at step 171
2024-11-10 23:36:09 | INFO | train | ----------------------------------------------------------------------------------
2024-11-10 23:36:09 | INFO | train | Time of iter training 46.03 s
2024-11-10 23:36:09 | INFO | train | On iter step 197:, global step 50433 Loss-step [0.2334 0.2334 0.0000]
2024-11-10 23:36:49 | INFO | train | In dataset train: Loss is [0.0844 0.0844 0.0000]
2024-11-10 23:36:49 | INFO | train | task-0		Acc is 0.9945, F1 is 0.9945
2024-11-10 23:36:49 | INFO | train | task-0		F1-macro is 0.9941, F1-micro is 0.9945
2024-11-10 23:36:49 | INFO | train | task-0		Pre is 0.9945, Rec is 0.9945
2024-11-10 23:36:49 | INFO | train | task-0		C_M is 
[[531   0   0   0   0   1   0   0]
 [  1 539   0   1   0   0   2   0]
 [  1   0 521   0   0   0   0   0]
 [  0   0   0 514   0   0   0   0]
 [  0   0   0   0 499   0   6   6]
 [  3   0   0   0   0 532   0   0]
 [  0   0   0   0   0   0 548   0]
 [  0   1   0   0   0   0   0 294]]
2024-11-10 23:37:28 | INFO | train | In dataset valid: Loss is [0.1082 0.1082 0.0000]
2024-11-10 23:37:28 | INFO | train | task-0		Acc is 0.9940, F1 is 0.9940
2024-11-10 23:37:28 | INFO | train | task-0		F1-macro is 0.9934, F1-micro is 0.9940
2024-11-10 23:37:28 | INFO | train | task-0		Pre is 0.9940, Rec is 0.9940
2024-11-10 23:37:28 | INFO | train | task-0		C_M is 
[[509   0   0   0   0   1   0   0]
 [  0 520   0   0   1   0   0   0]
 [  1   0 505   0   1   1   0   0]
 [  0   1   0 505   0   0   0   0]
 [  0   0   0   0 529   0   5  10]
 [  0   0   0   0   0 505   0   0]
 [  0   0   0   0   0   0 581   0]
 [  0   1   0   0   2   0   0 322]]
2024-11-10 23:38:08 | INFO | train | In dataset test: Loss is [0.1586 0.1586 0.0000]
2024-11-10 23:38:08 | INFO | train | task-0		Acc is 0.9908, F1 is 0.9908
2024-11-10 23:38:08 | INFO | train | task-0		F1-macro is 0.9895, F1-micro is 0.9908
2024-11-10 23:38:08 | INFO | train | task-0		Pre is 0.9908, Rec is 0.9908
2024-11-10 23:38:08 | INFO | train | task-0		C_M is 
[[522   0   0   0   0   1   0   0]
 [  1 531   0   2   0   0   0   0]
 [  1   0 547   0   0   1   0   0]
 [  0   0   0 574   1   0   0   0]
 [  0   0   0   0 487   1  11  11]
 [  3   0   0   0   0 531   0   0]
 [  0   0   0   0   0   0 500   0]
 [  2   0   0   0   2   0   0 271]]
2024-11-10 23:38:08 | INFO | train | The best f1_macro util now is 0.9946, at step 184
2024-11-10 23:38:08 | INFO | train | The best f1_micro util now is 0.9960, at step 171
2024-11-10 23:38:54 | INFO | train | ----------------------------------------------------------------------------------
2024-11-10 23:38:54 | INFO | train | Time of iter training 45.95 s
2024-11-10 23:38:54 | INFO | train | On iter step 198:, global step 50689 Loss-step [0.1104 0.1104 0.0000]
2024-11-10 23:39:33 | INFO | train | In dataset train: Loss is [0.0808 0.0808 0.0000]
2024-11-10 23:39:33 | INFO | train | task-0		Acc is 0.9955, F1 is 0.9955
2024-11-10 23:39:33 | INFO | train | task-0		F1-macro is 0.9951, F1-micro is 0.9955
2024-11-10 23:39:33 | INFO | train | task-0		Pre is 0.9955, Rec is 0.9955
2024-11-10 23:39:33 | INFO | train | task-0		C_M is 
[[527   0   0   0   1   4   0   0]
 [  0 540   0   1   0   0   2   0]
 [  0   0 522   0   0   0   0   0]
 [  0   0   0 514   0   0   0   0]
 [  0   0   0   0 511   0   0   0]
 [  0   0   0   0   0 535   0   0]
 [  0   0   0   0   3   0 545   0]
 [  0   1   0   0   6   0   0 288]]
2024-11-10 23:40:12 | INFO | train | In dataset valid: Loss is [0.1071 0.1071 0.0000]
2024-11-10 23:40:12 | INFO | train | task-0		Acc is 0.9945, F1 is 0.9945
2024-11-10 23:40:12 | INFO | train | task-0		F1-macro is 0.9945, F1-micro is 0.9945
2024-11-10 23:40:12 | INFO | train | task-0		Pre is 0.9945, Rec is 0.9945
2024-11-10 23:40:12 | INFO | train | task-0		C_M is 
[[505   0   0   0   0   5   0   0]
 [  0 520   0   0   1   0   0   0]
 [  0   0 505   0   1   2   0   0]
 [  0   1   0 505   0   0   0   0]
 [  0   0   0   0 542   0   2   0]
 [  0   0   0   0   0 505   0   0]
 [  0   0   0   0   5   0 576   0]
 [  0   1   0   0   4   0   0 320]]
2024-11-10 23:40:52 | INFO | train | In dataset test: Loss is [0.1548 0.1548 0.0000]
2024-11-10 23:40:52 | INFO | train | task-0		Acc is 0.9948, F1 is 0.9948
2024-11-10 23:40:52 | INFO | train | task-0		F1-macro is 0.9942, F1-micro is 0.9948
2024-11-10 23:40:52 | INFO | train | task-0		Pre is 0.9948, Rec is 0.9948
2024-11-10 23:40:52 | INFO | train | task-0		C_M is 
[[520   0   0   0   0   3   0   0]
 [  0 532   0   1   1   0   0   0]
 [  0   0 548   0   1   0   0   0]
 [  0   0   0 574   1   0   0   0]
 [  0   0   0   0 507   1   1   1]
 [  1   0   0   0   0 533   0   0]
 [  0   0   0   0   4   0 496   0]
 [  0   0   0   0   4   2   0 269]]
2024-11-10 23:40:52 | INFO | train | The best f1_macro util now is 0.9946, at step 184
2024-11-10 23:40:52 | INFO | train | The best f1_micro util now is 0.9960, at step 171
2024-11-10 23:41:38 | INFO | train | ----------------------------------------------------------------------------------
2024-11-10 23:41:38 | INFO | train | Time of iter training 46.09 s
2024-11-10 23:41:38 | INFO | train | On iter step 199:, global step 50945 Loss-step [0.1501 0.1501 0.0000]
2024-11-10 23:42:18 | INFO | train | In dataset train: Loss is [0.1131 0.1131 0.0000]
2024-11-10 23:42:18 | INFO | train | task-0		Acc is 0.9968, F1 is 0.9968
2024-11-10 23:42:18 | INFO | train | task-0		F1-macro is 0.9967, F1-micro is 0.9968
2024-11-10 23:42:18 | INFO | train | task-0		Pre is 0.9968, Rec is 0.9968
2024-11-10 23:42:18 | INFO | train | task-0		C_M is 
[[530   0   0   0   1   1   0   0]
 [  0 541   0   0   0   0   2   0]
 [  0   0 522   0   0   0   0   0]
 [  0   0   0 514   0   0   0   0]
 [  0   0   0   0 506   0   3   2]
 [  3   0   0   0   0 532   0   0]
 [  0   0   0   0   0   0 548   0]
 [  0   0   0   0   1   0   0 294]]
2024-11-10 23:42:57 | INFO | train | In dataset valid: Loss is [0.1040 0.1040 0.0000]
2024-11-10 23:42:57 | INFO | train | task-0		Acc is 0.9955, F1 is 0.9955
2024-11-10 23:42:57 | INFO | train | task-0		F1-macro is 0.9953, F1-micro is 0.9955
2024-11-10 23:42:57 | INFO | train | task-0		Pre is 0.9955, Rec is 0.9955
2024-11-10 23:42:57 | INFO | train | task-0		C_M is 
[[509   0   0   0   0   1   0   0]
 [  0 520   0   0   1   0   0   0]
 [  0   0 506   0   1   1   0   0]
 [  0   2   0 504   0   0   0   0]
 [  0   0   0   0 538   0   3   3]
 [  0   0   0   0   1 504   0   0]
 [  0   0   0   0   1   0 580   0]
 [  0   1   0   0   3   0   0 321]]
2024-11-10 23:43:37 | INFO | train | In dataset test: Loss is [0.1416 0.1416 0.0000]
2024-11-10 23:43:37 | INFO | train | task-0		Acc is 0.9952, F1 is 0.9952
2024-11-10 23:43:37 | INFO | train | task-0		F1-macro is 0.9947, F1-micro is 0.9952
2024-11-10 23:43:37 | INFO | train | task-0		Pre is 0.9952, Rec is 0.9952
2024-11-10 23:43:37 | INFO | train | task-0		C_M is 
[[522   0   0   0   0   1   0   0]
 [  0 532   0   1   1   0   0   0]
 [  0   0 548   0   0   1   0   0]
 [  0   1   0 573   1   0   0   0]
 [  0   0   0   0 502   1   2   5]
 [  3   0   0   0   0 531   0   0]
 [  0   0   0   0   0   0 500   0]
 [  0   0   0   0   2   0   0 273]]
2024-11-10 23:43:37 | INFO | train | The best f1_macro util now is 0.9946, at step 184
2024-11-10 23:43:37 | INFO | train | The best f1_micro util now is 0.9960, at step 171
2024-11-10 23:44:23 | INFO | train | ----------------------------------------------------------------------------------
2024-11-10 23:44:23 | INFO | train | Time of iter training 46.10 s
2024-11-10 23:44:23 | INFO | train | On iter step 200:, global step 51201 Loss-step [0.0969 0.0969 0.0000]
2024-11-10 23:45:02 | INFO | train | In dataset train: Loss is [0.0733 0.0733 0.0000]
2024-11-10 23:45:02 | INFO | train | task-0		Acc is 0.9952, F1 is 0.9952
2024-11-10 23:45:02 | INFO | train | task-0		F1-macro is 0.9951, F1-micro is 0.9952
2024-11-10 23:45:02 | INFO | train | task-0		Pre is 0.9952, Rec is 0.9952
2024-11-10 23:45:02 | INFO | train | task-0		C_M is 
[[531   0   0   0   1   0   0   0]
 [  0 541   0   0   0   0   2   0]
 [  0   0 522   0   0   0   0   0]
 [  0   0   0 514   0   0   0   0]
 [  0   0   0   0 501   0   8   2]
 [  4   0   0   0   0 531   0   0]
 [  0   0   0   0   0   0 548   0]
 [  0   0   0   0   2   0   0 293]]
2024-11-10 23:45:41 | INFO | train | In dataset valid: Loss is [0.0807 0.0807 0.0000]
2024-11-10 23:45:41 | INFO | train | task-0		Acc is 0.9948, F1 is 0.9948
2024-11-10 23:45:41 | INFO | train | task-0		F1-macro is 0.9946, F1-micro is 0.9948
2024-11-10 23:45:41 | INFO | train | task-0		Pre is 0.9948, Rec is 0.9948
2024-11-10 23:45:41 | INFO | train | task-0		C_M is 
[[510   0   0   0   0   0   0   0]
 [  0 520   0   0   0   1   0   0]
 [  0   0 506   0   1   1   0   0]
 [  0   2   0 504   0   0   0   0]
 [  0   0   0   0 533   0   8   3]
 [  1   0   0   0   0 504   0   0]
 [  0   0   0   0   0   0 581   0]
 [  0   1   0   0   3   0   0 321]]
2024-11-10 23:46:21 | INFO | train | In dataset test: Loss is [0.1234 0.1234 0.0000]
2024-11-10 23:46:21 | INFO | train | task-0		Acc is 0.9928, F1 is 0.9928
2024-11-10 23:46:21 | INFO | train | task-0		F1-macro is 0.9922, F1-micro is 0.9928
2024-11-10 23:46:21 | INFO | train | task-0		Pre is 0.9928, Rec is 0.9928
2024-11-10 23:46:21 | INFO | train | task-0		C_M is 
[[523   0   0   0   0   0   0   0]
 [  0 532   0   2   0   0   0   0]
 [  0   0 548   0   0   1   0   0]
 [  0   1   0 573   1   0   0   0]
 [  0   0   0   0 492   1  12   5]
 [  4   0   0   0   0 530   0   0]
 [  0   0   0   0   0   0 500   0]
 [  0   0   0   0   2   0   0 273]]
2024-11-10 23:46:21 | INFO | train | The best f1_macro util now is 0.9946, at step 184
2024-11-10 23:46:21 | INFO | train | The best f1_micro util now is 0.9960, at step 171
2024-11-10 23:47:07 | INFO | train | ----------------------------------------------------------------------------------
2024-11-10 23:47:07 | INFO | train | Time of iter training 46.09 s
2024-11-10 23:47:07 | INFO | train | On iter step 201:, global step 51457 Loss-step [0.0943 0.0943 0.0000]
2024-11-10 23:47:47 | INFO | train | In dataset train: Loss is [0.0797 0.0797 0.0000]
2024-11-10 23:47:47 | INFO | train | task-0		Acc is 0.9965, F1 is 0.9965
2024-11-10 23:47:47 | INFO | train | task-0		F1-macro is 0.9962, F1-micro is 0.9965
2024-11-10 23:47:47 | INFO | train | task-0		Pre is 0.9965, Rec is 0.9965
2024-11-10 23:47:47 | INFO | train | task-0		C_M is 
[[530   0   0   0   1   1   0   0]
 [  0 540   0   1   0   0   2   0]
 [  0   0 522   0   0   0   0   0]
 [  0   0   0 514   0   0   0   0]
 [  0   0   0   0 507   0   3   1]
 [  1   0   0   0   0 534   0   0]
 [  0   0   0   0   0   0 548   0]
 [  0   0   0   0   4   0   0 291]]
2024-11-10 23:48:26 | INFO | train | In dataset valid: Loss is [0.0785 0.0785 0.0000]
2024-11-10 23:48:26 | INFO | train | task-0		Acc is 0.9952, F1 is 0.9952
2024-11-10 23:48:26 | INFO | train | task-0		F1-macro is 0.9951, F1-micro is 0.9952
2024-11-10 23:48:26 | INFO | train | task-0		Pre is 0.9952, Rec is 0.9952
2024-11-10 23:48:26 | INFO | train | task-0		C_M is 
[[508   0   0   0   0   2   0   0]
 [  0 520   0   1   0   0   0   0]
 [  0   0 506   0   0   2   0   0]
 [  0   2   0 504   0   0   0   0]
 [  0   0   0   1 537   1   3   2]
 [  0   0   0   0   0 505   0   0]
 [  0   0   0   0   1   0 580   0]
 [  0   1   0   0   3   0   0 321]]
2024-11-10 23:49:06 | INFO | train | In dataset test: Loss is [0.1177 0.1177 0.0000]
2024-11-10 23:49:06 | INFO | train | task-0		Acc is 0.9958, F1 is 0.9958
2024-11-10 23:49:06 | INFO | train | task-0		F1-macro is 0.9956, F1-micro is 0.9958
2024-11-10 23:49:06 | INFO | train | task-0		Pre is 0.9958, Rec is 0.9958
2024-11-10 23:49:06 | INFO | train | task-0		C_M is 
[[522   0   0   0   0   1   0   0]
 [  0 532   0   2   0   0   0   0]
 [  0   0 548   0   0   1   0   0]
 [  0   1   0 573   1   0   0   0]
 [  0   0   0   0 504   1   4   1]
 [  3   0   0   0   0 531   0   0]
 [  0   0   0   0   0   0 500   0]
 [  0   0   0   0   2   0   0 273]]
2024-11-10 23:49:06 | INFO | train | The best f1_macro util now is 0.9946, at step 184
2024-11-10 23:49:06 | INFO | train | The best f1_micro util now is 0.9960, at step 171
2024-11-10 23:49:52 | INFO | train | ----------------------------------------------------------------------------------
2024-11-10 23:49:52 | INFO | train | Time of iter training 45.91 s
2024-11-10 23:49:52 | INFO | train | On iter step 202:, global step 51713 Loss-step [0.0966 0.0966 0.0000]
2024-11-10 23:50:31 | INFO | train | In dataset train: Loss is [0.0730 0.0730 0.0000]
2024-11-10 23:50:31 | INFO | train | task-0		Acc is 0.9962, F1 is 0.9962
2024-11-10 23:50:31 | INFO | train | task-0		F1-macro is 0.9960, F1-micro is 0.9962
2024-11-10 23:50:31 | INFO | train | task-0		Pre is 0.9962, Rec is 0.9962
2024-11-10 23:50:31 | INFO | train | task-0		C_M is 
[[530   0   0   0   1   1   0   0]
 [  1 539   0   1   0   0   2   0]
 [  0   0 522   0   0   0   0   0]
 [  0   0   0 514   0   0   0   0]
 [  0   0   0   0 508   0   3   0]
 [  1   0   0   0   0 534   0   0]
 [  0   0   0   0   0   0 548   0]
 [  0   0   0   0   5   0   0 290]]
2024-11-10 23:51:10 | INFO | train | In dataset valid: Loss is [0.0663 0.0663 0.0000]
2024-11-10 23:51:10 | INFO | train | task-0		Acc is 0.9960, F1 is 0.9960
2024-11-10 23:51:10 | INFO | train | task-0		F1-macro is 0.9958, F1-micro is 0.9960
2024-11-10 23:51:10 | INFO | train | task-0		Pre is 0.9960, Rec is 0.9960
2024-11-10 23:51:10 | INFO | train | task-0		C_M is 
[[508   0   0   0   0   2   0   0]
 [  0 520   0   1   0   0   0   0]
 [  0   0 506   0   1   1   0   0]
 [  0   2   0 504   0   0   0   0]
 [  0   0   0   0 540   0   3   1]
 [  0   0   0   0   0 505   0   0]
 [  0   0   0   0   0   0 581   0]
 [  0   1   0   0   4   0   0 320]]
2024-11-10 23:51:50 | INFO | train | In dataset test: Loss is [0.1130 0.1130 0.0000]
2024-11-10 23:51:50 | INFO | train | task-0		Acc is 0.9958, F1 is 0.9958
2024-11-10 23:51:50 | INFO | train | task-0		F1-macro is 0.9955, F1-micro is 0.9958
2024-11-10 23:51:50 | INFO | train | task-0		Pre is 0.9958, Rec is 0.9958
2024-11-10 23:51:50 | INFO | train | task-0		C_M is 
[[522   0   0   0   0   1   0   0]
 [  0 532   0   2   0   0   0   0]
 [  0   0 548   0   0   1   0   0]
 [  0   0   0 574   1   0   0   0]
 [  0   0   0   0 504   1   4   1]
 [  3   0   0   0   0 531   0   0]
 [  0   0   0   0   0   0 500   0]
 [  0   0   0   0   2   1   0 272]]
2024-11-10 23:51:50 | INFO | train | The best f1_macro util now is 0.9946, at step 184
2024-11-10 23:51:50 | INFO | train | The best f1_micro util now is 0.9960, at step 171
2024-11-10 23:52:36 | INFO | train | ----------------------------------------------------------------------------------
2024-11-10 23:52:36 | INFO | train | Time of iter training 46.13 s
2024-11-10 23:52:36 | INFO | train | On iter step 203:, global step 51969 Loss-step [0.1395 0.1395 0.0000]
2024-11-10 23:53:16 | INFO | train | In dataset train: Loss is [0.4321 0.4321 0.0000]
2024-11-10 23:53:16 | INFO | train | task-0		Acc is 0.9765, F1 is 0.9765
2024-11-10 23:53:16 | INFO | train | task-0		F1-macro is 0.9716, F1-micro is 0.9765
2024-11-10 23:53:16 | INFO | train | task-0		Pre is 0.9765, Rec is 0.9765
2024-11-10 23:53:16 | INFO | train | task-0		C_M is 
[[531   0   0   0   1   0   0   0]
 [  0 538   0   3   0   0   2   0]
 [  0   0 522   0   0   0   0   0]
 [  0   0   0 514   0   0   0   0]
 [  0   0   0   0 511   0   0   0]
 [  9   0   0   0   1 454   0  71]
 [  0   0   0   0   2   0 546   0]
 [  0   0   0   0   5   0   0 290]]
2024-11-10 23:53:55 | INFO | train | In dataset valid: Loss is [0.3771 0.3771 0.0000]
2024-11-10 23:53:55 | INFO | train | task-0		Acc is 0.9820, F1 is 0.9820
2024-11-10 23:53:55 | INFO | train | task-0		F1-macro is 0.9786, F1-micro is 0.9820
2024-11-10 23:53:55 | INFO | train | task-0		Pre is 0.9820, Rec is 0.9820
2024-11-10 23:53:55 | INFO | train | task-0		C_M is 
[[510   0   0   0   0   0   0   0]
 [  0 518   0   3   0   0   0   0]
 [  0   0 506   0   1   1   0   0]
 [  0   0   0 506   0   0   0   0]
 [  0   0   0   0 543   0   1   0]
 [  2   0   0   0   2 444   0  57]
 [  0   0   0   0   2   0 579   0]
 [  0   0   0   0   3   0   0 322]]
2024-11-10 23:54:35 | INFO | train | In dataset test: Loss is [0.3913 0.3913 0.0000]
2024-11-10 23:54:35 | INFO | train | task-0		Acc is 0.9820, F1 is 0.9820
2024-11-10 23:54:35 | INFO | train | task-0		F1-macro is 0.9775, F1-micro is 0.9820
2024-11-10 23:54:35 | INFO | train | task-0		Pre is 0.9820, Rec is 0.9820
2024-11-10 23:54:35 | INFO | train | task-0		C_M is 
[[523   0   0   0   0   0   0   0]
 [  0 532   0   2   0   0   0   0]
 [  0   0 548   0   0   1   0   0]
 [  0   0   0 574   1   0   0   0]
 [  0   0   0   0 508   1   0   1]
 [  6   0   0   0   1 473   0  54]
 [  0   0   0   0   3   0 497   0]
 [  0   0   0   0   2   0   0 273]]
2024-11-10 23:54:35 | INFO | train | The best f1_macro util now is 0.9946, at step 184
2024-11-10 23:54:35 | INFO | train | The best f1_micro util now is 0.9960, at step 171
2024-11-10 23:55:21 | INFO | train | ----------------------------------------------------------------------------------
2024-11-10 23:55:21 | INFO | train | Time of iter training 46.05 s
2024-11-10 23:55:21 | INFO | train | On iter step 204:, global step 52225 Loss-step [0.1906 0.1906 0.0000]
2024-11-10 23:56:00 | INFO | train | In dataset train: Loss is [0.0495 0.0495 0.0000]
2024-11-10 23:56:00 | INFO | train | task-0		Acc is 0.9970, F1 is 0.9970
2024-11-10 23:56:00 | INFO | train | task-0		F1-macro is 0.9967, F1-micro is 0.9970
2024-11-10 23:56:00 | INFO | train | task-0		Pre is 0.9970, Rec is 0.9970
2024-11-10 23:56:00 | INFO | train | task-0		C_M is 
[[531   0   0   0   1   0   0   0]
 [  0 541   0   1   0   0   1   0]
 [  0   0 522   0   0   0   0   0]
 [  0   0   0 514   0   0   0   0]
 [  0   0   0   0 509   0   2   0]
 [  2   0   0   0   0 533   0   0]
 [  0   0   0   0   0   0 548   0]
 [  0   0   0   0   5   0   0 290]]
2024-11-10 23:56:40 | INFO | train | In dataset valid: Loss is [0.0665 0.0665 0.0000]
2024-11-10 23:56:40 | INFO | train | task-0		Acc is 0.9958, F1 is 0.9958
2024-11-10 23:56:40 | INFO | train | task-0		F1-macro is 0.9956, F1-micro is 0.9958
2024-11-10 23:56:40 | INFO | train | task-0		Pre is 0.9958, Rec is 0.9958
2024-11-10 23:56:40 | INFO | train | task-0		C_M is 
[[508   0   0   0   0   2   0   0]
 [  0 519   0   1   0   0   0   1]
 [  0   0 506   0   1   1   0   0]
 [  0   2   0 504   0   0   0   0]
 [  0   0   0   0 540   1   2   1]
 [  0   0   0   0   0 505   0   0]
 [  0   0   0   0   2   0 579   0]
 [  0   0   0   0   3   0   0 322]]
2024-11-10 23:57:19 | INFO | train | In dataset test: Loss is [0.0958 0.0958 0.0000]
2024-11-10 23:57:19 | INFO | train | task-0		Acc is 0.9962, F1 is 0.9962
2024-11-10 23:57:19 | INFO | train | task-0		F1-macro is 0.9961, F1-micro is 0.9962
2024-11-10 23:57:19 | INFO | train | task-0		Pre is 0.9962, Rec is 0.9962
2024-11-10 23:57:19 | INFO | train | task-0		C_M is 
[[522   0   0   0   0   1   0   0]
 [  0 532   0   2   0   0   0   0]
 [  0   0 548   0   0   1   0   0]
 [  0   1   0 573   1   0   0   0]
 [  0   0   0   0 506   1   2   1]
 [  3   0   0   0   0 531   0   0]
 [  0   0   0   0   0   0 500   0]
 [  0   0   0   0   2   0   0 273]]
2024-11-10 23:57:19 | INFO | train | The best f1_macro util now is 0.9946, at step 184
2024-11-10 23:57:19 | INFO | train | The best f1_micro util now is 0.9960, at step 171
2024-11-10 23:58:05 | INFO | train | ----------------------------------------------------------------------------------
2024-11-10 23:58:05 | INFO | train | Time of iter training 46.13 s
2024-11-10 23:58:05 | INFO | train | On iter step 205:, global step 52481 Loss-step [0.0997 0.0997 0.0000]
2024-11-10 23:58:45 | INFO | train | In dataset train: Loss is [0.0743 0.0743 0.0000]
2024-11-10 23:58:45 | INFO | train | task-0		Acc is 0.9968, F1 is 0.9968
2024-11-10 23:58:45 | INFO | train | task-0		F1-macro is 0.9964, F1-micro is 0.9968
2024-11-10 23:58:45 | INFO | train | task-0		Pre is 0.9968, Rec is 0.9968
2024-11-10 23:58:45 | INFO | train | task-0		C_M is 
[[531   0   0   0   0   1   0   0]
 [  0 539   0   3   0   0   1   0]
 [  0   0 522   0   0   0   0   0]
 [  0   0   0 514   0   0   0   0]
 [  0   0   0   0 508   0   3   0]
 [  0   0   0   0   0 535   0   0]
 [  0   0   0   0   0   0 548   0]
 [  0   0   0   0   5   0   0 290]]
2024-11-10 23:59:24 | INFO | train | In dataset valid: Loss is [0.0869 0.0869 0.0000]
2024-11-10 23:59:24 | INFO | train | task-0		Acc is 0.9968, F1 is 0.9968
2024-11-10 23:59:24 | INFO | train | task-0		F1-macro is 0.9966, F1-micro is 0.9968
2024-11-10 23:59:24 | INFO | train | task-0		Pre is 0.9968, Rec is 0.9968
2024-11-10 23:59:24 | INFO | train | task-0		C_M is 
[[508   0   0   0   0   2   0   0]
 [  0 518   0   3   0   0   0   0]
 [  0   0 506   0   1   1   0   0]
 [  0   0   0 506   0   0   0   0]
 [  0   0   0   0 543   0   1   0]
 [  0   0   0   0   1 504   0   0]
 [  0   0   0   0   0   0 581   0]
 [  0   0   0   0   4   0   0 321]]
2024-11-11 00:00:04 | INFO | train | In dataset test: Loss is [0.1167 0.1167 0.0000]
2024-11-11 00:00:04 | INFO | train | task-0		Acc is 0.9962, F1 is 0.9962
2024-11-11 00:00:04 | INFO | train | task-0		F1-macro is 0.9961, F1-micro is 0.9962
2024-11-11 00:00:04 | INFO | train | task-0		Pre is 0.9962, Rec is 0.9962
2024-11-11 00:00:04 | INFO | train | task-0		C_M is 
[[521   0   0   0   0   2   0   0]
 [  0 532   0   2   0   0   0   0]
 [  0   0 548   0   0   1   0   0]
 [  0   0   0 574   1   0   0   0]
 [  0   0   0   0 504   1   4   1]
 [  1   0   0   0   0 533   0   0]
 [  0   0   0   0   0   0 500   0]
 [  0   0   0   0   2   0   0 273]]
2024-11-11 00:00:04 | INFO | train | The best f1_macro util now is 0.9946, at step 184
2024-11-11 00:00:04 | INFO | train | The best f1_micro util now is 0.9960, at step 171
2024-11-11 00:00:50 | INFO | train | ----------------------------------------------------------------------------------
2024-11-11 00:00:50 | INFO | train | Time of iter training 46.04 s
2024-11-11 00:00:50 | INFO | train | On iter step 206:, global step 52737 Loss-step [0.0796 0.0796 0.0000]
2024-11-11 00:01:29 | INFO | train | In dataset train: Loss is [0.0529 0.0529 0.0000]
2024-11-11 00:01:29 | INFO | train | task-0		Acc is 0.9968, F1 is 0.9968
2024-11-11 00:01:29 | INFO | train | task-0		F1-macro is 0.9965, F1-micro is 0.9968
2024-11-11 00:01:29 | INFO | train | task-0		Pre is 0.9968, Rec is 0.9968
2024-11-11 00:01:29 | INFO | train | task-0		C_M is 
[[532   0   0   0   0   0   0   0]
 [  0 539   0   3   0   0   1   0]
 [  0   0 522   0   0   0   0   0]
 [  0   0   0 514   0   0   0   0]
 [  0   0   0   0 509   0   2   0]
 [  3   0   0   0   0 532   0   0]
 [  0   0   0   0   0   0 548   0]
 [  0   0   0   0   4   0   0 291]]
2024-11-11 00:02:08 | INFO | train | In dataset valid: Loss is [0.0751 0.0751 0.0000]
2024-11-11 00:02:08 | INFO | train | task-0		Acc is 0.9960, F1 is 0.9960
2024-11-11 00:02:08 | INFO | train | task-0		F1-macro is 0.9959, F1-micro is 0.9960
2024-11-11 00:02:08 | INFO | train | task-0		Pre is 0.9960, Rec is 0.9960
2024-11-11 00:02:08 | INFO | train | task-0		C_M is 
[[509   0   0   0   0   1   0   0]
 [  0 519   0   2   0   0   0   0]
 [  0   0 506   0   1   1   0   0]
 [  1   0   0 505   0   0   0   0]
 [  0   0   0   0 540   1   2   1]
 [  0   0   0   0   1 504   0   0]
 [  0   0   0   0   2   0 579   0]
 [  0   0   0   0   3   0   0 322]]
2024-11-11 00:02:48 | INFO | train | In dataset test: Loss is [0.1125 0.1125 0.0000]
2024-11-11 00:02:48 | INFO | train | task-0		Acc is 0.9960, F1 is 0.9960
2024-11-11 00:02:48 | INFO | train | task-0		F1-macro is 0.9959, F1-micro is 0.9960
2024-11-11 00:02:48 | INFO | train | task-0		Pre is 0.9960, Rec is 0.9960
2024-11-11 00:02:48 | INFO | train | task-0		C_M is 
[[522   0   0   0   0   1   0   0]
 [  1 531   0   2   0   0   0   0]
 [  0   0 548   0   0   1   0   0]
 [  0   0   0 574   1   0   0   0]
 [  0   0   0   0 506   1   2   1]
 [  4   0   0   0   0 530   0   0]
 [  0   0   0   0   0   0 500   0]
 [  0   0   0   0   2   0   0 273]]
2024-11-11 00:02:48 | INFO | train | The best f1_macro util now is 0.9946, at step 184
2024-11-11 00:02:48 | INFO | train | The best f1_micro util now is 0.9960, at step 171
2024-11-11 00:03:34 | INFO | train | ----------------------------------------------------------------------------------
2024-11-11 00:03:34 | INFO | train | Time of iter training 46.13 s
2024-11-11 00:03:34 | INFO | train | On iter step 207:, global step 52993 Loss-step [0.0992 0.0992 0.0000]
2024-11-11 00:04:14 | INFO | train | In dataset train: Loss is [0.0641 0.0641 0.0000]
2024-11-11 00:04:14 | INFO | train | task-0		Acc is 0.9960, F1 is 0.9960
2024-11-11 00:04:14 | INFO | train | task-0		F1-macro is 0.9957, F1-micro is 0.9960
2024-11-11 00:04:14 | INFO | train | task-0		Pre is 0.9960, Rec is 0.9960
2024-11-11 00:04:14 | INFO | train | task-0		C_M is 
[[532   0   0   0   0   0   0   0]
 [  0 538   0   3   0   0   2   0]
 [  0   0 522   0   0   0   0   0]
 [  0   0   0 514   0   0   0   0]
 [  0   0   0   0 505   1   0   5]
 [  3   0   0   0   0 532   0   0]
 [  0   0   0   0   2   0 546   0]
 [  0   0   0   0   0   0   0 295]]
2024-11-11 00:04:53 | INFO | train | In dataset valid: Loss is [0.0781 0.0781 0.0000]
2024-11-11 00:04:53 | INFO | train | task-0		Acc is 0.9932, F1 is 0.9932
2024-11-11 00:04:53 | INFO | train | task-0		F1-macro is 0.9927, F1-micro is 0.9932
2024-11-11 00:04:53 | INFO | train | task-0		Pre is 0.9932, Rec is 0.9932
2024-11-11 00:04:53 | INFO | train | task-0		C_M is 
[[509   0   0   0   0   1   0   0]
 [  0 519   0   2   0   0   0   0]
 [  0   0 506   0   1   1   0   0]
 [  1   0   0 505   0   0   0   0]
 [  0   0   0   0 531   1   2  10]
 [  1   0   0   0   1 503   0   0]
 [  0   0   0   0   3   0 578   0]
 [  0   0   0   0   3   0   0 322]]
2024-11-11 00:05:33 | INFO | train | In dataset test: Loss is [0.1146 0.1146 0.0000]
2024-11-11 00:05:33 | INFO | train | task-0		Acc is 0.9935, F1 is 0.9935
2024-11-11 00:05:33 | INFO | train | task-0		F1-macro is 0.9924, F1-micro is 0.9935
2024-11-11 00:05:33 | INFO | train | task-0		Pre is 0.9935, Rec is 0.9935
2024-11-11 00:05:33 | INFO | train | task-0		C_M is 
[[523   0   0   0   0   0   0   0]
 [  1 531   0   2   0   0   0   0]
 [  0   0 548   0   0   1   0   0]
 [  0   0   0 574   1   0   0   0]
 [  0   0   0   0 498   1   0  11]
 [  4   0   0   0   0 530   0   0]
 [  0   0   0   0   3   0 497   0]
 [  0   0   0   0   2   0   0 273]]
2024-11-11 00:05:33 | INFO | train | The best f1_macro util now is 0.9946, at step 184
2024-11-11 00:05:33 | INFO | train | The best f1_micro util now is 0.9960, at step 171
2024-11-11 00:06:19 | INFO | train | ----------------------------------------------------------------------------------
2024-11-11 00:06:19 | INFO | train | Time of iter training 46.05 s
2024-11-11 00:06:19 | INFO | train | On iter step 208:, global step 53249 Loss-step [0.1073 0.1073 0.0000]
2024-11-11 00:06:59 | INFO | train | In dataset train: Loss is [0.0963 0.0963 0.0000]
2024-11-11 00:06:59 | INFO | train | task-0		Acc is 0.9958, F1 is 0.9958
2024-11-11 00:06:59 | INFO | train | task-0		F1-macro is 0.9953, F1-micro is 0.9958
2024-11-11 00:06:59 | INFO | train | task-0		Pre is 0.9958, Rec is 0.9958
2024-11-11 00:06:59 | INFO | train | task-0		C_M is 
[[532   0   0   0   0   0   0   0]
 [  1 538   0   3   0   0   1   0]
 [  0   0 522   0   0   0   0   0]
 [  0   0   0 514   0   0   0   0]
 [  0   0   0   0 509   0   2   0]
 [  3   0   0   0   0 532   0   0]
 [  0   0   0   0   0   0 548   0]
 [  1   0   0   1   5   0   0 288]]
2024-11-11 00:07:38 | INFO | train | In dataset valid: Loss is [0.0783 0.0783 0.0000]
2024-11-11 00:07:38 | INFO | train | task-0		Acc is 0.9970, F1 is 0.9970
2024-11-11 00:07:38 | INFO | train | task-0		F1-macro is 0.9969, F1-micro is 0.9970
2024-11-11 00:07:38 | INFO | train | task-0		Pre is 0.9970, Rec is 0.9970
2024-11-11 00:07:38 | INFO | train | task-0		C_M is 
[[510   0   0   0   0   0   0   0]
 [  0 520   0   0   1   0   0   0]
 [  0   0 506   0   1   1   0   0]
 [  0   0   0 506   0   0   0   0]
 [  0   0   0   0 540   1   3   0]
 [  0   0   0   0   1 504   0   0]
 [  0   0   0   0   0   0 581   0]
 [  0   0   0   0   3   1   0 321]]
2024-11-11 00:08:18 | INFO | train | In dataset test: Loss is [0.1297 0.1297 0.0000]
2024-11-11 00:08:18 | INFO | train | task-0		Acc is 0.9945, F1 is 0.9945
2024-11-11 00:08:18 | INFO | train | task-0		F1-macro is 0.9941, F1-micro is 0.9945
2024-11-11 00:08:18 | INFO | train | task-0		Pre is 0.9945, Rec is 0.9945
2024-11-11 00:08:18 | INFO | train | task-0		C_M is 
[[522   0   0   0   0   1   0   0]
 [  0 532   0   2   0   0   0   0]
 [  0   0 548   0   0   1   0   0]
 [  0   0   0 574   1   0   0   0]
 [  0   0   0   0 502   1   6   1]
 [  4   0   0   0   0 530   0   0]
 [  0   0   0   0   0   0 500   0]
 [  0   0   0   0   4   1   0 270]]
2024-11-11 00:08:20 | INFO | train | The best f1_macro util now is 0.9941, at step 208
2024-11-11 00:08:23 | INFO | train | The best f1_micro util now is 0.9945, at step 208
2024-11-11 00:09:09 | INFO | train | ----------------------------------------------------------------------------------
2024-11-11 00:09:09 | INFO | train | Time of iter training 46.14 s
2024-11-11 00:09:09 | INFO | train | On iter step 209:, global step 53505 Loss-step [0.2238 0.2238 0.0000]
2024-11-11 00:09:49 | INFO | train | In dataset train: Loss is [0.0656 0.0656 0.0000]
2024-11-11 00:09:49 | INFO | train | task-0		Acc is 0.9950, F1 is 0.9950
2024-11-11 00:09:49 | INFO | train | task-0		F1-macro is 0.9948, F1-micro is 0.9950
2024-11-11 00:09:49 | INFO | train | task-0		Pre is 0.9950, Rec is 0.9950
2024-11-11 00:09:49 | INFO | train | task-0		C_M is 
[[524   0   0   0   0   8   0   0]
 [  0 540   0   1   1   0   1   0]
 [  0   0 522   0   0   0   0   0]
 [  0   0   0 514   0   0   0   0]
 [  0   0   0   0 509   2   0   0]
 [  0   0   0   0   0 535   0   0]
 [  0   0   0   0   2   0 546   0]
 [  0   0   0   0   5   0   0 290]]
2024-11-11 00:10:28 | INFO | train | In dataset valid: Loss is [0.0747 0.0747 0.0000]
2024-11-11 00:10:28 | INFO | train | task-0		Acc is 0.9945, F1 is 0.9945
2024-11-11 00:10:28 | INFO | train | task-0		F1-macro is 0.9946, F1-micro is 0.9945
2024-11-11 00:10:28 | INFO | train | task-0		Pre is 0.9945, Rec is 0.9945
2024-11-11 00:10:28 | INFO | train | task-0		C_M is 
[[503   0   0   0   0   7   0   0]
 [  0 520   0   0   1   0   0   0]
 [  0   0 506   0   1   1   0   0]
 [  0   1   0 504   0   1   0   0]
 [  0   0   0   0 542   2   0   0]
 [  0   0   0   0   0 505   0   0]
 [  0   0   0   0   5   0 576   0]
 [  0   0   0   0   3   0   0 322]]
2024-11-11 00:11:08 | INFO | train | In dataset test: Loss is [0.0993 0.0993 0.0000]
2024-11-11 00:11:08 | INFO | train | task-0		Acc is 0.9948, F1 is 0.9948
2024-11-11 00:11:08 | INFO | train | task-0		F1-macro is 0.9945, F1-micro is 0.9948
2024-11-11 00:11:08 | INFO | train | task-0		Pre is 0.9948, Rec is 0.9948
2024-11-11 00:11:08 | INFO | train | task-0		C_M is 
[[517   0   0   0   0   6   0   0]
 [  0 532   0   2   0   0   0   0]
 [  0   0 548   0   1   0   0   0]
 [  0   1   0 573   1   0   0   0]
 [  0   0   0   0 508   1   0   1]
 [  0   0   0   0   0 534   0   0]
 [  0   0   0   0   4   0 496   0]
 [  0   0   0   0   3   1   0 271]]
2024-11-11 00:11:08 | INFO | train | The best f1_macro util now is 0.9941, at step 208
2024-11-11 00:11:08 | INFO | train | The best f1_micro util now is 0.9945, at step 208
2024-11-11 00:11:54 | INFO | train | ----------------------------------------------------------------------------------
2024-11-11 00:11:54 | INFO | train | Time of iter training 46.11 s
2024-11-11 00:11:54 | INFO | train | On iter step 210:, global step 53761 Loss-step [0.1591 0.1591 0.0000]
2024-11-11 00:12:33 | INFO | train | In dataset train: Loss is [0.0750 0.0750 0.0000]
2024-11-11 00:12:33 | INFO | train | task-0		Acc is 0.9978, F1 is 0.9978
2024-11-11 00:12:33 | INFO | train | task-0		F1-macro is 0.9977, F1-micro is 0.9978
2024-11-11 00:12:33 | INFO | train | task-0		Pre is 0.9978, Rec is 0.9978
2024-11-11 00:12:33 | INFO | train | task-0		C_M is 
[[532   0   0   0   0   0   0   0]
 [  0 540   0   1   0   0   2   0]
 [  0   0 522   0   0   0   0   0]
 [  0   1   0 513   0   0   0   0]
 [  0   0   0   0 511   0   0   0]
 [  2   0   0   0   0 533   0   0]
 [  0   0   0   0   1   0 547   0]
 [  0   0   0   0   2   0   0 293]]
2024-11-11 00:13:13 | INFO | train | In dataset valid: Loss is [0.0956 0.0956 0.0000]
2024-11-11 00:13:13 | INFO | train | task-0		Acc is 0.9952, F1 is 0.9952
2024-11-11 00:13:13 | INFO | train | task-0		F1-macro is 0.9954, F1-micro is 0.9952
2024-11-11 00:13:13 | INFO | train | task-0		Pre is 0.9952, Rec is 0.9952
2024-11-11 00:13:13 | INFO | train | task-0		C_M is 
[[508   0   0   0   0   2   0   0]
 [  1 520   0   0   0   0   0   0]
 [  0   1 506   0   0   1   0   0]
 [  0   2   0 503   0   0   1   0]
 [  1   0   0   0 539   2   2   0]
 [  1   0   0   0   0 504   0   0]
 [  0   0   0   0   3   0 578   0]
 [  0   0   0   0   2   0   0 323]]
2024-11-11 00:13:52 | INFO | train | In dataset test: Loss is [0.0988 0.0988 0.0000]
2024-11-11 00:13:52 | INFO | train | task-0		Acc is 0.9958, F1 is 0.9958
2024-11-11 00:13:52 | INFO | train | task-0		F1-macro is 0.9955, F1-micro is 0.9958
2024-11-11 00:13:52 | INFO | train | task-0		Pre is 0.9958, Rec is 0.9958
2024-11-11 00:13:52 | INFO | train | task-0		C_M is 
[[522   0   0   0   0   1   0   0]
 [  0 534   0   0   0   0   0   0]
 [  0   1 548   0   0   0   0   0]
 [  0   2   0 572   1   0   0   0]
 [  0   0   0   0 508   1   0   1]
 [  4   0   0   0   0 530   0   0]
 [  0   0   0   0   3   0 497   0]
 [  0   1   0   0   2   0   0 272]]
2024-11-11 00:13:52 | INFO | train | The best f1_macro util now is 0.9941, at step 208
2024-11-11 00:13:52 | INFO | train | The best f1_micro util now is 0.9945, at step 208
2024-11-11 00:14:39 | INFO | train | ----------------------------------------------------------------------------------
2024-11-11 00:14:39 | INFO | train | Time of iter training 46.39 s
2024-11-11 00:14:39 | INFO | train | On iter step 211:, global step 54017 Loss-step [0.1255 0.1255 0.0000]
2024-11-11 00:15:18 | INFO | train | In dataset train: Loss is [0.0827 0.0827 0.0000]
2024-11-11 00:15:18 | INFO | train | task-0		Acc is 0.9958, F1 is 0.9958
2024-11-11 00:15:18 | INFO | train | task-0		F1-macro is 0.9959, F1-micro is 0.9958
2024-11-11 00:15:18 | INFO | train | task-0		Pre is 0.9958, Rec is 0.9958
2024-11-11 00:15:18 | INFO | train | task-0		C_M is 
[[527   0   0   0   1   4   0   0]
 [  0 540   0   1   0   0   2   0]
 [  0   0 522   0   0   0   0   0]
 [  0   0   0 514   0   0   0   0]
 [  0   0   0   0 503   2   6   0]
 [  0   0   0   0   0 535   0   0]
 [  0   0   0   0   0   0 548   0]
 [  0   0   0   0   1   0   0 294]]
2024-11-11 00:15:58 | INFO | train | In dataset valid: Loss is [0.0648 0.0648 0.0000]
2024-11-11 00:15:58 | INFO | train | task-0		Acc is 0.9950, F1 is 0.9950
2024-11-11 00:15:58 | INFO | train | task-0		F1-macro is 0.9951, F1-micro is 0.9950
2024-11-11 00:15:58 | INFO | train | task-0		Pre is 0.9950, Rec is 0.9950
2024-11-11 00:15:58 | INFO | train | task-0		C_M is 
[[505   0   0   0   0   5   0   0]
 [  0 520   0   0   1   0   0   0]
 [  0   0 506   0   0   2   0   0]
 [  0   1   0 505   0   0   0   0]
 [  0   0   0   0 535   2   7   0]
 [  0   0   0   0   0 505   0   0]
 [  0   0   0   0   0   0 581   0]
 [  0   0   0   0   2   0   0 323]]
2024-11-11 00:16:37 | INFO | train | In dataset test: Loss is [0.1111 0.1111 0.0000]
2024-11-11 00:16:37 | INFO | train | task-0		Acc is 0.9942, F1 is 0.9942
2024-11-11 00:16:37 | INFO | train | task-0		F1-macro is 0.9939, F1-micro is 0.9942
2024-11-11 00:16:37 | INFO | train | task-0		Pre is 0.9942, Rec is 0.9942
2024-11-11 00:16:37 | INFO | train | task-0		C_M is 
[[521   0   0   0   0   2   0   0]
 [  0 533   0   0   1   0   0   0]
 [  0   0 548   0   0   1   0   0]
 [  0   0   0 573   2   0   0   0]
 [  0   0   0   0 497   1  11   1]
 [  0   0   0   0   0 534   0   0]
 [  0   0   0   0   0   0 500   0]
 [  0   1   0   0   2   1   0 271]]
2024-11-11 00:16:37 | INFO | train | The best f1_macro util now is 0.9941, at step 208
2024-11-11 00:16:37 | INFO | train | The best f1_micro util now is 0.9945, at step 208
2024-11-11 00:17:23 | INFO | train | ----------------------------------------------------------------------------------
2024-11-11 00:17:23 | INFO | train | Time of iter training 46.02 s
2024-11-11 00:17:23 | INFO | train | On iter step 212:, global step 54273 Loss-step [0.2424 0.2424 0.0000]
2024-11-11 00:18:03 | INFO | train | In dataset train: Loss is [0.0839 0.0839 0.0000]
2024-11-11 00:18:03 | INFO | train | task-0		Acc is 0.9952, F1 is 0.9952
2024-11-11 00:18:03 | INFO | train | task-0		F1-macro is 0.9947, F1-micro is 0.9952
2024-11-11 00:18:03 | INFO | train | task-0		Pre is 0.9952, Rec is 0.9952
2024-11-11 00:18:03 | INFO | train | task-0		C_M is 
[[529   0   0   0   0   3   0   0]
 [  0 539   0   1   1   0   2   0]
 [  0   0 522   0   0   0   0   0]
 [  0   0   0 514   0   0   0   0]
 [  0   0   0   0 508   0   2   1]
 [  1   0   0   0   0 534   0   0]
 [  0   0   0   0   1   0 547   0]
 [  0   0   0   0   7   0   0 288]]
2024-11-11 00:18:42 | INFO | train | In dataset valid: Loss is [0.0727 0.0727 0.0000]
2024-11-11 00:18:42 | INFO | train | task-0		Acc is 0.9960, F1 is 0.9960
2024-11-11 00:18:42 | INFO | train | task-0		F1-macro is 0.9958, F1-micro is 0.9960
2024-11-11 00:18:42 | INFO | train | task-0		Pre is 0.9960, Rec is 0.9960
2024-11-11 00:18:42 | INFO | train | task-0		C_M is 
[[507   0   0   0   0   3   0   0]
 [  0 518   0   1   1   0   0   1]
 [  0   0 507   0   0   1   0   0]
 [  0   1   0 505   0   0   0   0]
 [  1   0   0   0 542   1   0   0]
 [  0   0   0   0   0 505   0   0]
 [  0   0   0   0   2   0 579   0]
 [  0   0   0   0   4   0   0 321]]
2024-11-11 00:19:22 | INFO | train | In dataset test: Loss is [0.1062 0.1062 0.0000]
2024-11-11 00:19:22 | INFO | train | task-0		Acc is 0.9955, F1 is 0.9955
2024-11-11 00:19:22 | INFO | train | task-0		F1-macro is 0.9953, F1-micro is 0.9955
2024-11-11 00:19:22 | INFO | train | task-0		Pre is 0.9955, Rec is 0.9955
2024-11-11 00:19:22 | INFO | train | task-0		C_M is 
[[521   0   0   0   0   2   0   0]
 [  0 531   0   2   1   0   0   0]
 [  0   0 548   0   0   1   0   0]
 [  0   0   0 573   2   0   0   0]
 [  0   0   0   0 507   1   1   1]
 [  2   0   0   0   0 532   0   0]
 [  0   0   0   0   2   0 498   0]
 [  0   0   0   0   3   0   0 272]]
2024-11-11 00:19:22 | INFO | train | The best f1_macro util now is 0.9941, at step 208
2024-11-11 00:19:22 | INFO | train | The best f1_micro util now is 0.9945, at step 208
2024-11-11 00:20:07 | INFO | train | ----------------------------------------------------------------------------------
2024-11-11 00:20:07 | INFO | train | Time of iter training 45.91 s
2024-11-11 00:20:07 | INFO | train | On iter step 213:, global step 54529 Loss-step [0.0869 0.0869 0.0000]
2024-11-11 00:20:47 | INFO | train | In dataset train: Loss is [0.0715 0.0715 0.0000]
2024-11-11 00:20:47 | INFO | train | task-0		Acc is 0.9958, F1 is 0.9958
2024-11-11 00:20:47 | INFO | train | task-0		F1-macro is 0.9955, F1-micro is 0.9958
2024-11-11 00:20:47 | INFO | train | task-0		Pre is 0.9958, Rec is 0.9958
2024-11-11 00:20:47 | INFO | train | task-0		C_M is 
[[528   0   0   0   1   3   0   0]
 [  0 538   0   3   1   0   1   0]
 [  0   0 522   0   0   0   0   0]
 [  0   0   0 514   0   0   0   0]
 [  0   0   0   0 510   0   1   0]
 [  1   0   0   0   0 534   0   0]
 [  0   0   0   0   1   0 547   0]
 [  0   0   0   0   5   0   0 290]]
2024-11-11 00:21:26 | INFO | train | In dataset valid: Loss is [0.0586 0.0586 0.0000]
2024-11-11 00:21:26 | INFO | train | task-0		Acc is 0.9968, F1 is 0.9968
2024-11-11 00:21:26 | INFO | train | task-0		F1-macro is 0.9967, F1-micro is 0.9968
2024-11-11 00:21:26 | INFO | train | task-0		Pre is 0.9968, Rec is 0.9968
2024-11-11 00:21:26 | INFO | train | task-0		C_M is 
[[506   0   0   0   0   4   0   0]
 [  0 519   0   1   1   0   0   0]
 [  0   0 506   2   0   0   0   0]
 [  0   0   0 506   0   0   0   0]
 [  0   0   0   0 544   0   0   0]
 [  0   0   0   0   0 505   0   0]
 [  0   0   0   0   2   0 579   0]
 [  0   0   0   0   3   0   0 322]]
2024-11-11 00:22:06 | INFO | train | In dataset test: Loss is [0.0993 0.0993 0.0000]
2024-11-11 00:22:06 | INFO | train | task-0		Acc is 0.9952, F1 is 0.9952
2024-11-11 00:22:06 | INFO | train | task-0		F1-macro is 0.9949, F1-micro is 0.9952
2024-11-11 00:22:06 | INFO | train | task-0		Pre is 0.9952, Rec is 0.9952
2024-11-11 00:22:06 | INFO | train | task-0		C_M is 
[[520   0   0   0   0   3   0   0]
 [  0 532   0   1   1   0   0   0]
 [  0   1 548   0   0   0   0   0]
 [  0   0   0 573   2   0   0   0]
 [  0   0   0   0 508   1   0   1]
 [  2   0   0   0   0 532   0   0]
 [  0   0   0   0   3   0 497   0]
 [  0   0   0   0   4   0   0 271]]
2024-11-11 00:22:06 | INFO | train | The best f1_macro util now is 0.9941, at step 208
2024-11-11 00:22:06 | INFO | train | The best f1_micro util now is 0.9945, at step 208
2024-11-11 00:22:52 | INFO | train | ----------------------------------------------------------------------------------
2024-11-11 00:22:52 | INFO | train | Time of iter training 45.97 s
2024-11-11 00:22:52 | INFO | train | On iter step 214:, global step 54785 Loss-step [0.0772 0.0772 0.0000]
2024-11-11 00:23:31 | INFO | train | In dataset train: Loss is [0.1385 0.1385 0.0000]
2024-11-11 00:23:31 | INFO | train | task-0		Acc is 0.9948, F1 is 0.9948
2024-11-11 00:23:31 | INFO | train | task-0		F1-macro is 0.9946, F1-micro is 0.9948
2024-11-11 00:23:31 | INFO | train | task-0		Pre is 0.9948, Rec is 0.9948
2024-11-11 00:23:31 | INFO | train | task-0		C_M is 
[[529   0   0   0   0   3   0   0]
 [  0 540   0   1   0   0   2   0]
 [  0   0 522   0   0   0   0   0]
 [  0   0   0 514   0   0   0   0]
 [  5   0   0   0 500   0   6   0]
 [  0   0   0   0   0 535   0   0]
 [  0   0   0   0   0   0 548   0]
 [  0   0   0   0   4   0   0 291]]
2024-11-11 00:24:10 | INFO | train | In dataset valid: Loss is [0.0907 0.0907 0.0000]
2024-11-11 00:24:10 | INFO | train | task-0		Acc is 0.9950, F1 is 0.9950
2024-11-11 00:24:10 | INFO | train | task-0		F1-macro is 0.9951, F1-micro is 0.9950
2024-11-11 00:24:10 | INFO | train | task-0		Pre is 0.9950, Rec is 0.9950
2024-11-11 00:24:10 | INFO | train | task-0		C_M is 
[[505   0   0   0   0   5   0   0]
 [  1 519   0   1   0   0   0   0]
 [  0   1 506   0   0   1   0   0]
 [  1   0   0 505   0   0   0   0]
 [  2   0   0   0 537   1   4   0]
 [  1   0   0   0   0 504   0   0]
 [  0   0   0   0   0   0 581   0]
 [  0   0   0   0   2   0   0 323]]
2024-11-11 00:24:50 | INFO | train | In dataset test: Loss is [0.1577 0.1577 0.0000]
2024-11-11 00:24:50 | INFO | train | task-0		Acc is 0.9930, F1 is 0.9930
2024-11-11 00:24:50 | INFO | train | task-0		F1-macro is 0.9928, F1-micro is 0.9930
2024-11-11 00:24:50 | INFO | train | task-0		Pre is 0.9930, Rec is 0.9930
2024-11-11 00:24:50 | INFO | train | task-0		C_M is 
[[520   0   0   0   0   3   0   0]
 [  1 531   0   1   1   0   0   0]
 [  0   1 548   0   0   0   0   0]
 [  0   0   0 574   1   0   0   0]
 [  5   0   1   0 494   1   8   1]
 [  1   0   0   0   0 533   0   0]
 [  0   0   0   0   0   0 500   0]
 [  0   0   0   0   3   0   0 272]]
2024-11-11 00:24:50 | INFO | train | The best f1_macro util now is 0.9941, at step 208
2024-11-11 00:24:50 | INFO | train | The best f1_micro util now is 0.9945, at step 208
2024-11-11 00:25:36 | INFO | train | ----------------------------------------------------------------------------------
2024-11-11 00:25:36 | INFO | train | Time of iter training 46.00 s
2024-11-11 00:25:36 | INFO | train | On iter step 215:, global step 55041 Loss-step [0.0760 0.0760 0.0000]
2024-11-11 00:26:15 | INFO | train | In dataset train: Loss is [0.0848 0.0848 0.0000]
2024-11-11 00:26:15 | INFO | train | task-0		Acc is 0.9942, F1 is 0.9942
2024-11-11 00:26:15 | INFO | train | task-0		F1-macro is 0.9942, F1-micro is 0.9942
2024-11-11 00:26:15 | INFO | train | task-0		Pre is 0.9942, Rec is 0.9942
2024-11-11 00:26:15 | INFO | train | task-0		C_M is 
[[525   0   0   0   0   7   0   0]
 [  0 540   0   1   0   0   2   0]
 [  0   0 522   0   0   0   0   0]
 [  0   0   0 514   0   0   0   0]
 [  0   0   0   0 500   3   6   2]
 [  0   0   0   0   0 535   0   0]
 [  0   0   0   0   0   0 548   0]
 [  0   0   0   0   2   0   0 293]]
2024-11-11 00:26:55 | INFO | train | In dataset valid: Loss is [0.0847 0.0847 0.0000]
2024-11-11 00:26:55 | INFO | train | task-0		Acc is 0.9945, F1 is 0.9945
2024-11-11 00:26:55 | INFO | train | task-0		F1-macro is 0.9945, F1-micro is 0.9945
2024-11-11 00:26:55 | INFO | train | task-0		Pre is 0.9945, Rec is 0.9945
2024-11-11 00:26:55 | INFO | train | task-0		C_M is 
[[502   0   0   0   0   8   0   0]
 [  0 519   0   1   0   1   0   0]
 [  0   0 507   0   0   1   0   0]
 [  0   0   0 506   0   0   0   0]
 [  0   0   0   0 535   3   4   2]
 [  0   0   0   0   0 505   0   0]
 [  0   0   0   0   0   0 581   0]
 [  0   0   0   0   2   0   0 323]]
2024-11-11 00:27:34 | INFO | train | In dataset test: Loss is [0.1258 0.1258 0.0000]
2024-11-11 00:27:34 | INFO | train | task-0		Acc is 0.9940, F1 is 0.9940
2024-11-11 00:27:34 | INFO | train | task-0		F1-macro is 0.9939, F1-micro is 0.9940
2024-11-11 00:27:34 | INFO | train | task-0		Pre is 0.9940, Rec is 0.9940
2024-11-11 00:27:34 | INFO | train | task-0		C_M is 
[[518   0   0   0   0   5   0   0]
 [  0 532   0   1   1   0   0   0]
 [  0   0 548   0   0   1   0   0]
 [  0   0   0 573   2   0   0   0]
 [  0   0   0   0 499   2   8   1]
 [  1   0   0   0   0 533   0   0]
 [  0   0   0   0   0   0 500   0]
 [  0   0   0   0   2   0   0 273]]
2024-11-11 00:27:34 | INFO | train | The best f1_macro util now is 0.9941, at step 208
2024-11-11 00:27:34 | INFO | train | The best f1_micro util now is 0.9945, at step 208
2024-11-11 00:28:20 | INFO | train | ----------------------------------------------------------------------------------
2024-11-11 00:28:20 | INFO | train | Time of iter training 45.92 s
2024-11-11 00:28:20 | INFO | train | On iter step 216:, global step 55297 Loss-step [0.1949 0.1949 0.0000]
2024-11-11 00:29:00 | INFO | train | In dataset train: Loss is [0.0803 0.0803 0.0000]
2024-11-11 00:29:00 | INFO | train | task-0		Acc is 0.9932, F1 is 0.9932
2024-11-11 00:29:00 | INFO | train | task-0		F1-macro is 0.9931, F1-micro is 0.9932
2024-11-11 00:29:00 | INFO | train | task-0		Pre is 0.9932, Rec is 0.9932
2024-11-11 00:29:00 | INFO | train | task-0		C_M is 
[[531   0   0   0   1   0   0   0]
 [  0 539   0   1   1   0   2   0]
 [  0   0 522   0   0   0   0   0]
 [  0   0   0 514   0   0   0   0]
 [  0   0   0   0 504   0   6   1]
 [  9   0   0   0   1 525   0   0]
 [  0   0   0   0   0   0 548   0]
 [  0   0   0   0   5   0   0 290]]
2024-11-11 00:29:39 | INFO | train | In dataset valid: Loss is [0.0839 0.0839 0.0000]
2024-11-11 00:29:39 | INFO | train | task-0		Acc is 0.9952, F1 is 0.9952
2024-11-11 00:29:39 | INFO | train | task-0		F1-macro is 0.9951, F1-micro is 0.9952
2024-11-11 00:29:39 | INFO | train | task-0		Pre is 0.9952, Rec is 0.9952
2024-11-11 00:29:39 | INFO | train | task-0		C_M is 
[[510   0   0   0   0   0   0   0]
 [  0 519   0   1   1   0   0   0]
 [  0   0 508   0   0   0   0   0]
 [  1   0   0 504   1   0   0   0]
 [  0   0   0   0 538   1   4   1]
 [  5   0   0   0   0 500   0   0]
 [  0   0   0   0   0   0 581   0]
 [  0   0   0   0   3   0   1 321]]
2024-11-11 00:30:19 | INFO | train | In dataset test: Loss is [0.1867 0.1867 0.0000]
2024-11-11 00:30:19 | INFO | train | task-0		Acc is 0.9915, F1 is 0.9915
2024-11-11 00:30:19 | INFO | train | task-0		F1-macro is 0.9912, F1-micro is 0.9915
2024-11-11 00:30:19 | INFO | train | task-0		Pre is 0.9915, Rec is 0.9915
2024-11-11 00:30:19 | INFO | train | task-0		C_M is 
[[522   0   0   0   1   0   0   0]
 [  0 532   0   0   2   0   0   0]
 [  0   0 548   0   0   1   0   0]
 [  0   0   0 570   5   0   0   0]
 [  0   0   0   0 500   1   8   1]
 [  8   0   0   0   2 524   0   0]
 [  0   0   0   0   0   0 500   0]
 [  1   0   0   0   3   1   0 270]]
2024-11-11 00:30:19 | INFO | train | The best f1_macro util now is 0.9941, at step 208
2024-11-11 00:30:19 | INFO | train | The best f1_micro util now is 0.9945, at step 208
2024-11-11 00:31:05 | INFO | train | ----------------------------------------------------------------------------------
2024-11-11 00:31:05 | INFO | train | Time of iter training 46.01 s
2024-11-11 00:31:05 | INFO | train | On iter step 217:, global step 55553 Loss-step [0.1921 0.1921 0.0000]
2024-11-11 00:31:44 | INFO | train | In dataset train: Loss is [0.0934 0.0934 0.0000]
2024-11-11 00:31:44 | INFO | train | task-0		Acc is 0.9938, F1 is 0.9938
2024-11-11 00:31:44 | INFO | train | task-0		F1-macro is 0.9934, F1-micro is 0.9938
2024-11-11 00:31:44 | INFO | train | task-0		Pre is 0.9938, Rec is 0.9938
2024-11-11 00:31:44 | INFO | train | task-0		C_M is 
[[531   0   0   0   1   0   0   0]
 [  0 539   0   2   0   0   2   0]
 [  0   0 522   0   0   0   0   0]
 [  0   0   0 514   0   0   0   0]
 [  0   0   0   0 506   0   5   0]
 [  8   0   0   0   0 527   0   0]
 [  0   0   0   0   0   0 548   0]
 [  0   0   0   0   5   2   0 288]]
2024-11-11 00:32:24 | INFO | train | In dataset valid: Loss is [0.0778 0.0778 0.0000]
2024-11-11 00:32:24 | INFO | train | task-0		Acc is 0.9962, F1 is 0.9962
2024-11-11 00:32:24 | INFO | train | task-0		F1-macro is 0.9959, F1-micro is 0.9962
2024-11-11 00:32:24 | INFO | train | task-0		Pre is 0.9962, Rec is 0.9962
2024-11-11 00:32:24 | INFO | train | task-0		C_M is 
[[510   0   0   0   0   0   0   0]
 [  0 519   0   1   1   0   0   0]
 [  0   0 508   0   0   0   0   0]
 [  0   1   0 505   0   0   0   0]
 [  0   0   0   0 540   0   2   2]
 [  3   0   0   0   0 502   0   0]
 [  0   0   0   0   0   0 581   0]
 [  0   0   0   0   3   1   1 320]]
2024-11-11 00:33:03 | INFO | train | In dataset test: Loss is [0.1398 0.1398 0.0000]
2024-11-11 00:33:03 | INFO | train | task-0		Acc is 0.9945, F1 is 0.9945
2024-11-11 00:33:03 | INFO | train | task-0		F1-macro is 0.9940, F1-micro is 0.9945
2024-11-11 00:33:03 | INFO | train | task-0		Pre is 0.9945, Rec is 0.9945
2024-11-11 00:33:03 | INFO | train | task-0		C_M is 
[[523   0   0   0   0   0   0   0]
 [  0 532   0   1   1   0   0   0]
 [  0   0 549   0   0   0   0   0]
 [  0   0   0 573   2   0   0   0]
 [  0   0   0   0 501   1   5   3]
 [  5   0   0   0   0 529   0   0]
 [  0   0   0   0   0   0 500   0]
 [  1   0   0   0   2   1   0 271]]
2024-11-11 00:33:03 | INFO | train | The best f1_macro util now is 0.9941, at step 208
2024-11-11 00:33:03 | INFO | train | The best f1_micro util now is 0.9945, at step 208
2024-11-11 00:33:49 | INFO | train | ----------------------------------------------------------------------------------
2024-11-11 00:33:49 | INFO | train | Time of iter training 45.94 s
2024-11-11 00:33:49 | INFO | train | On iter step 218:, global step 55809 Loss-step [0.0899 0.0899 0.0000]
2024-11-11 00:34:29 | INFO | train | In dataset train: Loss is [0.0684 0.0684 0.0000]
2024-11-11 00:34:29 | INFO | train | task-0		Acc is 0.9935, F1 is 0.9935
2024-11-11 00:34:29 | INFO | train | task-0		F1-macro is 0.9932, F1-micro is 0.9935
2024-11-11 00:34:29 | INFO | train | task-0		Pre is 0.9935, Rec is 0.9935
2024-11-11 00:34:29 | INFO | train | task-0		C_M is 
[[531   0   0   0   1   0   0   0]
 [  0 540   0   1   2   0   0   0]
 [  0   0 522   0   0   0   0   0]
 [  0   0   0 514   0   0   0   0]
 [  0   0   0   0 508   0   2   1]
 [ 13   0   0   0   0 522   0   0]
 [  0   0   0   0   0   0 548   0]
 [  0   1   0   0   5   0   0 289]]
2024-11-11 00:35:08 | INFO | train | In dataset valid: Loss is [0.0738 0.0738 0.0000]
2024-11-11 00:35:08 | INFO | train | task-0		Acc is 0.9960, F1 is 0.9960
2024-11-11 00:35:08 | INFO | train | task-0		F1-macro is 0.9957, F1-micro is 0.9960
2024-11-11 00:35:08 | INFO | train | task-0		Pre is 0.9960, Rec is 0.9960
2024-11-11 00:35:08 | INFO | train | task-0		C_M is 
[[510   0   0   0   0   0   0   0]
 [  0 520   0   0   1   0   0   0]
 [  0   0 508   0   0   0   0   0]
 [  0   1   0 505   0   0   0   0]
 [  0   0   0   0 538   1   2   3]
 [  3   0   0   0   0 502   0   0]
 [  0   0   0   0   1   0 580   0]
 [  1   0   0   0   3   0   0 321]]
2024-11-11 00:35:48 | INFO | train | In dataset test: Loss is [0.1506 0.1506 0.0000]
2024-11-11 00:35:48 | INFO | train | task-0		Acc is 0.9945, F1 is 0.9945
2024-11-11 00:35:48 | INFO | train | task-0		F1-macro is 0.9941, F1-micro is 0.9945
2024-11-11 00:35:48 | INFO | train | task-0		Pre is 0.9945, Rec is 0.9945
2024-11-11 00:35:48 | INFO | train | task-0		C_M is 
[[523   0   0   0   0   0   0   0]
 [  0 532   0   0   2   0   0   0]
 [  0   0 549   0   0   0   0   0]
 [  0   0   0 573   2   0   0   0]
 [  1   0   0   0 503   1   3   2]
 [  7   0   0   0   0 527   0   0]
 [  0   0   0   0   0   0 500   0]
 [  2   0   0   0   2   0   0 271]]
2024-11-11 00:35:48 | INFO | train | The best f1_macro util now is 0.9941, at step 208
2024-11-11 00:35:48 | INFO | train | The best f1_micro util now is 0.9945, at step 208
2024-11-11 00:36:34 | INFO | train | ----------------------------------------------------------------------------------
2024-11-11 00:36:34 | INFO | train | Time of iter training 46.12 s
2024-11-11 00:36:34 | INFO | train | On iter step 219:, global step 56065 Loss-step [0.1393 0.1393 0.0000]
2024-11-11 00:37:13 | INFO | train | In dataset train: Loss is [0.0595 0.0595 0.0000]
2024-11-11 00:37:13 | INFO | train | task-0		Acc is 0.9942, F1 is 0.9942
2024-11-11 00:37:13 | INFO | train | task-0		F1-macro is 0.9941, F1-micro is 0.9942
2024-11-11 00:37:13 | INFO | train | task-0		Pre is 0.9942, Rec is 0.9942
2024-11-11 00:37:13 | INFO | train | task-0		C_M is 
[[531   0   0   0   1   0   0   0]
 [  0 541   0   0   0   0   2   0]
 [  0   0 522   0   0   0   0   0]
 [  0   0   0 514   0   0   0   0]
 [  0   0   0   0 509   0   2   0]
 [ 13   0   0   0   0 522   0   0]
 [  0   0   0   0   0   0 548   0]
 [  0   0   0   0   5   0   0 290]]
2024-11-11 00:37:53 | INFO | train | In dataset valid: Loss is [0.0658 0.0658 0.0000]
2024-11-11 00:37:53 | INFO | train | task-0		Acc is 0.9960, F1 is 0.9960
2024-11-11 00:37:53 | INFO | train | task-0		F1-macro is 0.9958, F1-micro is 0.9960
2024-11-11 00:37:53 | INFO | train | task-0		Pre is 0.9960, Rec is 0.9960
2024-11-11 00:37:53 | INFO | train | task-0		C_M is 
[[510   0   0   0   0   0   0   0]
 [  0 520   0   0   1   0   0   0]
 [  0   0 508   0   0   0   0   0]
 [  0   2   0 504   0   0   0   0]
 [  0   0   0   0 541   0   1   2]
 [  3   0   0   0   1 501   0   0]
 [  0   0   0   0   2   0 579   0]
 [  1   0   0   0   3   0   0 321]]
2024-11-11 00:38:32 | INFO | train | In dataset test: Loss is [0.1419 0.1419 0.0000]
2024-11-11 00:38:32 | INFO | train | task-0		Acc is 0.9948, F1 is 0.9948
2024-11-11 00:38:32 | INFO | train | task-0		F1-macro is 0.9944, F1-micro is 0.9948
2024-11-11 00:38:32 | INFO | train | task-0		Pre is 0.9948, Rec is 0.9948
2024-11-11 00:38:32 | INFO | train | task-0		C_M is 
[[523   0   0   0   0   0   0   0]
 [  0 532   0   0   2   0   0   0]
 [  0   0 549   0   0   0   0   0]
 [  0   1   0 572   2   0   0   0]
 [  1   0   0   0 505   1   1   2]
 [  7   0   0   0   0 527   0   0]
 [  0   0   0   0   0   0 500   0]
 [  2   0   0   0   2   0   0 271]]
2024-11-11 00:38:32 | INFO | train | The best f1_macro util now is 0.9941, at step 208
2024-11-11 00:38:32 | INFO | train | The best f1_micro util now is 0.9945, at step 208
2024-11-11 00:39:19 | INFO | train | ----------------------------------------------------------------------------------
2024-11-11 00:39:19 | INFO | train | Time of iter training 46.06 s
2024-11-11 00:39:19 | INFO | train | On iter step 220:, global step 56321 Loss-step [0.1165 0.1165 0.0000]
2024-11-11 00:39:58 | INFO | train | In dataset train: Loss is [0.0618 0.0618 0.0000]
2024-11-11 00:39:58 | INFO | train | task-0		Acc is 0.9960, F1 is 0.9960
2024-11-11 00:39:58 | INFO | train | task-0		F1-macro is 0.9957, F1-micro is 0.9960
2024-11-11 00:39:58 | INFO | train | task-0		Pre is 0.9960, Rec is 0.9960
2024-11-11 00:39:58 | INFO | train | task-0		C_M is 
[[531   0   0   0   1   0   0   0]
 [  0 540   0   1   0   0   2   0]
 [  0   0 522   0   0   0   0   0]
 [  0   0   0 514   0   0   0   0]
 [  0   0   0   0 506   0   5   0]
 [  2   0   0   0   0 533   0   0]
 [  0   0   0   0   0   0 548   0]
 [  0   0   0   0   5   0   0 290]]
2024-11-11 00:40:37 | INFO | train | In dataset valid: Loss is [0.0668 0.0668 0.0000]
2024-11-11 00:40:37 | INFO | train | task-0		Acc is 0.9968, F1 is 0.9968
2024-11-11 00:40:37 | INFO | train | task-0		F1-macro is 0.9964, F1-micro is 0.9968
2024-11-11 00:40:37 | INFO | train | task-0		Pre is 0.9968, Rec is 0.9968
2024-11-11 00:40:37 | INFO | train | task-0		C_M is 
[[509   0   0   0   0   1   0   0]
 [  0 520   0   0   1   0   0   0]
 [  0   0 506   0   0   0   0   2]
 [  1   0   0 505   0   0   0   0]
 [  0   0   0   0 539   1   2   2]
 [  0   0   0   0   0 505   0   0]
 [  0   0   0   0   0   0 581   0]
 [  0   0   0   0   3   0   0 322]]
2024-11-11 00:41:17 | INFO | train | In dataset test: Loss is [0.1308 0.1308 0.0000]
2024-11-11 00:41:17 | INFO | train | task-0		Acc is 0.9940, F1 is 0.9940
2024-11-11 00:41:17 | INFO | train | task-0		F1-macro is 0.9935, F1-micro is 0.9940
2024-11-11 00:41:17 | INFO | train | task-0		Pre is 0.9940, Rec is 0.9940
2024-11-11 00:41:17 | INFO | train | task-0		C_M is 
[[521   0   0   0   0   2   0   0]
 [  0 532   0   1   1   0   0   0]
 [  0   0 548   0   0   0   0   1]
 [  0   0   0 573   2   0   0   0]
 [  0   0   0   0 500   2   6   2]
 [  3   0   0   0   0 531   0   0]
 [  0   0   0   0   0   0 500   0]
 [  1   0   0   0   3   0   0 271]]
2024-11-11 00:41:17 | INFO | train | The best f1_macro util now is 0.9941, at step 208
2024-11-11 00:41:17 | INFO | train | The best f1_micro util now is 0.9945, at step 208
2024-11-11 00:42:03 | INFO | train | ----------------------------------------------------------------------------------
2024-11-11 00:42:03 | INFO | train | Time of iter training 46.11 s
2024-11-11 00:42:03 | INFO | train | On iter step 221:, global step 56577 Loss-step [0.1305 0.1305 0.0000]
2024-11-11 00:42:42 | INFO | train | In dataset train: Loss is [0.0741 0.0741 0.0000]
2024-11-11 00:42:42 | INFO | train | task-0		Acc is 0.9952, F1 is 0.9952
2024-11-11 00:42:42 | INFO | train | task-0		F1-macro is 0.9948, F1-micro is 0.9952
2024-11-11 00:42:42 | INFO | train | task-0		Pre is 0.9952, Rec is 0.9952
2024-11-11 00:42:42 | INFO | train | task-0		C_M is 
[[531   0   0   0   1   0   0   0]
 [  0 540   0   1   2   0   0   0]
 [  0   0 522   0   0   0   0   0]
 [  0   0   0 514   0   0   0   0]
 [  0   0   0   0 511   0   0   0]
 [  6   0   0   0   0 529   0   0]
 [  0   0   0   0   2   0 546   0]
 [  0   0   0   0   7   0   0 288]]
2024-11-11 00:43:21 | INFO | train | In dataset valid: Loss is [0.0765 0.0765 0.0000]
2024-11-11 00:43:21 | INFO | train | task-0		Acc is 0.9968, F1 is 0.9968
2024-11-11 00:43:21 | INFO | train | task-0		F1-macro is 0.9965, F1-micro is 0.9968
2024-11-11 00:43:21 | INFO | train | task-0		Pre is 0.9968, Rec is 0.9968
2024-11-11 00:43:21 | INFO | train | task-0		C_M is 
[[510   0   0   0   0   0   0   0]
 [  0 520   0   0   1   0   0   0]
 [  0   0 506   0   0   0   0   2]
 [  1   0   0 505   0   0   0   0]
 [  0   0   0   0 544   0   0   0]
 [  1   0   0   0   1 503   0   0]
 [  0   0   0   0   3   0 578   0]
 [  0   0   0   0   4   0   0 321]]
2024-11-11 00:44:01 | INFO | train | In dataset test: Loss is [0.1109 0.1109 0.0000]
2024-11-11 00:44:01 | INFO | train | task-0		Acc is 0.9952, F1 is 0.9952
2024-11-11 00:44:01 | INFO | train | task-0		F1-macro is 0.9948, F1-micro is 0.9952
2024-11-11 00:44:01 | INFO | train | task-0		Pre is 0.9952, Rec is 0.9952
2024-11-11 00:44:01 | INFO | train | task-0		C_M is 
[[522   0   0   0   0   1   0   0]
 [  0 532   0   1   1   0   0   0]
 [  0   0 548   0   0   0   0   1]
 [  0   0   0 573   2   0   0   0]
 [  0   0   0   0 508   1   0   1]
 [  4   0   0   0   0 530   0   0]
 [  0   0   0   0   3   0 497   0]
 [  0   1   0   0   3   0   0 271]]
2024-11-11 00:44:01 | INFO | train | The best f1_macro util now is 0.9941, at step 208
2024-11-11 00:44:01 | INFO | train | The best f1_micro util now is 0.9945, at step 208
2024-11-11 00:44:47 | INFO | train | ----------------------------------------------------------------------------------
2024-11-11 00:44:47 | INFO | train | Time of iter training 45.75 s
2024-11-11 00:44:47 | INFO | train | On iter step 222:, global step 56833 Loss-step [0.1775 0.1775 0.0000]
2024-11-11 00:45:26 | INFO | train | In dataset train: Loss is [0.1554 0.1554 0.0000]
2024-11-11 00:45:26 | INFO | train | task-0		Acc is 0.9958, F1 is 0.9958
2024-11-11 00:45:26 | INFO | train | task-0		F1-macro is 0.9955, F1-micro is 0.9958
2024-11-11 00:45:26 | INFO | train | task-0		Pre is 0.9958, Rec is 0.9958
2024-11-11 00:45:26 | INFO | train | task-0		C_M is 
[[528   0   0   0   1   3   0   0]
 [  0 539   0   1   3   0   0   0]
 [  0   0 522   0   0   0   0   0]
 [  0   0   0 514   0   0   0   0]
 [  0   0   0   0 509   0   0   2]
 [  0   0   0   0   0 535   0   0]
 [  0   0   0   0   4   0 544   0]
 [  0   0   0   0   3   0   0 292]]
2024-11-11 00:46:06 | INFO | train | In dataset valid: Loss is [0.2165 0.2165 0.0000]
2024-11-11 00:46:06 | INFO | train | task-0		Acc is 0.9950, F1 is 0.9950
2024-11-11 00:46:06 | INFO | train | task-0		F1-macro is 0.9947, F1-micro is 0.9950
2024-11-11 00:46:06 | INFO | train | task-0		Pre is 0.9950, Rec is 0.9950
2024-11-11 00:46:06 | INFO | train | task-0		C_M is 
[[507   0   0   0   0   3   0   0]
 [  0 520   0   0   1   0   0   0]
 [  0   0 506   0   2   0   0   0]
 [  1   0   0 505   0   0   0   0]
 [  0   0   0   0 539   0   0   5]
 [  0   0   0   0   0 505   0   0]
 [  0   0   0   0   5   0 576   0]
 [  0   0   0   0   3   0   0 322]]
2024-11-11 00:46:45 | INFO | train | In dataset test: Loss is [0.2596 0.2596 0.0000]
2024-11-11 00:46:45 | INFO | train | task-0		Acc is 0.9948, F1 is 0.9948
2024-11-11 00:46:45 | INFO | train | task-0		F1-macro is 0.9940, F1-micro is 0.9948
2024-11-11 00:46:45 | INFO | train | task-0		Pre is 0.9948, Rec is 0.9948
2024-11-11 00:46:45 | INFO | train | task-0		C_M is 
[[522   0   0   0   0   1   0   0]
 [  0 532   0   0   2   0   0   0]
 [  0   0 548   0   1   0   0   0]
 [  0   0   0 573   2   0   0   0]
 [  0   0   0   0 503   1   0   6]
 [  1   0   0   0   0 533   0   0]
 [  0   0   0   0   4   0 496   0]
 [  0   0   0   0   3   0   0 272]]
2024-11-11 00:46:45 | INFO | train | The best f1_macro util now is 0.9941, at step 208
2024-11-11 00:46:45 | INFO | train | The best f1_micro util now is 0.9945, at step 208
2024-11-11 00:47:31 | INFO | train | ----------------------------------------------------------------------------------
2024-11-11 00:47:31 | INFO | train | Time of iter training 46.10 s
2024-11-11 00:47:31 | INFO | train | On iter step 223:, global step 57089 Loss-step [0.1129 0.1129 0.0000]
2024-11-11 00:48:11 | INFO | train | In dataset train: Loss is [0.0857 0.0857 0.0000]
2024-11-11 00:48:11 | INFO | train | task-0		Acc is 0.9925, F1 is 0.9925
2024-11-11 00:48:11 | INFO | train | task-0		F1-macro is 0.9923, F1-micro is 0.9925
2024-11-11 00:48:11 | INFO | train | task-0		Pre is 0.9925, Rec is 0.9925
2024-11-11 00:48:11 | INFO | train | task-0		C_M is 
[[526   0   0   0   1   5   0   0]
 [  0 539   0   1   1   0   2   0]
 [  0   0 522   0   0   0   0   0]
 [  0   0   0 514   0   0   0   0]
 [  0   0   0   0 491   0  14   6]
 [  0   0   0   0   0 535   0   0]
 [  0   0   0   0   0   0 548   0]
 [  0   0   0   0   0   0   0 295]]
2024-11-11 00:48:50 | INFO | train | In dataset valid: Loss is [0.1027 0.1027 0.0000]
2024-11-11 00:48:50 | INFO | train | task-0		Acc is 0.9910, F1 is 0.9910
2024-11-11 00:48:50 | INFO | train | task-0		F1-macro is 0.9908, F1-micro is 0.9910
2024-11-11 00:48:50 | INFO | train | task-0		Pre is 0.9910, Rec is 0.9910
2024-11-11 00:48:50 | INFO | train | task-0		C_M is 
[[504   0   0   0   0   6   0   0]
 [  0 520   0   0   1   0   0   0]
 [  0   0 506   0   0   0   2   0]
 [  1   0   0 505   0   0   0   0]
 [  0   0   0   0 519   0  14  11]
 [  0   0   0   0   1 504   0   0]
 [  0   0   0   0   0   0 581   0]
 [  0   0   0   0   0   0   0 325]]
2024-11-11 00:49:30 | INFO | train | In dataset test: Loss is [0.1273 0.1273 0.0000]
2024-11-11 00:49:30 | INFO | train | task-0		Acc is 0.9900, F1 is 0.9900
2024-11-11 00:49:30 | INFO | train | task-0		F1-macro is 0.9889, F1-micro is 0.9900
2024-11-11 00:49:30 | INFO | train | task-0		Pre is 0.9900, Rec is 0.9900
2024-11-11 00:49:30 | INFO | train | task-0		C_M is 
[[518   0   0   0   0   5   0   0]
 [  0 532   0   0   1   0   1   0]
 [  0   0 548   0   0   0   1   0]
 [  0   0   0 573   2   0   0   0]
 [  0   0   0   0 482   1  16  11]
 [  0   0   0   0   0 534   0   0]
 [  0   0   0   0   0   0 500   0]
 [  0   0   0   0   2   0   0 273]]
2024-11-11 00:49:30 | INFO | train | The best f1_macro util now is 0.9941, at step 208
2024-11-11 00:49:30 | INFO | train | The best f1_micro util now is 0.9945, at step 208
2024-11-11 00:50:16 | INFO | train | ----------------------------------------------------------------------------------
2024-11-11 00:50:16 | INFO | train | Time of iter training 46.15 s
2024-11-11 00:50:16 | INFO | train | On iter step 224:, global step 57345 Loss-step [0.0720 0.0720 0.0000]
2024-11-11 00:50:56 | INFO | train | In dataset train: Loss is [0.0692 0.0692 0.0000]
2024-11-11 00:50:56 | INFO | train | task-0		Acc is 0.9972, F1 is 0.9972
2024-11-11 00:50:56 | INFO | train | task-0		F1-macro is 0.9971, F1-micro is 0.9972
2024-11-11 00:50:56 | INFO | train | task-0		Pre is 0.9972, Rec is 0.9972
2024-11-11 00:50:56 | INFO | train | task-0		C_M is 
[[532   0   0   0   0   0   0   0]
 [  0 539   0   1   1   0   2   0]
 [  0   0 522   0   0   0   0   0]
 [  0   0   0 514   0   0   0   0]
 [  0   0   0   0 507   0   1   3]
 [  2   0   0   0   0 533   0   0]
 [  0   0   0   0   1   0 547   0]
 [  0   0   0   0   0   0   0 295]]
2024-11-11 00:51:35 | INFO | train | In dataset valid: Loss is [0.0940 0.0940 0.0000]
2024-11-11 00:51:35 | INFO | train | task-0		Acc is 0.9958, F1 is 0.9958
2024-11-11 00:51:35 | INFO | train | task-0		F1-macro is 0.9954, F1-micro is 0.9958
2024-11-11 00:51:35 | INFO | train | task-0		Pre is 0.9958, Rec is 0.9958
2024-11-11 00:51:35 | INFO | train | task-0		C_M is 
[[510   0   0   0   0   0   0   0]
 [  0 520   0   0   1   0   0   0]
 [  0   0 506   0   2   0   0   0]
 [  1   0   0 505   0   0   0   0]
 [  0   0   0   0 538   0   0   6]
 [  0   0   0   0   1 504   0   0]
 [  0   0   0   0   3   0 578   0]
 [  0   0   0   0   3   0   0 322]]
2024-11-11 00:52:15 | INFO | train | In dataset test: Loss is [0.1165 0.1165 0.0000]
2024-11-11 00:52:15 | INFO | train | task-0		Acc is 0.9950, F1 is 0.9950
2024-11-11 00:52:15 | INFO | train | task-0		F1-macro is 0.9942, F1-micro is 0.9950
2024-11-11 00:52:15 | INFO | train | task-0		Pre is 0.9950, Rec is 0.9950
2024-11-11 00:52:15 | INFO | train | task-0		C_M is 
[[522   0   0   0   0   1   0   0]
 [  0 532   0   0   1   0   1   0]
 [  0   0 548   0   1   0   0   0]
 [  0   0   0 573   2   0   0   0]
 [  0   0   0   0 502   1   0   7]
 [  2   0   0   0   0 532   0   0]
 [  0   0   0   0   2   0 498   0]
 [  0   0   0   0   2   0   0 273]]
2024-11-11 00:52:15 | INFO | train | The best f1_macro util now is 0.9941, at step 208
2024-11-11 00:52:15 | INFO | train | The best f1_micro util now is 0.9945, at step 208
2024-11-11 00:52:24 | INFO | deepnet.data.dataset_text | Read next training chunk, data size is 54265
2024-11-11 00:53:03 | INFO | train | ----------------------------------------------------------------------------------
2024-11-11 00:53:03 | INFO | train | Time of iter training 48.05 s
2024-11-11 00:53:03 | INFO | train | On iter step 225:, global step 57601 Loss-step [0.1192 0.1192 0.0000]
2024-11-11 00:53:42 | INFO | train | In dataset train: Loss is [0.0878 0.0878 0.0000]
2024-11-11 00:53:42 | INFO | train | task-0		Acc is 0.9950, F1 is 0.9950
2024-11-11 00:53:42 | INFO | train | task-0		F1-macro is 0.9947, F1-micro is 0.9950
2024-11-11 00:53:42 | INFO | train | task-0		Pre is 0.9950, Rec is 0.9950
2024-11-11 00:53:42 | INFO | train | task-0		C_M is 
[[532   0   0   0   0   0   0   0]
 [  0 540   0   0   1   0   2   0]
 [  0   0 522   0   0   0   0   0]
 [  0   0   0 514   0   0   0   0]
 [  0   0   0   0 498   0   7   6]
 [  4   0   0   0   0 531   0   0]
 [  0   0   0   0   0   0 548   0]
 [  0   0   0   0   0   0   0 295]]
2024-11-11 00:54:21 | INFO | train | In dataset valid: Loss is [0.1020 0.1020 0.0000]
2024-11-11 00:54:21 | INFO | train | task-0		Acc is 0.9950, F1 is 0.9950
2024-11-11 00:54:21 | INFO | train | task-0		F1-macro is 0.9947, F1-micro is 0.9950
2024-11-11 00:54:21 | INFO | train | task-0		Pre is 0.9950, Rec is 0.9950
2024-11-11 00:54:21 | INFO | train | task-0		C_M is 
[[510   0   0   0   0   0   0   0]
 [  0 520   0   0   1   0   0   0]
 [  0   0 506   0   0   0   2   0]
 [  1   1   0 504   0   0   0   0]
 [  0   1   0   0 530   1   3   9]
 [  1   0   0   0   0 504   0   0]
 [  0   0   0   0   0   0 581   0]
 [  0   0   0   0   0   0   0 325]]
2024-11-11 00:55:01 | INFO | train | In dataset test: Loss is [0.1272 0.1272 0.0000]
2024-11-11 00:55:01 | INFO | train | task-0		Acc is 0.9922, F1 is 0.9922
2024-11-11 00:55:01 | INFO | train | task-0		F1-macro is 0.9913, F1-micro is 0.9922
2024-11-11 00:55:01 | INFO | train | task-0		Pre is 0.9922, Rec is 0.9922
2024-11-11 00:55:01 | INFO | train | task-0		C_M is 
[[522   0   0   0   0   1   0   0]
 [  0 533   0   0   0   0   1   0]
 [  0   0 548   0   1   0   0   0]
 [  0   1   0 572   2   0   0   0]
 [  0   0   0   0 491   2   6  11]
 [  5   0   0   0   0 529   0   0]
 [  0   0   0   0   0   0 500   0]
 [  0   0   0   0   1   0   0 274]]
2024-11-11 00:55:01 | INFO | train | The best f1_macro util now is 0.9941, at step 208
2024-11-11 00:55:01 | INFO | train | The best f1_micro util now is 0.9945, at step 208
2024-11-11 00:55:47 | INFO | train | ----------------------------------------------------------------------------------
2024-11-11 00:55:47 | INFO | train | Time of iter training 46.06 s
2024-11-11 00:55:47 | INFO | train | On iter step 226:, global step 57857 Loss-step [0.2045 0.2045 0.0000]
2024-11-11 00:56:26 | INFO | train | In dataset train: Loss is [0.1041 0.1041 0.0000]
2024-11-11 00:56:26 | INFO | train | task-0		Acc is 0.9972, F1 is 0.9972
2024-11-11 00:56:26 | INFO | train | task-0		F1-macro is 0.9969, F1-micro is 0.9972
2024-11-11 00:56:26 | INFO | train | task-0		Pre is 0.9972, Rec is 0.9972
2024-11-11 00:56:26 | INFO | train | task-0		C_M is 
[[530   0   0   0   0   1   1   0]
 [  0 541   0   0   0   0   2   0]
 [  0   0 522   0   0   0   0   0]
 [  0   0   0 514   0   0   0   0]
 [  0   0   0   0 508   0   1   2]
 [  0   0   0   0   0 535   0   0]
 [  0   0   0   0   1   0 547   0]
 [  0   1   0   0   2   0   0 292]]
2024-11-11 00:57:06 | INFO | train | In dataset valid: Loss is [0.1533 0.1533 0.0000]
2024-11-11 00:57:06 | INFO | train | task-0		Acc is 0.9945, F1 is 0.9945
2024-11-11 00:57:06 | INFO | train | task-0		F1-macro is 0.9943, F1-micro is 0.9945
2024-11-11 00:57:06 | INFO | train | task-0		Pre is 0.9945, Rec is 0.9945
2024-11-11 00:57:06 | INFO | train | task-0		C_M is 
[[509   0   0   0   0   1   0   0]
 [  0 520   0   0   1   0   0   0]
 [  0   0 506   0   1   0   1   0]
 [  1   1   0 504   0   0   0   0]
 [  0   1   0   0 539   0   1   3]
 [  0   0   0   0   4 501   0   0]
 [  0   0   0   0   3   0 578   0]
 [  0   1   0   0   3   0   0 321]]
2024-11-11 00:57:45 | INFO | train | In dataset test: Loss is [0.1637 0.1637 0.0000]
2024-11-11 00:57:45 | INFO | train | task-0		Acc is 0.9960, F1 is 0.9960
2024-11-11 00:57:45 | INFO | train | task-0		F1-macro is 0.9956, F1-micro is 0.9960
2024-11-11 00:57:45 | INFO | train | task-0		Pre is 0.9960, Rec is 0.9960
2024-11-11 00:57:45 | INFO | train | task-0		C_M is 
[[522   0   0   0   1   0   0   0]
 [  0 532   0   0   1   0   1   0]
 [  0   0 548   0   1   0   0   0]
 [  0   1   0 572   2   0   0   0]
 [  0   0   0   0 506   1   1   2]
 [  0   0   0   0   1 533   0   0]
 [  0   0   0   0   1   0 499   0]
 [  0   0   0   0   2   0   1 272]]
2024-11-11 00:57:45 | INFO | train | The best f1_macro util now is 0.9941, at step 208
2024-11-11 00:57:45 | INFO | train | The best f1_micro util now is 0.9945, at step 208
2024-11-11 00:58:31 | INFO | train | ----------------------------------------------------------------------------------
2024-11-11 00:58:31 | INFO | train | Time of iter training 45.91 s
2024-11-11 00:58:31 | INFO | train | On iter step 227:, global step 58113 Loss-step [0.2261 0.2261 0.0000]
2024-11-11 00:59:11 | INFO | train | In dataset train: Loss is [0.0803 0.0803 0.0000]
2024-11-11 00:59:11 | INFO | train | task-0		Acc is 0.9968, F1 is 0.9968
2024-11-11 00:59:11 | INFO | train | task-0		F1-macro is 0.9966, F1-micro is 0.9968
2024-11-11 00:59:11 | INFO | train | task-0		Pre is 0.9968, Rec is 0.9968
2024-11-11 00:59:11 | INFO | train | task-0		C_M is 
[[531   0   0   0   1   0   0   0]
 [  0 539   0   1   1   0   2   0]
 [  0   0 522   0   0   0   0   0]
 [  0   0   0 514   0   0   0   0]
 [  0   0   0   0 507   0   1   3]
 [  1   1   0   0   0 533   0   0]
 [  0   0   0   0   1   0 547   0]
 [  0   1   0   0   0   0   0 294]]
2024-11-11 00:59:50 | INFO | train | In dataset valid: Loss is [0.1016 0.1016 0.0000]
2024-11-11 00:59:50 | INFO | train | task-0		Acc is 0.9970, F1 is 0.9970
2024-11-11 00:59:50 | INFO | train | task-0		F1-macro is 0.9968, F1-micro is 0.9970
2024-11-11 00:59:50 | INFO | train | task-0		Pre is 0.9970, Rec is 0.9970
2024-11-11 00:59:50 | INFO | train | task-0		C_M is 
[[510   0   0   0   0   0   0   0]
 [  0 520   0   0   1   0   0   0]
 [  0   0 506   0   1   0   0   1]
 [  1   0   0 505   0   0   0   0]
 [  0   0   0   0 542   1   0   1]
 [  1   0   0   0   0 504   0   0]
 [  0   0   0   0   2   0 577   2]
 [  0   0   0   0   1   0   0 324]]
2024-11-11 01:00:30 | INFO | train | In dataset test: Loss is [0.1294 0.1294 0.0000]
2024-11-11 01:00:30 | INFO | train | task-0		Acc is 0.9958, F1 is 0.9958
2024-11-11 01:00:30 | INFO | train | task-0		F1-macro is 0.9954, F1-micro is 0.9958
2024-11-11 01:00:30 | INFO | train | task-0		Pre is 0.9958, Rec is 0.9958
2024-11-11 01:00:30 | INFO | train | task-0		C_M is 
[[521   1   0   0   0   1   0   0]
 [  0 533   0   0   0   0   1   0]
 [  0   0 548   0   1   0   0   0]
 [  0   0   0 574   1   0   0   0]
 [  0   0   0   0 504   2   1   3]
 [  2   1   0   0   0 531   0   0]
 [  0   0   0   0   1   0 498   1]
 [  0   0   0   0   1   0   0 274]]
2024-11-11 01:00:30 | INFO | train | The best f1_macro util now is 0.9941, at step 208
2024-11-11 01:00:30 | INFO | train | The best f1_micro util now is 0.9945, at step 208
2024-11-11 01:01:15 | INFO | train | ----------------------------------------------------------------------------------
2024-11-11 01:01:15 | INFO | train | Time of iter training 45.81 s
2024-11-11 01:01:15 | INFO | train | On iter step 228:, global step 58369 Loss-step [0.1377 0.1377 0.0000]
2024-11-11 01:01:55 | INFO | train | In dataset train: Loss is [0.0999 0.0999 0.0000]
2024-11-11 01:01:55 | INFO | train | task-0		Acc is 0.9948, F1 is 0.9948
2024-11-11 01:01:55 | INFO | train | task-0		F1-macro is 0.9947, F1-micro is 0.9948
2024-11-11 01:01:55 | INFO | train | task-0		Pre is 0.9948, Rec is 0.9948
2024-11-11 01:01:55 | INFO | train | task-0		C_M is 
[[528   0   0   0   1   3   0   0]
 [  0 539   0   1   1   0   2   0]
 [  0   0 522   0   0   0   0   0]
 [  0   0   0 514   0   0   0   0]
 [  0   0   0   0 502   0   8   1]
 [  0   0   0   0   1 534   0   0]
 [  0   0   0   0   0   0 548   0]
 [  0   0   0   0   3   0   0 292]]
2024-11-11 01:02:34 | INFO | train | In dataset valid: Loss is [0.1023 0.1023 0.0000]
2024-11-11 01:02:34 | INFO | train | task-0		Acc is 0.9950, F1 is 0.9950
2024-11-11 01:02:34 | INFO | train | task-0		F1-macro is 0.9952, F1-micro is 0.9950
2024-11-11 01:02:34 | INFO | train | task-0		Pre is 0.9950, Rec is 0.9950
2024-11-11 01:02:34 | INFO | train | task-0		C_M is 
[[503   0   0   0   0   7   0   0]
 [  0 520   0   0   1   0   0   0]
 [  0   0 506   0   1   0   1   0]
 [  1   0   0 505   0   0   0   0]
 [  0   0   0   0 537   0   7   0]
 [  0   0   0   0   0 505   0   0]
 [  0   0   0   0   0   0 581   0]
 [  0   0   0   0   2   0   0 323]]
2024-11-11 01:03:13 | INFO | train | In dataset test: Loss is [0.1237 0.1237 0.0000]
2024-11-11 01:03:13 | INFO | train | task-0		Acc is 0.9932, F1 is 0.9932
2024-11-11 01:03:13 | INFO | train | task-0		F1-macro is 0.9930, F1-micro is 0.9932
2024-11-11 01:03:13 | INFO | train | task-0		Pre is 0.9932, Rec is 0.9932
2024-11-11 01:03:13 | INFO | train | task-0		C_M is 
[[517   0   0   0   0   6   0   0]
 [  0 533   0   0   0   0   1   0]
 [  0   0 548   0   0   0   1   0]
 [  0   0   0 574   1   0   0   0]
 [  0   0   0   0 495   2  12   1]
 [  0   0   0   0   0 534   0   0]
 [  0   0   0   0   0   0 500   0]
 [  0   0   0   0   3   0   0 272]]
2024-11-11 01:03:13 | INFO | train | The best f1_macro util now is 0.9941, at step 208
2024-11-11 01:03:13 | INFO | train | The best f1_micro util now is 0.9945, at step 208
2024-11-11 01:04:00 | INFO | train | ----------------------------------------------------------------------------------
2024-11-11 01:04:00 | INFO | train | Time of iter training 46.19 s
2024-11-11 01:04:00 | INFO | train | On iter step 229:, global step 58625 Loss-step [0.2138 0.2138 0.0000]
2024-11-11 01:04:39 | INFO | train | In dataset train: Loss is [0.1031 0.1031 0.0000]
2024-11-11 01:04:39 | INFO | train | task-0		Acc is 0.9948, F1 is 0.9948
2024-11-11 01:04:39 | INFO | train | task-0		F1-macro is 0.9940, F1-micro is 0.9948
2024-11-11 01:04:39 | INFO | train | task-0		Pre is 0.9948, Rec is 0.9948
2024-11-11 01:04:39 | INFO | train | task-0		C_M is 
[[530   0   0   0   1   1   0   0]
 [  0 539   0   1   1   0   2   0]
 [  0   0 522   0   0   0   0   0]
 [  0   0   0 514   0   0   0   0]
 [  0   0   0   0 509   0   2   0]
 [  1   0   0   1   0 533   0   0]
 [  0   0   0   0   0   0 548   0]
 [  0   2   0   0   9   0   0 284]]
2024-11-11 01:05:18 | INFO | train | In dataset valid: Loss is [0.1108 0.1108 0.0000]
2024-11-11 01:05:18 | INFO | train | task-0		Acc is 0.9965, F1 is 0.9965
2024-11-11 01:05:18 | INFO | train | task-0		F1-macro is 0.9962, F1-micro is 0.9965
2024-11-11 01:05:18 | INFO | train | task-0		Pre is 0.9965, Rec is 0.9965
2024-11-11 01:05:18 | INFO | train | task-0		C_M is 
[[509   0   0   0   0   1   0   0]
 [  0 520   0   0   1   0   0   0]
 [  0   0 506   0   1   0   0   1]
 [  1   0   0 505   0   0   0   0]
 [  1   1   0   0 541   0   1   0]
 [  0   0   0   0   0 505   0   0]
 [  0   0   0   0   0   0 581   0]
 [  0   0   0   0   6   0   0 319]]
2024-11-11 01:05:58 | INFO | train | In dataset test: Loss is [0.1104 0.1104 0.0000]
2024-11-11 01:05:58 | INFO | train | task-0		Acc is 0.9965, F1 is 0.9965
2024-11-11 01:05:58 | INFO | train | task-0		F1-macro is 0.9960, F1-micro is 0.9965
2024-11-11 01:05:58 | INFO | train | task-0		Pre is 0.9965, Rec is 0.9965
2024-11-11 01:05:58 | INFO | train | task-0		C_M is 
[[522   0   0   0   0   1   0   0]
 [  0 533   0   0   0   0   1   0]
 [  0   0 548   0   1   0   0   0]
 [  0   0   0 574   1   0   0   0]
 [  0   0   0   0 505   1   3   1]
 [  0   0   0   0   0 534   0   0]
 [  0   0   0   0   0   0 500   0]
 [  0   0   0   0   5   0   0 270]]
2024-11-11 01:05:58 | INFO | train | The best f1_macro util now is 0.9941, at step 208
2024-11-11 01:05:58 | INFO | train | The best f1_micro util now is 0.9945, at step 208
2024-11-11 01:06:44 | INFO | train | ----------------------------------------------------------------------------------
2024-11-11 01:06:44 | INFO | train | Time of iter training 45.96 s
2024-11-11 01:06:44 | INFO | train | On iter step 230:, global step 58881 Loss-step [0.1129 0.1129 0.0000]
2024-11-11 01:07:23 | INFO | train | In dataset train: Loss is [0.0846 0.0846 0.0000]
2024-11-11 01:07:23 | INFO | train | task-0		Acc is 0.9950, F1 is 0.9950
2024-11-11 01:07:23 | INFO | train | task-0		F1-macro is 0.9947, F1-micro is 0.9950
2024-11-11 01:07:23 | INFO | train | task-0		Pre is 0.9950, Rec is 0.9950
2024-11-11 01:07:23 | INFO | train | task-0		C_M is 
[[531   0   0   0   1   0   0   0]
 [  0 538   0   2   1   0   2   0]
 [  0   0 522   0   0   0   0   0]
 [  0   0   0 513   1   0   0   0]
 [  0   0   0   0 507   0   4   0]
 [  2   0   0   1   0 532   0   0]
 [  0   0   0   0   0   0 548   0]
 [  0   0   0   0   6   0   0 289]]
2024-11-11 01:08:02 | INFO | train | In dataset valid: Loss is [0.0870 0.0870 0.0000]
2024-11-11 01:08:02 | INFO | train | task-0		Acc is 0.9972, F1 is 0.9972
2024-11-11 01:08:02 | INFO | train | task-0		F1-macro is 0.9970, F1-micro is 0.9972
2024-11-11 01:08:02 | INFO | train | task-0		Pre is 0.9972, Rec is 0.9972
2024-11-11 01:08:02 | INFO | train | task-0		C_M is 
[[510   0   0   0   0   0   0   0]
 [  0 519   0   1   1   0   0   0]
 [  0   0 506   0   1   0   1   0]
 [  1   0   0 505   0   0   0   0]
 [  0   1   0   0 543   0   0   0]
 [  0   0   0   0   0 505   0   0]
 [  0   0   0   0   0   0 581   0]
 [  1   0   0   0   4   0   0 320]]
2024-11-11 01:08:42 | INFO | train | In dataset test: Loss is [0.1224 0.1224 0.0000]
2024-11-11 01:08:42 | INFO | train | task-0		Acc is 0.9955, F1 is 0.9955
2024-11-11 01:08:42 | INFO | train | task-0		F1-macro is 0.9951, F1-micro is 0.9955
2024-11-11 01:08:42 | INFO | train | task-0		Pre is 0.9955, Rec is 0.9955
2024-11-11 01:08:42 | INFO | train | task-0		C_M is 
[[522   0   0   0   0   1   0   0]
 [  0 533   0   0   0   0   1   0]
 [  0   0 548   0   1   0   0   0]
 [  0   0   0 574   1   0   0   0]
 [  0   0   0   0 503   1   5   1]
 [  3   0   0   0   0 531   0   0]
 [  0   0   0   0   0   0 500   0]
 [  0   0   0   0   4   0   0 271]]
2024-11-11 01:08:47 | INFO | train | The best f1_macro util now is 0.9951, at step 230
2024-11-11 01:08:53 | INFO | train | The best f1_micro util now is 0.9955, at step 230
2024-11-11 01:09:39 | INFO | train | ----------------------------------------------------------------------------------
2024-11-11 01:09:39 | INFO | train | Time of iter training 45.81 s
2024-11-11 01:09:39 | INFO | train | On iter step 231:, global step 59137 Loss-step [0.1197 0.1197 0.0000]
2024-11-11 01:10:18 | INFO | train | In dataset train: Loss is [0.1104 0.1104 0.0000]
2024-11-11 01:10:18 | INFO | train | task-0		Acc is 0.9958, F1 is 0.9958
2024-11-11 01:10:18 | INFO | train | task-0		F1-macro is 0.9955, F1-micro is 0.9958
2024-11-11 01:10:18 | INFO | train | task-0		Pre is 0.9958, Rec is 0.9958
2024-11-11 01:10:18 | INFO | train | task-0		C_M is 
[[530   0   0   0   0   2   0   0]
 [  0 538   0   2   1   0   2   0]
 [  0   0 522   0   0   0   0   0]
 [  0   0   0 514   0   0   0   0]
 [  0   0   0   1 509   0   1   0]
 [  1   0   0   2   0 532   0   0]
 [  0   0   0   0   0   0 548   0]
 [  0   0   0   1   4   0   0 290]]
2024-11-11 01:10:57 | INFO | train | In dataset valid: Loss is [0.1104 0.1104 0.0000]
2024-11-11 01:10:57 | INFO | train | task-0		Acc is 0.9962, F1 is 0.9962
2024-11-11 01:10:57 | INFO | train | task-0		F1-macro is 0.9961, F1-micro is 0.9962
2024-11-11 01:10:57 | INFO | train | task-0		Pre is 0.9962, Rec is 0.9962
2024-11-11 01:10:57 | INFO | train | task-0		C_M is 
[[509   0   0   0   0   1   0   0]
 [  0 519   0   1   1   0   0   0]
 [  0   0 506   0   1   0   1   0]
 [  1   0   0 505   0   0   0   0]
 [  0   1   0   0 543   0   0   0]
 [  0   0   0   0   0 505   0   0]
 [  0   0   0   0   3   0 578   0]
 [  0   1   0   1   3   0   0 320]]
2024-11-11 01:11:37 | INFO | train | In dataset test: Loss is [0.1308 0.1308 0.0000]
2024-11-11 01:11:37 | INFO | train | task-0		Acc is 0.9962, F1 is 0.9962
2024-11-11 01:11:37 | INFO | train | task-0		F1-macro is 0.9959, F1-micro is 0.9962
2024-11-11 01:11:37 | INFO | train | task-0		Pre is 0.9962, Rec is 0.9962
2024-11-11 01:11:37 | INFO | train | task-0		C_M is 
[[520   1   0   0   0   2   0   0]
 [  0 534   0   0   0   0   0   0]
 [  0   0 548   0   1   0   0   0]
 [  0   0   0 574   1   0   0   0]
 [  0   0   0   0 506   1   2   1]
 [  0   2   0   0   0 532   0   0]
 [  0   0   0   0   0   0 500   0]
 [  0   0   0   0   4   0   0 271]]
2024-11-11 01:11:37 | INFO | train | The best f1_macro util now is 0.9951, at step 230
2024-11-11 01:11:37 | INFO | train | The best f1_micro util now is 0.9955, at step 230
2024-11-11 01:12:23 | INFO | train | ----------------------------------------------------------------------------------
2024-11-11 01:12:23 | INFO | train | Time of iter training 46.22 s
2024-11-11 01:12:23 | INFO | train | On iter step 232:, global step 59393 Loss-step [0.0722 0.0722 0.0000]
2024-11-11 01:13:02 | INFO | train | In dataset train: Loss is [0.0898 0.0898 0.0000]
2024-11-11 01:13:02 | INFO | train | task-0		Acc is 0.9958, F1 is 0.9958
2024-11-11 01:13:02 | INFO | train | task-0		F1-macro is 0.9957, F1-micro is 0.9958
2024-11-11 01:13:02 | INFO | train | task-0		Pre is 0.9958, Rec is 0.9958
2024-11-11 01:13:02 | INFO | train | task-0		C_M is 
[[529   0   0   0   0   3   0   0]
 [  0 538   0   1   2   0   2   0]
 [  0   0 522   0   0   0   0   0]
 [  0   0   0 513   1   0   0   0]
 [  0   0   0   0 508   0   1   2]
 [  0   1   0   0   0 534   0   0]
 [  0   0   0   0   3   0 545   0]
 [  0   0   0   0   1   0   0 294]]
2024-11-11 01:13:41 | INFO | train | In dataset valid: Loss is [0.1162 0.1162 0.0000]
2024-11-11 01:13:41 | INFO | train | task-0		Acc is 0.9938, F1 is 0.9938
2024-11-11 01:13:41 | INFO | train | task-0		F1-macro is 0.9935, F1-micro is 0.9938
2024-11-11 01:13:41 | INFO | train | task-0		Pre is 0.9938, Rec is 0.9938
2024-11-11 01:13:41 | INFO | train | task-0		C_M is 
[[505   0   0   0   0   5   0   0]
 [  0 519   0   0   2   0   0   0]
 [  0   0 506   0   1   0   1   0]
 [  1   0   0 505   0   0   0   0]
 [  0   1   0   0 536   1   0   6]
 [  0   0   0   0   0 505   0   0]
 [  0   0   0   0   5   0 576   0]
 [  0   1   0   0   1   0   0 323]]
2024-11-11 01:14:21 | INFO | train | In dataset test: Loss is [0.1373 0.1373 0.0000]
2024-11-11 01:14:21 | INFO | train | task-0		Acc is 0.9952, F1 is 0.9952
2024-11-11 01:14:21 | INFO | train | task-0		F1-macro is 0.9947, F1-micro is 0.9952
2024-11-11 01:14:21 | INFO | train | task-0		Pre is 0.9952, Rec is 0.9952
2024-11-11 01:14:21 | INFO | train | task-0		C_M is 
[[520   1   0   0   0   2   0   0]
 [  0 532   0   0   1   0   1   0]
 [  0   0 548   0   1   0   0   0]
 [  0   0   0 574   1   0   0   0]
 [  0   0   0   0 505   1   0   4]
 [  0   1   0   0   0 533   0   0]
 [  0   0   0   0   3   0 497   0]
 [  0   0   0   0   3   0   0 272]]
2024-11-11 01:14:21 | INFO | train | The best f1_macro util now is 0.9951, at step 230
2024-11-11 01:14:21 | INFO | train | The best f1_micro util now is 0.9955, at step 230
2024-11-11 01:15:07 | INFO | train | ----------------------------------------------------------------------------------
2024-11-11 01:15:07 | INFO | train | Time of iter training 46.05 s
2024-11-11 01:15:07 | INFO | train | On iter step 233:, global step 59649 Loss-step [0.0986 0.0986 0.0000]
2024-11-11 01:15:47 | INFO | train | In dataset train: Loss is [0.0731 0.0731 0.0000]
2024-11-11 01:15:47 | INFO | train | task-0		Acc is 0.9965, F1 is 0.9965
2024-11-11 01:15:47 | INFO | train | task-0		F1-macro is 0.9961, F1-micro is 0.9965
2024-11-11 01:15:47 | INFO | train | task-0		Pre is 0.9965, Rec is 0.9965
2024-11-11 01:15:47 | INFO | train | task-0		C_M is 
[[529   0   0   0   0   3   0   0]
 [  0 540   0   1   0   0   2   0]
 [  0   0 522   0   0   0   0   0]
 [  0   0   0 514   0   0   0   0]
 [  0   0   0   0 503   0   2   6]
 [  0   0   0   0   0 535   0   0]
 [  0   0   0   0   0   0 548   0]
 [  0   0   0   0   0   0   0 295]]
2024-11-11 01:16:26 | INFO | train | In dataset valid: Loss is [0.1168 0.1168 0.0000]
2024-11-11 01:16:26 | INFO | train | task-0		Acc is 0.9940, F1 is 0.9940
2024-11-11 01:16:26 | INFO | train | task-0		F1-macro is 0.9934, F1-micro is 0.9940
2024-11-11 01:16:26 | INFO | train | task-0		Pre is 0.9940, Rec is 0.9940
2024-11-11 01:16:26 | INFO | train | task-0		C_M is 
[[506   0   0   0   0   4   0   0]
 [  0 520   0   0   0   0   0   1]
 [  0   0 506   0   1   0   1   0]
 [  1   0   0 505   0   0   0   0]
 [  0   1   0   0 530   1   1  11]
 [  0   0   0   0   0 505   0   0]
 [  0   0   0   0   1   0 580   0]
 [  0   1   0   0   0   0   0 324]]
2024-11-11 01:17:05 | INFO | train | In dataset test: Loss is [0.1424 0.1424 0.0000]
2024-11-11 01:17:05 | INFO | train | task-0		Acc is 0.9942, F1 is 0.9942
2024-11-11 01:17:05 | INFO | train | task-0		F1-macro is 0.9931, F1-micro is 0.9942
2024-11-11 01:17:05 | INFO | train | task-0		Pre is 0.9942, Rec is 0.9942
2024-11-11 01:17:05 | INFO | train | task-0		C_M is 
[[521   1   0   0   0   1   0   0]
 [  0 532   0   0   0   0   2   0]
 [  0   0 548   0   0   0   1   0]
 [  0   0   0 574   1   0   0   0]
 [  0   0   0   0 495   1   3  11]
 [  0   0   0   0   0 534   0   0]
 [  0   0   0   0   0   0 500   0]
 [  0   0   0   0   0   1   1 273]]
2024-11-11 01:17:05 | INFO | train | The best f1_macro util now is 0.9951, at step 230
2024-11-11 01:17:05 | INFO | train | The best f1_micro util now is 0.9955, at step 230
2024-11-11 01:17:51 | INFO | train | ----------------------------------------------------------------------------------
2024-11-11 01:17:51 | INFO | train | Time of iter training 46.04 s
2024-11-11 01:17:51 | INFO | train | On iter step 234:, global step 59905 Loss-step [0.2007 0.2007 0.0000]
2024-11-11 01:18:31 | INFO | train | In dataset train: Loss is [0.0796 0.0796 0.0000]
2024-11-11 01:18:31 | INFO | train | task-0		Acc is 0.9962, F1 is 0.9962
2024-11-11 01:18:31 | INFO | train | task-0		F1-macro is 0.9961, F1-micro is 0.9962
2024-11-11 01:18:31 | INFO | train | task-0		Pre is 0.9962, Rec is 0.9962
2024-11-11 01:18:31 | INFO | train | task-0		C_M is 
[[532   0   0   0   0   0   0   0]
 [  0 539   0   1   1   0   2   0]
 [  0   0 522   0   0   0   0   0]
 [  0   0   0 514   0   0   0   0]
 [  0   0   0   0 509   0   2   0]
 [  5   0   0   0   0 530   0   0]
 [  0   0   0   0   0   0 548   0]
 [  0   0   0   0   4   0   0 291]]
2024-11-11 01:19:10 | INFO | train | In dataset valid: Loss is [0.1026 0.1026 0.0000]
2024-11-11 01:19:10 | INFO | train | task-0		Acc is 0.9965, F1 is 0.9965
2024-11-11 01:19:10 | INFO | train | task-0		F1-macro is 0.9963, F1-micro is 0.9965
2024-11-11 01:19:10 | INFO | train | task-0		Pre is 0.9965, Rec is 0.9965
2024-11-11 01:19:10 | INFO | train | task-0		C_M is 
[[510   0   0   0   0   0   0   0]
 [  0 520   0   0   0   0   0   1]
 [  0   0 506   0   1   0   1   0]
 [  1   0   0 505   0   0   0   0]
 [  0   1   0   0 541   1   1   0]
 [  2   0   0   0   0 503   0   0]
 [  0   0   0   0   1   0 580   0]
 [  0   1   0   0   3   0   0 321]]
2024-11-11 01:19:49 | INFO | train | In dataset test: Loss is [0.1190 0.1190 0.0000]
2024-11-11 01:19:49 | INFO | train | task-0		Acc is 0.9950, F1 is 0.9950
2024-11-11 01:19:49 | INFO | train | task-0		F1-macro is 0.9947, F1-micro is 0.9950
2024-11-11 01:19:49 | INFO | train | task-0		Pre is 0.9950, Rec is 0.9950
2024-11-11 01:19:49 | INFO | train | task-0		C_M is 
[[522   1   0   0   0   0   0   0]
 [  0 532   0   0   0   0   2   0]
 [  0   0 548   0   0   0   1   0]
 [  0   0   0 574   1   0   0   0]
 [  0   0   0   0 505   1   3   1]
 [  4   2   0   0   0 528   0   0]
 [  0   0   0   0   0   0 500   0]
 [  1   0   0   0   3   0   0 271]]
2024-11-11 01:19:49 | INFO | train | The best f1_macro util now is 0.9951, at step 230
2024-11-11 01:19:49 | INFO | train | The best f1_micro util now is 0.9955, at step 230
2024-11-11 01:20:35 | INFO | train | ----------------------------------------------------------------------------------
2024-11-11 01:20:35 | INFO | train | Time of iter training 45.92 s
2024-11-11 01:20:35 | INFO | train | On iter step 235:, global step 60161 Loss-step [0.1555 0.1555 0.0000]
2024-11-11 01:21:15 | INFO | train | In dataset train: Loss is [0.0888 0.0888 0.0000]
2024-11-11 01:21:15 | INFO | train | task-0		Acc is 0.9960, F1 is 0.9960
2024-11-11 01:21:15 | INFO | train | task-0		F1-macro is 0.9957, F1-micro is 0.9960
2024-11-11 01:21:15 | INFO | train | task-0		Pre is 0.9960, Rec is 0.9960
2024-11-11 01:21:15 | INFO | train | task-0		C_M is 
[[529   0   0   0   0   3   0   0]
 [  0 538   0   3   0   0   2   0]
 [  0   0 522   0   0   0   0   0]
 [  0   0   0 514   0   0   0   0]
 [  0   0   0   0 511   0   0   0]
 [  0   0   0   0   0 535   0   0]
 [  0   0   0   0   3   0 545   0]
 [  0   0   0   0   5   0   0 290]]
2024-11-11 01:21:54 | INFO | train | In dataset valid: Loss is [0.1271 0.1271 0.0000]
2024-11-11 01:21:54 | INFO | train | task-0		Acc is 0.9952, F1 is 0.9952
2024-11-11 01:21:54 | INFO | train | task-0		F1-macro is 0.9952, F1-micro is 0.9952
2024-11-11 01:21:54 | INFO | train | task-0		Pre is 0.9952, Rec is 0.9952
2024-11-11 01:21:54 | INFO | train | task-0		C_M is 
[[507   0   0   0   0   3   0   0]
 [  0 520   0   0   1   0   0   0]
 [  0   0 506   0   1   0   1   0]
 [  1   0   0 505   0   0   0   0]
 [  0   0   0   1 542   1   0   0]
 [  0   0   0   1   0 504   0   0]
 [  0   0   0   0   5   0 576   0]
 [  0   0   0   1   3   0   0 321]]
2024-11-11 01:22:34 | INFO | train | In dataset test: Loss is [0.1453 0.1453 0.0000]
2024-11-11 01:22:34 | INFO | train | task-0		Acc is 0.9960, F1 is 0.9960
2024-11-11 01:22:34 | INFO | train | task-0		F1-macro is 0.9956, F1-micro is 0.9960
2024-11-11 01:22:34 | INFO | train | task-0		Pre is 0.9960, Rec is 0.9960
2024-11-11 01:22:34 | INFO | train | task-0		C_M is 
[[521   1   0   0   0   1   0   0]
 [  0 532   0   0   1   0   1   0]
 [  0   0 548   0   1   0   0   0]
 [  0   0   0 574   1   0   0   0]
 [  0   0   0   0 508   1   0   1]
 [  0   0   0   0   0 534   0   0]
 [  0   0   0   0   4   0 496   0]
 [  0   0   0   0   4   0   0 271]]
2024-11-11 01:22:34 | INFO | train | The best f1_macro util now is 0.9951, at step 230
2024-11-11 01:22:34 | INFO | train | The best f1_micro util now is 0.9955, at step 230
2024-11-11 01:23:20 | INFO | train | ----------------------------------------------------------------------------------
2024-11-11 01:23:20 | INFO | train | Time of iter training 45.95 s
2024-11-11 01:23:20 | INFO | train | On iter step 236:, global step 60417 Loss-step [0.1166 0.1166 0.0000]
2024-11-11 01:23:59 | INFO | train | In dataset train: Loss is [0.0786 0.0786 0.0000]
2024-11-11 01:23:59 | INFO | train | task-0		Acc is 0.9980, F1 is 0.9980
2024-11-11 01:23:59 | INFO | train | task-0		F1-macro is 0.9981, F1-micro is 0.9980
2024-11-11 01:23:59 | INFO | train | task-0		Pre is 0.9980, Rec is 0.9980
2024-11-11 01:23:59 | INFO | train | task-0		C_M is 
[[532   0   0   0   0   0   0   0]
 [  0 538   0   1   1   1   2   0]
 [  0   0 522   0   0   0   0   0]
 [  0   0   0 514   0   0   0   0]
 [  0   0   0   0 510   0   1   0]
 [  1   0   0   0   0 534   0   0]
 [  0   0   0   0   1   0 547   0]
 [  0   0   0   0   0   0   0 295]]
2024-11-11 01:24:38 | INFO | train | In dataset valid: Loss is [0.0839 0.0839 0.0000]
2024-11-11 01:24:38 | INFO | train | task-0		Acc is 0.9975, F1 is 0.9975
2024-11-11 01:24:38 | INFO | train | task-0		F1-macro is 0.9975, F1-micro is 0.9975
2024-11-11 01:24:38 | INFO | train | task-0		Pre is 0.9975, Rec is 0.9975
2024-11-11 01:24:38 | INFO | train | task-0		C_M is 
[[510   0   0   0   0   0   0   0]
 [  0 520   0   0   1   0   0   0]
 [  0   0 506   0   1   0   1   0]
 [  1   0   0 505   0   0   0   0]
 [  0   0   0   0 543   1   0   0]
 [  0   0   0   0   1 504   0   0]
 [  0   0   0   0   2   0 579   0]
 [  0   0   0   0   2   0   0 323]]
2024-11-11 01:25:18 | INFO | train | In dataset test: Loss is [0.1219 0.1219 0.0000]
2024-11-11 01:25:18 | INFO | train | task-0		Acc is 0.9955, F1 is 0.9955
2024-11-11 01:25:18 | INFO | train | task-0		F1-macro is 0.9949, F1-micro is 0.9955
2024-11-11 01:25:18 | INFO | train | task-0		Pre is 0.9955, Rec is 0.9955
2024-11-11 01:25:18 | INFO | train | task-0		C_M is 
[[521   0   0   0   0   2   0   0]
 [  1 531   0   0   1   0   1   0]
 [  0   0 548   0   0   0   1   0]
 [  0   0   0 573   1   1   0   0]
 [  0   0   0   0 504   1   1   4]
 [  0   0   0   0   0 534   0   0]
 [  0   0   0   0   1   0 499   0]
 [  0   0   0   0   3   0   0 272]]
2024-11-11 01:25:20 | INFO | train | The best f1_macro util now is 0.9949, at step 236
2024-11-11 01:25:23 | INFO | train | The best f1_micro util now is 0.9955, at step 236
2024-11-11 01:26:09 | INFO | train | ----------------------------------------------------------------------------------
2024-11-11 01:26:09 | INFO | train | Time of iter training 46.08 s
2024-11-11 01:26:09 | INFO | train | On iter step 237:, global step 60673 Loss-step [0.1424 0.1424 0.0000]
2024-11-11 01:26:49 | INFO | train | In dataset train: Loss is [0.0884 0.0884 0.0000]
2024-11-11 01:26:49 | INFO | train | task-0		Acc is 0.9980, F1 is 0.9980
2024-11-11 01:26:49 | INFO | train | task-0		F1-macro is 0.9978, F1-micro is 0.9980
2024-11-11 01:26:49 | INFO | train | task-0		Pre is 0.9980, Rec is 0.9980
2024-11-11 01:26:49 | INFO | train | task-0		C_M is 
[[532   0   0   0   0   0   0   0]
 [  0 540   0   1   0   0   2   0]
 [  0   0 522   0   0   0   0   0]
 [  0   0   0 514   0   0   0   0]
 [  0   0   0   0 510   0   1   0]
 [  0   0   0   0   0 535   0   0]
 [  0   0   0   0   1   0 547   0]
 [  0   0   0   0   3   0   0 292]]
2024-11-11 01:27:28 | INFO | train | In dataset valid: Loss is [0.0912 0.0912 0.0000]
2024-11-11 01:27:28 | INFO | train | task-0		Acc is 0.9970, F1 is 0.9970
2024-11-11 01:27:28 | INFO | train | task-0		F1-macro is 0.9970, F1-micro is 0.9970
2024-11-11 01:27:28 | INFO | train | task-0		Pre is 0.9970, Rec is 0.9970
2024-11-11 01:27:28 | INFO | train | task-0		C_M is 
[[509   0   0   0   0   1   0   0]
 [  0 520   0   0   1   0   0   0]
 [  0   0 506   0   1   0   1   0]
 [  1   0   0 505   0   0   0   0]
 [  0   0   0   0 544   0   0   0]
 [  0   0   0   0   1 504   0   0]
 [  0   0   0   0   3   0 578   0]
 [  0   0   0   1   2   0   0 322]]
2024-11-11 01:28:07 | INFO | train | In dataset test: Loss is [0.1127 0.1127 0.0000]
2024-11-11 01:28:07 | INFO | train | task-0		Acc is 0.9962, F1 is 0.9962
2024-11-11 01:28:07 | INFO | train | task-0		F1-macro is 0.9958, F1-micro is 0.9962
2024-11-11 01:28:07 | INFO | train | task-0		Pre is 0.9962, Rec is 0.9962
2024-11-11 01:28:07 | INFO | train | task-0		C_M is 
[[521   0   0   0   0   2   0   0]
 [  0 532   0   0   0   0   2   0]
 [  0   0 548   0   0   0   1   0]
 [  0   0   0 574   1   0   0   0]
 [  0   0   0   0 507   1   1   1]
 [  0   0   0   0   0 534   0   0]
 [  0   0   0   0   2   0 498   0]
 [  0   0   0   0   4   0   0 271]]
2024-11-11 01:28:07 | INFO | train | The best f1_macro util now is 0.9949, at step 236
2024-11-11 01:28:07 | INFO | train | The best f1_micro util now is 0.9955, at step 236
2024-11-11 01:28:54 | INFO | train | ----------------------------------------------------------------------------------
2024-11-11 01:28:54 | INFO | train | Time of iter training 46.22 s
2024-11-11 01:28:54 | INFO | train | On iter step 238:, global step 60929 Loss-step [0.0836 0.0836 0.0000]
2024-11-11 01:29:33 | INFO | train | In dataset train: Loss is [0.0907 0.0907 0.0000]
2024-11-11 01:29:33 | INFO | train | task-0		Acc is 0.9970, F1 is 0.9970
2024-11-11 01:29:33 | INFO | train | task-0		F1-macro is 0.9969, F1-micro is 0.9970
2024-11-11 01:29:33 | INFO | train | task-0		Pre is 0.9970, Rec is 0.9970
2024-11-11 01:29:33 | INFO | train | task-0		C_M is 
[[532   0   0   0   0   0   0   0]
 [  0 540   0   1   0   0   2   0]
 [  0   0 522   0   0   0   0   0]
 [  0   0   0 514   0   0   0   0]
 [  0   0   0   0 510   0   1   0]
 [  4   0   0   0   0 531   0   0]
 [  0   0   0   0   1   0 547   0]
 [  0   0   0   0   3   0   0 292]]
2024-11-11 01:30:12 | INFO | train | In dataset valid: Loss is [0.1109 0.1109 0.0000]
2024-11-11 01:30:12 | INFO | train | task-0		Acc is 0.9962, F1 is 0.9962
2024-11-11 01:30:12 | INFO | train | task-0		F1-macro is 0.9964, F1-micro is 0.9962
2024-11-11 01:30:12 | INFO | train | task-0		Pre is 0.9962, Rec is 0.9962
2024-11-11 01:30:12 | INFO | train | task-0		C_M is 
[[510   0   0   0   0   0   0   0]
 [  0 520   0   0   1   0   0   0]
 [  0   0 506   0   1   0   1   0]
 [  1   0   0 505   0   0   0   0]
 [  0   1   0   0 542   1   0   0]
 [  1   0   0   0   1 503   0   0]
 [  0   0   0   0   5   0 576   0]
 [  0   0   0   0   2   0   0 323]]
2024-11-11 01:30:52 | INFO | train | In dataset test: Loss is [0.1328 0.1328 0.0000]
2024-11-11 01:30:52 | INFO | train | task-0		Acc is 0.9955, F1 is 0.9955
2024-11-11 01:30:52 | INFO | train | task-0		F1-macro is 0.9951, F1-micro is 0.9955
2024-11-11 01:30:52 | INFO | train | task-0		Pre is 0.9955, Rec is 0.9955
2024-11-11 01:30:52 | INFO | train | task-0		C_M is 
[[523   0   0   0   0   0   0   0]
 [  0 532   0   0   0   0   2   0]
 [  0   0 548   0   1   0   0   0]
 [  0   1   0 573   1   0   0   0]
 [  0   0   0   0 507   1   1   1]
 [  4   0   0   0   0 530   0   0]
 [  0   0   0   0   2   0 498   0]
 [  0   0   0   0   4   0   0 271]]
2024-11-11 01:30:52 | INFO | train | The best f1_macro util now is 0.9949, at step 236
2024-11-11 01:30:52 | INFO | train | The best f1_micro util now is 0.9955, at step 236
2024-11-11 01:31:38 | INFO | train | ----------------------------------------------------------------------------------
2024-11-11 01:31:38 | INFO | train | Time of iter training 45.97 s
2024-11-11 01:31:38 | INFO | train | On iter step 239:, global step 61185 Loss-step [0.1153 0.1153 0.0000]
2024-11-11 01:32:17 | INFO | train | In dataset train: Loss is [0.1099 0.1099 0.0000]
2024-11-11 01:32:17 | INFO | train | task-0		Acc is 0.9968, F1 is 0.9968
2024-11-11 01:32:17 | INFO | train | task-0		F1-macro is 0.9967, F1-micro is 0.9968
2024-11-11 01:32:17 | INFO | train | task-0		Pre is 0.9968, Rec is 0.9968
2024-11-11 01:32:17 | INFO | train | task-0		C_M is 
[[528   0   0   0   1   3   0   0]
 [  0 540   0   1   0   0   2   0]
 [  0   0 522   0   0   0   0   0]
 [  0   0   0 514   0   0   0   0]
 [  0   0   0   0 508   0   0   3]
 [  0   0   0   0   0 535   0   0]
 [  0   0   0   0   3   0 545   0]
 [  0   0   0   0   0   0   0 295]]
2024-11-11 01:32:56 | INFO | train | In dataset valid: Loss is [0.1811 0.1811 0.0000]
2024-11-11 01:32:56 | INFO | train | task-0		Acc is 0.9958, F1 is 0.9958
2024-11-11 01:32:56 | INFO | train | task-0		F1-macro is 0.9959, F1-micro is 0.9958
2024-11-11 01:32:56 | INFO | train | task-0		Pre is 0.9958, Rec is 0.9958
2024-11-11 01:32:56 | INFO | train | task-0		C_M is 
[[506   0   0   0   0   4   0   0]
 [  0 520   0   0   1   0   0   0]
 [  0   0 506   0   2   0   0   0]
 [  1   0   0 505   0   0   0   0]
 [  0   1   0   0 543   0   0   0]
 [  0   0   0   0   1 504   0   0]
 [  0   0   0   0   5   0 576   0]
 [  0   0   0   1   1   0   0 323]]
2024-11-11 01:33:36 | INFO | train | In dataset test: Loss is [0.1875 0.1875 0.0000]
2024-11-11 01:33:36 | INFO | train | task-0		Acc is 0.9952, F1 is 0.9952
2024-11-11 01:33:36 | INFO | train | task-0		F1-macro is 0.9949, F1-micro is 0.9952
2024-11-11 01:33:36 | INFO | train | task-0		Pre is 0.9952, Rec is 0.9952
2024-11-11 01:33:36 | INFO | train | task-0		C_M is 
[[519   0   0   0   0   4   0   0]
 [  0 532   0   0   1   0   1   0]
 [  0   0 548   0   1   0   0   0]
 [  0   1   0 573   1   0   0   0]
 [  0   0   0   0 506   1   0   3]
 [  0   0   0   0   0 534   0   0]
 [  0   0   0   0   4   0 496   0]
 [  0   0   0   0   2   0   0 273]]
2024-11-11 01:33:36 | INFO | train | The best f1_macro util now is 0.9949, at step 236
2024-11-11 01:33:36 | INFO | train | The best f1_micro util now is 0.9955, at step 236
2024-11-11 01:34:22 | INFO | train | ----------------------------------------------------------------------------------
2024-11-11 01:34:22 | INFO | train | Time of iter training 45.92 s
2024-11-11 01:34:22 | INFO | train | On iter step 240:, global step 61441 Loss-step [0.0896 0.0896 0.0000]
2024-11-11 01:35:01 | INFO | train | In dataset train: Loss is [0.1119 0.1119 0.0000]
2024-11-11 01:35:01 | INFO | train | task-0		Acc is 0.9930, F1 is 0.9930
2024-11-11 01:35:01 | INFO | train | task-0		F1-macro is 0.9928, F1-micro is 0.9930
2024-11-11 01:35:01 | INFO | train | task-0		Pre is 0.9930, Rec is 0.9930
2024-11-11 01:35:01 | INFO | train | task-0		C_M is 
[[529   0   0   0   1   2   0   0]
 [  0 538   0   3   0   0   2   0]
 [  0   0 522   0   0   0   0   0]
 [  0   0   0 514   0   0   0   0]
 [  0   0   0   0 491   0  14   6]
 [  0   0   0   0   0 535   0   0]
 [  0   0   0   0   0   0 548   0]
 [  0   0   0   0   0   0   0 295]]
2024-11-11 01:35:41 | INFO | train | In dataset valid: Loss is [0.1089 0.1089 0.0000]
2024-11-11 01:35:41 | INFO | train | task-0		Acc is 0.9930, F1 is 0.9930
2024-11-11 01:35:41 | INFO | train | task-0		F1-macro is 0.9928, F1-micro is 0.9930
2024-11-11 01:35:41 | INFO | train | task-0		Pre is 0.9930, Rec is 0.9930
2024-11-11 01:35:41 | INFO | train | task-0		C_M is 
[[507   0   0   0   0   3   0   0]
 [  0 520   0   0   1   0   0   0]
 [  0   0 506   0   0   0   2   0]
 [  1   0   0 505   0   0   0   0]
 [  0   0   0   0 523   0  11  10]
 [  0   0   0   0   0 505   0   0]
 [  0   0   0   0   0   0 581   0]
 [  0   0   0   0   0   0   0 325]]
2024-11-11 01:36:20 | INFO | train | In dataset test: Loss is [0.1368 0.1368 0.0000]
2024-11-11 01:36:20 | INFO | train | task-0		Acc is 0.9912, F1 is 0.9912
2024-11-11 01:36:20 | INFO | train | task-0		F1-macro is 0.9901, F1-micro is 0.9912
2024-11-11 01:36:20 | INFO | train | task-0		Pre is 0.9912, Rec is 0.9912
2024-11-11 01:36:20 | INFO | train | task-0		C_M is 
[[520   0   0   0   0   3   0   0]
 [  0 532   0   1   0   0   1   0]
 [  0   0 548   0   0   0   1   0]
 [  0   0   0 574   1   0   0   0]
 [  0   0   0   0 484   1  14  11]
 [  0   0   0   0   0 534   0   0]
 [  0   0   0   0   0   0 500   0]
 [  0   0   0   0   2   0   0 273]]
2024-11-11 01:36:20 | INFO | train | The best f1_macro util now is 0.9949, at step 236
2024-11-11 01:36:20 | INFO | train | The best f1_micro util now is 0.9955, at step 236
2024-11-11 01:37:06 | INFO | train | ----------------------------------------------------------------------------------
2024-11-11 01:37:06 | INFO | train | Time of iter training 46.05 s
2024-11-11 01:37:06 | INFO | train | On iter step 241:, global step 61697 Loss-step [0.1484 0.1484 0.0000]
2024-11-11 01:37:45 | INFO | train | In dataset train: Loss is [0.0845 0.0845 0.0000]
2024-11-11 01:37:45 | INFO | train | task-0		Acc is 0.9968, F1 is 0.9968
2024-11-11 01:37:45 | INFO | train | task-0		F1-macro is 0.9964, F1-micro is 0.9968
2024-11-11 01:37:45 | INFO | train | task-0		Pre is 0.9968, Rec is 0.9968
2024-11-11 01:37:45 | INFO | train | task-0		C_M is 
[[531   0   0   0   0   1   0   0]
 [  0 541   0   0   0   0   2   0]
 [  0   0 522   0   0   0   0   0]
 [  0   0   0 513   1   0   0   0]
 [  0   0   0   0 502   0   4   5]
 [  0   0   0   0   0 535   0   0]
 [  0   0   0   0   0   0 548   0]
 [  0   0   0   0   0   0   0 295]]
2024-11-11 01:38:25 | INFO | train | In dataset valid: Loss is [0.0886 0.0886 0.0000]
2024-11-11 01:38:25 | INFO | train | task-0		Acc is 0.9952, F1 is 0.9952
2024-11-11 01:38:25 | INFO | train | task-0		F1-macro is 0.9949, F1-micro is 0.9952
2024-11-11 01:38:25 | INFO | train | task-0		Pre is 0.9952, Rec is 0.9952
2024-11-11 01:38:25 | INFO | train | task-0		C_M is 
[[510   0   0   0   0   0   0   0]
 [  0 520   0   0   1   0   0   0]
 [  0   0 506   0   2   0   0   0]
 [  1   2   0 503   0   0   0   0]
 [  0   0   0   0 532   0   4   8]
 [  0   0   0   0   0 505   0   0]
 [  0   0   0   0   0   0 581   0]
 [  1   0   0   0   0   0   0 324]]
2024-11-11 01:39:04 | INFO | train | In dataset test: Loss is [0.1313 0.1313 0.0000]
2024-11-11 01:39:04 | INFO | train | task-0		Acc is 0.9940, F1 is 0.9940
2024-11-11 01:39:04 | INFO | train | task-0		F1-macro is 0.9929, F1-micro is 0.9940
2024-11-11 01:39:04 | INFO | train | task-0		Pre is 0.9940, Rec is 0.9940
2024-11-11 01:39:04 | INFO | train | task-0		C_M is 
[[522   0   0   0   0   1   0   0]
 [  0 533   0   0   0   0   1   0]
 [  0   0 548   0   0   0   1   0]
 [  0   1   0 572   1   1   0   0]
 [  0   0   0   0 494   1   5  10]
 [  0   0   0   0   0 534   0   0]
 [  0   0   0   0   0   0 500   0]
 [  0   0   0   0   2   0   0 273]]
2024-11-11 01:39:04 | INFO | train | The best f1_macro util now is 0.9949, at step 236
2024-11-11 01:39:04 | INFO | train | The best f1_micro util now is 0.9955, at step 236
2024-11-11 01:39:51 | INFO | train | ----------------------------------------------------------------------------------
2024-11-11 01:39:51 | INFO | train | Time of iter training 46.27 s
2024-11-11 01:39:51 | INFO | train | On iter step 242:, global step 61953 Loss-step [0.1169 0.1169 0.0000]
2024-11-11 01:40:30 | INFO | train | In dataset train: Loss is [0.0826 0.0826 0.0000]
2024-11-11 01:40:30 | INFO | train | task-0		Acc is 0.9972, F1 is 0.9972
2024-11-11 01:40:30 | INFO | train | task-0		F1-macro is 0.9971, F1-micro is 0.9972
2024-11-11 01:40:30 | INFO | train | task-0		Pre is 0.9972, Rec is 0.9972
2024-11-11 01:40:30 | INFO | train | task-0		C_M is 
[[531   0   0   0   0   1   0   0]
 [  0 541   0   0   0   0   2   0]
 [  0   0 522   0   0   0   0   0]
 [  0   0   0 513   1   0   0   0]
 [  0   0   0   0 508   0   1   2]
 [  2   0   0   0   0 533   0   0]
 [  0   0   0   0   1   0 547   0]
 [  0   0   0   0   1   0   0 294]]
2024-11-11 01:41:09 | INFO | train | In dataset valid: Loss is [0.1000 0.1000 0.0000]
2024-11-11 01:41:09 | INFO | train | task-0		Acc is 0.9968, F1 is 0.9968
2024-11-11 01:41:09 | INFO | train | task-0		F1-macro is 0.9967, F1-micro is 0.9968
2024-11-11 01:41:09 | INFO | train | task-0		Pre is 0.9968, Rec is 0.9968
2024-11-11 01:41:09 | INFO | train | task-0		C_M is 
[[510   0   0   0   0   0   0   0]
 [  0 520   0   0   1   0   0   0]
 [  0   0 506   0   2   0   0   0]
 [  1   2   0 503   0   0   0   0]
 [  0   0   0   0 544   0   0   0]
 [  0   0   0   0   0 505   0   0]
 [  0   0   0   0   3   0 578   0]
 [  0   2   0   0   2   0   0 321]]
2024-11-11 01:41:48 | INFO | train | In dataset test: Loss is [0.1415 0.1415 0.0000]
2024-11-11 01:41:48 | INFO | train | task-0		Acc is 0.9965, F1 is 0.9965
2024-11-11 01:41:48 | INFO | train | task-0		F1-macro is 0.9962, F1-micro is 0.9965
2024-11-11 01:41:48 | INFO | train | task-0		Pre is 0.9965, Rec is 0.9965
2024-11-11 01:41:48 | INFO | train | task-0		C_M is 
[[522   0   0   0   0   1   0   0]
 [  0 533   0   0   0   0   1   0]
 [  0   0 548   0   1   0   0   0]
 [  0   1   0 572   1   1   0   0]
 [  0   0   0   0 507   1   1   1]
 [  2   0   0   0   0 532   0   0]
 [  0   0   0   0   0   0 500   0]
 [  0   0   0   0   3   0   0 272]]
2024-11-11 01:41:48 | INFO | train | The best f1_macro util now is 0.9949, at step 236
2024-11-11 01:41:48 | INFO | train | The best f1_micro util now is 0.9955, at step 236
2024-11-11 01:42:35 | INFO | train | ----------------------------------------------------------------------------------
2024-11-11 01:42:35 | INFO | train | Time of iter training 46.19 s
2024-11-11 01:42:35 | INFO | train | On iter step 243:, global step 62209 Loss-step [0.0816 0.0816 0.0000]
2024-11-11 01:43:14 | INFO | train | In dataset train: Loss is [0.0809 0.0809 0.0000]
2024-11-11 01:43:14 | INFO | train | task-0		Acc is 0.9970, F1 is 0.9970
2024-11-11 01:43:14 | INFO | train | task-0		F1-macro is 0.9968, F1-micro is 0.9970
2024-11-11 01:43:14 | INFO | train | task-0		Pre is 0.9970, Rec is 0.9970
2024-11-11 01:43:14 | INFO | train | task-0		C_M is 
[[530   0   0   0   0   2   0   0]
 [  0 541   0   0   0   0   2   0]
 [  0   0 522   0   0   0   0   0]
 [  0   0   0 513   1   0   0   0]
 [  0   0   0   0 505   0   2   4]
 [  1   0   0   0   0 534   0   0]
 [  0   0   0   0   0   0 548   0]
 [  0   0   0   0   0   0   0 295]]
2024-11-11 01:43:53 | INFO | train | In dataset valid: Loss is [0.0953 0.0953 0.0000]
2024-11-11 01:43:53 | INFO | train | task-0		Acc is 0.9962, F1 is 0.9962
2024-11-11 01:43:53 | INFO | train | task-0		F1-macro is 0.9960, F1-micro is 0.9962
2024-11-11 01:43:53 | INFO | train | task-0		Pre is 0.9962, Rec is 0.9962
2024-11-11 01:43:53 | INFO | train | task-0		C_M is 
[[510   0   0   0   0   0   0   0]
 [  0 520   0   0   1   0   0   0]
 [  0   0 506   0   2   0   0   0]
 [  1   1   0 504   0   0   0   0]
 [  0   0   0   0 537   1   1   5]
 [  0   0   0   0   0 505   0   0]
 [  0   0   0   0   2   0 579   0]
 [  0   1   0   0   0   0   0 324]]
2024-11-11 01:44:33 | INFO | train | In dataset test: Loss is [0.1456 0.1456 0.0000]
2024-11-11 01:44:33 | INFO | train | task-0		Acc is 0.9958, F1 is 0.9958
2024-11-11 01:44:33 | INFO | train | task-0		F1-macro is 0.9950, F1-micro is 0.9958
2024-11-11 01:44:33 | INFO | train | task-0		Pre is 0.9958, Rec is 0.9958
2024-11-11 01:44:33 | INFO | train | task-0		C_M is 
[[522   0   0   0   0   1   0   0]
 [  0 533   0   0   0   0   1   0]
 [  0   0 548   0   0   0   1   0]
 [  0   0   0 573   1   1   0   0]
 [  0   0   0   0 500   1   2   7]
 [  0   0   0   0   0 534   0   0]
 [  0   0   0   0   0   0 500   0]
 [  0   0   0   0   2   0   0 273]]
2024-11-11 01:44:33 | INFO | train | The best f1_macro util now is 0.9949, at step 236
2024-11-11 01:44:33 | INFO | train | The best f1_micro util now is 0.9955, at step 236
2024-11-11 01:45:19 | INFO | train | ----------------------------------------------------------------------------------
2024-11-11 01:45:19 | INFO | train | Time of iter training 45.99 s
2024-11-11 01:45:19 | INFO | train | On iter step 244:, global step 62465 Loss-step [0.0869 0.0869 0.0000]
2024-11-11 01:45:58 | INFO | train | In dataset train: Loss is [0.0807 0.0807 0.0000]
2024-11-11 01:45:58 | INFO | train | task-0		Acc is 0.9972, F1 is 0.9972
2024-11-11 01:45:58 | INFO | train | task-0		F1-macro is 0.9971, F1-micro is 0.9972
2024-11-11 01:45:58 | INFO | train | task-0		Pre is 0.9972, Rec is 0.9972
2024-11-11 01:45:58 | INFO | train | task-0		C_M is 
[[531   0   0   0   0   1   0   0]
 [  0 539   0   2   0   0   2   0]
 [  0   0 522   0   0   0   0   0]
 [  0   0   0 513   1   0   0   0]
 [  0   0   0   0 511   0   0   0]
 [  1   0   0   0   0 534   0   0]
 [  0   0   0   0   1   0 547   0]
 [  0   0   0   0   3   0   0 292]]
2024-11-11 01:46:37 | INFO | train | In dataset valid: Loss is [0.0955 0.0955 0.0000]
2024-11-11 01:46:37 | INFO | train | task-0		Acc is 0.9962, F1 is 0.9962
2024-11-11 01:46:37 | INFO | train | task-0		F1-macro is 0.9963, F1-micro is 0.9962
2024-11-11 01:46:37 | INFO | train | task-0		Pre is 0.9962, Rec is 0.9962
2024-11-11 01:46:37 | INFO | train | task-0		C_M is 
[[510   0   0   0   0   0   0   0]
 [  0 519   0   1   1   0   0   0]
 [  0   0 506   0   2   0   0   0]
 [  1   1   0 504   0   0   0   0]
 [  0   0   0   0 544   0   0   0]
 [  0   0   0   0   1 504   0   0]
 [  0   0   0   0   5   0 576   0]
 [  1   0   0   0   2   0   0 322]]
2024-11-11 01:47:17 | INFO | train | In dataset test: Loss is [0.1215 0.1215 0.0000]
2024-11-11 01:47:17 | INFO | train | task-0		Acc is 0.9968, F1 is 0.9968
2024-11-11 01:47:17 | INFO | train | task-0		F1-macro is 0.9963, F1-micro is 0.9968
2024-11-11 01:47:17 | INFO | train | task-0		Pre is 0.9968, Rec is 0.9968
2024-11-11 01:47:17 | INFO | train | task-0		C_M is 
[[522   0   0   0   0   1   0   0]
 [  0 532   0   1   0   0   1   0]
 [  0   0 548   0   1   0   0   0]
 [  0   0   0 574   1   0   0   0]
 [  0   0   0   0 508   1   0   1]
 [  0   0   0   0   0 534   0   0]
 [  0   0   0   0   2   0 498   0]
 [  0   0   0   0   4   0   0 271]]
2024-11-11 01:47:17 | INFO | train | The best f1_macro util now is 0.9949, at step 236
2024-11-11 01:47:17 | INFO | train | The best f1_micro util now is 0.9955, at step 236
2024-11-11 01:48:03 | INFO | train | ----------------------------------------------------------------------------------
2024-11-11 01:48:03 | INFO | train | Time of iter training 46.16 s
2024-11-11 01:48:03 | INFO | train | On iter step 245:, global step 62721 Loss-step [0.1422 0.1422 0.0000]
2024-11-11 01:48:42 | INFO | train | In dataset train: Loss is [0.0675 0.0675 0.0000]
2024-11-11 01:48:42 | INFO | train | task-0		Acc is 0.9970, F1 is 0.9970
2024-11-11 01:48:42 | INFO | train | task-0		F1-macro is 0.9969, F1-micro is 0.9970
2024-11-11 01:48:42 | INFO | train | task-0		Pre is 0.9970, Rec is 0.9970
2024-11-11 01:48:42 | INFO | train | task-0		C_M is 
[[532   0   0   0   0   0   0   0]
 [  0 538   0   3   2   0   0   0]
 [  0   0 522   0   0   0   0   0]
 [  0   0   0 513   1   0   0   0]
 [  0   0   0   0 510   0   0   1]
 [  2   0   0   0   0 533   0   0]
 [  0   0   0   0   1   0 547   0]
 [  0   0   0   1   1   0   0 293]]
2024-11-11 01:49:21 | INFO | train | In dataset valid: Loss is [0.0754 0.0754 0.0000]
2024-11-11 01:49:21 | INFO | train | task-0		Acc is 0.9968, F1 is 0.9968
2024-11-11 01:49:21 | INFO | train | task-0		F1-macro is 0.9968, F1-micro is 0.9968
2024-11-11 01:49:21 | INFO | train | task-0		Pre is 0.9968, Rec is 0.9968
2024-11-11 01:49:21 | INFO | train | task-0		C_M is 
[[510   0   0   0   0   0   0   0]
 [  0 519   0   1   1   0   0   0]
 [  0   0 506   0   2   0   0   0]
 [  1   0   0 505   0   0   0   0]
 [  0   0   0   0 544   0   0   0]
 [  0   0   0   0   0 505   0   0]
 [  0   0   0   0   5   0 576   0]
 [  1   0   0   0   2   0   0 322]]
2024-11-11 01:50:01 | INFO | train | In dataset test: Loss is [0.0844 0.0844 0.0000]
2024-11-11 01:50:01 | INFO | train | task-0		Acc is 0.9968, F1 is 0.9968
2024-11-11 01:50:01 | INFO | train | task-0		F1-macro is 0.9964, F1-micro is 0.9968
2024-11-11 01:50:01 | INFO | train | task-0		Pre is 0.9968, Rec is 0.9968
2024-11-11 01:50:01 | INFO | train | task-0		C_M is 
[[522   0   0   0   0   1   0   0]
 [  0 532   0   0   2   0   0   0]
 [  0   0 548   0   0   0   0   1]
 [  0   0   0 574   1   0   0   0]
 [  0   0   0   0 508   1   0   1]
 [  1   0   0   0   0 533   0   0]
 [  0   0   0   0   3   0 497   0]
 [  0   0   0   0   2   0   0 273]]
2024-11-11 01:50:01 | INFO | train | The best f1_macro util now is 0.9949, at step 236
2024-11-11 01:50:01 | INFO | train | The best f1_micro util now is 0.9955, at step 236
2024-11-11 01:50:47 | INFO | train | ----------------------------------------------------------------------------------
2024-11-11 01:50:47 | INFO | train | Time of iter training 45.85 s
2024-11-11 01:50:47 | INFO | train | On iter step 246:, global step 62977 Loss-step [0.0931 0.0931 0.0000]
2024-11-11 01:51:26 | INFO | train | In dataset train: Loss is [0.0784 0.0784 0.0000]
2024-11-11 01:51:26 | INFO | train | task-0		Acc is 0.9958, F1 is 0.9958
2024-11-11 01:51:26 | INFO | train | task-0		F1-macro is 0.9953, F1-micro is 0.9958
2024-11-11 01:51:26 | INFO | train | task-0		Pre is 0.9958, Rec is 0.9958
2024-11-11 01:51:26 | INFO | train | task-0		C_M is 
[[532   0   0   0   0   0   0   0]
 [  0 538   0   3   0   0   2   0]
 [  0   0 522   0   0   0   0   0]
 [  0   0   0 513   1   0   0   0]
 [  0   0   0   0 511   0   0   0]
 [  2   0   0   0   0 533   0   0]
 [  0   0   0   0   2   0 546   0]
 [  0   0   0   1   6   0   0 288]]
2024-11-11 01:52:05 | INFO | train | In dataset valid: Loss is [0.1173 0.1173 0.0000]
2024-11-11 01:52:05 | INFO | train | task-0		Acc is 0.9958, F1 is 0.9958
2024-11-11 01:52:05 | INFO | train | task-0		F1-macro is 0.9955, F1-micro is 0.9958
2024-11-11 01:52:05 | INFO | train | task-0		Pre is 0.9958, Rec is 0.9958
2024-11-11 01:52:05 | INFO | train | task-0		C_M is 
[[510   0   0   0   0   0   0   0]
 [  0 519   0   1   1   0   0   0]
 [  0   0 506   0   2   0   0   0]
 [  1   0   0 505   0   0   0   0]
 [  0   0   0   0 544   0   0   0]
 [  0   0   0   0   0 505   0   0]
 [  0   0   0   0   5   0 576   0]
 [  1   0   0   1   5   0   0 318]]
2024-11-11 01:52:45 | INFO | train | In dataset test: Loss is [0.0972 0.0972 0.0000]
2024-11-11 01:52:45 | INFO | train | task-0		Acc is 0.9962, F1 is 0.9962
2024-11-11 01:52:45 | INFO | train | task-0		F1-macro is 0.9960, F1-micro is 0.9962
2024-11-11 01:52:45 | INFO | train | task-0		Pre is 0.9962, Rec is 0.9962
2024-11-11 01:52:45 | INFO | train | task-0		C_M is 
[[522   0   0   0   0   1   0   0]
 [  0 532   0   0   2   0   0   0]
 [  0   0 548   0   0   1   0   0]
 [  0   0   0 574   1   0   0   0]
 [  0   0   0   0 508   1   0   1]
 [  2   0   0   0   0 532   0   0]
 [  0   0   0   0   3   0 497   0]
 [  0   0   0   1   2   0   0 272]]
2024-11-11 01:52:45 | INFO | train | The best f1_macro util now is 0.9949, at step 236
2024-11-11 01:52:45 | INFO | train | The best f1_micro util now is 0.9955, at step 236
2024-11-11 01:53:31 | INFO | train | ----------------------------------------------------------------------------------
2024-11-11 01:53:31 | INFO | train | Time of iter training 46.06 s
2024-11-11 01:53:31 | INFO | train | On iter step 247:, global step 63233 Loss-step [0.1239 0.1239 0.0000]
2024-11-11 01:54:10 | INFO | train | In dataset train: Loss is [0.0746 0.0746 0.0000]
2024-11-11 01:54:10 | INFO | train | task-0		Acc is 0.9962, F1 is 0.9962
2024-11-11 01:54:10 | INFO | train | task-0		F1-macro is 0.9959, F1-micro is 0.9962
2024-11-11 01:54:10 | INFO | train | task-0		Pre is 0.9962, Rec is 0.9962
2024-11-11 01:54:10 | INFO | train | task-0		C_M is 
[[532   0   0   0   0   0   0   0]
 [  0 538   0   3   0   0   2   0]
 [  0   0 522   0   0   0   0   0]
 [  0   0   0 513   1   0   0   0]
 [  0   0   0   0 505   0   0   6]
 [  1   0   0   0   0 534   0   0]
 [  0   0   0   0   2   0 546   0]
 [  0   0   0   0   0   0   0 295]]
2024-11-11 01:54:50 | INFO | train | In dataset valid: Loss is [0.0788 0.0788 0.0000]
2024-11-11 01:54:50 | INFO | train | task-0		Acc is 0.9942, F1 is 0.9942
2024-11-11 01:54:50 | INFO | train | task-0		F1-macro is 0.9937, F1-micro is 0.9942
2024-11-11 01:54:50 | INFO | train | task-0		Pre is 0.9942, Rec is 0.9942
2024-11-11 01:54:50 | INFO | train | task-0		C_M is 
[[510   0   0   0   0   0   0   0]
 [  0 519   0   1   1   0   0   0]
 [  0   0 506   0   2   0   0   0]
 [  1   0   0 505   0   0   0   0]
 [  0   0   0   0 534   0   0  10]
 [  0   0   0   0   0 505   0   0]
 [  0   0   0   0   5   0 576   0]
 [  1   0   0   1   1   0   0 322]]
2024-11-11 01:55:29 | INFO | train | In dataset test: Loss is [0.0993 0.0993 0.0000]
2024-11-11 01:55:29 | INFO | train | task-0		Acc is 0.9945, F1 is 0.9945
2024-11-11 01:55:29 | INFO | train | task-0		F1-macro is 0.9934, F1-micro is 0.9945
2024-11-11 01:55:29 | INFO | train | task-0		Pre is 0.9945, Rec is 0.9945
2024-11-11 01:55:29 | INFO | train | task-0		C_M is 
[[522   0   0   0   0   1   0   0]
 [  0 532   0   0   2   0   0   0]
 [  0   0 548   0   0   0   0   1]
 [  0   0   0 574   1   0   0   0]
 [  0   0   0   0 498   1   0  11]
 [  1   0   0   0   0 533   0   0]
 [  0   0   0   0   3   0 497   0]
 [  0   0   0   1   0   0   0 274]]
2024-11-11 01:55:29 | INFO | train | The best f1_macro util now is 0.9949, at step 236
2024-11-11 01:55:29 | INFO | train | The best f1_micro util now is 0.9955, at step 236
2024-11-11 01:56:15 | INFO | train | ----------------------------------------------------------------------------------
2024-11-11 01:56:15 | INFO | train | Time of iter training 45.92 s
2024-11-11 01:56:15 | INFO | train | On iter step 248:, global step 63489 Loss-step [0.1307 0.1307 0.0000]
2024-11-11 01:56:55 | INFO | train | In dataset train: Loss is [0.1518 0.1518 0.0000]
2024-11-11 01:56:55 | INFO | train | task-0		Acc is 0.9938, F1 is 0.9938
2024-11-11 01:56:55 | INFO | train | task-0		F1-macro is 0.9931, F1-micro is 0.9938
2024-11-11 01:56:55 | INFO | train | task-0		Pre is 0.9938, Rec is 0.9938
2024-11-11 01:56:55 | INFO | train | task-0		C_M is 
[[530   0   0   0   0   2   0   0]
 [  0 538   0   3   0   0   2   0]
 [  0   0 522   0   0   0   0   0]
 [  0   0   0 513   1   0   0   0]
 [  0   0   0   1 506   4   0   0]
 [  0   0   0   0   0 535   0   0]
 [  0   0   0   0   2   0 546   0]
 [  0   1   0   2   4   3   0 285]]
2024-11-11 01:57:34 | INFO | train | In dataset valid: Loss is [0.1147 0.1147 0.0000]
2024-11-11 01:57:34 | INFO | train | task-0		Acc is 0.9950, F1 is 0.9950
2024-11-11 01:57:34 | INFO | train | task-0		F1-macro is 0.9949, F1-micro is 0.9950
2024-11-11 01:57:34 | INFO | train | task-0		Pre is 0.9950, Rec is 0.9950
2024-11-11 01:57:34 | INFO | train | task-0		C_M is 
[[509   0   0   0   0   1   0   0]
 [  0 519   0   1   1   0   0   0]
 [  0   0 506   0   2   0   0   0]
 [  1   0   0 505   0   0   0   0]
 [  0   0   0   0 541   3   0   0]
 [  0   0   0   0   0 505   0   0]
 [  0   0   0   0   5   0 576   0]
 [  1   1   0   2   2   0   0 319]]
2024-11-11 01:58:13 | INFO | train | In dataset test: Loss is [0.1666 0.1666 0.0000]
2024-11-11 01:58:13 | INFO | train | task-0		Acc is 0.9942, F1 is 0.9942
2024-11-11 01:58:13 | INFO | train | task-0		F1-macro is 0.9933, F1-micro is 0.9942
2024-11-11 01:58:13 | INFO | train | task-0		Pre is 0.9942, Rec is 0.9942
2024-11-11 01:58:13 | INFO | train | task-0		C_M is 
[[521   0   0   0   0   2   0   0]
 [  0 532   0   0   2   0   0   0]
 [  0   0 548   0   0   0   0   1]
 [  0   0   0 574   1   0   0   0]
 [  0   0   0   0 505   3   1   1]
 [  0   0   0   0   0 534   0   0]
 [  0   0   0   0   3   0 497   0]
 [  0   1   0   3   2   3   0 266]]
2024-11-11 01:58:13 | INFO | train | The best f1_macro util now is 0.9949, at step 236
2024-11-11 01:58:13 | INFO | train | The best f1_micro util now is 0.9955, at step 236
2024-11-11 01:58:59 | INFO | train | ----------------------------------------------------------------------------------
2024-11-11 01:58:59 | INFO | train | Time of iter training 45.91 s
2024-11-11 01:58:59 | INFO | train | On iter step 249:, global step 63745 Loss-step [0.2304 0.2304 0.0000]
2024-11-11 01:59:39 | INFO | train | In dataset train: Loss is [0.1385 0.1385 0.0000]
2024-11-11 01:59:39 | INFO | train | task-0		Acc is 0.9940, F1 is 0.9940
2024-11-11 01:59:39 | INFO | train | task-0		F1-macro is 0.9937, F1-micro is 0.9940
2024-11-11 01:59:39 | INFO | train | task-0		Pre is 0.9940, Rec is 0.9940
2024-11-11 01:59:39 | INFO | train | task-0		C_M is 
[[522   0   0   0   1   9   0   0]
 [  0 538   0   3   2   0   0   0]
 [  0   0 522   0   0   0   0   0]
 [  0   0   0 513   1   0   0   0]
 [  0   0   0   0 509   0   2   0]
 [  0   0   0   0   0 535   0   0]
 [  0   0   0   0   0   0 548   0]
 [  0   0   0   1   5   0   0 289]]
2024-11-11 02:00:18 | INFO | train | In dataset valid: Loss is [0.1350 0.1350 0.0000]
2024-11-11 02:00:18 | INFO | train | task-0		Acc is 0.9940, F1 is 0.9940
2024-11-11 02:00:18 | INFO | train | task-0		F1-macro is 0.9937, F1-micro is 0.9940
2024-11-11 02:00:18 | INFO | train | task-0		Pre is 0.9940, Rec is 0.9940
2024-11-11 02:00:18 | INFO | train | task-0		C_M is 
[[501   0   0   0   0   9   0   0]
 [  0 519   0   1   1   0   0   0]
 [  0   0 506   0   2   0   0   0]
 [  0   0   0 506   0   0   0   0]
 [  0   0   0   0 542   1   1   0]
 [  0   0   0   0   0 505   0   0]
 [  0   0   0   0   1   0 580   0]
 [  0   0   0   1   7   0   0 317]]
2024-11-11 02:00:57 | INFO | train | In dataset test: Loss is [0.2020 0.2020 0.0000]
2024-11-11 02:00:57 | INFO | train | task-0		Acc is 0.9930, F1 is 0.9930
2024-11-11 02:00:57 | INFO | train | task-0		F1-macro is 0.9924, F1-micro is 0.9930
2024-11-11 02:00:57 | INFO | train | task-0		Pre is 0.9930, Rec is 0.9930
2024-11-11 02:00:57 | INFO | train | task-0		C_M is 
[[514   1   0   0   1   7   0   0]
 [  0 532   0   0   2   0   0   0]
 [  0   0 548   0   1   0   0   0]
 [  0   0   0 572   3   0   0   0]
 [  0   0   0   0 504   2   3   1]
 [  0   0   0   0   0 534   0   0]
 [  0   0   0   0   0   0 500   0]
 [  0   0   0   0   5   2   0 268]]
2024-11-11 02:00:57 | INFO | train | The best f1_macro util now is 0.9949, at step 236
2024-11-11 02:00:57 | INFO | train | The best f1_micro util now is 0.9955, at step 236
2024-11-11 02:01:43 | INFO | train | ----------------------------------------------------------------------------------
2024-11-11 02:01:43 | INFO | train | Time of iter training 45.90 s
2024-11-11 02:01:43 | INFO | train | On iter step 250:, global step 64001 Loss-step [0.2869 0.2869 0.0000]
2024-11-11 02:02:22 | INFO | train | In dataset train: Loss is [0.1741 0.1741 0.0000]
2024-11-11 02:02:22 | INFO | train | task-0		Acc is 0.9928, F1 is 0.9928
2024-11-11 02:02:22 | INFO | train | task-0		F1-macro is 0.9925, F1-micro is 0.9928
2024-11-11 02:02:22 | INFO | train | task-0		Pre is 0.9928, Rec is 0.9928
2024-11-11 02:02:22 | INFO | train | task-0		C_M is 
[[531   0   0   0   1   0   0   0]
 [  0 538   0   3   0   0   2   0]
 [  0   0 522   0   0   0   0   0]
 [  0   0   0 512   2   0   0   0]
 [  0   0   0   0 500   0  10   1]
 [  3   0   0   0   1 531   0   0]
 [  0   0   0   0   0   0 548   0]
 [  0   0   0   1   5   0   0 289]]
2024-11-11 02:03:01 | INFO | train | In dataset valid: Loss is [0.1875 0.1875 0.0000]
2024-11-11 02:03:01 | INFO | train | task-0		Acc is 0.9940, F1 is 0.9940
2024-11-11 02:03:01 | INFO | train | task-0		F1-macro is 0.9940, F1-micro is 0.9940
2024-11-11 02:03:01 | INFO | train | task-0		Pre is 0.9940, Rec is 0.9940
2024-11-11 02:03:01 | INFO | train | task-0		C_M is 
[[509   0   0   0   1   0   0   0]
 [  0 519   0   1   1   0   0   0]
 [  0   0 506   0   2   0   0   0]
 [  0   1   0 502   3   0   0   0]
 [  0   0   0   0 537   0   7   0]
 [  1   0   0   0   1 503   0   0]
 [  0   0   0   0   0   0 581   0]
 [  0   0   0   0   6   0   0 319]]
2024-11-11 02:03:41 | INFO | train | In dataset test: Loss is [0.2479 0.2479 0.0000]
2024-11-11 02:03:41 | INFO | train | task-0		Acc is 0.9935, F1 is 0.9935
2024-11-11 02:03:41 | INFO | train | task-0		F1-macro is 0.9932, F1-micro is 0.9935
2024-11-11 02:03:41 | INFO | train | task-0		Pre is 0.9935, Rec is 0.9935
2024-11-11 02:03:41 | INFO | train | task-0		C_M is 
[[522   0   0   0   1   0   0   0]
 [  0 532   0   0   2   0   0   0]
 [  0   0 548   0   1   0   0   0]
 [  0   0   0 572   3   0   0   0]
 [  0   0   0   0 499   1   9   1]
 [  4   0   0   0   0 530   0   0]
 [  0   0   0   0   0   0 500   0]
 [  0   0   0   0   4   0   0 271]]
2024-11-11 02:03:41 | INFO | train | The best f1_macro util now is 0.9949, at step 236
2024-11-11 02:03:41 | INFO | train | The best f1_micro util now is 0.9955, at step 236
2024-11-11 02:04:12 | INFO | deepnet.data.dataset_text | The count of reading file ./data/Data_of_Nontor/train.txt is 3.
2024-11-11 02:04:14 | INFO | deepnet.data.dataset_text | Read next training chunk, data size is 67560
2024-11-11 02:04:29 | INFO | train | ----------------------------------------------------------------------------------
2024-11-11 02:04:29 | INFO | train | Time of iter training 48.19 s
2024-11-11 02:04:29 | INFO | train | On iter step 251:, global step 64257 Loss-step [0.0885 0.0885 0.0000]
2024-11-11 02:05:09 | INFO | train | In dataset train: Loss is [0.0980 0.0980 0.0000]
2024-11-11 02:05:09 | INFO | train | task-0		Acc is 0.9945, F1 is 0.9945
2024-11-11 02:05:09 | INFO | train | task-0		F1-macro is 0.9944, F1-micro is 0.9945
2024-11-11 02:05:09 | INFO | train | task-0		Pre is 0.9945, Rec is 0.9945
2024-11-11 02:05:09 | INFO | train | task-0		C_M is 
[[532   0   0   0   0   0   0   0]
 [  0 540   0   1   0   0   2   0]
 [  0   0 522   0   0   0   0   0]
 [  0   0   0 514   0   0   0   0]
 [  0   1   0   0 500   0   7   3]
 [  6   1   0   0   0 528   0   0]
 [  0   0   0   0   0   0 548   0]
 [  0   0   0   1   0   0   0 294]]
2024-11-11 02:05:48 | INFO | train | In dataset valid: Loss is [0.0809 0.0809 0.0000]
2024-11-11 02:05:48 | INFO | train | task-0		Acc is 0.9960, F1 is 0.9960
2024-11-11 02:05:48 | INFO | train | task-0		F1-macro is 0.9957, F1-micro is 0.9960
2024-11-11 02:05:48 | INFO | train | task-0		Pre is 0.9960, Rec is 0.9960
2024-11-11 02:05:48 | INFO | train | task-0		C_M is 
[[510   0   0   0   0   0   0   0]
 [  0 520   0   0   0   1   0   0]
 [  0   0 506   0   1   0   0   1]
 [  1   0   0 505   0   0   0   0]
 [  0   0   0   0 537   0   3   4]
 [  3   0   0   0   0 502   0   0]
 [  0   0   0   0   0   0 581   0]
 [  0   1   0   0   1   0   0 323]]
2024-11-11 02:06:28 | INFO | train | In dataset test: Loss is [0.1661 0.1661 0.0000]
2024-11-11 02:06:28 | INFO | train | task-0		Acc is 0.9940, F1 is 0.9940
2024-11-11 02:06:28 | INFO | train | task-0		F1-macro is 0.9935, F1-micro is 0.9940
2024-11-11 02:06:28 | INFO | train | task-0		Pre is 0.9940, Rec is 0.9940
2024-11-11 02:06:28 | INFO | train | task-0		C_M is 
[[522   1   0   0   0   0   0   0]
 [  0 532   0   0   2   0   0   0]
 [  0   0 548   0   0   0   0   1]
 [  0   0   0 574   1   0   0   0]
 [  0   0   0   0 498   1   6   5]
 [  4   2   0   0   0 528   0   0]
 [  0   0   0   0   0   0 500   0]
 [  0   0   0   1   0   0   0 274]]
2024-11-11 02:06:28 | INFO | train | The best f1_macro util now is 0.9949, at step 236
2024-11-11 02:06:28 | INFO | train | The best f1_micro util now is 0.9955, at step 236
2024-11-11 02:07:13 | INFO | train | ----------------------------------------------------------------------------------
2024-11-11 02:07:13 | INFO | train | Time of iter training 45.78 s
2024-11-11 02:07:13 | INFO | train | On iter step 252:, global step 64513 Loss-step [0.0818 0.0818 0.0000]
2024-11-11 02:07:53 | INFO | train | In dataset train: Loss is [0.1017 0.1017 0.0000]
2024-11-11 02:07:53 | INFO | train | task-0		Acc is 0.9962, F1 is 0.9962
2024-11-11 02:07:53 | INFO | train | task-0		F1-macro is 0.9961, F1-micro is 0.9962
2024-11-11 02:07:53 | INFO | train | task-0		Pre is 0.9962, Rec is 0.9962
2024-11-11 02:07:53 | INFO | train | task-0		C_M is 
[[531   0   0   0   0   1   0   0]
 [  0 538   0   3   0   0   2   0]
 [  0   0 522   0   0   0   0   0]
 [  0   0   0 513   1   0   0   0]
 [  0   2   0   0 506   0   1   2]
 [  0   0   0   0   0 535   0   0]
 [  0   0   0   0   1   0 547   0]
 [  0   0   0   1   1   0   0 293]]
2024-11-11 02:08:32 | INFO | train | In dataset valid: Loss is [0.0611 0.0611 0.0000]
2024-11-11 02:08:32 | INFO | train | task-0		Acc is 0.9975, F1 is 0.9975
2024-11-11 02:08:32 | INFO | train | task-0		F1-macro is 0.9972, F1-micro is 0.9975
2024-11-11 02:08:32 | INFO | train | task-0		Pre is 0.9975, Rec is 0.9975
2024-11-11 02:08:32 | INFO | train | task-0		C_M is 
[[510   0   0   0   0   0   0   0]
 [  0 519   0   1   0   0   0   1]
 [  0   0 506   0   1   0   0   1]
 [  0   1   0 505   0   0   0   0]
 [  0   0   0   0 543   0   0   1]
 [  0   0   0   0   0 505   0   0]
 [  0   0   0   0   1   0 580   0]
 [  0   1   0   0   2   0   0 322]]
2024-11-11 02:09:12 | INFO | train | In dataset test: Loss is [0.1244 0.1244 0.0000]
2024-11-11 02:09:12 | INFO | train | task-0		Acc is 0.9965, F1 is 0.9965
2024-11-11 02:09:12 | INFO | train | task-0		F1-macro is 0.9962, F1-micro is 0.9965
2024-11-11 02:09:12 | INFO | train | task-0		Pre is 0.9965, Rec is 0.9965
2024-11-11 02:09:12 | INFO | train | task-0		C_M is 
[[521   0   0   0   0   2   0   0]
 [  0 532   0   0   2   0   0   0]
 [  0   0 548   0   0   0   0   1]
 [  0   0   0 574   1   0   0   0]
 [  0   0   0   0 504   2   2   2]
 [  0   0   0   0   0 534   0   0]
 [  0   0   0   0   1   0 499   0]
 [  0   0   0   0   1   0   0 274]]
2024-11-11 02:09:12 | INFO | train | The best f1_macro util now is 0.9949, at step 236
2024-11-11 02:09:12 | INFO | train | The best f1_micro util now is 0.9955, at step 236
2024-11-11 02:09:58 | INFO | train | ----------------------------------------------------------------------------------
2024-11-11 02:09:58 | INFO | train | Time of iter training 46.03 s
2024-11-11 02:09:58 | INFO | train | On iter step 253:, global step 64769 Loss-step [0.1079 0.1079 0.0000]
2024-11-11 02:10:37 | INFO | train | In dataset train: Loss is [0.0875 0.0875 0.0000]
2024-11-11 02:10:37 | INFO | train | task-0		Acc is 0.9968, F1 is 0.9968
2024-11-11 02:10:37 | INFO | train | task-0		F1-macro is 0.9968, F1-micro is 0.9968
2024-11-11 02:10:37 | INFO | train | task-0		Pre is 0.9968, Rec is 0.9968
2024-11-11 02:10:37 | INFO | train | task-0		C_M is 
[[530   0   0   0   0   2   0   0]
 [  0 538   0   3   0   0   2   0]
 [  0   0 522   0   0   0   0   0]
 [  0   0   0 513   1   0   0   0]
 [  0   0   0   0 508   1   2   0]
 [  0   0   0   0   0 535   0   0]
 [  0   0   0   0   1   0 547   0]
 [  0   0   0   0   1   0   0 294]]
2024-11-11 02:11:16 | INFO | train | In dataset valid: Loss is [0.0575 0.0575 0.0000]
2024-11-11 02:11:16 | INFO | train | task-0		Acc is 0.9975, F1 is 0.9975
2024-11-11 02:11:16 | INFO | train | task-0		F1-macro is 0.9974, F1-micro is 0.9975
2024-11-11 02:11:16 | INFO | train | task-0		Pre is 0.9975, Rec is 0.9975
2024-11-11 02:11:16 | INFO | train | task-0		C_M is 
[[510   0   0   0   0   0   0   0]
 [  0 519   0   1   1   0   0   0]
 [  0   0 506   0   0   0   0   2]
 [  1   0   0 505   0   0   0   0]
 [  0   0   0   0 543   0   1   0]
 [  0   0   0   0   0 505   0   0]
 [  0   0   0   0   2   0 579   0]
 [  0   0   0   0   2   0   0 323]]
2024-11-11 02:11:56 | INFO | train | In dataset test: Loss is [0.1335 0.1335 0.0000]
2024-11-11 02:11:56 | INFO | train | task-0		Acc is 0.9970, F1 is 0.9970
2024-11-11 02:11:56 | INFO | train | task-0		F1-macro is 0.9968, F1-micro is 0.9970
2024-11-11 02:11:56 | INFO | train | task-0		Pre is 0.9970, Rec is 0.9970
2024-11-11 02:11:56 | INFO | train | task-0		C_M is 
[[521   0   0   0   0   2   0   0]
 [  0 532   0   0   2   0   0   0]
 [  0   0 548   0   0   0   0   1]
 [  0   0   0 574   1   0   0   0]
 [  0   0   0   0 506   1   2   1]
 [  0   0   0   0   0 534   0   0]
 [  0   0   0   0   1   0 499   0]
 [  0   0   0   0   1   0   0 274]]
2024-11-11 02:11:56 | INFO | train | The best f1_macro util now is 0.9949, at step 236
2024-11-11 02:11:56 | INFO | train | The best f1_micro util now is 0.9955, at step 236
2024-11-11 02:12:42 | INFO | train | ----------------------------------------------------------------------------------
2024-11-11 02:12:42 | INFO | train | Time of iter training 45.89 s
2024-11-11 02:12:42 | INFO | train | On iter step 254:, global step 65025 Loss-step [0.1201 0.1201 0.0000]
2024-11-11 02:13:21 | INFO | train | In dataset train: Loss is [0.1021 0.1021 0.0000]
2024-11-11 02:13:21 | INFO | train | task-0		Acc is 0.9940, F1 is 0.9940
2024-11-11 02:13:21 | INFO | train | task-0		F1-macro is 0.9933, F1-micro is 0.9940
2024-11-11 02:13:21 | INFO | train | task-0		Pre is 0.9940, Rec is 0.9940
2024-11-11 02:13:21 | INFO | train | task-0		C_M is 
[[529   0   0   0   0   3   0   0]
 [  0 539   0   0   1   0   3   0]
 [  0   0 522   0   0   0   0   0]
 [  0   0   0 514   0   0   0   0]
 [  0   0   0   0 495   0   6  10]
 [  0   0   0   0   0 534   0   1]
 [  0   0   0   0   0   0 548   0]
 [  0   0   0   0   0   0   0 295]]
2024-11-11 02:14:01 | INFO | train | In dataset valid: Loss is [0.0974 0.0974 0.0000]
2024-11-11 02:14:01 | INFO | train | task-0		Acc is 0.9925, F1 is 0.9925
2024-11-11 02:14:01 | INFO | train | task-0		F1-macro is 0.9917, F1-micro is 0.9925
2024-11-11 02:14:01 | INFO | train | task-0		Pre is 0.9925, Rec is 0.9925
2024-11-11 02:14:01 | INFO | train | task-0		C_M is 
[[506   0   0   0   0   4   0   0]
 [  0 519   0   0   1   0   0   1]
 [  0   0 506   0   0   0   0   2]
 [  1   1   0 504   0   0   0   0]
 [  0   0   0   0 524   1   4  15]
 [  0   0   0   0   0 505   0   0]
 [  0   0   0   0   0   0 581   0]
 [  0   0   0   0   0   0   0 325]]
2024-11-11 02:14:40 | INFO | train | In dataset test: Loss is [0.1508 0.1508 0.0000]
2024-11-11 02:14:40 | INFO | train | task-0		Acc is 0.9922, F1 is 0.9922
2024-11-11 02:14:40 | INFO | train | task-0		F1-macro is 0.9909, F1-micro is 0.9922
2024-11-11 02:14:40 | INFO | train | task-0		Pre is 0.9922, Rec is 0.9922
2024-11-11 02:14:40 | INFO | train | task-0		C_M is 
[[520   0   0   0   0   2   0   1]
 [  1 531   0   0   2   0   0   0]
 [  0   0 548   0   0   0   0   1]
 [  0   0   0 573   2   0   0   0]
 [  0   0   0   0 490   1   7  12]
 [  0   0   0   0   0 532   0   2]
 [  0   0   0   0   0   0 500   0]
 [  0   0   0   0   0   0   0 275]]
2024-11-11 02:14:40 | INFO | train | The best f1_macro util now is 0.9949, at step 236
2024-11-11 02:14:40 | INFO | train | The best f1_micro util now is 0.9955, at step 236
2024-11-11 02:15:26 | INFO | train | ----------------------------------------------------------------------------------
2024-11-11 02:15:26 | INFO | train | Time of iter training 45.99 s
2024-11-11 02:15:26 | INFO | train | On iter step 255:, global step 65281 Loss-step [0.1437 0.1437 0.0000]
2024-11-11 02:16:06 | INFO | train | In dataset train: Loss is [0.0868 0.0868 0.0000]
2024-11-11 02:16:06 | INFO | train | task-0		Acc is 0.9960, F1 is 0.9960
2024-11-11 02:16:06 | INFO | train | task-0		F1-macro is 0.9958, F1-micro is 0.9960
2024-11-11 02:16:06 | INFO | train | task-0		Pre is 0.9960, Rec is 0.9960
2024-11-11 02:16:06 | INFO | train | task-0		C_M is 
[[528   0   0   0   0   4   0   0]
 [  0 538   0   3   0   0   2   0]
 [  0   0 522   0   0   0   0   0]
 [  0   0   0 514   0   0   0   0]
 [  0   0   0   0 511   0   0   0]
 [  0   0   0   0   0 535   0   0]
 [  0   0   0   0   3   0 545   0]
 [  0   0   0   0   4   0   0 291]]
2024-11-11 02:16:45 | INFO | train | In dataset valid: Loss is [0.0840 0.0840 0.0000]
2024-11-11 02:16:45 | INFO | train | task-0		Acc is 0.9948, F1 is 0.9948
2024-11-11 02:16:45 | INFO | train | task-0		F1-macro is 0.9947, F1-micro is 0.9948
2024-11-11 02:16:45 | INFO | train | task-0		Pre is 0.9948, Rec is 0.9948
2024-11-11 02:16:45 | INFO | train | task-0		C_M is 
[[503   0   0   0   0   7   0   0]
 [  0 519   0   1   1   0   0   0]
 [  0   0 506   0   0   0   0   2]
 [  0   1   0 505   0   0   0   0]
 [  0   0   0   0 544   0   0   0]
 [  0   0   0   0   2 503   0   0]
 [  0   0   0   0   5   0 576   0]
 [  0   0   0   0   2   0   0 323]]
2024-11-11 02:17:25 | INFO | train | In dataset test: Loss is [0.1044 0.1044 0.0000]
2024-11-11 02:17:25 | INFO | train | task-0		Acc is 0.9955, F1 is 0.9955
2024-11-11 02:17:25 | INFO | train | task-0		F1-macro is 0.9952, F1-micro is 0.9955
2024-11-11 02:17:25 | INFO | train | task-0		Pre is 0.9955, Rec is 0.9955
2024-11-11 02:17:25 | INFO | train | task-0		C_M is 
[[519   0   0   0   0   4   0   0]
 [  0 532   0   0   2   0   0   0]
 [  0   0 548   0   0   0   0   1]
 [  0   0   0 573   2   0   0   0]
 [  0   0   0   0 508   1   0   1]
 [  0   0   0   0   0 534   0   0]
 [  0   0   0   0   4   0 496   0]
 [  0   0   0   0   3   0   0 272]]
2024-11-11 02:17:25 | INFO | train | The best f1_macro util now is 0.9949, at step 236
2024-11-11 02:17:25 | INFO | train | The best f1_micro util now is 0.9955, at step 236
2024-11-11 02:18:11 | INFO | train | ----------------------------------------------------------------------------------
2024-11-11 02:18:11 | INFO | train | Time of iter training 45.93 s
2024-11-11 02:18:11 | INFO | train | On iter step 256:, global step 65537 Loss-step [0.0988 0.0988 0.0000]
2024-11-11 02:18:50 | INFO | train | In dataset train: Loss is [0.0782 0.0782 0.0000]
2024-11-11 02:18:50 | INFO | train | task-0		Acc is 0.9972, F1 is 0.9972
2024-11-11 02:18:50 | INFO | train | task-0		F1-macro is 0.9973, F1-micro is 0.9972
2024-11-11 02:18:50 | INFO | train | task-0		Pre is 0.9972, Rec is 0.9972
2024-11-11 02:18:50 | INFO | train | task-0		C_M is 
[[530   0   0   0   0   2   0   0]
 [  0 538   0   3   0   0   2   0]
 [  0   0 522   0   0   0   0   0]
 [  0   0   0 513   1   0   0   0]
 [  0   0   0   0 511   0   0   0]
 [  0   0   0   0   0 535   0   0]
 [  0   0   0   0   2   0 546   0]
 [  0   0   0   0   1   0   0 294]]
2024-11-11 02:19:29 | INFO | train | In dataset valid: Loss is [0.0615 0.0615 0.0000]
2024-11-11 02:19:29 | INFO | train | task-0		Acc is 0.9960, F1 is 0.9960
2024-11-11 02:19:29 | INFO | train | task-0		F1-macro is 0.9960, F1-micro is 0.9960
2024-11-11 02:19:29 | INFO | train | task-0		Pre is 0.9960, Rec is 0.9960
2024-11-11 02:19:29 | INFO | train | task-0		C_M is 
[[507   0   0   0   0   3   0   0]
 [  0 519   0   1   1   0   0   0]
 [  0   1 506   0   0   0   0   1]
 [  1   0   0 505   0   0   0   0]
 [  0   0   0   0 544   0   0   0]
 [  0   0   0   0   1 504   0   0]
 [  0   0   0   0   5   0 576   0]
 [  0   0   0   0   2   0   0 323]]
2024-11-11 02:20:09 | INFO | train | In dataset test: Loss is [0.0971 0.0971 0.0000]
2024-11-11 02:20:09 | INFO | train | task-0		Acc is 0.9965, F1 is 0.9965
2024-11-11 02:20:09 | INFO | train | task-0		F1-macro is 0.9963, F1-micro is 0.9965
2024-11-11 02:20:09 | INFO | train | task-0		Pre is 0.9965, Rec is 0.9965
2024-11-11 02:20:09 | INFO | train | task-0		C_M is 
[[520   0   0   0   0   3   0   0]
 [  0 532   0   0   2   0   0   0]
 [  0   0 548   0   0   0   0   1]
 [  0   0   0 573   2   0   0   0]
 [  0   0   0   0 508   1   0   1]
 [  0   0   0   0   0 534   0   0]
 [  0   0   0   0   3   0 497   0]
 [  0   0   0   0   1   0   0 274]]
2024-11-11 02:20:09 | INFO | train | The best f1_macro util now is 0.9949, at step 236
2024-11-11 02:20:09 | INFO | train | The best f1_micro util now is 0.9955, at step 236
2024-11-11 02:20:55 | INFO | train | ----------------------------------------------------------------------------------
2024-11-11 02:20:55 | INFO | train | Time of iter training 45.98 s
2024-11-11 02:20:55 | INFO | train | On iter step 257:, global step 65793 Loss-step [0.0790 0.0790 0.0000]
2024-11-11 02:21:34 | INFO | train | In dataset train: Loss is [0.0741 0.0741 0.0000]
2024-11-11 02:21:34 | INFO | train | task-0		Acc is 0.9972, F1 is 0.9972
2024-11-11 02:21:34 | INFO | train | task-0		F1-macro is 0.9973, F1-micro is 0.9972
2024-11-11 02:21:34 | INFO | train | task-0		Pre is 0.9972, Rec is 0.9972
2024-11-11 02:21:34 | INFO | train | task-0		C_M is 
[[529   0   0   0   1   2   0   0]
 [  0 539   0   2   0   0   2   0]
 [  0   0 522   0   0   0   0   0]
 [  0   0   0 513   1   0   0   0]
 [  0   0   0   0 509   0   2   0]
 [  0   0   0   0   0 535   0   0]
 [  0   0   0   0   0   0 548   0]
 [  0   0   0   0   1   0   0 294]]
2024-11-11 02:22:13 | INFO | train | In dataset valid: Loss is [0.0548 0.0548 0.0000]
2024-11-11 02:22:13 | INFO | train | task-0		Acc is 0.9965, F1 is 0.9965
2024-11-11 02:22:13 | INFO | train | task-0		F1-macro is 0.9965, F1-micro is 0.9965
2024-11-11 02:22:13 | INFO | train | task-0		Pre is 0.9965, Rec is 0.9965
2024-11-11 02:22:13 | INFO | train | task-0		C_M is 
[[507   0   0   0   0   3   0   0]
 [  0 520   0   0   1   0   0   0]
 [  0   2 506   0   0   0   0   0]
 [  0   2   0 504   0   0   0   0]
 [  0   0   0   0 543   0   1   0]
 [  0   0   0   0   1 504   0   0]
 [  0   0   0   0   2   0 579   0]
 [  0   0   0   0   2   0   0 323]]
2024-11-11 02:22:53 | INFO | train | In dataset test: Loss is [0.0941 0.0941 0.0000]
2024-11-11 02:22:53 | INFO | train | task-0		Acc is 0.9972, F1 is 0.9972
2024-11-11 02:22:53 | INFO | train | task-0		F1-macro is 0.9971, F1-micro is 0.9972
2024-11-11 02:22:53 | INFO | train | task-0		Pre is 0.9972, Rec is 0.9972
2024-11-11 02:22:53 | INFO | train | task-0		C_M is 
[[520   0   0   0   0   3   0   0]
 [  0 532   0   0   2   0   0   0]
 [  0   0 548   0   0   0   0   1]
 [  0   0   0 574   1   0   0   0]
 [  0   0   0   0 507   1   1   1]
 [  0   0   0   0   0 534   0   0]
 [  0   0   0   0   0   0 500   0]
 [  0   0   0   0   1   0   0 274]]
2024-11-11 02:22:53 | INFO | train | The best f1_macro util now is 0.9949, at step 236
2024-11-11 02:22:53 | INFO | train | The best f1_micro util now is 0.9955, at step 236
2024-11-11 02:23:39 | INFO | train | ----------------------------------------------------------------------------------
2024-11-11 02:23:39 | INFO | train | Time of iter training 45.73 s
2024-11-11 02:23:39 | INFO | train | On iter step 258:, global step 66049 Loss-step [0.0519 0.0519 0.0000]
2024-11-11 02:24:18 | INFO | train | In dataset train: Loss is [0.0588 0.0588 0.0000]
2024-11-11 02:24:18 | INFO | train | task-0		Acc is 0.9972, F1 is 0.9972
2024-11-11 02:24:18 | INFO | train | task-0		F1-macro is 0.9972, F1-micro is 0.9972
2024-11-11 02:24:18 | INFO | train | task-0		Pre is 0.9972, Rec is 0.9972
2024-11-11 02:24:18 | INFO | train | task-0		C_M is 
[[530   0   0   0   1   1   0   0]
 [  0 538   0   3   0   0   2   0]
 [  0   0 522   0   0   0   0   0]
 [  0   0   0 514   0   0   0   0]
 [  0   0   0   0 511   0   0   0]
 [  0   0   0   0   0 535   0   0]
 [  0   0   0   0   2   0 546   0]
 [  0   0   0   1   1   0   0 293]]
2024-11-11 02:24:57 | INFO | train | In dataset valid: Loss is [0.0501 0.0501 0.0000]
2024-11-11 02:24:57 | INFO | train | task-0		Acc is 0.9972, F1 is 0.9972
2024-11-11 02:24:57 | INFO | train | task-0		F1-macro is 0.9973, F1-micro is 0.9972
2024-11-11 02:24:57 | INFO | train | task-0		Pre is 0.9972, Rec is 0.9972
2024-11-11 02:24:57 | INFO | train | task-0		C_M is 
[[510   0   0   0   0   0   0   0]
 [  0 519   0   1   1   0   0   0]
 [  0   0 506   2   0   0   0   0]
 [  0   1   0 505   0   0   0   0]
 [  0   0   0   0 544   0   0   0]
 [  0   0   0   0   0 505   0   0]
 [  0   0   0   0   4   0 577   0]
 [  0   0   0   0   2   0   0 323]]
2024-11-11 02:25:37 | INFO | train | In dataset test: Loss is [0.0772 0.0772 0.0000]
2024-11-11 02:25:37 | INFO | train | task-0		Acc is 0.9972, F1 is 0.9972
2024-11-11 02:25:37 | INFO | train | task-0		F1-macro is 0.9970, F1-micro is 0.9972
2024-11-11 02:25:37 | INFO | train | task-0		Pre is 0.9972, Rec is 0.9972
2024-11-11 02:25:37 | INFO | train | task-0		C_M is 
[[522   0   0   0   0   1   0   0]
 [  0 532   0   1   1   0   0   0]
 [  0   0 548   0   0   0   0   1]
 [  0   0   0 574   1   0   0   0]
 [  0   0   0   0 508   1   0   1]
 [  0   0   0   0   0 534   0   0]
 [  0   0   0   0   3   0 497   0]
 [  0   0   0   0   1   0   0 274]]
2024-11-11 02:25:37 | INFO | train | The best f1_macro util now is 0.9949, at step 236
2024-11-11 02:25:37 | INFO | train | The best f1_micro util now is 0.9955, at step 236
2024-11-11 02:26:23 | INFO | train | ----------------------------------------------------------------------------------
2024-11-11 02:26:23 | INFO | train | Time of iter training 46.21 s
2024-11-11 02:26:23 | INFO | train | On iter step 259:, global step 66305 Loss-step [0.1100 0.1100 0.0000]
2024-11-11 02:27:02 | INFO | train | In dataset train: Loss is [0.0646 0.0646 0.0000]
2024-11-11 02:27:02 | INFO | train | task-0		Acc is 0.9965, F1 is 0.9965
2024-11-11 02:27:02 | INFO | train | task-0		F1-macro is 0.9963, F1-micro is 0.9965
2024-11-11 02:27:02 | INFO | train | task-0		Pre is 0.9965, Rec is 0.9965
2024-11-11 02:27:02 | INFO | train | task-0		C_M is 
[[530   0   0   0   1   1   0   0]
 [  0 538   0   3   0   0   2   0]
 [  0   0 522   0   0   0   0   0]
 [  0   0   0 514   0   0   0   0]
 [  0   0   0   0 511   0   0   0]
 [  0   0   0   0   0 535   0   0]
 [  0   0   0   0   3   0 545   0]
 [  0   0   0   0   4   0   0 291]]
2024-11-11 02:27:42 | INFO | train | In dataset valid: Loss is [0.0592 0.0592 0.0000]
2024-11-11 02:27:42 | INFO | train | task-0		Acc is 0.9968, F1 is 0.9968
2024-11-11 02:27:42 | INFO | train | task-0		F1-macro is 0.9968, F1-micro is 0.9968
2024-11-11 02:27:42 | INFO | train | task-0		Pre is 0.9968, Rec is 0.9968
2024-11-11 02:27:42 | INFO | train | task-0		C_M is 
[[510   0   0   0   0   0   0   0]
 [  0 519   0   1   1   0   0   0]
 [  0   0 506   2   0   0   0   0]
 [  0   1   0 505   0   0   0   0]
 [  0   0   0   0 544   0   0   0]
 [  0   0   0   0   1 504   0   0]
 [  0   0   0   0   5   0 576   0]
 [  0   0   0   0   2   0   0 323]]
2024-11-11 02:28:21 | INFO | train | In dataset test: Loss is [0.0803 0.0803 0.0000]
2024-11-11 02:28:21 | INFO | train | task-0		Acc is 0.9968, F1 is 0.9968
2024-11-11 02:28:21 | INFO | train | task-0		F1-macro is 0.9966, F1-micro is 0.9968
2024-11-11 02:28:21 | INFO | train | task-0		Pre is 0.9968, Rec is 0.9968
2024-11-11 02:28:21 | INFO | train | task-0		C_M is 
[[522   0   0   0   0   1   0   0]
 [  0 532   0   1   1   0   0   0]
 [  0   0 548   0   0   1   0   0]
 [  0   0   0 574   1   0   0   0]
 [  0   0   0   0 508   1   0   1]
 [  0   0   0   0   0 534   0   0]
 [  0   0   0   0   4   0 496   0]
 [  0   0   0   0   2   0   0 273]]
2024-11-11 02:28:21 | INFO | train | The best f1_macro util now is 0.9949, at step 236
2024-11-11 02:28:21 | INFO | train | The best f1_micro util now is 0.9955, at step 236
2024-11-11 02:29:07 | INFO | train | ----------------------------------------------------------------------------------
2024-11-11 02:29:07 | INFO | train | Time of iter training 46.00 s
2024-11-11 02:29:07 | INFO | train | On iter step 260:, global step 66561 Loss-step [0.0758 0.0758 0.0000]
2024-11-11 02:29:47 | INFO | train | In dataset train: Loss is [0.0615 0.0615 0.0000]
2024-11-11 02:29:47 | INFO | train | task-0		Acc is 0.9972, F1 is 0.9972
2024-11-11 02:29:47 | INFO | train | task-0		F1-macro is 0.9972, F1-micro is 0.9972
2024-11-11 02:29:47 | INFO | train | task-0		Pre is 0.9972, Rec is 0.9972
2024-11-11 02:29:47 | INFO | train | task-0		C_M is 
[[531   0   0   0   0   1   0   0]
 [  0 538   0   3   0   0   2   0]
 [  0   0 522   0   0   0   0   0]
 [  0   0   0 514   0   0   0   0]
 [  0   0   0   0 510   0   0   1]
 [  0   0   0   0   0 535   0   0]
 [  0   0   0   0   3   0 545   0]
 [  0   0   0   0   1   0   0 294]]
2024-11-11 02:30:26 | INFO | train | In dataset valid: Loss is [0.0614 0.0614 0.0000]
2024-11-11 02:30:26 | INFO | train | task-0		Acc is 0.9968, F1 is 0.9968
2024-11-11 02:30:26 | INFO | train | task-0		F1-macro is 0.9968, F1-micro is 0.9968
2024-11-11 02:30:26 | INFO | train | task-0		Pre is 0.9968, Rec is 0.9968
2024-11-11 02:30:26 | INFO | train | task-0		C_M is 
[[510   0   0   0   0   0   0   0]
 [  0 519   0   1   1   0   0   0]
 [  0   0 506   2   0   0   0   0]
 [  1   0   0 505   0   0   0   0]
 [  0   0   0   0 543   0   0   1]
 [  0   0   0   0   0 505   0   0]
 [  0   0   0   0   5   0 576   0]
 [  0   0   0   0   2   0   0 323]]
2024-11-11 02:31:06 | INFO | train | In dataset test: Loss is [0.0922 0.0922 0.0000]
2024-11-11 02:31:06 | INFO | train | task-0		Acc is 0.9962, F1 is 0.9962
2024-11-11 02:31:06 | INFO | train | task-0		F1-macro is 0.9961, F1-micro is 0.9962
2024-11-11 02:31:06 | INFO | train | task-0		Pre is 0.9962, Rec is 0.9962
2024-11-11 02:31:06 | INFO | train | task-0		C_M is 
[[521   0   0   0   0   2   0   0]
 [  1 531   0   1   1   0   0   0]
 [  0   0 548   0   0   1   0   0]
 [  0   0   0 574   1   0   0   0]
 [  0   0   0   0 507   1   0   2]
 [  0   0   0   0   0 534   0   0]
 [  0   0   0   0   4   0 496   0]
 [  0   0   0   0   1   0   0 274]]
2024-11-11 02:31:06 | INFO | train | The best f1_macro util now is 0.9949, at step 236
2024-11-11 02:31:06 | INFO | train | The best f1_micro util now is 0.9955, at step 236
2024-11-11 02:31:51 | INFO | train | ----------------------------------------------------------------------------------
2024-11-11 02:31:51 | INFO | train | Time of iter training 45.79 s
2024-11-11 02:31:51 | INFO | train | On iter step 261:, global step 66817 Loss-step [0.0432 0.0432 0.0000]
2024-11-11 02:32:31 | INFO | train | In dataset train: Loss is [0.0623 0.0623 0.0000]
2024-11-11 02:32:31 | INFO | train | task-0		Acc is 0.9972, F1 is 0.9972
2024-11-11 02:32:31 | INFO | train | task-0		F1-macro is 0.9973, F1-micro is 0.9972
2024-11-11 02:32:31 | INFO | train | task-0		Pre is 0.9972, Rec is 0.9972
2024-11-11 02:32:31 | INFO | train | task-0		C_M is 
[[530   0   0   0   0   2   0   0]
 [  0 538   0   3   0   0   2   0]
 [  0   0 522   0   0   0   0   0]
 [  0   0   0 514   0   0   0   0]
 [  0   0   0   0 511   0   0   0]
 [  0   0   0   0   0 535   0   0]
 [  0   0   0   0   3   0 545   0]
 [  0   0   0   0   1   0   0 294]]
2024-11-11 02:33:10 | INFO | train | In dataset valid: Loss is [0.0578 0.0578 0.0000]
2024-11-11 02:33:10 | INFO | train | task-0		Acc is 0.9958, F1 is 0.9958
2024-11-11 02:33:10 | INFO | train | task-0		F1-macro is 0.9958, F1-micro is 0.9958
2024-11-11 02:33:10 | INFO | train | task-0		Pre is 0.9958, Rec is 0.9958
2024-11-11 02:33:10 | INFO | train | task-0		C_M is 
[[506   0   0   0   0   4   0   0]
 [  0 519   0   1   1   0   0   0]
 [  0   0 506   2   0   0   0   0]
 [  1   0   0 505   0   0   0   0]
 [  0   0   0   0 543   0   0   1]
 [  0   0   0   0   0 505   0   0]
 [  0   0   0   0   5   0 576   0]
 [  0   0   0   0   2   0   0 323]]
2024-11-11 02:33:50 | INFO | train | In dataset test: Loss is [0.0977 0.0977 0.0000]
2024-11-11 02:33:50 | INFO | train | task-0		Acc is 0.9962, F1 is 0.9962
2024-11-11 02:33:50 | INFO | train | task-0		F1-macro is 0.9961, F1-micro is 0.9962
2024-11-11 02:33:50 | INFO | train | task-0		Pre is 0.9962, Rec is 0.9962
2024-11-11 02:33:50 | INFO | train | task-0		C_M is 
[[520   0   0   0   0   3   0   0]
 [  0 532   0   1   1   0   0   0]
 [  0   0 548   0   0   1   0   0]
 [  0   0   0 574   1   0   0   0]
 [  0   0   0   0 507   1   0   2]
 [  0   0   0   0   0 534   0   0]
 [  0   0   0   0   4   0 496   0]
 [  0   0   0   0   1   0   0 274]]
2024-11-11 02:33:50 | INFO | train | The best f1_macro util now is 0.9949, at step 236
2024-11-11 02:33:50 | INFO | train | The best f1_micro util now is 0.9955, at step 236
2024-11-11 02:34:36 | INFO | train | ----------------------------------------------------------------------------------
2024-11-11 02:34:36 | INFO | train | Time of iter training 46.19 s
2024-11-11 02:34:36 | INFO | train | On iter step 262:, global step 67073 Loss-step [0.1173 0.1173 0.0000]
2024-11-11 02:35:15 | INFO | train | In dataset train: Loss is [0.0597 0.0597 0.0000]
2024-11-11 02:35:15 | INFO | train | task-0		Acc is 0.9972, F1 is 0.9972
2024-11-11 02:35:15 | INFO | train | task-0		F1-macro is 0.9973, F1-micro is 0.9972
2024-11-11 02:35:15 | INFO | train | task-0		Pre is 0.9972, Rec is 0.9972
2024-11-11 02:35:15 | INFO | train | task-0		C_M is 
[[530   0   0   0   0   2   0   0]
 [  0 538   0   3   0   0   2   0]
 [  0   0 522   0   0   0   0   0]
 [  0   0   0 514   0   0   0   0]
 [  0   0   0   0 510   0   0   1]
 [  0   0   0   0   0 535   0   0]
 [  0   0   0   0   3   0 545   0]
 [  0   0   0   0   0   0   0 295]]
2024-11-11 02:35:54 | INFO | train | In dataset valid: Loss is [0.0585 0.0585 0.0000]
2024-11-11 02:35:54 | INFO | train | task-0		Acc is 0.9970, F1 is 0.9970
2024-11-11 02:35:54 | INFO | train | task-0		F1-macro is 0.9970, F1-micro is 0.9970
2024-11-11 02:35:54 | INFO | train | task-0		Pre is 0.9970, Rec is 0.9970
2024-11-11 02:35:54 | INFO | train | task-0		C_M is 
[[509   0   0   0   0   1   0   0]
 [  0 519   0   1   1   0   0   0]
 [  0   0 508   0   0   0   0   0]
 [  1   0   0 505   0   0   0   0]
 [  0   0   0   0 543   0   0   1]
 [  0   0   0   0   0 505   0   0]
 [  0   0   0   0   5   0 576   0]
 [  0   0   0   0   2   0   0 323]]
2024-11-11 02:36:34 | INFO | train | In dataset test: Loss is [0.0952 0.0952 0.0000]
2024-11-11 02:36:34 | INFO | train | task-0		Acc is 0.9958, F1 is 0.9958
2024-11-11 02:36:34 | INFO | train | task-0		F1-macro is 0.9952, F1-micro is 0.9958
2024-11-11 02:36:34 | INFO | train | task-0		Pre is 0.9958, Rec is 0.9958
2024-11-11 02:36:34 | INFO | train | task-0		C_M is 
[[522   0   0   0   0   1   0   0]
 [  0 532   0   0   2   0   0   0]
 [  0   0 548   0   0   1   0   0]
 [  0   0   0 574   1   0   0   0]
 [  0   0   0   0 503   1   0   6]
 [  0   0   0   0   0 534   0   0]
 [  0   0   0   0   4   0 496   0]
 [  0   0   0   0   1   0   0 274]]
2024-11-11 02:36:34 | INFO | train | The best f1_macro util now is 0.9949, at step 236
2024-11-11 02:36:34 | INFO | train | The best f1_micro util now is 0.9955, at step 236
2024-11-11 02:37:20 | INFO | train | ----------------------------------------------------------------------------------
2024-11-11 02:37:20 | INFO | train | Time of iter training 45.82 s
2024-11-11 02:37:20 | INFO | train | On iter step 263:, global step 67329 Loss-step [0.1416 0.1416 0.0000]
2024-11-11 02:37:59 | INFO | train | In dataset train: Loss is [0.2970 0.2970 0.0000]
2024-11-11 02:37:59 | INFO | train | task-0		Acc is 0.9905, F1 is 0.9905
2024-11-11 02:37:59 | INFO | train | task-0		F1-macro is 0.9908, F1-micro is 0.9905
2024-11-11 02:37:59 | INFO | train | task-0		Pre is 0.9905, Rec is 0.9905
2024-11-11 02:37:59 | INFO | train | task-0		C_M is 
[[521   0   0   0   0  10   1   0]
 [  0 540   0   1   0   1   1   0]
 [  0   0 522   0   0   0   0   0]
 [  0   0   0 514   0   0   0   0]
 [  0   0   0   0 487  17   5   2]
 [  0   0   0   0   0 535   0   0]
 [  0   0   0   0   0   0 548   0]
 [  0   0   0   0   0   0   0 295]]
2024-11-11 02:38:38 | INFO | train | In dataset valid: Loss is [0.3616 0.3616 0.0000]
2024-11-11 02:38:38 | INFO | train | task-0		Acc is 0.9880, F1 is 0.9880
2024-11-11 02:38:38 | INFO | train | task-0		F1-macro is 0.9881, F1-micro is 0.9880
2024-11-11 02:38:38 | INFO | train | task-0		Pre is 0.9880, Rec is 0.9880
2024-11-11 02:38:38 | INFO | train | task-0		C_M is 
[[499   0   0   0   0  11   0   0]
 [  0 519   0   0   0   2   0   0]
 [  0   1 506   0   0   1   0   0]
 [  1   1   0 504   0   0   0   0]
 [  0   1   0   1 516  20   3   3]
 [  0   0   0   0   0 505   0   0]
 [  0   0   0   0   0   0 581   0]
 [  0   0   0   0   2   1   0 322]]
2024-11-11 02:39:18 | INFO | train | In dataset test: Loss is [0.5087 0.5087 0.0000]
2024-11-11 02:39:18 | INFO | train | task-0		Acc is 0.9865, F1 is 0.9865
2024-11-11 02:39:18 | INFO | train | task-0		F1-macro is 0.9863, F1-micro is 0.9865
2024-11-11 02:39:18 | INFO | train | task-0		Pre is 0.9865, Rec is 0.9865
2024-11-11 02:39:18 | INFO | train | task-0		C_M is 
[[513   0   0   0   0  10   0   0]
 [  0 532   0   0   0   2   0   0]
 [  0   1 548   0   0   0   0   0]
 [  0   0   0 574   1   0   0   0]
 [  0   0   0   0 473  26   7   4]
 [  0   0   0   0   0 534   0   0]
 [  0   0   0   0   0   0 500   0]
 [  0   0   0   0   1   0   2 272]]
2024-11-11 02:39:18 | INFO | train | The best f1_macro util now is 0.9949, at step 236
2024-11-11 02:39:18 | INFO | train | The best f1_micro util now is 0.9955, at step 236
2024-11-11 02:40:04 | INFO | train | ----------------------------------------------------------------------------------
2024-11-11 02:40:04 | INFO | train | Time of iter training 46.01 s
2024-11-11 02:40:04 | INFO | train | On iter step 264:, global step 67585 Loss-step [0.1636 0.1636 0.0000]
2024-11-11 02:40:43 | INFO | train | In dataset train: Loss is [0.0472 0.0472 0.0000]
2024-11-11 02:40:43 | INFO | train | task-0		Acc is 0.9975, F1 is 0.9975
2024-11-11 02:40:43 | INFO | train | task-0		F1-macro is 0.9975, F1-micro is 0.9975
2024-11-11 02:40:43 | INFO | train | task-0		Pre is 0.9975, Rec is 0.9975
2024-11-11 02:40:43 | INFO | train | task-0		C_M is 
[[530   0   0   0   0   2   0   0]
 [  0 539   0   2   0   0   2   0]
 [  0   0 522   0   0   0   0   0]
 [  0   0   0 514   0   0   0   0]
 [  0   0   0   0 510   0   0   1]
 [  0   0   0   0   0 535   0   0]
 [  0   0   0   0   2   0 546   0]
 [  0   0   0   0   1   0   0 294]]
2024-11-11 02:41:23 | INFO | train | In dataset valid: Loss is [0.0826 0.0826 0.0000]
2024-11-11 02:41:23 | INFO | train | task-0		Acc is 0.9955, F1 is 0.9955
2024-11-11 02:41:23 | INFO | train | task-0		F1-macro is 0.9955, F1-micro is 0.9955
2024-11-11 02:41:23 | INFO | train | task-0		Pre is 0.9955, Rec is 0.9955
2024-11-11 02:41:23 | INFO | train | task-0		C_M is 
[[507   0   0   0   0   3   0   0]
 [  0 520   0   0   1   0   0   0]
 [  0   0 506   0   1   0   0   1]
 [  1   1   0 504   0   0   0   0]
 [  1   0   0   0 542   0   0   1]
 [  1   0   0   0   0 504   0   0]
 [  0   0   0   0   5   0 576   0]
 [  0   0   0   0   2   0   0 323]]
2024-11-11 02:42:02 | INFO | train | In dataset test: Loss is [0.0757 0.0757 0.0000]
2024-11-11 02:42:02 | INFO | train | task-0		Acc is 0.9968, F1 is 0.9968
2024-11-11 02:42:02 | INFO | train | task-0		F1-macro is 0.9965, F1-micro is 0.9968
2024-11-11 02:42:02 | INFO | train | task-0		Pre is 0.9968, Rec is 0.9968
2024-11-11 02:42:02 | INFO | train | task-0		C_M is 
[[522   0   0   0   0   1   0   0]
 [  1 531   0   0   1   0   1   0]
 [  0   0 548   0   0   0   0   1]
 [  0   0   0 574   1   0   0   0]
 [  0   0   0   0 508   1   0   1]
 [  0   0   0   0   0 533   0   1]
 [  0   0   0   0   3   0 497   0]
 [  0   0   0   0   1   0   0 274]]
2024-11-11 02:42:02 | INFO | train | The best f1_macro util now is 0.9949, at step 236
2024-11-11 02:42:02 | INFO | train | The best f1_micro util now is 0.9955, at step 236
2024-11-11 02:42:49 | INFO | train | ----------------------------------------------------------------------------------
2024-11-11 02:42:49 | INFO | train | Time of iter training 46.04 s
2024-11-11 02:42:49 | INFO | train | On iter step 265:, global step 67841 Loss-step [0.1176 0.1176 0.0000]
2024-11-11 02:43:28 | INFO | train | In dataset train: Loss is [0.0627 0.0627 0.0000]
2024-11-11 02:43:28 | INFO | train | task-0		Acc is 0.9960, F1 is 0.9960
2024-11-11 02:43:28 | INFO | train | task-0		F1-macro is 0.9957, F1-micro is 0.9960
2024-11-11 02:43:28 | INFO | train | task-0		Pre is 0.9960, Rec is 0.9960
2024-11-11 02:43:28 | INFO | train | task-0		C_M is 
[[527   0   0   0   1   4   0   0]
 [  0 541   0   0   1   0   1   0]
 [  0   0 522   0   0   0   0   0]
 [  0   0   0 513   1   0   0   0]
 [  0   1   0   0 508   0   2   0]
 [  0   0   0   0   0 535   0   0]
 [  0   0   0   0   0   0 548   0]
 [  0   0   0   0   5   0   0 290]]
2024-11-11 02:44:07 | INFO | train | In dataset valid: Loss is [0.0678 0.0678 0.0000]
2024-11-11 02:44:07 | INFO | train | task-0		Acc is 0.9958, F1 is 0.9958
2024-11-11 02:44:07 | INFO | train | task-0		F1-macro is 0.9957, F1-micro is 0.9958
2024-11-11 02:44:07 | INFO | train | task-0		Pre is 0.9958, Rec is 0.9958
2024-11-11 02:44:07 | INFO | train | task-0		C_M is 
[[506   0   0   0   0   4   0   0]
 [  0 520   0   0   1   0   0   0]
 [  0   0 506   0   2   0   0   0]
 [  1   1   0 504   0   0   0   0]
 [  0   1   0   0 542   0   0   1]
 [  1   0   0   0   0 504   0   0]
 [  0   0   0   0   2   0 579   0]
 [  0   0   0   0   3   0   0 322]]
2024-11-11 02:44:47 | INFO | train | In dataset test: Loss is [0.1198 0.1198 0.0000]
2024-11-11 02:44:47 | INFO | train | task-0		Acc is 0.9970, F1 is 0.9970
2024-11-11 02:44:47 | INFO | train | task-0		F1-macro is 0.9967, F1-micro is 0.9970
2024-11-11 02:44:47 | INFO | train | task-0		Pre is 0.9970, Rec is 0.9970
2024-11-11 02:44:47 | INFO | train | task-0		C_M is 
[[522   0   0   0   0   1   0   0]
 [  0 532   0   0   2   0   0   0]
 [  0   0 548   0   0   0   0   1]
 [  0   0   0 574   1   0   0   0]
 [  0   1   0   0 505   1   2   1]
 [  0   0   0   0   0 534   0   0]
 [  0   0   0   0   0   0 500   0]
 [  0   0   0   0   2   0   0 273]]
2024-11-11 02:44:47 | INFO | train | The best f1_macro util now is 0.9949, at step 236
2024-11-11 02:44:47 | INFO | train | The best f1_micro util now is 0.9955, at step 236
2024-11-11 02:45:32 | INFO | train | ----------------------------------------------------------------------------------
2024-11-11 02:45:32 | INFO | train | Time of iter training 45.75 s
2024-11-11 02:45:32 | INFO | train | On iter step 266:, global step 68097 Loss-step [0.0809 0.0809 0.0000]
2024-11-11 02:46:12 | INFO | train | In dataset train: Loss is [0.0481 0.0481 0.0000]
2024-11-11 02:46:12 | INFO | train | task-0		Acc is 0.9960, F1 is 0.9960
2024-11-11 02:46:12 | INFO | train | task-0		F1-macro is 0.9957, F1-micro is 0.9960
2024-11-11 02:46:12 | INFO | train | task-0		Pre is 0.9960, Rec is 0.9960
2024-11-11 02:46:12 | INFO | train | task-0		C_M is 
[[529   0   0   0   1   2   0   0]
 [  0 541   0   0   0   0   2   0]
 [  0   0 522   0   0   0   0   0]
 [  0   0   0 514   0   0   0   0]
 [  0   1   0   0 505   0   5   0]
 [  0   0   0   0   0 535   0   0]
 [  0   0   0   0   0   0 548   0]
 [  0   0   0   0   5   0   0 290]]
2024-11-11 02:46:51 | INFO | train | In dataset valid: Loss is [0.0733 0.0733 0.0000]
2024-11-11 02:46:51 | INFO | train | task-0		Acc is 0.9970, F1 is 0.9970
2024-11-11 02:46:51 | INFO | train | task-0		F1-macro is 0.9970, F1-micro is 0.9970
2024-11-11 02:46:51 | INFO | train | task-0		Pre is 0.9970, Rec is 0.9970
2024-11-11 02:46:51 | INFO | train | task-0		C_M is 
[[509   0   0   0   0   1   0   0]
 [  0 520   0   0   1   0   0   0]
 [  0   0 506   0   2   0   0   0]
 [  1   1   0 504   0   0   0   0]
 [  0   1   0   0 541   0   2   0]
 [  1   0   0   0   0 504   0   0]
 [  0   0   0   0   0   0 581   0]
 [  0   0   0   0   2   0   0 323]]
2024-11-11 02:47:31 | INFO | train | In dataset test: Loss is [0.1109 0.1109 0.0000]
2024-11-11 02:47:31 | INFO | train | task-0		Acc is 0.9965, F1 is 0.9965
2024-11-11 02:47:31 | INFO | train | task-0		F1-macro is 0.9962, F1-micro is 0.9965
2024-11-11 02:47:31 | INFO | train | task-0		Pre is 0.9965, Rec is 0.9965
2024-11-11 02:47:31 | INFO | train | task-0		C_M is 
[[523   0   0   0   0   0   0   0]
 [  0 532   0   1   1   0   0   0]
 [  0   0 548   0   0   0   0   1]
 [  0   0   0 574   1   0   0   0]
 [  0   1   0   0 502   1   5   1]
 [  0   0   0   0   0 534   0   0]
 [  0   0   0   0   0   0 500   0]
 [  0   0   0   0   2   0   0 273]]
2024-11-11 02:47:31 | INFO | train | The best f1_macro util now is 0.9949, at step 236
2024-11-11 02:47:31 | INFO | train | The best f1_micro util now is 0.9955, at step 236
2024-11-11 02:48:17 | INFO | train | ----------------------------------------------------------------------------------
2024-11-11 02:48:17 | INFO | train | Time of iter training 46.08 s
2024-11-11 02:48:17 | INFO | train | On iter step 267:, global step 68353 Loss-step [0.1559 0.1559 0.0000]
2024-11-11 02:48:56 | INFO | train | In dataset train: Loss is [0.0487 0.0487 0.0000]
2024-11-11 02:48:56 | INFO | train | task-0		Acc is 0.9978, F1 is 0.9978
2024-11-11 02:48:56 | INFO | train | task-0		F1-macro is 0.9976, F1-micro is 0.9978
2024-11-11 02:48:56 | INFO | train | task-0		Pre is 0.9978, Rec is 0.9978
2024-11-11 02:48:56 | INFO | train | task-0		C_M is 
[[531   0   0   0   0   1   0   0]
 [  0 541   0   0   0   0   2   0]
 [  0   0 522   0   0   0   0   0]
 [  0   0   0 514   0   0   0   0]
 [  0   0   0   0 508   0   0   3]
 [  0   0   0   0   0 535   0   0]
 [  0   0   0   0   3   0 545   0]
 [  0   0   0   0   0   0   0 295]]
2024-11-11 02:49:35 | INFO | train | In dataset valid: Loss is [0.1130 0.1130 0.0000]
2024-11-11 02:49:35 | INFO | train | task-0		Acc is 0.9965, F1 is 0.9965
2024-11-11 02:49:35 | INFO | train | task-0		F1-macro is 0.9966, F1-micro is 0.9965
2024-11-11 02:49:35 | INFO | train | task-0		Pre is 0.9965, Rec is 0.9965
2024-11-11 02:49:35 | INFO | train | task-0		C_M is 
[[510   0   0   0   0   0   0   0]
 [  0 520   0   0   1   0   0   0]
 [  0   0 506   0   2   0   0   0]
 [  1   1   0 504   0   0   0   0]
 [  1   0   0   0 541   0   0   2]
 [  1   0   0   0   0 504   0   0]
 [  0   0   0   0   5   0 576   0]
 [  0   0   0   0   0   0   0 325]]
2024-11-11 02:50:15 | INFO | train | In dataset test: Loss is [0.0815 0.0815 0.0000]
2024-11-11 02:50:15 | INFO | train | task-0		Acc is 0.9965, F1 is 0.9965
2024-11-11 02:50:15 | INFO | train | task-0		F1-macro is 0.9960, F1-micro is 0.9965
2024-11-11 02:50:15 | INFO | train | task-0		Pre is 0.9965, Rec is 0.9965
2024-11-11 02:50:15 | INFO | train | task-0		C_M is 
[[523   0   0   0   0   0   0   0]
 [  0 532   0   1   0   0   0   1]
 [  0   0 548   0   0   0   0   1]
 [  0   0   0 574   1   0   0   0]
 [  1   0   0   0 503   1   1   4]
 [  0   0   0   0   0 534   0   0]
 [  0   0   0   0   3   0 497   0]
 [  0   0   0   0   0   0   0 275]]
2024-11-11 02:50:15 | INFO | train | The best f1_macro util now is 0.9949, at step 236
2024-11-11 02:50:15 | INFO | train | The best f1_micro util now is 0.9955, at step 236
2024-11-11 02:51:01 | INFO | train | ----------------------------------------------------------------------------------
2024-11-11 02:51:01 | INFO | train | Time of iter training 45.97 s
2024-11-11 02:51:01 | INFO | train | On iter step 268:, global step 68609 Loss-step [0.1471 0.1471 0.0000]
2024-11-11 02:51:41 | INFO | train | In dataset train: Loss is [0.0541 0.0541 0.0000]
2024-11-11 02:51:41 | INFO | train | task-0		Acc is 0.9972, F1 is 0.9972
2024-11-11 02:51:41 | INFO | train | task-0		F1-macro is 0.9971, F1-micro is 0.9972
2024-11-11 02:51:41 | INFO | train | task-0		Pre is 0.9972, Rec is 0.9972
2024-11-11 02:51:41 | INFO | train | task-0		C_M is 
[[529   0   0   0   1   2   0   0]
 [  0 540   0   1   2   0   0   0]
 [  0   0 522   0   0   0   0   0]
 [  0   0   0 513   1   0   0   0]
 [  0   0   0   0 508   0   0   3]
 [  0   0   0   0   0 535   0   0]
 [  0   0   0   0   1   0 547   0]
 [  0   0   0   0   0   0   0 295]]
2024-11-11 02:52:20 | INFO | train | In dataset valid: Loss is [0.0637 0.0637 0.0000]
2024-11-11 02:52:20 | INFO | train | task-0		Acc is 0.9972, F1 is 0.9972
2024-11-11 02:52:20 | INFO | train | task-0		F1-macro is 0.9972, F1-micro is 0.9972
2024-11-11 02:52:20 | INFO | train | task-0		Pre is 0.9972, Rec is 0.9972
2024-11-11 02:52:20 | INFO | train | task-0		C_M is 
[[508   0   0   0   0   2   0   0]
 [  0 520   0   0   1   0   0   0]
 [  0   0 506   0   2   0   0   0]
 [  0   1   0 505   0   0   0   0]
 [  0   0   0   0 542   0   0   2]
 [  1   0   0   0   0 504   0   0]
 [  0   0   0   0   2   0 579   0]
 [  0   0   0   0   0   0   0 325]]
2024-11-11 02:52:59 | INFO | train | In dataset test: Loss is [0.0912 0.0912 0.0000]
2024-11-11 02:52:59 | INFO | train | task-0		Acc is 0.9972, F1 is 0.9972
2024-11-11 02:52:59 | INFO | train | task-0		F1-macro is 0.9968, F1-micro is 0.9972
2024-11-11 02:52:59 | INFO | train | task-0		Pre is 0.9972, Rec is 0.9972
2024-11-11 02:52:59 | INFO | train | task-0		C_M is 
[[522   0   0   0   0   1   0   0]
 [  0 532   0   1   1   0   0   0]
 [  0   0 548   0   1   0   0   0]
 [  0   0   0 574   1   0   0   0]
 [  0   0   0   0 504   1   0   5]
 [  0   0   0   0   0 534   0   0]
 [  0   0   0   0   0   0 500   0]
 [  0   0   0   0   0   0   0 275]]
2024-11-11 02:52:59 | INFO | train | The best f1_macro util now is 0.9949, at step 236
2024-11-11 02:52:59 | INFO | train | The best f1_micro util now is 0.9955, at step 236
2024-11-11 02:53:45 | INFO | train | ----------------------------------------------------------------------------------
2024-11-11 02:53:45 | INFO | train | Time of iter training 45.96 s
2024-11-11 02:53:45 | INFO | train | On iter step 269:, global step 68865 Loss-step [0.0921 0.0921 0.0000]
2024-11-11 02:54:25 | INFO | train | In dataset train: Loss is [0.0710 0.0710 0.0000]
2024-11-11 02:54:25 | INFO | train | task-0		Acc is 0.9960, F1 is 0.9960
2024-11-11 02:54:25 | INFO | train | task-0		F1-macro is 0.9958, F1-micro is 0.9960
2024-11-11 02:54:25 | INFO | train | task-0		Pre is 0.9960, Rec is 0.9960
2024-11-11 02:54:25 | INFO | train | task-0		C_M is 
[[526   0   0   0   1   5   0   0]
 [  0 541   0   0   2   0   0   0]
 [  0   0 522   0   0   0   0   0]
 [  0   0   0 513   1   0   0   0]
 [  0   0   0   0 511   0   0   0]
 [  0   0   0   0   0 534   0   1]
 [  0   0   0   0   3   0 545   0]
 [  0   0   0   0   3   0   0 292]]
2024-11-11 02:55:04 | INFO | train | In dataset valid: Loss is [0.0633 0.0633 0.0000]
2024-11-11 02:55:04 | INFO | train | task-0		Acc is 0.9955, F1 is 0.9955
2024-11-11 02:55:04 | INFO | train | task-0		F1-macro is 0.9956, F1-micro is 0.9955
2024-11-11 02:55:04 | INFO | train | task-0		Pre is 0.9955, Rec is 0.9955
2024-11-11 02:55:04 | INFO | train | task-0		C_M is 
[[503   0   0   0   1   6   0   0]
 [  0 520   0   0   1   0   0   0]
 [  0   0 507   0   1   0   0   0]
 [  0   1   0 505   0   0   0   0]
 [  0   0   0   0 544   0   0   0]
 [  0   0   0   0   1 504   0   0]
 [  0   0   0   0   5   0 576   0]
 [  0   0   0   0   2   0   0 323]]
2024-11-11 02:55:44 | INFO | train | In dataset test: Loss is [0.0812 0.0812 0.0000]
2024-11-11 02:55:44 | INFO | train | task-0		Acc is 0.9955, F1 is 0.9955
2024-11-11 02:55:44 | INFO | train | task-0		F1-macro is 0.9949, F1-micro is 0.9955
2024-11-11 02:55:44 | INFO | train | task-0		Pre is 0.9955, Rec is 0.9955
2024-11-11 02:55:44 | INFO | train | task-0		C_M is 
[[520   0   0   0   0   2   0   1]
 [  0 532   0   1   1   0   0   0]
 [  0   1 548   0   0   0   0   0]
 [  0   0   0 574   1   0   0   0]
 [  0   0   0   0 508   1   0   1]
 [  0   0   0   0   0 532   0   2]
 [  0   0   0   0   4   0 496   0]
 [  0   0   0   0   3   0   0 272]]
2024-11-11 02:55:44 | INFO | train | The best f1_macro util now is 0.9949, at step 236
2024-11-11 02:55:44 | INFO | train | The best f1_micro util now is 0.9955, at step 236
2024-11-11 02:56:30 | INFO | train | ----------------------------------------------------------------------------------
2024-11-11 02:56:30 | INFO | train | Time of iter training 46.17 s
2024-11-11 02:56:30 | INFO | train | On iter step 270:, global step 69121 Loss-step [0.0593 0.0593 0.0000]
2024-11-11 02:57:09 | INFO | train | In dataset train: Loss is [0.2441 0.2441 0.0000]
2024-11-11 02:57:09 | INFO | train | task-0		Acc is 0.9935, F1 is 0.9935
2024-11-11 02:57:09 | INFO | train | task-0		F1-macro is 0.9937, F1-micro is 0.9935
2024-11-11 02:57:09 | INFO | train | task-0		Pre is 0.9935, Rec is 0.9935
2024-11-11 02:57:09 | INFO | train | task-0		C_M is 
[[525   0   0   0   0   7   0   0]
 [  0 538   0   3   2   0   0   0]
 [  0   0 522   0   0   0   0   0]
 [  0   0   0 513   0   1   0   0]
 [  0   0   0   0 499   9   2   1]
 [  0   0   0   0   0 535   0   0]
 [  0   0   0   0   0   0 548   0]
 [  0   0   0   0   0   1   0 294]]
2024-11-11 02:57:49 | INFO | train | In dataset valid: Loss is [0.3006 0.3006 0.0000]
2024-11-11 02:57:49 | INFO | train | task-0		Acc is 0.9932, F1 is 0.9932
2024-11-11 02:57:49 | INFO | train | task-0		F1-macro is 0.9933, F1-micro is 0.9932
2024-11-11 02:57:49 | INFO | train | task-0		Pre is 0.9932, Rec is 0.9932
2024-11-11 02:57:49 | INFO | train | task-0		C_M is 
[[501   0   0   0   0   9   0   0]
 [  0 519   0   0   0   2   0   0]
 [  0   0 508   0   0   0   0   0]
 [  1   0   0 504   0   1   0   0]
 [  0   0   0   1 534   8   0   1]
 [  0   0   0   0   0 505   0   0]
 [  0   0   0   0   2   0 579   0]
 [  0   0   0   0   2   0   0 323]]
2024-11-11 02:58:28 | INFO | train | In dataset test: Loss is [0.2836 0.2836 0.0000]
2024-11-11 02:58:28 | INFO | train | task-0		Acc is 0.9940, F1 is 0.9940
2024-11-11 02:58:28 | INFO | train | task-0		F1-macro is 0.9939, F1-micro is 0.9940
2024-11-11 02:58:28 | INFO | train | task-0		Pre is 0.9940, Rec is 0.9940
2024-11-11 02:58:28 | INFO | train | task-0		C_M is 
[[517   0   0   0   0   6   0   0]
 [  0 532   0   1   1   0   0   0]
 [  0   0 549   0   0   0   0   0]
 [  0   0   0 574   0   1   0   0]
 [  0   0   1   0 496  10   0   3]
 [  0   0   0   0   0 534   0   0]
 [  0   0   0   0   0   0 500   0]
 [  0   0   0   0   0   1   0 274]]
2024-11-11 02:58:28 | INFO | train | The best f1_macro util now is 0.9949, at step 236
2024-11-11 02:58:28 | INFO | train | The best f1_micro util now is 0.9955, at step 236
2024-11-11 02:59:14 | INFO | train | ----------------------------------------------------------------------------------
2024-11-11 02:59:14 | INFO | train | Time of iter training 45.92 s
2024-11-11 02:59:14 | INFO | train | On iter step 271:, global step 69377 Loss-step [0.1280 0.1280 0.0000]
2024-11-11 02:59:54 | INFO | train | In dataset train: Loss is [0.0881 0.0881 0.0000]
2024-11-11 02:59:54 | INFO | train | task-0		Acc is 0.9965, F1 is 0.9965
2024-11-11 02:59:54 | INFO | train | task-0		F1-macro is 0.9965, F1-micro is 0.9965
2024-11-11 02:59:54 | INFO | train | task-0		Pre is 0.9965, Rec is 0.9965
2024-11-11 02:59:54 | INFO | train | task-0		C_M is 
[[532   0   0   0   0   0   0   0]
 [  0 541   0   0   2   0   0   0]
 [  0   0 522   0   0   0   0   0]
 [  0   0   0 513   0   1   0   0]
 [  0   0   0   0 508   3   0   0]
 [  5   0   0   0   0 530   0   0]
 [  0   0   0   0   1   0 547   0]
 [  0   0   0   0   1   1   0 293]]
2024-11-11 03:00:33 | INFO | train | In dataset valid: Loss is [0.0909 0.0909 0.0000]
2024-11-11 03:00:33 | INFO | train | task-0		Acc is 0.9962, F1 is 0.9962
2024-11-11 03:00:33 | INFO | train | task-0		F1-macro is 0.9963, F1-micro is 0.9962
2024-11-11 03:00:33 | INFO | train | task-0		Pre is 0.9962, Rec is 0.9962
2024-11-11 03:00:33 | INFO | train | task-0		C_M is 
[[510   0   0   0   0   0   0   0]
 [  0 520   0   0   0   1   0   0]
 [  0   0 508   0   0   0   0   0]
 [  1   0   0 505   0   0   0   0]
 [  1   0   0   0 540   3   0   0]
 [  2   0   0   0   0 503   0   0]
 [  0   0   0   0   5   0 576   0]
 [  0   0   0   0   2   0   0 323]]
2024-11-11 03:01:13 | INFO | train | In dataset test: Loss is [0.1174 0.1174 0.0000]
2024-11-11 03:01:13 | INFO | train | task-0		Acc is 0.9962, F1 is 0.9962
2024-11-11 03:01:13 | INFO | train | task-0		F1-macro is 0.9961, F1-micro is 0.9962
2024-11-11 03:01:13 | INFO | train | task-0		Pre is 0.9962, Rec is 0.9962
2024-11-11 03:01:13 | INFO | train | task-0		C_M is 
[[523   0   0   0   0   0   0   0]
 [  1 532   0   0   1   0   0   0]
 [  0   0 549   0   0   0   0   0]
 [  0   0   0 574   1   0   0   0]
 [  0   0   0   0 507   2   0   1]
 [  4   0   0   0   0 530   0   0]
 [  0   0   0   0   3   0 497   0]
 [  0   0   0   0   1   1   0 273]]
2024-11-11 03:01:13 | INFO | train | The best f1_macro util now is 0.9949, at step 236
2024-11-11 03:01:13 | INFO | train | The best f1_micro util now is 0.9955, at step 236
2024-11-11 03:01:59 | INFO | train | ----------------------------------------------------------------------------------
2024-11-11 03:01:59 | INFO | train | Time of iter training 46.09 s
2024-11-11 03:01:59 | INFO | train | On iter step 272:, global step 69633 Loss-step [0.1740 0.1740 0.0000]
2024-11-11 03:02:38 | INFO | train | In dataset train: Loss is [0.0742 0.0742 0.0000]
2024-11-11 03:02:38 | INFO | train | task-0		Acc is 0.9965, F1 is 0.9965
2024-11-11 03:02:38 | INFO | train | task-0		F1-macro is 0.9964, F1-micro is 0.9965
2024-11-11 03:02:38 | INFO | train | task-0		Pre is 0.9965, Rec is 0.9965
2024-11-11 03:02:38 | INFO | train | task-0		C_M is 
[[529   0   0   0   0   3   0   0]
 [  0 538   0   3   2   0   0   0]
 [  0   0 522   0   0   0   0   0]
 [  0   0   0 513   0   1   0   0]
 [  0   0   0   0 510   1   0   0]
 [  0   0   0   0   0 535   0   0]
 [  0   0   0   0   1   0 547   0]
 [  0   0   0   0   3   0   0 292]]
2024-11-11 03:03:17 | INFO | train | In dataset valid: Loss is [0.0597 0.0597 0.0000]
2024-11-11 03:03:17 | INFO | train | task-0		Acc is 0.9958, F1 is 0.9958
2024-11-11 03:03:17 | INFO | train | task-0		F1-macro is 0.9958, F1-micro is 0.9958
2024-11-11 03:03:17 | INFO | train | task-0		Pre is 0.9958, Rec is 0.9958
2024-11-11 03:03:17 | INFO | train | task-0		C_M is 
[[505   0   0   0   0   5   0   0]
 [  0 520   0   0   1   0   0   0]
 [  0   0 508   0   0   0   0   0]
 [  1   0   0 505   0   0   0   0]
 [  0   0   0   0 543   1   0   0]
 [  1   0   0   0   0 504   0   0]
 [  0   0   0   0   5   0 576   0]
 [  0   0   0   0   3   0   0 322]]
2024-11-11 03:03:57 | INFO | train | In dataset test: Loss is [0.0828 0.0828 0.0000]
2024-11-11 03:03:57 | INFO | train | task-0		Acc is 0.9970, F1 is 0.9970
2024-11-11 03:03:57 | INFO | train | task-0		F1-macro is 0.9967, F1-micro is 0.9970
2024-11-11 03:03:57 | INFO | train | task-0		Pre is 0.9970, Rec is 0.9970
2024-11-11 03:03:57 | INFO | train | task-0		C_M is 
[[521   1   0   0   0   1   0   0]
 [  0 533   0   0   1   0   0   0]
 [  0   0 549   0   0   0   0   0]
 [  0   0   0 574   1   0   0   0]
 [  0   0   0   0 508   1   0   1]
 [  0   0   0   0   0 534   0   0]
 [  0   0   0   0   3   0 497   0]
 [  0   0   1   0   2   0   0 272]]
2024-11-11 03:03:57 | INFO | train | The best f1_macro util now is 0.9949, at step 236
2024-11-11 03:03:57 | INFO | train | The best f1_micro util now is 0.9955, at step 236
2024-11-11 03:04:43 | INFO | train | ----------------------------------------------------------------------------------
2024-11-11 03:04:43 | INFO | train | Time of iter training 45.75 s
2024-11-11 03:04:43 | INFO | train | On iter step 273:, global step 69889 Loss-step [0.1028 0.1028 0.0000]
2024-11-11 03:05:22 | INFO | train | In dataset train: Loss is [0.0972 0.0972 0.0000]
2024-11-11 03:05:22 | INFO | train | task-0		Acc is 0.9968, F1 is 0.9968
2024-11-11 03:05:22 | INFO | train | task-0		F1-macro is 0.9967, F1-micro is 0.9968
2024-11-11 03:05:22 | INFO | train | task-0		Pre is 0.9968, Rec is 0.9968
2024-11-11 03:05:22 | INFO | train | task-0		C_M is 
[[531   0   0   0   0   1   0   0]
 [  0 538   0   3   2   0   0   0]
 [  0   0 522   0   0   0   0   0]
 [  0   0   0 514   0   0   0   0]
 [  0   0   0   2 508   1   0   0]
 [  1   0   0   0   0 534   0   0]
 [  0   0   0   0   1   0 547   0]
 [  0   0   0   1   1   0   0 293]]
2024-11-11 03:06:01 | INFO | train | In dataset valid: Loss is [0.0657 0.0657 0.0000]
2024-11-11 03:06:01 | INFO | train | task-0		Acc is 0.9970, F1 is 0.9970
2024-11-11 03:06:01 | INFO | train | task-0		F1-macro is 0.9970, F1-micro is 0.9970
2024-11-11 03:06:01 | INFO | train | task-0		Pre is 0.9970, Rec is 0.9970
2024-11-11 03:06:01 | INFO | train | task-0		C_M is 
[[509   0   0   0   0   1   0   0]
 [  0 519   0   1   1   0   0   0]
 [  0   0 508   0   0   0   0   0]
 [  1   0   0 505   0   0   0   0]
 [  0   0   0   1 543   0   0   0]
 [  1   0   0   0   0 504   0   0]
 [  0   0   0   0   4   0 577   0]
 [  0   0   0   0   2   0   0 323]]
2024-11-11 03:06:41 | INFO | train | In dataset test: Loss is [0.0801 0.0801 0.0000]
2024-11-11 03:06:41 | INFO | train | task-0		Acc is 0.9972, F1 is 0.9972
2024-11-11 03:06:41 | INFO | train | task-0		F1-macro is 0.9972, F1-micro is 0.9972
2024-11-11 03:06:41 | INFO | train | task-0		Pre is 0.9972, Rec is 0.9972
2024-11-11 03:06:41 | INFO | train | task-0		C_M is 
[[522   1   0   0   0   0   0   0]
 [  0 532   0   2   0   0   0   0]
 [  0   0 549   0   0   0   0   0]
 [  0   0   0 574   1   0   0   0]
 [  0   0   0   0 508   1   0   1]
 [  1   2   0   0   0 531   0   0]
 [  0   0   0   0   1   0 499   0]
 [  0   0   0   0   1   0   0 274]]
2024-11-11 03:06:41 | INFO | train | The best f1_macro util now is 0.9949, at step 236
2024-11-11 03:06:41 | INFO | train | The best f1_micro util now is 0.9955, at step 236
2024-11-11 03:07:27 | INFO | train | ----------------------------------------------------------------------------------
2024-11-11 03:07:27 | INFO | train | Time of iter training 45.98 s
2024-11-11 03:07:27 | INFO | train | On iter step 274:, global step 70145 Loss-step [0.0677 0.0677 0.0000]
2024-11-11 03:08:06 | INFO | train | In dataset train: Loss is [0.0739 0.0739 0.0000]
2024-11-11 03:08:06 | INFO | train | task-0		Acc is 0.9958, F1 is 0.9958
2024-11-11 03:08:06 | INFO | train | task-0		F1-macro is 0.9954, F1-micro is 0.9958
2024-11-11 03:08:06 | INFO | train | task-0		Pre is 0.9958, Rec is 0.9958
2024-11-11 03:08:06 | INFO | train | task-0		C_M is 
[[531   0   0   0   0   1   0   0]
 [  0 541   0   0   2   0   0   0]
 [  0   0 522   0   0   0   0   0]
 [  0   0   0 514   0   0   0   0]
 [  0   0   0   1 503   1   0   6]
 [  3   0   0   0   0 532   0   0]
 [  0   0   0   0   3   0 545   0]
 [  0   0   0   0   0   0   0 295]]
2024-11-11 03:08:46 | INFO | train | In dataset valid: Loss is [0.0987 0.0987 0.0000]
2024-11-11 03:08:46 | INFO | train | task-0		Acc is 0.9948, F1 is 0.9948
2024-11-11 03:08:46 | INFO | train | task-0		F1-macro is 0.9943, F1-micro is 0.9948
2024-11-11 03:08:46 | INFO | train | task-0		Pre is 0.9948, Rec is 0.9948
2024-11-11 03:08:46 | INFO | train | task-0		C_M is 
[[510   0   0   0   0   0   0   0]
 [  0 520   0   0   1   0   0   0]
 [  0   0 508   0   0   0   0   0]
 [  1   1   0 504   0   0   0   0]
 [  0   0   0   0 533   0   0  11]
 [  2   0   0   0   0 503   0   0]
 [  0   0   0   0   5   0 576   0]
 [  0   0   0   0   0   0   0 325]]
2024-11-11 03:09:25 | INFO | train | In dataset test: Loss is [0.0987 0.0987 0.0000]
2024-11-11 03:09:25 | INFO | train | task-0		Acc is 0.9948, F1 is 0.9948
2024-11-11 03:09:25 | INFO | train | task-0		F1-macro is 0.9938, F1-micro is 0.9948
2024-11-11 03:09:25 | INFO | train | task-0		Pre is 0.9948, Rec is 0.9948
2024-11-11 03:09:25 | INFO | train | task-0		C_M is 
[[523   0   0   0   0   0   0   0]
 [  0 533   0   1   0   0   0   0]
 [  0   0 549   0   0   0   0   0]
 [  0   1   0 573   1   0   0   0]
 [  0   0   0   0 498   1   0  11]
 [  3   0   0   0   0 531   0   0]
 [  0   0   0   0   3   0 497   0]
 [  0   0   0   0   0   0   0 275]]
2024-11-11 03:09:25 | INFO | train | The best f1_macro util now is 0.9949, at step 236
2024-11-11 03:09:25 | INFO | train | The best f1_micro util now is 0.9955, at step 236
2024-11-11 03:10:12 | INFO | train | ----------------------------------------------------------------------------------
2024-11-11 03:10:12 | INFO | train | Time of iter training 46.04 s
2024-11-11 03:10:12 | INFO | train | On iter step 275:, global step 70401 Loss-step [0.1186 0.1186 0.0000]
2024-11-11 03:10:51 | INFO | train | In dataset train: Loss is [0.0771 0.0771 0.0000]
2024-11-11 03:10:51 | INFO | train | task-0		Acc is 0.9978, F1 is 0.9978
2024-11-11 03:10:51 | INFO | train | task-0		F1-macro is 0.9977, F1-micro is 0.9978
2024-11-11 03:10:51 | INFO | train | task-0		Pre is 0.9978, Rec is 0.9978
2024-11-11 03:10:51 | INFO | train | task-0		C_M is 
[[531   0   0   0   0   1   0   0]
 [  0 541   0   0   0   0   2   0]
 [  0   0 522   0   0   0   0   0]
 [  0   0   0 514   0   0   0   0]
 [  0   0   0   0 509   1   0   1]
 [  3   0   0   0   0 532   0   0]
 [  0   0   0   0   0   0 548   0]
 [  0   0   0   1   0   0   0 294]]
2024-11-11 03:11:30 | INFO | train | In dataset valid: Loss is [0.0806 0.0806 0.0000]
2024-11-11 03:11:30 | INFO | train | task-0		Acc is 0.9970, F1 is 0.9970
2024-11-11 03:11:30 | INFO | train | task-0		F1-macro is 0.9971, F1-micro is 0.9970
2024-11-11 03:11:30 | INFO | train | task-0		Pre is 0.9970, Rec is 0.9970
2024-11-11 03:11:30 | INFO | train | task-0		C_M is 
[[510   0   0   0   0   0   0   0]
 [  0 520   0   0   1   0   0   0]
 [  0   0 508   0   0   0   0   0]
 [  1   1   0 504   0   0   0   0]
 [  0   0   0   0 544   0   0   0]
 [  1   0   0   0   0 504   0   0]
 [  0   0   0   0   6   0 575   0]
 [  0   1   0   0   1   0   0 323]]
2024-11-11 03:12:10 | INFO | train | In dataset test: Loss is [0.0902 0.0902 0.0000]
2024-11-11 03:12:10 | INFO | train | task-0		Acc is 0.9972, F1 is 0.9972
2024-11-11 03:12:10 | INFO | train | task-0		F1-macro is 0.9972, F1-micro is 0.9972
2024-11-11 03:12:10 | INFO | train | task-0		Pre is 0.9972, Rec is 0.9972
2024-11-11 03:12:10 | INFO | train | task-0		C_M is 
[[523   0   0   0   0   0   0   0]
 [  1 531   0   2   0   0   0   0]
 [  0   0 549   0   0   0   0   0]
 [  0   0   0 574   1   0   0   0]
 [  0   0   0   0 508   1   0   1]
 [  3   0   0   0   0 531   0   0]
 [  0   0   0   0   1   0 499   0]
 [  0   0   0   0   1   0   0 274]]
2024-11-11 03:12:10 | INFO | train | The best f1_macro util now is 0.9949, at step 236
2024-11-11 03:12:10 | INFO | train | The best f1_micro util now is 0.9955, at step 236
2024-11-11 03:12:56 | INFO | train | ----------------------------------------------------------------------------------
2024-11-11 03:12:56 | INFO | train | Time of iter training 46.07 s
2024-11-11 03:12:56 | INFO | train | On iter step 276:, global step 70657 Loss-step [0.0433 0.0433 0.0000]
2024-11-11 03:13:35 | INFO | train | In dataset train: Loss is [0.0820 0.0820 0.0000]
2024-11-11 03:13:35 | INFO | train | task-0		Acc is 0.9982, F1 is 0.9982
2024-11-11 03:13:35 | INFO | train | task-0		F1-macro is 0.9982, F1-micro is 0.9982
2024-11-11 03:13:35 | INFO | train | task-0		Pre is 0.9982, Rec is 0.9982
2024-11-11 03:13:35 | INFO | train | task-0		C_M is 
[[531   0   0   0   0   1   0   0]
 [  0 541   0   0   0   0   2   0]
 [  0   0 522   0   0   0   0   0]
 [  0   0   0 514   0   0   0   0]
 [  0   0   0   0 509   1   0   1]
 [  0   0   0   0   0 535   0   0]
 [  0   0   0   0   1   0 547   0]
 [  0   0   0   1   0   0   0 294]]
2024-11-11 03:14:15 | INFO | train | In dataset valid: Loss is [0.0767 0.0767 0.0000]
2024-11-11 03:14:15 | INFO | train | task-0		Acc is 0.9972, F1 is 0.9972
2024-11-11 03:14:15 | INFO | train | task-0		F1-macro is 0.9974, F1-micro is 0.9972
2024-11-11 03:14:15 | INFO | train | task-0		Pre is 0.9972, Rec is 0.9972
2024-11-11 03:14:15 | INFO | train | task-0		C_M is 
[[509   0   0   0   0   1   0   0]
 [  0 520   0   0   1   0   0   0]
 [  0   0 508   0   0   0   0   0]
 [  1   1   0 504   0   0   0   0]
 [  0   0   0   0 544   0   0   0]
 [  1   0   0   0   0 504   0   0]
 [  0   0   0   0   5   0 576   0]
 [  0   0   0   0   1   0   0 324]]
2024-11-11 03:14:54 | INFO | train | In dataset test: Loss is [0.0900 0.0900 0.0000]
2024-11-11 03:14:54 | INFO | train | task-0		Acc is 0.9972, F1 is 0.9972
2024-11-11 03:14:54 | INFO | train | task-0		F1-macro is 0.9971, F1-micro is 0.9972
2024-11-11 03:14:54 | INFO | train | task-0		Pre is 0.9972, Rec is 0.9972
2024-11-11 03:14:54 | INFO | train | task-0		C_M is 
[[523   0   0   0   0   0   0   0]
 [  1 531   0   2   0   0   0   0]
 [  0   0 549   0   0   0   0   0]
 [  0   0   0 574   1   0   0   0]
 [  0   0   0   0 508   1   0   1]
 [  1   0   0   0   0 533   0   0]
 [  0   0   0   0   2   0 498   0]
 [  0   0   0   0   2   0   0 273]]
2024-11-11 03:14:54 | INFO | train | The best f1_macro util now is 0.9949, at step 236
2024-11-11 03:14:54 | INFO | train | The best f1_micro util now is 0.9955, at step 236
2024-11-11 03:15:40 | INFO | train | ----------------------------------------------------------------------------------
2024-11-11 03:15:40 | INFO | train | Time of iter training 45.86 s
2024-11-11 03:15:40 | INFO | train | On iter step 277:, global step 70913 Loss-step [0.0513 0.0513 0.0000]
2024-11-11 03:16:19 | INFO | train | In dataset train: Loss is [0.1110 0.1110 0.0000]
2024-11-11 03:16:19 | INFO | train | task-0		Acc is 0.9962, F1 is 0.9962
2024-11-11 03:16:19 | INFO | train | task-0		F1-macro is 0.9962, F1-micro is 0.9962
2024-11-11 03:16:19 | INFO | train | task-0		Pre is 0.9962, Rec is 0.9962
2024-11-11 03:16:19 | INFO | train | task-0		C_M is 
[[527   0   0   0   0   5   0   0]
 [  0 541   0   0   0   0   2   0]
 [  0   0 522   0   0   0   0   0]
 [  0   0   0 514   0   0   0   0]
 [  0   0   0   0 505   3   2   1]
 [  0   0   0   0   0 535   0   0]
 [  0   0   0   0   0   0 548   0]
 [  0   0   1   1   0   0   0 293]]
2024-11-11 03:16:59 | INFO | train | In dataset valid: Loss is [0.1083 0.1083 0.0000]
2024-11-11 03:16:59 | INFO | train | task-0		Acc is 0.9952, F1 is 0.9952
2024-11-11 03:16:59 | INFO | train | task-0		F1-macro is 0.9953, F1-micro is 0.9952
2024-11-11 03:16:59 | INFO | train | task-0		Pre is 0.9952, Rec is 0.9952
2024-11-11 03:16:59 | INFO | train | task-0		C_M is 
[[502   0   0   0   0   8   0   0]
 [  0 520   0   0   1   0   0   0]
 [  0   0 508   0   0   0   0   0]
 [  1   1   0 504   0   0   0   0]
 [  0   0   0   0 539   3   1   1]
 [  1   0   0   0   0 504   0   0]
 [  0   0   0   0   1   0 580   0]
 [  0   0   0   0   1   0   0 324]]
2024-11-11 03:17:38 | INFO | train | In dataset test: Loss is [0.1161 0.1161 0.0000]
2024-11-11 03:17:38 | INFO | train | task-0		Acc is 0.9965, F1 is 0.9965
2024-11-11 03:17:38 | INFO | train | task-0		F1-macro is 0.9963, F1-micro is 0.9965
2024-11-11 03:17:38 | INFO | train | task-0		Pre is 0.9965, Rec is 0.9965
2024-11-11 03:17:38 | INFO | train | task-0		C_M is 
[[518   0   0   0   0   5   0   0]
 [  1 531   0   2   0   0   0   0]
 [  0   0 549   0   0   0   0   0]
 [  0   0   0 574   1   0   0   0]
 [  0   0   0   0 508   1   0   1]
 [  0   0   0   0   0 534   0   0]
 [  0   0   0   0   0   0 500   0]
 [  0   0   1   1   1   0   0 272]]
2024-11-11 03:17:38 | INFO | train | The best f1_macro util now is 0.9949, at step 236
2024-11-11 03:17:38 | INFO | train | The best f1_micro util now is 0.9955, at step 236
2024-11-11 03:18:24 | INFO | train | ----------------------------------------------------------------------------------
2024-11-11 03:18:24 | INFO | train | Time of iter training 45.80 s
2024-11-11 03:18:24 | INFO | train | On iter step 278:, global step 71169 Loss-step [0.1616 0.1616 0.0000]
2024-11-11 03:19:03 | INFO | train | In dataset train: Loss is [0.0714 0.0714 0.0000]
2024-11-11 03:19:03 | INFO | train | task-0		Acc is 0.9962, F1 is 0.9962
2024-11-11 03:19:03 | INFO | train | task-0		F1-macro is 0.9960, F1-micro is 0.9962
2024-11-11 03:19:03 | INFO | train | task-0		Pre is 0.9962, Rec is 0.9962
2024-11-11 03:19:03 | INFO | train | task-0		C_M is 
[[531   0   0   0   0   1   0   0]
 [  0 541   0   0   0   0   2   0]
 [  0   0 522   0   0   0   0   0]
 [  0   0   0 514   0   0   0   0]
 [  0   0   0   0 499   0   7   5]
 [  0   0   0   0   0 535   0   0]
 [  0   0   0   0   0   0 548   0]
 [  0   0   0   0   0   0   0 295]]
2024-11-11 03:19:43 | INFO | train | In dataset valid: Loss is [0.0962 0.0962 0.0000]
2024-11-11 03:19:43 | INFO | train | task-0		Acc is 0.9930, F1 is 0.9930
2024-11-11 03:19:43 | INFO | train | task-0		F1-macro is 0.9927, F1-micro is 0.9930
2024-11-11 03:19:43 | INFO | train | task-0		Pre is 0.9930, Rec is 0.9930
2024-11-11 03:19:43 | INFO | train | task-0		C_M is 
[[506   0   0   0   0   4   0   0]
 [  0 520   0   0   1   0   0   0]
 [  0   1 506   0   0   1   0   0]
 [  1   1   0 504   0   0   0   0]
 [  0   1   0   0 526   0   7  10]
 [  1   0   0   0   0 504   0   0]
 [  0   0   0   0   0   0 581   0]
 [  0   0   0   0   0   0   0 325]]
2024-11-11 03:20:22 | INFO | train | In dataset test: Loss is [0.1027 0.1027 0.0000]
2024-11-11 03:20:22 | INFO | train | task-0		Acc is 0.9935, F1 is 0.9935
2024-11-11 03:20:22 | INFO | train | task-0		F1-macro is 0.9925, F1-micro is 0.9935
2024-11-11 03:20:22 | INFO | train | task-0		Pre is 0.9935, Rec is 0.9935
2024-11-11 03:20:22 | INFO | train | task-0		C_M is 
[[522   0   0   0   0   1   0   0]
 [  1 532   0   0   0   0   0   1]
 [  0   0 548   0   0   1   0   0]
 [  0   0   0 574   1   0   0   0]
 [  0   0   0   0 491   2   7  10]
 [  2   0   0   0   0 532   0   0]
 [  0   0   0   0   0   0 500   0]
 [  0   0   0   0   0   0   0 275]]
2024-11-11 03:20:22 | INFO | train | The best f1_macro util now is 0.9949, at step 236
2024-11-11 03:20:22 | INFO | train | The best f1_micro util now is 0.9955, at step 236
2024-11-11 03:21:08 | INFO | train | ----------------------------------------------------------------------------------
2024-11-11 03:21:08 | INFO | train | Time of iter training 45.68 s
2024-11-11 03:21:08 | INFO | train | On iter step 279:, global step 71425 Loss-step [0.0729 0.0729 0.0000]
2024-11-11 03:21:47 | INFO | train | In dataset train: Loss is [0.0994 0.0994 0.0000]
2024-11-11 03:21:47 | INFO | train | task-0		Acc is 0.9982, F1 is 0.9982
2024-11-11 03:21:47 | INFO | train | task-0		F1-macro is 0.9983, F1-micro is 0.9982
2024-11-11 03:21:47 | INFO | train | task-0		Pre is 0.9982, Rec is 0.9982
2024-11-11 03:21:47 | INFO | train | task-0		C_M is 
[[531   0   0   0   0   1   0   0]
 [  0 541   0   0   0   0   2   0]
 [  0   0 522   0   0   0   0   0]
 [  0   0   0 514   0   0   0   0]
 [  0   0   0   0 508   0   3   0]
 [  0   0   0   0   0 535   0   0]
 [  0   0   0   0   0   0 548   0]
 [  0   0   0   0   1   0   0 294]]
2024-11-11 03:22:27 | INFO | train | In dataset valid: Loss is [0.0907 0.0907 0.0000]
2024-11-11 03:22:27 | INFO | train | task-0		Acc is 0.9962, F1 is 0.9962
2024-11-11 03:22:27 | INFO | train | task-0		F1-macro is 0.9961, F1-micro is 0.9962
2024-11-11 03:22:27 | INFO | train | task-0		Pre is 0.9962, Rec is 0.9962
2024-11-11 03:22:27 | INFO | train | task-0		C_M is 
[[509   0   0   0   0   1   0   0]
 [  0 520   0   0   1   0   0   0]
 [  0   1 506   0   1   0   0   0]
 [  1   1   0 504   0   0   0   0]
 [  0   0   0   1 541   0   1   1]
 [  1   0   0   0   0 504   0   0]
 [  0   0   0   0   1   0 580   0]
 [  0   0   0   0   4   0   0 321]]
2024-11-11 03:23:06 | INFO | train | In dataset test: Loss is [0.0953 0.0953 0.0000]
2024-11-11 03:23:06 | INFO | train | task-0		Acc is 0.9965, F1 is 0.9965
2024-11-11 03:23:06 | INFO | train | task-0		F1-macro is 0.9960, F1-micro is 0.9965
2024-11-11 03:23:06 | INFO | train | task-0		Pre is 0.9965, Rec is 0.9965
2024-11-11 03:23:06 | INFO | train | task-0		C_M is 
[[522   0   0   0   0   1   0   0]
 [  1 532   0   0   1   0   0   0]
 [  0   0 548   0   1   0   0   0]
 [  0   0   0 574   1   0   0   0]
 [  0   0   0   0 507   1   0   2]
 [  2   0   0   0   0 532   0   0]
 [  0   0   0   0   0   0 500   0]
 [  0   0   0   0   4   0   0 271]]
2024-11-11 03:23:06 | INFO | train | The best f1_macro util now is 0.9949, at step 236
2024-11-11 03:23:06 | INFO | train | The best f1_micro util now is 0.9955, at step 236
2024-11-11 03:23:52 | INFO | train | ----------------------------------------------------------------------------------
2024-11-11 03:23:52 | INFO | train | Time of iter training 45.91 s
2024-11-11 03:23:52 | INFO | train | On iter step 280:, global step 71681 Loss-step [0.0532 0.0532 0.0000]
2024-11-11 03:24:32 | INFO | train | In dataset train: Loss is [0.0925 0.0925 0.0000]
2024-11-11 03:24:32 | INFO | train | task-0		Acc is 0.9970, F1 is 0.9970
2024-11-11 03:24:32 | INFO | train | task-0		F1-macro is 0.9970, F1-micro is 0.9970
2024-11-11 03:24:32 | INFO | train | task-0		Pre is 0.9970, Rec is 0.9970
2024-11-11 03:24:32 | INFO | train | task-0		C_M is 
[[531   0   0   0   0   1   0   0]
 [  0 541   0   0   0   0   2   0]
 [  0   0 522   0   0   0   0   0]
 [  0   0   0 514   0   0   0   0]
 [  0   2   0   0 502   0   5   2]
 [  0   0   0   0   0 535   0   0]
 [  0   0   0   0   0   0 548   0]
 [  0   0   0   0   0   0   0 295]]
2024-11-11 03:25:11 | INFO | train | In dataset valid: Loss is [0.0949 0.0949 0.0000]
2024-11-11 03:25:11 | INFO | train | task-0		Acc is 0.9950, F1 is 0.9950
2024-11-11 03:25:11 | INFO | train | task-0		F1-macro is 0.9948, F1-micro is 0.9950
2024-11-11 03:25:11 | INFO | train | task-0		Pre is 0.9950, Rec is 0.9950
2024-11-11 03:25:11 | INFO | train | task-0		C_M is 
[[509   0   0   0   0   1   0   0]
 [  0 520   0   0   1   0   0   0]
 [  0   2 506   0   0   0   0   0]
 [  1   1   0 504   0   0   0   0]
 [  0   1   0   1 534   0   3   5]
 [  1   0   0   0   0 504   0   0]
 [  0   0   0   0   1   0 580   0]
 [  0   1   0   0   1   0   0 323]]
2024-11-11 03:25:51 | INFO | train | In dataset test: Loss is [0.0927 0.0927 0.0000]
2024-11-11 03:25:51 | INFO | train | task-0		Acc is 0.9952, F1 is 0.9952
2024-11-11 03:25:51 | INFO | train | task-0		F1-macro is 0.9945, F1-micro is 0.9952
2024-11-11 03:25:51 | INFO | train | task-0		Pre is 0.9952, Rec is 0.9952
2024-11-11 03:25:51 | INFO | train | task-0		C_M is 
[[522   0   0   0   0   1   0   0]
 [  1 533   0   0   0   0   0   0]
 [  0   1 548   0   0   0   0   0]
 [  0   0   0 574   1   0   0   0]
 [  0   0   0   0 497   1   3   9]
 [  2   0   0   0   0 532   0   0]
 [  0   0   0   0   0   0 500   0]
 [  0   0   0   0   0   0   0 275]]
2024-11-11 03:25:51 | INFO | train | The best f1_macro util now is 0.9949, at step 236
2024-11-11 03:25:51 | INFO | train | The best f1_micro util now is 0.9955, at step 236
2024-11-11 03:26:37 | INFO | train | ----------------------------------------------------------------------------------
2024-11-11 03:26:37 | INFO | train | Time of iter training 45.95 s
2024-11-11 03:26:37 | INFO | train | On iter step 281:, global step 71937 Loss-step [0.1626 0.1626 0.0000]
2024-11-11 03:27:16 | INFO | train | In dataset train: Loss is [0.0878 0.0878 0.0000]
2024-11-11 03:27:16 | INFO | train | task-0		Acc is 0.9978, F1 is 0.9978
2024-11-11 03:27:16 | INFO | train | task-0		F1-macro is 0.9977, F1-micro is 0.9978
2024-11-11 03:27:16 | INFO | train | task-0		Pre is 0.9978, Rec is 0.9978
2024-11-11 03:27:16 | INFO | train | task-0		C_M is 
[[531   0   0   0   0   1   0   0]
 [  0 541   0   0   0   0   2   0]
 [  0   0 522   0   0   0   0   0]
 [  0   0   0 514   0   0   0   0]
 [  0   0   0   0 507   0   3   1]
 [  1   0   0   0   0 534   0   0]
 [  0   0   0   0   0   0 548   0]
 [  0   0   0   0   1   0   0 294]]
2024-11-11 03:27:55 | INFO | train | In dataset valid: Loss is [0.0959 0.0959 0.0000]
2024-11-11 03:27:55 | INFO | train | task-0		Acc is 0.9965, F1 is 0.9965
2024-11-11 03:27:55 | INFO | train | task-0		F1-macro is 0.9963, F1-micro is 0.9965
2024-11-11 03:27:55 | INFO | train | task-0		Pre is 0.9965, Rec is 0.9965
2024-11-11 03:27:55 | INFO | train | task-0		C_M is 
[[510   0   0   0   0   0   0   0]
 [  0 520   0   0   1   0   0   0]
 [  0   0 506   0   0   2   0   0]
 [  1   0   0 505   0   0   0   0]
 [  0   0   0   1 539   0   1   3]
 [  1   0   0   0   0 504   0   0]
 [  0   0   0   0   2   0 579   0]
 [  0   0   0   0   2   0   0 323]]
2024-11-11 03:28:35 | INFO | train | In dataset test: Loss is [0.0837 0.0837 0.0000]
2024-11-11 03:28:35 | INFO | train | task-0		Acc is 0.9968, F1 is 0.9968
2024-11-11 03:28:35 | INFO | train | task-0		F1-macro is 0.9963, F1-micro is 0.9968
2024-11-11 03:28:35 | INFO | train | task-0		Pre is 0.9968, Rec is 0.9968
2024-11-11 03:28:35 | INFO | train | task-0		C_M is 
[[522   0   0   0   0   1   0   0]
 [  1 533   0   0   0   0   0   0]
 [  0   0 548   0   0   1   0   0]
 [  0   0   0 574   1   0   0   0]
 [  0   0   0   0 505   1   0   4]
 [  2   0   0   0   0 532   0   0]
 [  0   0   0   0   0   0 500   0]
 [  0   0   0   0   2   0   0 273]]
2024-11-11 03:28:35 | INFO | train | The best f1_macro util now is 0.9949, at step 236
2024-11-11 03:28:35 | INFO | train | The best f1_micro util now is 0.9955, at step 236
2024-11-11 03:29:21 | INFO | train | ----------------------------------------------------------------------------------
2024-11-11 03:29:21 | INFO | train | Time of iter training 45.97 s
2024-11-11 03:29:21 | INFO | train | On iter step 282:, global step 72193 Loss-step [0.1316 0.1316 0.0000]
2024-11-11 03:30:00 | INFO | train | In dataset train: Loss is [0.0444 0.0444 0.0000]
2024-11-11 03:30:00 | INFO | train | task-0		Acc is 0.9982, F1 is 0.9982
2024-11-11 03:30:00 | INFO | train | task-0		F1-macro is 0.9980, F1-micro is 0.9982
2024-11-11 03:30:00 | INFO | train | task-0		Pre is 0.9982, Rec is 0.9982
2024-11-11 03:30:00 | INFO | train | task-0		C_M is 
[[532   0   0   0   0   0   0   0]
 [  0 541   0   0   2   0   0   0]
 [  0   0 522   0   0   0   0   0]
 [  0   0   0 513   1   0   0   0]
 [  0   0   0   0 508   0   0   3]
 [  0   0   0   0   0 535   0   0]
 [  0   0   0   0   1   0 547   0]
 [  0   0   0   0   0   0   0 295]]
2024-11-11 03:30:39 | INFO | train | In dataset valid: Loss is [0.0803 0.0803 0.0000]
2024-11-11 03:30:39 | INFO | train | task-0		Acc is 0.9955, F1 is 0.9955
2024-11-11 03:30:39 | INFO | train | task-0		F1-macro is 0.9952, F1-micro is 0.9955
2024-11-11 03:30:39 | INFO | train | task-0		Pre is 0.9955, Rec is 0.9955
2024-11-11 03:30:39 | INFO | train | task-0		C_M is 
[[510   0   0   0   0   0   0   0]
 [  0 520   0   0   1   0   0   0]
 [  0   0 506   0   0   2   0   0]
 [  1   1   0 504   0   0   0   0]
 [  0   0   0   0 537   1   1   5]
 [  1   0   0   0   0 504   0   0]
 [  0   0   0   0   2   0 579   0]
 [  0   1   0   0   2   0   0 322]]
2024-11-11 03:31:19 | INFO | train | In dataset test: Loss is [0.0759 0.0759 0.0000]
2024-11-11 03:31:19 | INFO | train | task-0		Acc is 0.9962, F1 is 0.9962
2024-11-11 03:31:19 | INFO | train | task-0		F1-macro is 0.9955, F1-micro is 0.9962
2024-11-11 03:31:19 | INFO | train | task-0		Pre is 0.9962, Rec is 0.9962
2024-11-11 03:31:19 | INFO | train | task-0		C_M is 
[[523   0   0   0   0   0   0   0]
 [  0 533   0   0   1   0   0   0]
 [  0   0 548   0   0   1   0   0]
 [  0   0   0 574   1   0   0   0]
 [  0   0   0   0 501   1   0   8]
 [  2   0   0   0   0 532   0   0]
 [  0   0   0   0   0   0 500   0]
 [  0   0   0   0   1   0   0 274]]
2024-11-11 03:31:19 | INFO | train | The best f1_macro util now is 0.9949, at step 236
2024-11-11 03:31:19 | INFO | train | The best f1_micro util now is 0.9955, at step 236
2024-11-11 03:32:05 | INFO | train | ----------------------------------------------------------------------------------
2024-11-11 03:32:05 | INFO | train | Time of iter training 45.93 s
2024-11-11 03:32:05 | INFO | train | On iter step 283:, global step 72449 Loss-step [0.3525 0.3525 0.0000]
2024-11-11 03:32:44 | INFO | train | In dataset train: Loss is [0.1285 0.1285 0.0000]
2024-11-11 03:32:44 | INFO | train | task-0		Acc is 0.9942, F1 is 0.9942
2024-11-11 03:32:44 | INFO | train | task-0		F1-macro is 0.9933, F1-micro is 0.9942
2024-11-11 03:32:44 | INFO | train | task-0		Pre is 0.9942, Rec is 0.9942
2024-11-11 03:32:44 | INFO | train | task-0		C_M is 
[[530   0   0   0   1   1   0   0]
 [  0 541   0   0   2   0   0   0]
 [  0   0 522   0   0   0   0   0]
 [  0   0   0 513   1   0   0   0]
 [  0   0   0   0 510   0   1   0]
 [  0   0   0   0   4 531   0   0]
 [  0   0   0   0   0   0 548   0]
 [  0   0   0   0  13   0   0 282]]
2024-11-11 03:33:24 | INFO | train | In dataset valid: Loss is [0.1709 0.1709 0.0000]
2024-11-11 03:33:24 | INFO | train | task-0		Acc is 0.9925, F1 is 0.9925
2024-11-11 03:33:24 | INFO | train | task-0		F1-macro is 0.9915, F1-micro is 0.9925
2024-11-11 03:33:24 | INFO | train | task-0		Pre is 0.9925, Rec is 0.9925
2024-11-11 03:33:24 | INFO | train | task-0		C_M is 
[[508   0   0   0   2   0   0   0]
 [  0 520   0   0   1   0   0   0]
 [  0   0 506   0   1   0   0   1]
 [  0   2   0 504   0   0   0   0]
 [  0   0   0   0 543   0   0   1]
 [  0   0   0   0   2 503   0   0]
 [  0   0   0   0   2   0 579   0]
 [  0   1   0   0  17   0   0 307]]
2024-11-11 03:34:03 | INFO | train | In dataset test: Loss is [0.1364 0.1364 0.0000]
2024-11-11 03:34:03 | INFO | train | task-0		Acc is 0.9938, F1 is 0.9938
2024-11-11 03:34:03 | INFO | train | task-0		F1-macro is 0.9924, F1-micro is 0.9938
2024-11-11 03:34:03 | INFO | train | task-0		Pre is 0.9938, Rec is 0.9938
2024-11-11 03:34:03 | INFO | train | task-0		C_M is 
[[521   0   0   0   2   0   0   0]
 [  0 534   0   0   0   0   0   0]
 [  0   0 548   0   1   0   0   0]
 [  0   0   0 574   1   0   0   0]
 [  0   0   0   0 508   1   0   1]
 [  2   0   0   0   3 529   0   0]
 [  0   0   0   0   1   0 499   0]
 [  0   0   0   0  13   0   0 262]]
2024-11-11 03:34:03 | INFO | train | The best f1_macro util now is 0.9949, at step 236
2024-11-11 03:34:03 | INFO | train | The best f1_micro util now is 0.9955, at step 236
2024-11-11 03:34:36 | INFO | deepnet.data.dataset_text | Read next training chunk, data size is 67338
2024-11-11 03:34:52 | INFO | train | ----------------------------------------------------------------------------------
2024-11-11 03:34:52 | INFO | train | Time of iter training 48.24 s
2024-11-11 03:34:52 | INFO | train | On iter step 284:, global step 72705 Loss-step [0.1058 0.1058 0.0000]
2024-11-11 03:35:31 | INFO | train | In dataset train: Loss is [0.0407 0.0407 0.0000]
2024-11-11 03:35:31 | INFO | train | task-0		Acc is 0.9990, F1 is 0.9990
2024-11-11 03:35:31 | INFO | train | task-0		F1-macro is 0.9990, F1-micro is 0.9990
2024-11-11 03:35:31 | INFO | train | task-0		Pre is 0.9990, Rec is 0.9990
2024-11-11 03:35:31 | INFO | train | task-0		C_M is 
[[531   0   0   0   0   1   0   0]
 [  0 543   0   0   0   0   0   0]
 [  0   0 522   0   0   0   0   0]
 [  0   0   0 514   0   0   0   0]
 [  0   0   0   0 508   0   2   1]
 [  0   0   0   0   0 535   0   0]
 [  0   0   0   0   0   0 548   0]
 [  0   0   0   0   0   0   0 295]]
2024-11-11 03:36:10 | INFO | train | In dataset valid: Loss is [0.0676 0.0676 0.0000]
2024-11-11 03:36:10 | INFO | train | task-0		Acc is 0.9972, F1 is 0.9972
2024-11-11 03:36:10 | INFO | train | task-0		F1-macro is 0.9971, F1-micro is 0.9972
2024-11-11 03:36:10 | INFO | train | task-0		Pre is 0.9972, Rec is 0.9972
2024-11-11 03:36:10 | INFO | train | task-0		C_M is 
[[510   0   0   0   0   0   0   0]
 [  0 520   0   0   1   0   0   0]
 [  0   1 507   0   0   0   0   0]
 [  1   0   0 505   0   0   0   0]
 [  0   0   0   0 540   0   2   2]
 [  1   0   0   0   0 504   0   0]
 [  0   0   0   0   1   0 580   0]
 [  0   0   0   0   1   0   1 323]]
2024-11-11 03:36:50 | INFO | train | In dataset test: Loss is [0.0796 0.0796 0.0000]
2024-11-11 03:36:50 | INFO | train | task-0		Acc is 0.9965, F1 is 0.9965
2024-11-11 03:36:50 | INFO | train | task-0		F1-macro is 0.9960, F1-micro is 0.9965
2024-11-11 03:36:50 | INFO | train | task-0		Pre is 0.9965, Rec is 0.9965
2024-11-11 03:36:50 | INFO | train | task-0		C_M is 
[[523   0   0   0   0   0   0   0]
 [  1 531   0   2   0   0   0   0]
 [  0   0 548   0   0   0   0   1]
 [  0   0   0 574   1   0   0   0]
 [  0   0   0   0 506   1   1   2]
 [  2   0   0   0   0 532   0   0]
 [  0   0   0   0   0   0 500   0]
 [  0   0   0   0   3   0   0 272]]
2024-11-11 03:36:50 | INFO | train | The best f1_macro util now is 0.9949, at step 236
2024-11-11 03:36:50 | INFO | train | The best f1_micro util now is 0.9955, at step 236
2024-11-11 03:37:36 | INFO | train | ----------------------------------------------------------------------------------
2024-11-11 03:37:36 | INFO | train | Time of iter training 46.09 s
2024-11-11 03:37:36 | INFO | train | On iter step 285:, global step 72961 Loss-step [0.1236 0.1236 0.0000]
2024-11-11 03:38:16 | INFO | train | In dataset train: Loss is [0.0464 0.0464 0.0000]
2024-11-11 03:38:16 | INFO | train | task-0		Acc is 0.9985, F1 is 0.9985
2024-11-11 03:38:16 | INFO | train | task-0		F1-macro is 0.9985, F1-micro is 0.9985
2024-11-11 03:38:16 | INFO | train | task-0		Pre is 0.9985, Rec is 0.9985
2024-11-11 03:38:16 | INFO | train | task-0		C_M is 
[[531   0   0   0   0   1   0   0]
 [  0 541   0   0   2   0   0   0]
 [  0   0 522   0   0   0   0   0]
 [  0   0   0 514   0   0   0   0]
 [  0   0   0   0 508   0   2   1]
 [  0   0   0   0   0 535   0   0]
 [  0   0   0   0   0   0 548   0]
 [  0   0   0   0   0   0   0 295]]
2024-11-11 03:38:55 | INFO | train | In dataset valid: Loss is [0.0702 0.0702 0.0000]
2024-11-11 03:38:55 | INFO | train | task-0		Acc is 0.9972, F1 is 0.9972
2024-11-11 03:38:55 | INFO | train | task-0		F1-macro is 0.9970, F1-micro is 0.9972
2024-11-11 03:38:55 | INFO | train | task-0		Pre is 0.9972, Rec is 0.9972
2024-11-11 03:38:55 | INFO | train | task-0		C_M is 
[[509   0   0   0   0   1   0   0]
 [  0 520   0   0   1   0   0   0]
 [  0   0 507   0   0   0   0   1]
 [  1   0   0 505   0   0   0   0]
 [  0   0   0   0 542   0   1   1]
 [  0   0   0   0   1 504   0   0]
 [  0   0   0   0   1   0 580   0]
 [  0   0   0   0   3   0   0 322]]
2024-11-11 03:39:34 | INFO | train | In dataset test: Loss is [0.0851 0.0851 0.0000]
2024-11-11 03:39:34 | INFO | train | task-0		Acc is 0.9970, F1 is 0.9970
2024-11-11 03:39:34 | INFO | train | task-0		F1-macro is 0.9965, F1-micro is 0.9970
2024-11-11 03:39:34 | INFO | train | task-0		Pre is 0.9970, Rec is 0.9970
2024-11-11 03:39:34 | INFO | train | task-0		C_M is 
[[522   0   0   0   0   1   0   0]
 [  0 533   0   1   0   0   0   0]
 [  0   0 548   0   1   0   0   0]
 [  0   0   0 574   1   0   0   0]
 [  0   0   0   0 506   1   0   3]
 [  1   0   0   0   0 533   0   0]
 [  0   0   0   0   0   0 500   0]
 [  0   0   0   0   3   0   0 272]]
2024-11-11 03:39:34 | INFO | train | The best f1_macro util now is 0.9949, at step 236
2024-11-11 03:39:34 | INFO | train | The best f1_micro util now is 0.9955, at step 236
2024-11-11 03:40:20 | INFO | train | ----------------------------------------------------------------------------------
2024-11-11 03:40:20 | INFO | train | Time of iter training 46.07 s
2024-11-11 03:40:20 | INFO | train | On iter step 286:, global step 73217 Loss-step [0.0695 0.0695 0.0000]
2024-11-11 03:41:00 | INFO | train | In dataset train: Loss is [0.0440 0.0440 0.0000]
2024-11-11 03:41:00 | INFO | train | task-0		Acc is 0.9988, F1 is 0.9988
2024-11-11 03:41:00 | INFO | train | task-0		F1-macro is 0.9988, F1-micro is 0.9988
2024-11-11 03:41:00 | INFO | train | task-0		Pre is 0.9988, Rec is 0.9988
2024-11-11 03:41:00 | INFO | train | task-0		C_M is 
[[531   0   0   0   0   1   0   0]
 [  0 541   0   0   2   0   0   0]
 [  0   0 522   0   0   0   0   0]
 [  0   0   0 514   0   0   0   0]
 [  0   0   0   0 509   0   2   0]
 [  0   0   0   0   0 535   0   0]
 [  0   0   0   0   0   0 548   0]
 [  0   0   0   0   0   0   0 295]]
2024-11-11 03:41:39 | INFO | train | In dataset valid: Loss is [0.0822 0.0822 0.0000]
2024-11-11 03:41:39 | INFO | train | task-0		Acc is 0.9958, F1 is 0.9958
2024-11-11 03:41:39 | INFO | train | task-0		F1-macro is 0.9954, F1-micro is 0.9958
2024-11-11 03:41:39 | INFO | train | task-0		Pre is 0.9958, Rec is 0.9958
2024-11-11 03:41:39 | INFO | train | task-0		C_M is 
[[505   0   0   0   0   5   0   0]
 [  0 520   0   0   1   0   0   0]
 [  0   0 506   0   0   0   0   2]
 [  1   0   0 505   0   0   0   0]
 [  0   0   0   0 544   0   0   0]
 [  0   0   0   0   1 504   0   0]
 [  0   0   0   0   1   0 580   0]
 [  0   0   0   0   6   0   0 319]]
2024-11-11 03:42:18 | INFO | train | In dataset test: Loss is [0.0901 0.0901 0.0000]
2024-11-11 03:42:18 | INFO | train | task-0		Acc is 0.9978, F1 is 0.9978
2024-11-11 03:42:18 | INFO | train | task-0		F1-macro is 0.9974, F1-micro is 0.9978
2024-11-11 03:42:18 | INFO | train | task-0		Pre is 0.9978, Rec is 0.9978
2024-11-11 03:42:18 | INFO | train | task-0		C_M is 
[[522   0   0   0   0   1   0   0]
 [  0 532   0   2   0   0   0   0]
 [  0   0 548   0   0   0   0   1]
 [  0   0   0 574   1   0   0   0]
 [  0   0   0   0 509   1   0   0]
 [  0   0   0   0   0 534   0   0]
 [  0   0   0   0   0   0 500   0]
 [  0   0   0   0   3   0   0 272]]
2024-11-11 03:42:18 | INFO | train | The best f1_macro util now is 0.9949, at step 236
2024-11-11 03:42:18 | INFO | train | The best f1_micro util now is 0.9955, at step 236
2024-11-11 03:43:05 | INFO | train | ----------------------------------------------------------------------------------
2024-11-11 03:43:05 | INFO | train | Time of iter training 46.23 s
2024-11-11 03:43:05 | INFO | train | On iter step 287:, global step 73473 Loss-step [0.1111 0.1111 0.0000]
2024-11-11 03:43:44 | INFO | train | In dataset train: Loss is [0.0418 0.0418 0.0000]
2024-11-11 03:43:44 | INFO | train | task-0		Acc is 0.9988, F1 is 0.9988
2024-11-11 03:43:44 | INFO | train | task-0		F1-macro is 0.9988, F1-micro is 0.9988
2024-11-11 03:43:44 | INFO | train | task-0		Pre is 0.9988, Rec is 0.9988
2024-11-11 03:43:44 | INFO | train | task-0		C_M is 
[[531   0   0   0   0   1   0   0]
 [  0 541   0   0   2   0   0   0]
 [  0   0 522   0   0   0   0   0]
 [  0   0   0 514   0   0   0   0]
 [  0   0   0   0 509   0   2   0]
 [  0   0   0   0   0 535   0   0]
 [  0   0   0   0   0   0 548   0]
 [  0   0   0   0   0   0   0 295]]
2024-11-11 03:44:23 | INFO | train | In dataset valid: Loss is [0.0856 0.0856 0.0000]
2024-11-11 03:44:23 | INFO | train | task-0		Acc is 0.9975, F1 is 0.9975
2024-11-11 03:44:23 | INFO | train | task-0		F1-macro is 0.9973, F1-micro is 0.9975
2024-11-11 03:44:23 | INFO | train | task-0		Pre is 0.9975, Rec is 0.9975
2024-11-11 03:44:23 | INFO | train | task-0		C_M is 
[[509   0   0   0   0   1   0   0]
 [  0 520   0   0   1   0   0   0]
 [  0   0 506   0   0   0   0   2]
 [  1   0   0 505   0   0   0   0]
 [  0   0   0   0 543   0   1   0]
 [  0   0   0   0   1 504   0   0]
 [  0   0   0   0   1   0 580   0]
 [  0   0   0   0   2   0   0 323]]
2024-11-11 03:45:03 | INFO | train | In dataset test: Loss is [0.0855 0.0855 0.0000]
2024-11-11 03:45:03 | INFO | train | task-0		Acc is 0.9972, F1 is 0.9972
2024-11-11 03:45:03 | INFO | train | task-0		F1-macro is 0.9969, F1-micro is 0.9972
2024-11-11 03:45:03 | INFO | train | task-0		Pre is 0.9972, Rec is 0.9972
2024-11-11 03:45:03 | INFO | train | task-0		C_M is 
[[522   0   0   0   0   1   0   0]
 [  0 532   0   2   0   0   0   0]
 [  0   0 548   0   0   0   0   1]
 [  0   0   0 574   1   0   0   0]
 [  0   0   0   0 507   1   1   1]
 [  0   0   0   0   0 534   0   0]
 [  0   0   0   0   0   0 500   0]
 [  0   0   0   0   3   0   0 272]]
2024-11-11 03:45:03 | INFO | train | The best f1_macro util now is 0.9949, at step 236
2024-11-11 03:45:03 | INFO | train | The best f1_micro util now is 0.9955, at step 236
2024-11-11 03:45:49 | INFO | train | ----------------------------------------------------------------------------------
2024-11-11 03:45:49 | INFO | train | Time of iter training 45.95 s
2024-11-11 03:45:49 | INFO | train | On iter step 288:, global step 73729 Loss-step [0.0396 0.0396 0.0000]
2024-11-11 03:46:28 | INFO | train | In dataset train: Loss is [0.0367 0.0367 0.0000]
2024-11-11 03:46:28 | INFO | train | task-0		Acc is 0.9985, F1 is 0.9985
2024-11-11 03:46:28 | INFO | train | task-0		F1-macro is 0.9985, F1-micro is 0.9985
2024-11-11 03:46:28 | INFO | train | task-0		Pre is 0.9985, Rec is 0.9985
2024-11-11 03:46:28 | INFO | train | task-0		C_M is 
[[531   0   0   0   0   1   0   0]
 [  0 541   0   0   2   0   0   0]
 [  0   0 522   0   0   0   0   0]
 [  0   0   0 514   0   0   0   0]
 [  0   0   0   0 508   0   2   1]
 [  0   0   0   0   0 535   0   0]
 [  0   0   0   0   0   0 548   0]
 [  0   0   0   0   0   0   0 295]]
2024-11-11 03:47:07 | INFO | train | In dataset valid: Loss is [0.0834 0.0834 0.0000]
2024-11-11 03:47:07 | INFO | train | task-0		Acc is 0.9980, F1 is 0.9980
2024-11-11 03:47:07 | INFO | train | task-0		F1-macro is 0.9980, F1-micro is 0.9980
2024-11-11 03:47:07 | INFO | train | task-0		Pre is 0.9980, Rec is 0.9980
2024-11-11 03:47:07 | INFO | train | task-0		C_M is 
[[509   0   0   0   0   1   0   0]
 [  0 520   0   0   1   0   0   0]
 [  0   0 508   0   0   0   0   0]
 [  1   1   0 504   0   0   0   0]
 [  0   0   0   0 543   0   1   0]
 [  0   0   0   0   1 504   0   0]
 [  0   0   0   0   1   0 580   0]
 [  0   0   0   0   1   0   0 324]]
2024-11-11 03:47:47 | INFO | train | In dataset test: Loss is [0.0800 0.0800 0.0000]
2024-11-11 03:47:47 | INFO | train | task-0		Acc is 0.9972, F1 is 0.9972
2024-11-11 03:47:47 | INFO | train | task-0		F1-macro is 0.9969, F1-micro is 0.9972
2024-11-11 03:47:47 | INFO | train | task-0		Pre is 0.9972, Rec is 0.9972
2024-11-11 03:47:47 | INFO | train | task-0		C_M is 
[[522   0   0   0   0   1   0   0]
 [  0 532   0   2   0   0   0   0]
 [  0   0 548   0   0   0   0   1]
 [  0   0   0 574   1   0   0   0]
 [  0   0   0   0 506   1   1   2]
 [  0   0   0   0   0 534   0   0]
 [  0   0   0   0   0   0 500   0]
 [  0   0   0   0   2   0   0 273]]
2024-11-11 03:47:50 | INFO | train | The best f1_macro util now is 0.9969, at step 288
2024-11-11 03:47:52 | INFO | train | The best f1_micro util now is 0.9972, at step 288
2024-11-11 03:48:39 | INFO | train | ----------------------------------------------------------------------------------
2024-11-11 03:48:39 | INFO | train | Time of iter training 46.48 s
2024-11-11 03:48:39 | INFO | train | On iter step 289:, global step 73985 Loss-step [0.1274 0.1274 0.0000]
2024-11-11 03:49:18 | INFO | train | In dataset train: Loss is [0.0571 0.0571 0.0000]
2024-11-11 03:49:18 | INFO | train | task-0		Acc is 0.9985, F1 is 0.9985
2024-11-11 03:49:18 | INFO | train | task-0		F1-macro is 0.9983, F1-micro is 0.9985
2024-11-11 03:49:18 | INFO | train | task-0		Pre is 0.9985, Rec is 0.9985
2024-11-11 03:49:18 | INFO | train | task-0		C_M is 
[[531   0   0   0   0   1   0   0]
 [  0 543   0   0   0   0   0   0]
 [  0   0 522   0   0   0   0   0]
 [  0   0   0 514   0   0   0   0]
 [  0   0   1   0 509   0   1   0]
 [  0   0   0   0   0 535   0   0]
 [  0   0   0   0   0   0 548   0]
 [  0   0   1   0   2   0   0 292]]
2024-11-11 03:49:57 | INFO | train | In dataset valid: Loss is [0.1227 0.1227 0.0000]
2024-11-11 03:49:57 | INFO | train | task-0		Acc is 0.9975, F1 is 0.9975
2024-11-11 03:49:57 | INFO | train | task-0		F1-macro is 0.9975, F1-micro is 0.9975
2024-11-11 03:49:57 | INFO | train | task-0		Pre is 0.9975, Rec is 0.9975
2024-11-11 03:49:57 | INFO | train | task-0		C_M is 
[[509   0   0   0   0   1   0   0]
 [  0 520   0   0   1   0   0   0]
 [  0   2 506   0   0   0   0   0]
 [  1   0   0 505   0   0   0   0]
 [  0   0   0   0 543   0   1   0]
 [  1   0   0   0   0 504   0   0]
 [  0   0   0   0   1   0 580   0]
 [  0   0   0   0   2   0   0 323]]
2024-11-11 03:50:37 | INFO | train | In dataset test: Loss is [0.0889 0.0889 0.0000]
2024-11-11 03:50:37 | INFO | train | task-0		Acc is 0.9975, F1 is 0.9975
2024-11-11 03:50:37 | INFO | train | task-0		F1-macro is 0.9973, F1-micro is 0.9975
2024-11-11 03:50:37 | INFO | train | task-0		Pre is 0.9975, Rec is 0.9975
2024-11-11 03:50:37 | INFO | train | task-0		C_M is 
[[522   0   0   0   0   1   0   0]
 [  0 533   0   1   0   0   0   0]
 [  0   1 548   0   0   0   0   0]
 [  0   0   0 574   1   0   0   0]
 [  0   0   0   0 508   1   1   0]
 [  1   0   0   0   0 533   0   0]
 [  0   0   0   0   0   0 500   0]
 [  0   0   0   0   3   0   0 272]]
2024-11-11 03:50:37 | INFO | train | The best f1_macro util now is 0.9969, at step 288
2024-11-11 03:50:37 | INFO | train | The best f1_micro util now is 0.9972, at step 288
