2024-11-08 05:06:47 | INFO | train | Using one GPU: cuda.
2024-11-08 05:06:47 | INFO | train | Model parameters: Namespace(anchor='anchor', auto_clean_model_mode=1, batch_size=8, bert_config_path='./config/uncased_L-12_H-768_A-12/bert_config.json', bert_is_array=True, bert_pretrained_path='./saved_model/english_bert_base.bin', bert_vocab_path='./config/uncased_L-12_H-768_A-12/vocab.txt', breakpoint=-1, config_path='./config/model-en.conf', data_dir='./data/tinghua', dim_bert=768, dim_hidden=512, dp_mode_gpu_num=-1, embedding_dropout_rate=0.5, gpu_mode=1, has_valid=1, iter_num=100000, label_path='./config/label_tinghua.conf', lambda1=1, lambda2=1, language='en', learning_rate=1e-05, linear_dropout_rate=0.5, local_rank=0, lr_bert=1e-05, lr_word_vector=0.0001, max_checkpoint=290, max_length_sen=256, model_type='BertConCap', multi_gpu=None, n_gram=3, n_loss=3, name_model='att_tinghua_addvocab', newvocab_path='./config/encryptd_vocab.txt', optim_type='Adam', per_checkpoint=256, pretrained_model_path='./saved_model/model-f1_macro-650.pth', rnn_type='LSTM', sampled_num=4000, seed=2021, segment_type='char', use_pretrain_bert=True, use_word_vec=True, weight_decay=0)
2024-11-08 05:06:47 | INFO | train | Num of worker in data loader is: 4
2024-11-08 05:06:47 | INFO | train | task detail: {'0': {'is_valid': True, 'contribution': 4, 'value': 4}}
2024-11-08 05:06:47 | INFO | word_vec | Loading word vectors...
2024-11-08 05:06:47 | WARNING | word_vec | all word vec is inited by random
2024-11-08 05:06:47 | INFO | word_vec | 0 words found in vocab
2024-11-08 05:06:47 | INFO | word_vec | 8 words not found in vocab
2024-11-08 05:06:51 | INFO | deepnet.data.dataset_text | Use general data sampler.
2024-11-08 05:06:52 | INFO | train | Dataset Statictis(only for evaluation): train: 4000
2024-11-08 05:06:52 | INFO | train | Dataset Statictis(only for evaluation): valid: 4000
2024-11-08 05:06:52 | INFO | train | Dataset Statictis(only for evaluation): test: 4000
2024-11-08 05:06:53 | INFO | train | ----------------------------------------------------------------------------------
2024-11-08 05:06:53 | INFO | train | Time of iter training 0.35 s
2024-11-08 05:06:53 | INFO | train | On iter step 0:, global step 1 Loss-step [1.0210 1.0210 1.0000]
2024-11-08 05:07:30 | INFO | train | In dataset train: Loss is [5.1193 5.1193 0.0000]
2024-11-08 05:07:30 | INFO | train | task-0		Acc is 0.4025, F1 is 0.4025
2024-11-08 05:07:30 | INFO | train | task-0		F1-macro is 0.2421, F1-micro is 0.4025
2024-11-08 05:07:30 | INFO | train | task-0		Pre is 0.4025, Rec is 0.4025
2024-11-08 05:07:30 | INFO | train | task-0		C_M is 
[[   0  167  285    0]
 [   2  460  685    5]
 [   1   82 1146    0]
 [   0  494  669    4]]
2024-11-08 05:08:07 | INFO | train | In dataset valid: Loss is [5.1000 5.1000 0.0000]
2024-11-08 05:08:07 | INFO | train | task-0		Acc is 0.4085, F1 is 0.4085
2024-11-08 05:08:07 | INFO | train | task-0		F1-macro is 0.2510, F1-micro is 0.4085
2024-11-08 05:08:07 | INFO | train | task-0		Pre is 0.4085, Rec is 0.4085
2024-11-08 05:08:07 | INFO | train | task-0		C_M is 
[[   1  151  291    1]
 [   0  484  617    5]
 [   3   88 1142    0]
 [   0  489  721    7]]
2024-11-08 05:08:44 | INFO | train | In dataset test: Loss is [5.1076 5.1076 0.0000]
2024-11-08 05:08:44 | INFO | train | task-0		Acc is 0.3975, F1 is 0.3975
2024-11-08 05:08:44 | INFO | train | task-0		F1-macro is 0.2452, F1-micro is 0.3975
2024-11-08 05:08:44 | INFO | train | task-0		Pre is 0.3975, Rec is 0.3975
2024-11-08 05:08:44 | INFO | train | task-0		C_M is 
[[   3  190  282    0]
 [   0  458  627    7]
 [   1   83 1125    0]
 [   0  513  707    4]]
2024-11-08 05:08:44 | INFO | train | The best f1_macro util now is 0.2452, at step 0
2024-11-08 05:08:44 | INFO | train | The best f1_micro util now is 0.3975, at step 0
2024-11-08 05:13:41 | INFO | train | Using one GPU: cuda.
2024-11-08 05:13:41 | INFO | train | Model parameters: Namespace(anchor='anchor', auto_clean_model_mode=1, batch_size=8, bert_config_path='./config/uncased_L-12_H-768_A-12/bert_config.json', bert_is_array=True, bert_pretrained_path='./saved_model/english_bert_base.bin', bert_vocab_path='./config/uncased_L-12_H-768_A-12/vocab.txt', breakpoint=-1, config_path='./config/model-en.conf', data_dir='./data/tinghua', dim_bert=768, dim_hidden=512, dp_mode_gpu_num=-1, embedding_dropout_rate=0.5, gpu_mode=1, has_valid=1, iter_num=100000, label_path='./config/label_tinghua.conf', lambda1=1, lambda2=1, language='en', learning_rate=1e-05, linear_dropout_rate=0.5, local_rank=0, lr_bert=1e-05, lr_word_vector=0.0001, max_checkpoint=290, max_length_sen=256, model_type='BertConCap', multi_gpu=None, n_gram=3, n_loss=3, name_model='att_tinghua_addvocab', newvocab_path='./config/encryptd_vocab.txt', optim_type='Adam', per_checkpoint=256, pretrained_model_path='./saved_model/model-f1_macro-650.pth', rnn_type='LSTM', sampled_num=4000, seed=2021, segment_type='char', use_pretrain_bert=True, use_word_vec=True, weight_decay=0)
2024-11-08 05:13:41 | INFO | train | Num of worker in data loader is: 4
2024-11-08 05:13:41 | INFO | train | task detail: {'0': {'is_valid': True, 'contribution': 4, 'value': 4}}
2024-11-08 05:13:41 | INFO | word_vec | Loading word vectors...
2024-11-08 05:13:41 | WARNING | word_vec | all word vec is inited by random
2024-11-08 05:13:41 | INFO | word_vec | 0 words found in vocab
2024-11-08 05:13:41 | INFO | word_vec | 8 words not found in vocab
2024-11-08 05:13:49 | INFO | deepnet.data.dataset_text | Use general data sampler.
2024-11-08 05:13:50 | INFO | train | Dataset Statictis(only for evaluation): train: 4000
2024-11-08 05:13:51 | INFO | train | Dataset Statictis(only for evaluation): valid: 4000
2024-11-08 05:13:51 | INFO | train | Dataset Statictis(only for evaluation): test: 4000
2024-11-08 05:13:52 | INFO | train | ----------------------------------------------------------------------------------
2024-11-08 05:13:52 | INFO | train | Time of iter training 0.40 s
2024-11-08 05:13:52 | INFO | train | On iter step 0:, global step 1 Loss-step [1.0210 1.0210 1.0000]
2024-11-08 05:14:29 | INFO | train | In dataset train: Loss is [5.1193 5.1193 0.0000]
2024-11-08 05:14:29 | INFO | train | task-0		Acc is 0.4025, F1 is 0.4025
2024-11-08 05:14:29 | INFO | train | task-0		F1-macro is 0.2421, F1-micro is 0.4025
2024-11-08 05:14:29 | INFO | train | task-0		Pre is 0.4025, Rec is 0.4025
2024-11-08 05:14:29 | INFO | train | task-0		C_M is 
[[   0  167  285    0]
 [   2  460  685    5]
 [   1   82 1146    0]
 [   0  494  669    4]]
2024-11-08 05:15:06 | INFO | train | In dataset valid: Loss is [5.1000 5.1000 0.0000]
2024-11-08 05:15:06 | INFO | train | task-0		Acc is 0.4085, F1 is 0.4085
2024-11-08 05:15:06 | INFO | train | task-0		F1-macro is 0.2510, F1-micro is 0.4085
2024-11-08 05:15:06 | INFO | train | task-0		Pre is 0.4085, Rec is 0.4085
2024-11-08 05:15:06 | INFO | train | task-0		C_M is 
[[   1  151  291    1]
 [   0  484  617    5]
 [   3   88 1142    0]
 [   0  489  721    7]]
2024-11-08 05:15:43 | INFO | train | In dataset test: Loss is [5.1076 5.1076 0.0000]
2024-11-08 05:15:43 | INFO | train | task-0		Acc is 0.3975, F1 is 0.3975
2024-11-08 05:15:43 | INFO | train | task-0		F1-macro is 0.2452, F1-micro is 0.3975
2024-11-08 05:15:43 | INFO | train | task-0		Pre is 0.3975, Rec is 0.3975
2024-11-08 05:15:43 | INFO | train | task-0		C_M is 
[[   3  190  282    0]
 [   0  458  627    7]
 [   1   83 1125    0]
 [   0  513  707    4]]
2024-11-08 05:15:46 | INFO | train | The best f1_macro util now is 0.2452, at step 0
2024-11-08 05:15:49 | INFO | train | The best f1_micro util now is 0.3975, at step 0
2024-11-08 05:16:34 | INFO | train | ----------------------------------------------------------------------------------
2024-11-08 05:16:34 | INFO | train | Time of iter training 44.09 s
2024-11-08 05:16:34 | INFO | train | On iter step 1:, global step 257 Loss-step [3.2229 3.2229 0.0000]
2024-11-08 05:17:10 | INFO | train | In dataset train: Loss is [1.9828 1.9828 0.0000]
2024-11-08 05:17:10 | INFO | train | task-0		Acc is 0.5887, F1 is 0.5887
2024-11-08 05:17:10 | INFO | train | task-0		F1-macro is 0.3872, F1-micro is 0.5887
2024-11-08 05:17:10 | INFO | train | task-0		Pre is 0.5887, Rec is 0.5887
2024-11-08 05:17:10 | INFO | train | task-0		C_M is 
[[   0    0   10  442]
 [   0    0   45 1107]
 [   0    0 1228    1]
 [   0    0   40 1127]]
2024-11-08 05:17:47 | INFO | train | In dataset valid: Loss is [1.9297 1.9297 0.0000]
2024-11-08 05:17:47 | INFO | train | task-0		Acc is 0.6028, F1 is 0.6028
2024-11-08 05:17:47 | INFO | train | task-0		F1-macro is 0.3932, F1-micro is 0.6028
2024-11-08 05:17:47 | INFO | train | task-0		Pre is 0.6028, Rec is 0.6028
2024-11-08 05:17:47 | INFO | train | task-0		C_M is 
[[   0    0   15  429]
 [   0    0   23 1083]
 [   0    0 1233    0]
 [   0    0   39 1178]]
2024-11-08 05:18:24 | INFO | train | In dataset test: Loss is [1.9596 1.9596 0.0000]
2024-11-08 05:18:24 | INFO | train | task-0		Acc is 0.6010, F1 is 0.6010
2024-11-08 05:18:24 | INFO | train | task-0		F1-macro is 0.3949, F1-micro is 0.6010
2024-11-08 05:18:24 | INFO | train | task-0		Pre is 0.6010, Rec is 0.6010
2024-11-08 05:18:24 | INFO | train | task-0		C_M is 
[[   0    0    6  469]
 [   0    3   43 1046]
 [   0    0 1209    0]
 [   0    0   32 1192]]
2024-11-08 05:18:24 | INFO | train | The best f1_macro util now is 0.3949, at step 1
2024-11-08 05:18:24 | INFO | train | The best f1_micro util now is 0.6010, at step 1
2024-11-08 05:19:08 | INFO | train | ----------------------------------------------------------------------------------
2024-11-08 05:19:08 | INFO | train | Time of iter training 43.96 s
2024-11-08 05:19:08 | INFO | train | On iter step 2:, global step 513 Loss-step [1.8557 1.8557 0.0000]
2024-11-08 05:19:45 | INFO | train | In dataset train: Loss is [1.3412 1.3412 0.0000]
2024-11-08 05:19:45 | INFO | train | task-0		Acc is 0.8260, F1 is 0.8260
2024-11-08 05:19:45 | INFO | train | task-0		F1-macro is 0.6616, F1-micro is 0.8260
2024-11-08 05:19:45 | INFO | train | task-0		Pre is 0.8260, Rec is 0.8260
2024-11-08 05:19:45 | INFO | train | task-0		C_M is 
[[   0    0   10  442]
 [   0  939   29  184]
 [   0    0 1227    2]
 [   0    1   28 1138]]
2024-11-08 05:20:22 | INFO | train | In dataset valid: Loss is [1.3131 1.3131 0.0000]
2024-11-08 05:20:22 | INFO | train | task-0		Acc is 0.8333, F1 is 0.8333
2024-11-08 05:20:22 | INFO | train | task-0		F1-macro is 0.6672, F1-micro is 0.8333
2024-11-08 05:20:22 | INFO | train | task-0		Pre is 0.8333, Rec is 0.8333
2024-11-08 05:20:22 | INFO | train | task-0		C_M is 
[[   0    0   15  429]
 [   0  918   17  171]
 [   0    0 1233    0]
 [   0    4   31 1182]]
2024-11-08 05:20:59 | INFO | train | In dataset test: Loss is [1.3206 1.3206 0.0000]
2024-11-08 05:20:59 | INFO | train | task-0		Acc is 0.8275, F1 is 0.8275
2024-11-08 05:20:59 | INFO | train | task-0		F1-macro is 0.6663, F1-micro is 0.8275
2024-11-08 05:20:59 | INFO | train | task-0		Pre is 0.8275, Rec is 0.8275
2024-11-08 05:20:59 | INFO | train | task-0		C_M is 
[[   0    0    6  469]
 [   0  908   34  150]
 [   0    0 1209    0]
 [   0    2   29 1193]]
2024-11-08 05:20:59 | INFO | train | The best f1_macro util now is 0.6663, at step 2
2024-11-08 05:20:59 | INFO | train | The best f1_micro util now is 0.8275, at step 2
2024-11-08 05:21:43 | INFO | train | ----------------------------------------------------------------------------------
2024-11-08 05:21:43 | INFO | train | Time of iter training 43.79 s
2024-11-08 05:21:43 | INFO | train | On iter step 3:, global step 769 Loss-step [1.4055 1.4055 0.0000]
2024-11-08 05:22:20 | INFO | train | In dataset train: Loss is [1.1061 1.1061 0.0000]
2024-11-08 05:22:20 | INFO | train | task-0		Acc is 0.8325, F1 is 0.8325
2024-11-08 05:22:20 | INFO | train | task-0		F1-macro is 0.6629, F1-micro is 0.8325
2024-11-08 05:22:20 | INFO | train | task-0		Pre is 0.8325, Rec is 0.8325
2024-11-08 05:22:20 | INFO | train | task-0		C_M is 
[[   0  169   10  273]
 [   0  981    1  170]
 [   0    2 1225    2]
 [   0   42    1 1124]]
2024-11-08 05:22:57 | INFO | train | In dataset valid: Loss is [1.1225 1.1225 0.0000]
2024-11-08 05:22:57 | INFO | train | task-0		Acc is 0.8360, F1 is 0.8360
2024-11-08 05:22:57 | INFO | train | task-0		F1-macro is 0.6647, F1-micro is 0.8360
2024-11-08 05:22:57 | INFO | train | task-0		Pre is 0.8360, Rec is 0.8360
2024-11-08 05:22:57 | INFO | train | task-0		C_M is 
[[   0  158   15  271]
 [   0  952    0  154]
 [   0    0 1230    3]
 [   0   52    3 1162]]
2024-11-08 05:23:34 | INFO | train | In dataset test: Loss is [1.1174 1.1174 0.0000]
2024-11-08 05:23:34 | INFO | train | task-0		Acc is 0.8337, F1 is 0.8337
2024-11-08 05:23:34 | INFO | train | task-0		F1-macro is 0.6666, F1-micro is 0.8337
2024-11-08 05:23:34 | INFO | train | task-0		Pre is 0.8337, Rec is 0.8337
2024-11-08 05:23:34 | INFO | train | task-0		C_M is 
[[   0  161    6  308]
 [   0  947    4  141]
 [   0    0 1208    1]
 [   0   42    2 1180]]
2024-11-08 05:23:34 | INFO | train | The best f1_macro util now is 0.6663, at step 2
2024-11-08 05:23:34 | INFO | train | The best f1_micro util now is 0.8337, at step 3
2024-11-08 05:24:18 | INFO | train | ----------------------------------------------------------------------------------
2024-11-08 05:24:18 | INFO | train | Time of iter training 44.02 s
2024-11-08 05:24:18 | INFO | train | On iter step 4:, global step 1025 Loss-step [1.1472 1.1472 0.0000]
2024-11-08 05:24:55 | INFO | train | In dataset train: Loss is [0.9613 0.9613 0.0000]
2024-11-08 05:24:55 | INFO | train | task-0		Acc is 0.8323, F1 is 0.8323
2024-11-08 05:24:55 | INFO | train | task-0		F1-macro is 0.6619, F1-micro is 0.8323
2024-11-08 05:24:55 | INFO | train | task-0		Pre is 0.8323, Rec is 0.8323
2024-11-08 05:24:55 | INFO | train | task-0		C_M is 
[[   0  421   18   13]
 [   0  940    0  212]
 [   0    0 1225    4]
 [   0    3    0 1164]]
2024-11-08 05:25:32 | INFO | train | In dataset valid: Loss is [0.9734 0.9734 0.0000]
2024-11-08 05:25:32 | INFO | train | task-0		Acc is 0.8405, F1 is 0.8405
2024-11-08 05:25:32 | INFO | train | task-0		F1-macro is 0.6662, F1-micro is 0.8405
2024-11-08 05:25:32 | INFO | train | task-0		Pre is 0.8405, Rec is 0.8405
2024-11-08 05:25:32 | INFO | train | task-0		C_M is 
[[   0  403   22   19]
 [   0  919    0  187]
 [   0    0 1229    4]
 [   0    3    0 1214]]
2024-11-08 05:26:09 | INFO | train | In dataset test: Loss is [0.9641 0.9641 0.0000]
2024-11-08 05:26:09 | INFO | train | task-0		Acc is 0.8343, F1 is 0.8343
2024-11-08 05:26:09 | INFO | train | task-0		F1-macro is 0.6648, F1-micro is 0.8343
2024-11-08 05:26:09 | INFO | train | task-0		Pre is 0.8343, Rec is 0.8343
2024-11-08 05:26:09 | INFO | train | task-0		C_M is 
[[   0  453   11   11]
 [   0  909    0  183]
 [   0    0 1207    2]
 [   0    3    0 1221]]
2024-11-08 05:26:09 | INFO | train | The best f1_macro util now is 0.6663, at step 2
2024-11-08 05:26:09 | INFO | train | The best f1_micro util now is 0.8343, at step 4
2024-11-08 05:26:53 | INFO | train | ----------------------------------------------------------------------------------
2024-11-08 05:26:53 | INFO | train | Time of iter training 44.11 s
2024-11-08 05:26:53 | INFO | train | On iter step 5:, global step 1281 Loss-step [0.9132 0.9132 0.0000]
2024-11-08 05:27:29 | INFO | train | In dataset train: Loss is [0.8740 0.8740 0.0000]
2024-11-08 05:27:29 | INFO | train | task-0		Acc is 0.8327, F1 is 0.8327
2024-11-08 05:27:29 | INFO | train | task-0		F1-macro is 0.6607, F1-micro is 0.8327
2024-11-08 05:27:29 | INFO | train | task-0		Pre is 0.8327, Rec is 0.8327
2024-11-08 05:27:29 | INFO | train | task-0		C_M is 
[[   0  348  103    1]
 [   0  940    0  212]
 [   0    0 1225    4]
 [   0    1    0 1166]]
2024-11-08 05:28:06 | INFO | train | In dataset valid: Loss is [0.8424 0.8424 0.0000]
2024-11-08 05:28:06 | INFO | train | task-0		Acc is 0.8405, F1 is 0.8405
2024-11-08 05:28:06 | INFO | train | task-0		F1-macro is 0.6650, F1-micro is 0.8405
2024-11-08 05:28:06 | INFO | train | task-0		Pre is 0.8405, Rec is 0.8405
2024-11-08 05:28:06 | INFO | train | task-0		C_M is 
[[   0  332  109    3]
 [   0  919    0  187]
 [   0    0 1229    4]
 [   0    3    0 1214]]
2024-11-08 05:28:43 | INFO | train | In dataset test: Loss is [0.8438 0.8438 0.0000]
2024-11-08 05:28:43 | INFO | train | task-0		Acc is 0.8343, F1 is 0.8343
2024-11-08 05:28:43 | INFO | train | task-0		F1-macro is 0.6630, F1-micro is 0.8343
2024-11-08 05:28:43 | INFO | train | task-0		Pre is 0.8343, Rec is 0.8343
2024-11-08 05:28:43 | INFO | train | task-0		C_M is 
[[   0  374   98    3]
 [   0  908    0  184]
 [   0    0 1207    2]
 [   0    2    0 1222]]
2024-11-08 05:28:43 | INFO | train | The best f1_macro util now is 0.6663, at step 2
2024-11-08 05:28:43 | INFO | train | The best f1_micro util now is 0.8343, at step 4
2024-11-08 05:29:27 | INFO | train | ----------------------------------------------------------------------------------
2024-11-08 05:29:27 | INFO | train | Time of iter training 44.07 s
2024-11-08 05:29:27 | INFO | train | On iter step 6:, global step 1537 Loss-step [0.9718 0.9718 0.0000]
2024-11-08 05:30:04 | INFO | train | In dataset train: Loss is [0.8463 0.8463 0.0000]
2024-11-08 05:30:04 | INFO | train | task-0		Acc is 0.8327, F1 is 0.8327
2024-11-08 05:30:04 | INFO | train | task-0		F1-macro is 0.6636, F1-micro is 0.8327
2024-11-08 05:30:04 | INFO | train | task-0		Pre is 0.8327, Rec is 0.8327
2024-11-08 05:30:04 | INFO | train | task-0		C_M is 
[[   0    9  172  271]
 [   0  940    0  212]
 [   0    0 1225    4]
 [   0    1    0 1166]]
2024-11-08 05:30:41 | INFO | train | In dataset valid: Loss is [0.8295 0.8295 0.0000]
2024-11-08 05:30:41 | INFO | train | task-0		Acc is 0.8403, F1 is 0.8403
2024-11-08 05:30:41 | INFO | train | task-0		F1-macro is 0.6691, F1-micro is 0.8403
2024-11-08 05:30:41 | INFO | train | task-0		Pre is 0.8403, Rec is 0.8403
2024-11-08 05:30:41 | INFO | train | task-0		C_M is 
[[   0    7  175  262]
 [   0  919    0  187]
 [   0    0 1229    4]
 [   0    4    0 1213]]
2024-11-08 05:31:18 | INFO | train | In dataset test: Loss is [0.8360 0.8360 0.0000]
2024-11-08 05:31:18 | INFO | train | task-0		Acc is 0.8340, F1 is 0.8340
2024-11-08 05:31:18 | INFO | train | task-0		F1-macro is 0.6679, F1-micro is 0.8340
2024-11-08 05:31:18 | INFO | train | task-0		Pre is 0.8340, Rec is 0.8340
2024-11-08 05:31:18 | INFO | train | task-0		C_M is 
[[   0    7  159  309]
 [   0  908    0  184]
 [   0    0 1207    2]
 [   0    3    0 1221]]
2024-11-08 05:31:18 | INFO | train | The best f1_macro util now is 0.6679, at step 6
2024-11-08 05:31:18 | INFO | train | The best f1_micro util now is 0.8343, at step 4
2024-11-08 05:32:02 | INFO | train | ----------------------------------------------------------------------------------
2024-11-08 05:32:02 | INFO | train | Time of iter training 43.82 s
2024-11-08 05:32:02 | INFO | train | On iter step 7:, global step 1793 Loss-step [0.8965 0.8965 0.0000]
2024-11-08 05:32:39 | INFO | train | In dataset train: Loss is [0.7393 0.7393 0.0000]
2024-11-08 05:32:39 | INFO | train | task-0		Acc is 0.8335, F1 is 0.8335
2024-11-08 05:32:39 | INFO | train | task-0		F1-macro is 0.6610, F1-micro is 0.8335
2024-11-08 05:32:39 | INFO | train | task-0		Pre is 0.8335, Rec is 0.8335
2024-11-08 05:32:39 | INFO | train | task-0		C_M is 
[[   0  326  126    0]
 [   0  942    0  210]
 [   0    0 1228    1]
 [   0    3    0 1164]]
2024-11-08 05:33:16 | INFO | train | In dataset valid: Loss is [0.7420 0.7420 0.0000]
2024-11-08 05:33:16 | INFO | train | task-0		Acc is 0.8410, F1 is 0.8410
2024-11-08 05:33:16 | INFO | train | task-0		F1-macro is 0.6652, F1-micro is 0.8410
2024-11-08 05:33:16 | INFO | train | task-0		Pre is 0.8410, Rec is 0.8410
2024-11-08 05:33:16 | INFO | train | task-0		C_M is 
[[   0  310  132    2]
 [   0  920    0  186]
 [   0    0 1233    0]
 [   0    6    0 1211]]
2024-11-08 05:33:53 | INFO | train | In dataset test: Loss is [0.7321 0.7321 0.0000]
2024-11-08 05:33:53 | INFO | train | task-0		Acc is 0.8350, F1 is 0.8350
2024-11-08 05:33:53 | INFO | train | task-0		F1-macro is 0.6634, F1-micro is 0.8350
2024-11-08 05:33:53 | INFO | train | task-0		Pre is 0.8350, Rec is 0.8350
2024-11-08 05:33:53 | INFO | train | task-0		C_M is 
[[   0  356  116    3]
 [   0  911    0  181]
 [   0    0 1209    0]
 [   0    4    0 1220]]
2024-11-08 05:33:53 | INFO | train | The best f1_macro util now is 0.6679, at step 6
2024-11-08 05:33:53 | INFO | train | The best f1_micro util now is 0.8350, at step 7
2024-11-08 05:34:37 | INFO | train | ----------------------------------------------------------------------------------
2024-11-08 05:34:37 | INFO | train | Time of iter training 44.03 s
2024-11-08 05:34:37 | INFO | train | On iter step 8:, global step 2049 Loss-step [0.8169 0.8169 0.0000]
2024-11-08 05:35:14 | INFO | train | In dataset train: Loss is [0.7754 0.7754 0.0000]
2024-11-08 05:35:14 | INFO | train | task-0		Acc is 0.8255, F1 is 0.8255
2024-11-08 05:35:14 | INFO | train | task-0		F1-macro is 0.6567, F1-micro is 0.8255
2024-11-08 05:35:14 | INFO | train | task-0		Pre is 0.8255, Rec is 0.8255
2024-11-08 05:35:14 | INFO | train | task-0		C_M is 
[[   0  220  232    0]
 [   0 1101    0   51]
 [   0    1 1228    0]
 [   0  194    0  973]]
2024-11-08 05:35:51 | INFO | train | In dataset valid: Loss is [0.7700 0.7700 0.0000]
2024-11-08 05:35:51 | INFO | train | task-0		Acc is 0.8267, F1 is 0.8267
2024-11-08 05:35:51 | INFO | train | task-0		F1-macro is 0.6564, F1-micro is 0.8267
2024-11-08 05:35:51 | INFO | train | task-0		Pre is 0.8267, Rec is 0.8267
2024-11-08 05:35:51 | INFO | train | task-0		C_M is 
[[   0  205  239    0]
 [   0 1058    0   48]
 [   0    0 1233    0]
 [   0  198    3 1016]]
2024-11-08 05:36:28 | INFO | train | In dataset test: Loss is [0.7844 0.7844 0.0000]
2024-11-08 05:36:28 | INFO | train | task-0		Acc is 0.8205, F1 is 0.8205
2024-11-08 05:36:28 | INFO | train | task-0		F1-macro is 0.6547, F1-micro is 0.8205
2024-11-08 05:36:28 | INFO | train | task-0		Pre is 0.8205, Rec is 0.8205
2024-11-08 05:36:28 | INFO | train | task-0		C_M is 
[[   0  261  213    1]
 [   0 1050    1   41]
 [   0    0 1209    0]
 [   0  200    1 1023]]
2024-11-08 05:36:28 | INFO | train | The best f1_macro util now is 0.6679, at step 6
2024-11-08 05:36:28 | INFO | train | The best f1_micro util now is 0.8350, at step 7
2024-11-08 05:37:12 | INFO | train | ----------------------------------------------------------------------------------
2024-11-08 05:37:12 | INFO | train | Time of iter training 43.89 s
2024-11-08 05:37:12 | INFO | train | On iter step 9:, global step 2305 Loss-step [0.6939 0.6939 0.0000]
2024-11-08 05:37:49 | INFO | train | In dataset train: Loss is [0.6683 0.6683 0.0000]
2024-11-08 05:37:49 | INFO | train | task-0		Acc is 0.8343, F1 is 0.8343
2024-11-08 05:37:49 | INFO | train | task-0		F1-macro is 0.6647, F1-micro is 0.8343
2024-11-08 05:37:49 | INFO | train | task-0		Pre is 0.8343, Rec is 0.8343
2024-11-08 05:37:49 | INFO | train | task-0		C_M is 
[[   0   17  435    0]
 [   0  942    0  210]
 [   0    0 1229    0]
 [   0    1    0 1166]]
2024-11-08 05:38:26 | INFO | train | In dataset valid: Loss is [0.6695 0.6695 0.0000]
2024-11-08 05:38:26 | INFO | train | task-0		Acc is 0.8417, F1 is 0.8417
2024-11-08 05:38:26 | INFO | train | task-0		F1-macro is 0.6699, F1-micro is 0.8417
2024-11-08 05:38:26 | INFO | train | task-0		Pre is 0.8417, Rec is 0.8417
2024-11-08 05:38:26 | INFO | train | task-0		C_M is 
[[   0   17  427    0]
 [   0  920    0  186]
 [   0    0 1233    0]
 [   0    3    0 1214]]
2024-11-08 05:39:03 | INFO | train | In dataset test: Loss is [0.6804 0.6804 0.0000]
2024-11-08 05:39:03 | INFO | train | task-0		Acc is 0.8355, F1 is 0.8355
2024-11-08 05:39:03 | INFO | train | task-0		F1-macro is 0.6683, F1-micro is 0.8355
2024-11-08 05:39:03 | INFO | train | task-0		Pre is 0.8355, Rec is 0.8355
2024-11-08 05:39:03 | INFO | train | task-0		C_M is 
[[   0    9  465    1]
 [   0  911    0  181]
 [   0    0 1209    0]
 [   0    2    0 1222]]
2024-11-08 05:39:03 | INFO | train | The best f1_macro util now is 0.6683, at step 9
2024-11-08 05:39:03 | INFO | train | The best f1_micro util now is 0.8355, at step 9
2024-11-08 05:39:46 | INFO | train | ----------------------------------------------------------------------------------
2024-11-08 05:39:46 | INFO | train | Time of iter training 43.94 s
2024-11-08 05:39:46 | INFO | train | On iter step 10:, global step 2561 Loss-step [0.7349 0.7349 0.0000]
2024-11-08 05:40:23 | INFO | train | In dataset train: Loss is [0.7192 0.7192 0.0000]
2024-11-08 05:40:23 | INFO | train | task-0		Acc is 0.8337, F1 is 0.8337
2024-11-08 05:40:23 | INFO | train | task-0		F1-macro is 0.6607, F1-micro is 0.8337
2024-11-08 05:40:23 | INFO | train | task-0		Pre is 0.8337, Rec is 0.8337
2024-11-08 05:40:23 | INFO | train | task-0		C_M is 
[[   0  259  182   11]
 [   0  940    0  212]
 [   0    0 1229    0]
 [   0    1    0 1166]]
2024-11-08 05:41:00 | INFO | train | In dataset valid: Loss is [0.6993 0.6993 0.0000]
2024-11-08 05:41:00 | INFO | train | task-0		Acc is 0.8415, F1 is 0.8415
2024-11-08 05:41:00 | INFO | train | task-0		F1-macro is 0.6653, F1-micro is 0.8415
2024-11-08 05:41:00 | INFO | train | task-0		Pre is 0.8415, Rec is 0.8415
2024-11-08 05:41:00 | INFO | train | task-0		C_M is 
[[   0  241  187   16]
 [   0  919    0  187]
 [   0    0 1233    0]
 [   0    3    0 1214]]
2024-11-08 05:41:37 | INFO | train | In dataset test: Loss is [0.7147 0.7147 0.0000]
2024-11-08 05:41:37 | INFO | train | task-0		Acc is 0.8347, F1 is 0.8347
2024-11-08 05:41:37 | INFO | train | task-0		F1-macro is 0.6627, F1-micro is 0.8347
2024-11-08 05:41:37 | INFO | train | task-0		Pre is 0.8347, Rec is 0.8347
2024-11-08 05:41:37 | INFO | train | task-0		C_M is 
[[   0  299  162   14]
 [   0  908    0  184]
 [   0    0 1209    0]
 [   0    2    0 1222]]
2024-11-08 05:41:37 | INFO | train | The best f1_macro util now is 0.6683, at step 9
2024-11-08 05:41:37 | INFO | train | The best f1_micro util now is 0.8355, at step 9
2024-11-08 05:42:22 | INFO | train | ----------------------------------------------------------------------------------
2024-11-08 05:42:22 | INFO | train | Time of iter training 44.43 s
2024-11-08 05:42:22 | INFO | train | On iter step 11:, global step 2817 Loss-step [0.7871 0.7871 0.0000]
2024-11-08 05:42:58 | INFO | train | In dataset train: Loss is [0.6897 0.6897 0.0000]
2024-11-08 05:42:58 | INFO | train | task-0		Acc is 0.8343, F1 is 0.8343
2024-11-08 05:42:58 | INFO | train | task-0		F1-macro is 0.6652, F1-micro is 0.8343
2024-11-08 05:42:58 | INFO | train | task-0		Pre is 0.8343, Rec is 0.8343
2024-11-08 05:42:58 | INFO | train | task-0		C_M is 
[[   0    0  452    0]
 [   0  942    0  210]
 [   0    0 1229    0]
 [   0    1    0 1166]]
2024-11-08 05:43:35 | INFO | train | In dataset valid: Loss is [0.6739 0.6739 0.0000]
2024-11-08 05:43:35 | INFO | train | task-0		Acc is 0.8427, F1 is 0.8427
2024-11-08 05:43:35 | INFO | train | task-0		F1-macro is 0.6713, F1-micro is 0.8427
2024-11-08 05:43:35 | INFO | train | task-0		Pre is 0.8427, Rec is 0.8427
2024-11-08 05:43:35 | INFO | train | task-0		C_M is 
[[   0    0  442    2]
 [   0  921    0  185]
 [   0    0 1233    0]
 [   0    0    0 1217]]
2024-11-08 05:44:13 | INFO | train | In dataset test: Loss is [0.6747 0.6747 0.0000]
2024-11-08 05:44:13 | INFO | train | task-0		Acc is 0.8360, F1 is 0.8360
2024-11-08 05:44:13 | INFO | train | task-0		F1-macro is 0.6691, F1-micro is 0.8360
2024-11-08 05:44:13 | INFO | train | task-0		Pre is 0.8360, Rec is 0.8360
2024-11-08 05:44:13 | INFO | train | task-0		C_M is 
[[   0    0  472    3]
 [   0  912    0  180]
 [   0    0 1209    0]
 [   0    1    0 1223]]
2024-11-08 05:44:13 | INFO | train | The best f1_macro util now is 0.6691, at step 11
2024-11-08 05:44:13 | INFO | train | The best f1_micro util now is 0.8360, at step 11
2024-11-08 05:44:57 | INFO | train | ----------------------------------------------------------------------------------
2024-11-08 05:44:57 | INFO | train | Time of iter training 44.79 s
2024-11-08 05:44:57 | INFO | train | On iter step 12:, global step 3073 Loss-step [0.6349 0.6349 0.0000]
2024-11-08 05:45:35 | INFO | train | In dataset train: Loss is [0.6259 0.6259 0.0000]
2024-11-08 05:45:35 | INFO | train | task-0		Acc is 0.8350, F1 is 0.8350
2024-11-08 05:45:35 | INFO | train | task-0		F1-macro is 0.6659, F1-micro is 0.8350
2024-11-08 05:45:35 | INFO | train | task-0		Pre is 0.8350, Rec is 0.8350
2024-11-08 05:45:35 | INFO | train | task-0		C_M is 
[[   0    0  452    0]
 [   0  944    0  208]
 [   0    0 1229    0]
 [   0    0    0 1167]]
2024-11-08 05:46:12 | INFO | train | In dataset valid: Loss is [0.6192 0.6192 0.0000]
2024-11-08 05:46:12 | INFO | train | task-0		Acc is 0.8425, F1 is 0.8425
2024-11-08 05:46:12 | INFO | train | task-0		F1-macro is 0.6712, F1-micro is 0.8425
2024-11-08 05:46:12 | INFO | train | task-0		Pre is 0.8425, Rec is 0.8425
2024-11-08 05:46:12 | INFO | train | task-0		C_M is 
[[   0    0  444    0]
 [   0  920    0  186]
 [   0    0 1233    0]
 [   0    0    0 1217]]
2024-11-08 05:46:49 | INFO | train | In dataset test: Loss is [0.6278 0.6278 0.0000]
2024-11-08 05:46:49 | INFO | train | task-0		Acc is 0.8373, F1 is 0.8373
2024-11-08 05:46:49 | INFO | train | task-0		F1-macro is 0.6702, F1-micro is 0.8373
2024-11-08 05:46:49 | INFO | train | task-0		Pre is 0.8373, Rec is 0.8373
2024-11-08 05:46:49 | INFO | train | task-0		C_M is 
[[   0    1  473    1]
 [   0  916    0  176]
 [   0    0 1209    0]
 [   0    0    0 1224]]
2024-11-08 05:46:49 | INFO | train | The best f1_macro util now is 0.6691, at step 11
2024-11-08 05:46:49 | INFO | train | The best f1_micro util now is 0.8360, at step 11
2024-11-08 05:47:33 | INFO | train | ----------------------------------------------------------------------------------
2024-11-08 05:47:33 | INFO | train | Time of iter training 43.88 s
2024-11-08 05:47:33 | INFO | train | On iter step 13:, global step 3329 Loss-step [0.6865 0.6865 0.0000]
2024-11-08 05:48:10 | INFO | train | In dataset train: Loss is [0.6967 0.6967 0.0000]
2024-11-08 05:48:10 | INFO | train | task-0		Acc is 0.8240, F1 is 0.8240
2024-11-08 05:48:10 | INFO | train | task-0		F1-macro is 0.6560, F1-micro is 0.8240
2024-11-08 05:48:10 | INFO | train | task-0		Pre is 0.8240, Rec is 0.8240
2024-11-08 05:48:10 | INFO | train | task-0		C_M is 
[[   0   31  420    1]
 [   0 1130    0   22]
 [   0    1 1228    0]
 [   0  229    0  938]]
2024-11-08 05:48:47 | INFO | train | In dataset valid: Loss is [0.6978 0.6978 0.0000]
2024-11-08 05:48:47 | INFO | train | task-0		Acc is 0.8187, F1 is 0.8187
2024-11-08 05:48:47 | INFO | train | task-0		F1-macro is 0.6506, F1-micro is 0.8187
2024-11-08 05:48:47 | INFO | train | task-0		Pre is 0.8187, Rec is 0.8187
2024-11-08 05:48:47 | INFO | train | task-0		C_M is 
[[   0   39  404    1]
 [   0 1082    0   24]
 [   0    0 1233    0]
 [   0  257    0  960]]
2024-11-08 05:49:24 | INFO | train | In dataset test: Loss is [0.7024 0.7024 0.0000]
2024-11-08 05:49:24 | INFO | train | task-0		Acc is 0.8160, F1 is 0.8160
2024-11-08 05:49:24 | INFO | train | task-0		F1-macro is 0.6518, F1-micro is 0.8160
2024-11-08 05:49:24 | INFO | train | task-0		Pre is 0.8160, Rec is 0.8160
2024-11-08 05:49:24 | INFO | train | task-0		C_M is 
[[   0   43  432    0]
 [   0 1078    0   14]
 [   0    0 1209    0]
 [   0  247    0  977]]
2024-11-08 05:49:24 | INFO | train | The best f1_macro util now is 0.6691, at step 11
2024-11-08 05:49:24 | INFO | train | The best f1_micro util now is 0.8360, at step 11
2024-11-08 05:50:08 | INFO | train | ----------------------------------------------------------------------------------
2024-11-08 05:50:08 | INFO | train | Time of iter training 44.15 s
2024-11-08 05:50:08 | INFO | train | On iter step 14:, global step 3585 Loss-step [0.7268 0.7268 0.0000]
2024-11-08 05:50:45 | INFO | train | In dataset train: Loss is [0.7170 0.7170 0.0000]
2024-11-08 05:50:45 | INFO | train | task-0		Acc is 0.8460, F1 is 0.8460
2024-11-08 05:50:45 | INFO | train | task-0		F1-macro is 0.6744, F1-micro is 0.8460
2024-11-08 05:50:45 | INFO | train | task-0		Pre is 0.8460, Rec is 0.8460
2024-11-08 05:50:45 | INFO | train | task-0		C_M is 
[[   0  100   30  322]
 [   0  994    0  158]
 [   0    0 1229    0]
 [   0    6    0 1161]]
2024-11-08 05:51:22 | INFO | train | In dataset valid: Loss is [0.7126 0.7126 0.0000]
2024-11-08 05:51:22 | INFO | train | task-0		Acc is 0.8500, F1 is 0.8500
2024-11-08 05:51:22 | INFO | train | task-0		F1-macro is 0.6767, F1-micro is 0.8500
2024-11-08 05:51:22 | INFO | train | task-0		Pre is 0.8500, Rec is 0.8500
2024-11-08 05:51:22 | INFO | train | task-0		C_M is 
[[   0  101   36  307]
 [   0  961    0  145]
 [   0    0 1233    0]
 [   0   11    0 1206]]
2024-11-08 05:51:59 | INFO | train | In dataset test: Loss is [0.7224 0.7224 0.0000]
2024-11-08 05:51:59 | INFO | train | task-0		Acc is 0.8450, F1 is 0.8450
2024-11-08 05:51:59 | INFO | train | task-0		F1-macro is 0.6766, F1-micro is 0.8450
2024-11-08 05:51:59 | INFO | train | task-0		Pre is 0.8450, Rec is 0.8450
2024-11-08 05:51:59 | INFO | train | task-0		C_M is 
[[   0   98   33  344]
 [   0  953    0  139]
 [   0    0 1209    0]
 [   0    6    0 1218]]
2024-11-08 05:51:59 | INFO | train | The best f1_macro util now is 0.6766, at step 14
2024-11-08 05:51:59 | INFO | train | The best f1_micro util now is 0.8450, at step 14
2024-11-08 05:52:43 | INFO | train | ----------------------------------------------------------------------------------
2024-11-08 05:52:43 | INFO | train | Time of iter training 43.98 s
2024-11-08 05:52:43 | INFO | train | On iter step 15:, global step 3841 Loss-step [0.6580 0.6580 0.0000]
2024-11-08 05:53:19 | INFO | train | In dataset train: Loss is [0.6252 0.6252 0.0000]
2024-11-08 05:53:19 | INFO | train | task-0		Acc is 0.8380, F1 is 0.8380
2024-11-08 05:53:19 | INFO | train | task-0		F1-macro is 0.6674, F1-micro is 0.8380
2024-11-08 05:53:19 | INFO | train | task-0		Pre is 0.8380, Rec is 0.8380
2024-11-08 05:53:19 | INFO | train | task-0		C_M is 
[[   0   17  400   35]
 [   0  956    0  196]
 [   0    0 1229    0]
 [   0    0    0 1167]]
2024-11-08 05:53:56 | INFO | train | In dataset valid: Loss is [0.6205 0.6205 0.0000]
2024-11-08 05:53:56 | INFO | train | task-0		Acc is 0.8462, F1 is 0.8462
2024-11-08 05:53:56 | INFO | train | task-0		F1-macro is 0.6732, F1-micro is 0.8462
2024-11-08 05:53:56 | INFO | train | task-0		Pre is 0.8462, Rec is 0.8462
2024-11-08 05:53:56 | INFO | train | task-0		C_M is 
[[   0   15  374   55]
 [   0  935    0  171]
 [   0    0 1233    0]
 [   0    0    0 1217]]
2024-11-08 05:54:33 | INFO | train | In dataset test: Loss is [0.6188 0.6188 0.0000]
2024-11-08 05:54:33 | INFO | train | task-0		Acc is 0.8397, F1 is 0.8397
2024-11-08 05:54:33 | INFO | train | task-0		F1-macro is 0.6714, F1-micro is 0.8397
2024-11-08 05:54:33 | INFO | train | task-0		Pre is 0.8397, Rec is 0.8397
2024-11-08 05:54:33 | INFO | train | task-0		C_M is 
[[   0   10  418   47]
 [   0  926    0  166]
 [   0    0 1209    0]
 [   0    0    0 1224]]
2024-11-08 05:54:33 | INFO | train | The best f1_macro util now is 0.6766, at step 14
2024-11-08 05:54:33 | INFO | train | The best f1_micro util now is 0.8450, at step 14
2024-11-08 05:55:17 | INFO | train | ----------------------------------------------------------------------------------
2024-11-08 05:55:17 | INFO | train | Time of iter training 43.91 s
2024-11-08 05:55:17 | INFO | train | On iter step 16:, global step 4097 Loss-step [0.6478 0.6478 0.0000]
2024-11-08 05:55:54 | INFO | train | In dataset train: Loss is [0.6136 0.6136 0.0000]
2024-11-08 05:55:54 | INFO | train | task-0		Acc is 0.8400, F1 is 0.8400
2024-11-08 05:55:54 | INFO | train | task-0		F1-macro is 0.6703, F1-micro is 0.8400
2024-11-08 05:55:54 | INFO | train | task-0		Pre is 0.8400, Rec is 0.8400
2024-11-08 05:55:54 | INFO | train | task-0		C_M is 
[[   0    0  452    0]
 [   0  964    0  188]
 [   0    0 1229    0]
 [   0    0    0 1167]]
2024-11-08 05:56:31 | INFO | train | In dataset valid: Loss is [0.6131 0.6131 0.0000]
2024-11-08 05:56:31 | INFO | train | task-0		Acc is 0.8462, F1 is 0.8462
2024-11-08 05:56:31 | INFO | train | task-0		F1-macro is 0.6745, F1-micro is 0.8462
2024-11-08 05:56:31 | INFO | train | task-0		Pre is 0.8462, Rec is 0.8462
2024-11-08 05:56:31 | INFO | train | task-0		C_M is 
[[   0    0  442    2]
 [   0  939    0  167]
 [   0    0 1233    0]
 [   0    4    0 1213]]
2024-11-08 05:57:08 | INFO | train | In dataset test: Loss is [0.6173 0.6173 0.0000]
2024-11-08 05:57:08 | INFO | train | task-0		Acc is 0.8407, F1 is 0.8407
2024-11-08 05:57:08 | INFO | train | task-0		F1-macro is 0.6733, F1-micro is 0.8407
2024-11-08 05:57:08 | INFO | train | task-0		Pre is 0.8407, Rec is 0.8407
2024-11-08 05:57:08 | INFO | train | task-0		C_M is 
[[   0    2  470    3]
 [   0  933    0  159]
 [   0    0 1209    0]
 [   0    3    0 1221]]
2024-11-08 05:57:08 | INFO | train | The best f1_macro util now is 0.6766, at step 14
2024-11-08 05:57:08 | INFO | train | The best f1_micro util now is 0.8450, at step 14
2024-11-08 05:57:52 | INFO | train | ----------------------------------------------------------------------------------
2024-11-08 05:57:52 | INFO | train | Time of iter training 43.91 s
2024-11-08 05:57:52 | INFO | train | On iter step 17:, global step 4353 Loss-step [0.6280 0.6280 0.0000]
2024-11-08 05:58:29 | INFO | train | In dataset train: Loss is [0.5991 0.5991 0.0000]
2024-11-08 05:58:29 | INFO | train | task-0		Acc is 0.8475, F1 is 0.8475
2024-11-08 05:58:29 | INFO | train | task-0		F1-macro is 0.6763, F1-micro is 0.8475
2024-11-08 05:58:29 | INFO | train | task-0		Pre is 0.8475, Rec is 0.8475
2024-11-08 05:58:29 | INFO | train | task-0		C_M is 
[[   0   18  434    0]
 [   0  999    0  153]
 [   0    0 1229    0]
 [   0    5    0 1162]]
2024-11-08 05:59:06 | INFO | train | In dataset valid: Loss is [0.6082 0.6082 0.0000]
2024-11-08 05:59:06 | INFO | train | task-0		Acc is 0.8525, F1 is 0.8525
2024-11-08 05:59:06 | INFO | train | task-0		F1-macro is 0.6793, F1-micro is 0.8525
2024-11-08 05:59:06 | INFO | train | task-0		Pre is 0.8525, Rec is 0.8525
2024-11-08 05:59:06 | INFO | train | task-0		C_M is 
[[   0   20  421    3]
 [   0  966    0  140]
 [   0    0 1233    0]
 [   0    6    0 1211]]
2024-11-08 05:59:43 | INFO | train | In dataset test: Loss is [0.6085 0.6085 0.0000]
2024-11-08 05:59:43 | INFO | train | task-0		Acc is 0.8433, F1 is 0.8433
2024-11-08 05:59:43 | INFO | train | task-0		F1-macro is 0.6751, F1-micro is 0.8433
2024-11-08 05:59:43 | INFO | train | task-0		Pre is 0.8433, Rec is 0.8433
2024-11-08 05:59:43 | INFO | train | task-0		C_M is 
[[   0   14  458    3]
 [   0  950    0  142]
 [   0    0 1209    0]
 [   0   10    0 1214]]
2024-11-08 05:59:43 | INFO | train | The best f1_macro util now is 0.6751, at step 17
2024-11-08 05:59:43 | INFO | train | The best f1_micro util now is 0.8433, at step 17
2024-11-08 06:00:27 | INFO | train | ----------------------------------------------------------------------------------
2024-11-08 06:00:27 | INFO | train | Time of iter training 43.67 s
2024-11-08 06:00:27 | INFO | train | On iter step 18:, global step 4609 Loss-step [0.6484 0.6484 0.0000]
2024-11-08 06:01:03 | INFO | train | In dataset train: Loss is [0.6075 0.6075 0.0000]
2024-11-08 06:01:03 | INFO | train | task-0		Acc is 0.8470, F1 is 0.8470
2024-11-08 06:01:03 | INFO | train | task-0		F1-macro is 0.6760, F1-micro is 0.8470
2024-11-08 06:01:03 | INFO | train | task-0		Pre is 0.8470, Rec is 0.8470
2024-11-08 06:01:03 | INFO | train | task-0		C_M is 
[[   0   15  437    0]
 [   0  994    0  158]
 [   0    0 1229    0]
 [   0    2    0 1165]]
2024-11-08 06:01:40 | INFO | train | In dataset valid: Loss is [0.6047 0.6047 0.0000]
2024-11-08 06:01:40 | INFO | train | task-0		Acc is 0.8530, F1 is 0.8530
2024-11-08 06:01:40 | INFO | train | task-0		F1-macro is 0.6798, F1-micro is 0.8530
2024-11-08 06:01:40 | INFO | train | task-0		Pre is 0.8530, Rec is 0.8530
2024-11-08 06:01:40 | INFO | train | task-0		C_M is 
[[   0   17  424    3]
 [   0  962    0  144]
 [   0    0 1233    0]
 [   0    0    0 1217]]
2024-11-08 06:02:17 | INFO | train | In dataset test: Loss is [0.6126 0.6126 0.0000]
2024-11-08 06:02:17 | INFO | train | task-0		Acc is 0.8438, F1 is 0.8438
2024-11-08 06:02:17 | INFO | train | task-0		F1-macro is 0.6753, F1-micro is 0.8438
2024-11-08 06:02:17 | INFO | train | task-0		Pre is 0.8438, Rec is 0.8438
2024-11-08 06:02:17 | INFO | train | task-0		C_M is 
[[   0   19  453    3]
 [   0  946    0  146]
 [   0    0 1209    0]
 [   0    4    0 1220]]
2024-11-08 06:02:17 | INFO | train | The best f1_macro util now is 0.6753, at step 18
2024-11-08 06:02:17 | INFO | train | The best f1_micro util now is 0.8438, at step 18
2024-11-08 06:03:01 | INFO | train | ----------------------------------------------------------------------------------
2024-11-08 06:03:01 | INFO | train | Time of iter training 44.09 s
2024-11-08 06:03:01 | INFO | train | On iter step 19:, global step 4865 Loss-step [0.5960 0.5960 0.0000]
2024-11-08 06:03:38 | INFO | train | In dataset train: Loss is [0.6061 0.6061 0.0000]
2024-11-08 06:03:38 | INFO | train | task-0		Acc is 0.8510, F1 is 0.8510
2024-11-08 06:03:38 | INFO | train | task-0		F1-macro is 0.6800, F1-micro is 0.8510
2024-11-08 06:03:38 | INFO | train | task-0		Pre is 0.8510, Rec is 0.8510
2024-11-08 06:03:38 | INFO | train | task-0		C_M is 
[[   0    1  451    0]
 [   0 1013    0  139]
 [   0    0 1229    0]
 [   0    5    0 1162]]
2024-11-08 06:04:15 | INFO | train | In dataset valid: Loss is [0.6027 0.6027 0.0000]
2024-11-08 06:04:15 | INFO | train | task-0		Acc is 0.8540, F1 is 0.8540
2024-11-08 06:04:15 | INFO | train | task-0		F1-macro is 0.6812, F1-micro is 0.8540
2024-11-08 06:04:15 | INFO | train | task-0		Pre is 0.8540, Rec is 0.8540
2024-11-08 06:04:15 | INFO | train | task-0		C_M is 
[[   0    3  437    4]
 [   0  972    0  134]
 [   0    0 1233    0]
 [   0    6    0 1211]]
2024-11-08 06:04:52 | INFO | train | In dataset test: Loss is [0.6016 0.6016 0.0000]
2024-11-08 06:04:52 | INFO | train | task-0		Acc is 0.8480, F1 is 0.8480
2024-11-08 06:04:52 | INFO | train | task-0		F1-macro is 0.6797, F1-micro is 0.8480
2024-11-08 06:04:52 | INFO | train | task-0		Pre is 0.8480, Rec is 0.8480
2024-11-08 06:04:52 | INFO | train | task-0		C_M is 
[[   0    4  468    3]
 [   0  965    0  127]
 [   0    0 1209    0]
 [   0    6    0 1218]]
2024-11-08 06:04:52 | INFO | train | The best f1_macro util now is 0.6797, at step 19
2024-11-08 06:04:52 | INFO | train | The best f1_micro util now is 0.8480, at step 19
2024-11-08 06:05:36 | INFO | train | ----------------------------------------------------------------------------------
2024-11-08 06:05:36 | INFO | train | Time of iter training 44.12 s
2024-11-08 06:05:36 | INFO | train | On iter step 20:, global step 5121 Loss-step [0.5904 0.5904 0.0000]
2024-11-08 06:06:13 | INFO | train | In dataset train: Loss is [0.6066 0.6066 0.0000]
2024-11-08 06:06:13 | INFO | train | task-0		Acc is 0.8420, F1 is 0.8420
2024-11-08 06:06:13 | INFO | train | task-0		F1-macro is 0.6713, F1-micro is 0.8420
2024-11-08 06:06:13 | INFO | train | task-0		Pre is 0.8420, Rec is 0.8420
2024-11-08 06:06:13 | INFO | train | task-0		C_M is 
[[   0   24  427    1]
 [   0  976    0  176]
 [   0    0 1229    0]
 [   0    4    0 1163]]
2024-11-08 06:06:50 | INFO | train | In dataset valid: Loss is [0.5962 0.5962 0.0000]
2024-11-08 06:06:50 | INFO | train | task-0		Acc is 0.8478, F1 is 0.8478
2024-11-08 06:06:50 | INFO | train | task-0		F1-macro is 0.6749, F1-micro is 0.8478
2024-11-08 06:06:50 | INFO | train | task-0		Pre is 0.8478, Rec is 0.8478
2024-11-08 06:06:50 | INFO | train | task-0		C_M is 
[[   0   24  418    2]
 [   0  943    0  163]
 [   0    0 1233    0]
 [   0    2    0 1215]]
2024-11-08 06:07:27 | INFO | train | In dataset test: Loss is [0.5957 0.5957 0.0000]
2024-11-08 06:07:27 | INFO | train | task-0		Acc is 0.8433, F1 is 0.8433
2024-11-08 06:07:27 | INFO | train | task-0		F1-macro is 0.6748, F1-micro is 0.8433
2024-11-08 06:07:27 | INFO | train | task-0		Pre is 0.8433, Rec is 0.8433
2024-11-08 06:07:27 | INFO | train | task-0		C_M is 
[[   0   20  453    2]
 [   0  943    0  149]
 [   0    0 1209    0]
 [   0    3    0 1221]]
2024-11-08 06:07:27 | INFO | train | The best f1_macro util now is 0.6797, at step 19
2024-11-08 06:07:27 | INFO | train | The best f1_micro util now is 0.8480, at step 19
2024-11-08 06:08:11 | INFO | train | ----------------------------------------------------------------------------------
2024-11-08 06:08:11 | INFO | train | Time of iter training 43.90 s
2024-11-08 06:08:11 | INFO | train | On iter step 21:, global step 5377 Loss-step [0.6043 0.6043 0.0000]
2024-11-08 06:08:48 | INFO | train | In dataset train: Loss is [0.6190 0.6190 0.0000]
2024-11-08 06:08:48 | INFO | train | task-0		Acc is 0.8568, F1 is 0.8568
2024-11-08 06:08:48 | INFO | train | task-0		F1-macro is 0.6822, F1-micro is 0.8568
2024-11-08 06:08:48 | INFO | train | task-0		Pre is 0.8568, Rec is 0.8568
2024-11-08 06:08:48 | INFO | train | task-0		C_M is 
[[   0  111  341    0]
 [   0 1056    0   96]
 [   0    0 1229    0]
 [   0   25    0 1142]]
2024-11-08 06:09:25 | INFO | train | In dataset valid: Loss is [0.6119 0.6119 0.0000]
2024-11-08 06:09:25 | INFO | train | task-0		Acc is 0.8588, F1 is 0.8588
2024-11-08 06:09:25 | INFO | train | task-0		F1-macro is 0.6824, F1-micro is 0.8588
2024-11-08 06:09:25 | INFO | train | task-0		Pre is 0.8588, Rec is 0.8588
2024-11-08 06:09:25 | INFO | train | task-0		C_M is 
[[   0  116  326    2]
 [   0 1020    0   86]
 [   0    0 1233    0]
 [   0   35    0 1182]]
2024-11-08 06:10:03 | INFO | train | In dataset test: Loss is [0.6222 0.6222 0.0000]
2024-11-08 06:10:03 | INFO | train | task-0		Acc is 0.8505, F1 is 0.8505
2024-11-08 06:10:03 | INFO | train | task-0		F1-macro is 0.6785, F1-micro is 0.8505
2024-11-08 06:10:03 | INFO | train | task-0		Pre is 0.8505, Rec is 0.8505
2024-11-08 06:10:03 | INFO | train | task-0		C_M is 
[[   0  128  344    3]
 [   0 1002    0   90]
 [   0    0 1209    0]
 [   0   33    0 1191]]
2024-11-08 06:10:03 | INFO | train | The best f1_macro util now is 0.6785, at step 21
2024-11-08 06:10:03 | INFO | train | The best f1_micro util now is 0.8505, at step 21
2024-11-08 06:10:47 | INFO | train | ----------------------------------------------------------------------------------
2024-11-08 06:10:47 | INFO | train | Time of iter training 44.51 s
2024-11-08 06:10:47 | INFO | train | On iter step 22:, global step 5633 Loss-step [0.6722 0.6722 0.0000]
2024-11-08 06:11:24 | INFO | train | In dataset train: Loss is [0.6396 0.6396 0.0000]
2024-11-08 06:11:24 | INFO | train | task-0		Acc is 0.8478, F1 is 0.8478
2024-11-08 06:11:24 | INFO | train | task-0		F1-macro is 0.6769, F1-micro is 0.8478
2024-11-08 06:11:24 | INFO | train | task-0		Pre is 0.8478, Rec is 0.8478
2024-11-08 06:11:24 | INFO | train | task-0		C_M is 
[[   0    6  446    0]
 [   0  997    0  155]
 [   0    0 1229    0]
 [   0    2    0 1165]]
2024-11-08 06:12:01 | INFO | train | In dataset valid: Loss is [0.6275 0.6275 0.0000]
2024-11-08 06:12:01 | INFO | train | task-0		Acc is 0.8532, F1 is 0.8532
2024-11-08 06:12:01 | INFO | train | task-0		F1-macro is 0.6804, F1-micro is 0.8532
2024-11-08 06:12:01 | INFO | train | task-0		Pre is 0.8532, Rec is 0.8532
2024-11-08 06:12:01 | INFO | train | task-0		C_M is 
[[   0    6  436    2]
 [   0  963    0  143]
 [   0    0 1233    0]
 [   0    0    0 1217]]
2024-11-08 06:12:39 | INFO | train | In dataset test: Loss is [0.6413 0.6413 0.0000]
2024-11-08 06:12:39 | INFO | train | task-0		Acc is 0.8430, F1 is 0.8430
2024-11-08 06:12:39 | INFO | train | task-0		F1-macro is 0.6751, F1-micro is 0.8430
2024-11-08 06:12:39 | INFO | train | task-0		Pre is 0.8430, Rec is 0.8430
2024-11-08 06:12:39 | INFO | train | task-0		C_M is 
[[   0    7  465    3]
 [   0  943    0  149]
 [   0    0 1209    0]
 [   0    4    0 1220]]
2024-11-08 06:12:39 | INFO | train | The best f1_macro util now is 0.6785, at step 21
2024-11-08 06:12:39 | INFO | train | The best f1_micro util now is 0.8505, at step 21
2024-11-08 06:13:23 | INFO | train | ----------------------------------------------------------------------------------
2024-11-08 06:13:23 | INFO | train | Time of iter training 44.53 s
2024-11-08 06:13:23 | INFO | train | On iter step 23:, global step 5889 Loss-step [0.8468 0.8468 0.0000]
2024-11-08 06:14:00 | INFO | train | In dataset train: Loss is [2.1701 2.1701 0.0000]
2024-11-08 06:14:00 | INFO | train | task-0		Acc is 0.8137, F1 is 0.8137
2024-11-08 06:14:00 | INFO | train | task-0		F1-macro is 0.6527, F1-micro is 0.8137
2024-11-08 06:14:00 | INFO | train | task-0		Pre is 0.8137, Rec is 0.8137
2024-11-08 06:14:00 | INFO | train | task-0		C_M is 
[[   0    0   10  442]
 [   0  860    0  292]
 [   0    0 1228    1]
 [   0    0    0 1167]]
2024-11-08 06:14:37 | INFO | train | In dataset valid: Loss is [2.1721 2.1721 0.0000]
2024-11-08 06:14:37 | INFO | train | task-0		Acc is 0.8225, F1 is 0.8225
2024-11-08 06:14:37 | INFO | train | task-0		F1-macro is 0.6588, F1-micro is 0.8225
2024-11-08 06:14:37 | INFO | train | task-0		Pre is 0.8225, Rec is 0.8225
2024-11-08 06:14:37 | INFO | train | task-0		C_M is 
[[   0    0   14  430]
 [   0  840    0  266]
 [   0    0 1233    0]
 [   0    0    0 1217]]
2024-11-08 06:15:14 | INFO | train | In dataset test: Loss is [2.2572 2.2572 0.0000]
2024-11-08 06:15:14 | INFO | train | task-0		Acc is 0.8137, F1 is 0.8137
2024-11-08 06:15:14 | INFO | train | task-0		F1-macro is 0.6561, F1-micro is 0.8137
2024-11-08 06:15:14 | INFO | train | task-0		Pre is 0.8137, Rec is 0.8137
2024-11-08 06:15:14 | INFO | train | task-0		C_M is 
[[   0    0    6  469]
 [   0  822    0  270]
 [   0    0 1209    0]
 [   0    0    0 1224]]
2024-11-08 06:15:14 | INFO | train | The best f1_macro util now is 0.6785, at step 21
2024-11-08 06:15:14 | INFO | train | The best f1_micro util now is 0.8505, at step 21
2024-11-08 06:15:59 | INFO | train | ----------------------------------------------------------------------------------
2024-11-08 06:15:59 | INFO | train | Time of iter training 44.18 s
2024-11-08 06:15:59 | INFO | train | On iter step 24:, global step 6145 Loss-step [0.8344 0.8344 0.0000]
2024-11-08 06:16:35 | INFO | train | In dataset train: Loss is [0.6113 0.6113 0.0000]
2024-11-08 06:16:35 | INFO | train | task-0		Acc is 0.8480, F1 is 0.8480
2024-11-08 06:16:35 | INFO | train | task-0		F1-macro is 0.6769, F1-micro is 0.8480
2024-11-08 06:16:35 | INFO | train | task-0		Pre is 0.8480, Rec is 0.8480
2024-11-08 06:16:35 | INFO | train | task-0		C_M is 
[[   0    9  434    9]
 [   0 1002    0  150]
 [   0    0 1229    0]
 [   0    6    0 1161]]
2024-11-08 06:17:13 | INFO | train | In dataset valid: Loss is [0.6283 0.6283 0.0000]
2024-11-08 06:17:13 | INFO | train | task-0		Acc is 0.8530, F1 is 0.8530
2024-11-08 06:17:13 | INFO | train | task-0		F1-macro is 0.6800, F1-micro is 0.8530
2024-11-08 06:17:13 | INFO | train | task-0		Pre is 0.8530, Rec is 0.8530
2024-11-08 06:17:13 | INFO | train | task-0		C_M is 
[[   0    6  425   13]
 [   0  966    0  140]
 [   0    0 1233    0]
 [   0    4    0 1213]]
2024-11-08 06:17:50 | INFO | train | In dataset test: Loss is [0.6122 0.6122 0.0000]
2024-11-08 06:17:50 | INFO | train | task-0		Acc is 0.8462, F1 is 0.8462
2024-11-08 06:17:50 | INFO | train | task-0		F1-macro is 0.6779, F1-micro is 0.8462
2024-11-08 06:17:50 | INFO | train | task-0		Pre is 0.8462, Rec is 0.8462
2024-11-08 06:17:50 | INFO | train | task-0		C_M is 
[[   0    8  459    8]
 [   0  957    0  135]
 [   0    0 1209    0]
 [   0    5    0 1219]]
2024-11-08 06:17:50 | INFO | train | The best f1_macro util now is 0.6785, at step 21
2024-11-08 06:17:50 | INFO | train | The best f1_micro util now is 0.8505, at step 21
2024-11-08 06:18:34 | INFO | train | ----------------------------------------------------------------------------------
2024-11-08 06:18:34 | INFO | train | Time of iter training 44.20 s
2024-11-08 06:18:34 | INFO | train | On iter step 25:, global step 6401 Loss-step [0.6408 0.6408 0.0000]
2024-11-08 06:19:11 | INFO | train | In dataset train: Loss is [0.6011 0.6011 0.0000]
2024-11-08 06:19:11 | INFO | train | task-0		Acc is 0.8495, F1 is 0.8495
2024-11-08 06:19:11 | INFO | train | task-0		F1-macro is 0.6780, F1-micro is 0.8495
2024-11-08 06:19:11 | INFO | train | task-0		Pre is 0.8495, Rec is 0.8495
2024-11-08 06:19:11 | INFO | train | task-0		C_M is 
[[   0   19  433    0]
 [   0 1007    0  145]
 [   0    0 1229    0]
 [   0    5    0 1162]]
2024-11-08 06:19:48 | INFO | train | In dataset valid: Loss is [0.5938 0.5938 0.0000]
2024-11-08 06:19:48 | INFO | train | task-0		Acc is 0.8540, F1 is 0.8540
2024-11-08 06:19:48 | INFO | train | task-0		F1-macro is 0.6805, F1-micro is 0.8540
2024-11-08 06:19:48 | INFO | train | task-0		Pre is 0.8540, Rec is 0.8540
2024-11-08 06:19:48 | INFO | train | task-0		C_M is 
[[   0   22  421    1]
 [   0  969    0  137]
 [   0    0 1233    0]
 [   0    3    0 1214]]
2024-11-08 06:20:25 | INFO | train | In dataset test: Loss is [0.5986 0.5986 0.0000]
2024-11-08 06:20:25 | INFO | train | task-0		Acc is 0.8462, F1 is 0.8462
2024-11-08 06:20:25 | INFO | train | task-0		F1-macro is 0.6775, F1-micro is 0.8462
2024-11-08 06:20:25 | INFO | train | task-0		Pre is 0.8462, Rec is 0.8462
2024-11-08 06:20:25 | INFO | train | task-0		C_M is 
[[   0   20  452    3]
 [   0  958    0  134]
 [   0    0 1209    0]
 [   0    6    0 1218]]
2024-11-08 06:20:25 | INFO | train | The best f1_macro util now is 0.6785, at step 21
2024-11-08 06:20:25 | INFO | train | The best f1_micro util now is 0.8505, at step 21
2024-11-08 06:21:09 | INFO | train | ----------------------------------------------------------------------------------
2024-11-08 06:21:09 | INFO | train | Time of iter training 44.00 s
2024-11-08 06:21:09 | INFO | train | On iter step 26:, global step 6657 Loss-step [0.5821 0.5821 0.0000]
2024-11-08 06:21:45 | INFO | train | In dataset train: Loss is [0.5966 0.5966 0.0000]
2024-11-08 06:21:45 | INFO | train | task-0		Acc is 0.8500, F1 is 0.8500
2024-11-08 06:21:45 | INFO | train | task-0		F1-macro is 0.6770, F1-micro is 0.8500
2024-11-08 06:21:45 | INFO | train | task-0		Pre is 0.8500, Rec is 0.8500
2024-11-08 06:21:45 | INFO | train | task-0		C_M is 
[[   0   73  379    0]
 [   0 1009    0  143]
 [   0    0 1229    0]
 [   0    5    0 1162]]
2024-11-08 06:22:22 | INFO | train | In dataset valid: Loss is [0.5868 0.5868 0.0000]
2024-11-08 06:22:22 | INFO | train | task-0		Acc is 0.8545, F1 is 0.8545
2024-11-08 06:22:22 | INFO | train | task-0		F1-macro is 0.6793, F1-micro is 0.8545
2024-11-08 06:22:22 | INFO | train | task-0		Pre is 0.8545, Rec is 0.8545
2024-11-08 06:22:22 | INFO | train | task-0		C_M is 
[[   0   75  367    2]
 [   0  970    0  136]
 [   0    0 1233    0]
 [   0    2    0 1215]]
2024-11-08 06:22:59 | INFO | train | In dataset test: Loss is [0.5920 0.5920 0.0000]
2024-11-08 06:23:00 | INFO | train | task-0		Acc is 0.8468, F1 is 0.8468
2024-11-08 06:23:00 | INFO | train | task-0		F1-macro is 0.6760, F1-micro is 0.8468
2024-11-08 06:23:00 | INFO | train | task-0		Pre is 0.8468, Rec is 0.8468
2024-11-08 06:23:00 | INFO | train | task-0		C_M is 
[[   0   78  394    3]
 [   0  960    0  132]
 [   0    0 1209    0]
 [   0    6    0 1218]]
2024-11-08 06:23:00 | INFO | train | The best f1_macro util now is 0.6785, at step 21
2024-11-08 06:23:00 | INFO | train | The best f1_micro util now is 0.8505, at step 21
2024-11-08 06:23:43 | INFO | train | ----------------------------------------------------------------------------------
2024-11-08 06:23:43 | INFO | train | Time of iter training 43.91 s
2024-11-08 06:23:43 | INFO | train | On iter step 27:, global step 6913 Loss-step [0.6005 0.6005 0.0000]
2024-11-08 06:24:20 | INFO | train | In dataset train: Loss is [0.6185 0.6185 0.0000]
2024-11-08 06:24:20 | INFO | train | task-0		Acc is 0.8512, F1 is 0.8512
2024-11-08 06:24:20 | INFO | train | task-0		F1-macro is 0.6766, F1-micro is 0.8512
2024-11-08 06:24:20 | INFO | train | task-0		Pre is 0.8512, Rec is 0.8512
2024-11-08 06:24:20 | INFO | train | task-0		C_M is 
[[   0  186  266    0]
 [   0 1036    0  116]
 [   0    0 1229    0]
 [   0   27    0 1140]]
2024-11-08 06:24:57 | INFO | train | In dataset valid: Loss is [0.6284 0.6284 0.0000]
2024-11-08 06:24:57 | INFO | train | task-0		Acc is 0.8550, F1 is 0.8550
2024-11-08 06:24:57 | INFO | train | task-0		F1-macro is 0.6781, F1-micro is 0.8550
2024-11-08 06:24:57 | INFO | train | task-0		Pre is 0.8550, Rec is 0.8550
2024-11-08 06:24:57 | INFO | train | task-0		C_M is 
[[   0  180  264    0]
 [   0  995    0  111]
 [   0    0 1233    0]
 [   0   25    0 1192]]
2024-11-08 06:25:34 | INFO | train | In dataset test: Loss is [0.6335 0.6335 0.0000]
2024-11-08 06:25:34 | INFO | train | task-0		Acc is 0.8470, F1 is 0.8470
2024-11-08 06:25:34 | INFO | train | task-0		F1-macro is 0.6742, F1-micro is 0.8470
2024-11-08 06:25:34 | INFO | train | task-0		Pre is 0.8470, Rec is 0.8470
2024-11-08 06:25:34 | INFO | train | task-0		C_M is 
[[   0  217  258    0]
 [   0  981    0  111]
 [   0    0 1209    0]
 [   0   26    0 1198]]
2024-11-08 06:25:34 | INFO | train | The best f1_macro util now is 0.6785, at step 21
2024-11-08 06:25:34 | INFO | train | The best f1_micro util now is 0.8505, at step 21
2024-11-08 06:26:18 | INFO | train | ----------------------------------------------------------------------------------
2024-11-08 06:26:18 | INFO | train | Time of iter training 43.94 s
2024-11-08 06:26:18 | INFO | train | On iter step 28:, global step 7169 Loss-step [0.6334 0.6334 0.0000]
2024-11-08 06:26:55 | INFO | train | In dataset train: Loss is [0.5871 0.5871 0.0000]
2024-11-08 06:26:55 | INFO | train | task-0		Acc is 0.8512, F1 is 0.8512
2024-11-08 06:26:55 | INFO | train | task-0		F1-macro is 0.6762, F1-micro is 0.8512
2024-11-08 06:26:55 | INFO | train | task-0		Pre is 0.8512, Rec is 0.8512
2024-11-08 06:26:55 | INFO | train | task-0		C_M is 
[[   0  189  263    0]
 [   0 1014    0  138]
 [   0    0 1229    0]
 [   0    5    0 1162]]
2024-11-08 06:27:32 | INFO | train | In dataset valid: Loss is [0.5871 0.5871 0.0000]
2024-11-08 06:27:32 | INFO | train | task-0		Acc is 0.8555, F1 is 0.8555
2024-11-08 06:27:32 | INFO | train | task-0		F1-macro is 0.6781, F1-micro is 0.8555
2024-11-08 06:27:32 | INFO | train | task-0		Pre is 0.8555, Rec is 0.8555
2024-11-08 06:27:32 | INFO | train | task-0		C_M is 
[[   0  176  268    0]
 [   0  976    0  130]
 [   0    0 1233    0]
 [   0    4    0 1213]]
2024-11-08 06:28:09 | INFO | train | In dataset test: Loss is [0.5923 0.5923 0.0000]
2024-11-08 06:28:09 | INFO | train | task-0		Acc is 0.8475, F1 is 0.8475
2024-11-08 06:28:09 | INFO | train | task-0		F1-macro is 0.6742, F1-micro is 0.8475
2024-11-08 06:28:09 | INFO | train | task-0		Pre is 0.8475, Rec is 0.8475
2024-11-08 06:28:09 | INFO | train | task-0		C_M is 
[[   0  215  260    0]
 [   0  964    0  128]
 [   0    0 1209    0]
 [   0    7    0 1217]]
2024-11-08 06:28:09 | INFO | train | The best f1_macro util now is 0.6785, at step 21
2024-11-08 06:28:09 | INFO | train | The best f1_micro util now is 0.8505, at step 21
2024-11-08 06:28:54 | INFO | train | ----------------------------------------------------------------------------------
2024-11-08 06:28:54 | INFO | train | Time of iter training 44.40 s
2024-11-08 06:28:54 | INFO | train | On iter step 29:, global step 7425 Loss-step [0.5681 0.5681 0.0000]
2024-11-08 06:29:30 | INFO | train | In dataset train: Loss is [0.5803 0.5803 0.0000]
2024-11-08 06:29:30 | INFO | train | task-0		Acc is 0.8535, F1 is 0.8535
2024-11-08 06:29:30 | INFO | train | task-0		F1-macro is 0.6822, F1-micro is 0.8535
2024-11-08 06:29:30 | INFO | train | task-0		Pre is 0.8535, Rec is 0.8535
2024-11-08 06:29:30 | INFO | train | task-0		C_M is 
[[   0    0  452    0]
 [   0 1025    0  127]
 [   0    0 1229    0]
 [   0    7    0 1160]]
2024-11-08 06:30:07 | INFO | train | In dataset valid: Loss is [0.5869 0.5869 0.0000]
2024-11-08 06:30:07 | INFO | train | task-0		Acc is 0.8572, F1 is 0.8572
2024-11-08 06:30:07 | INFO | train | task-0		F1-macro is 0.6843, F1-micro is 0.8572
2024-11-08 06:30:07 | INFO | train | task-0		Pre is 0.8572, Rec is 0.8572
2024-11-08 06:30:07 | INFO | train | task-0		C_M is 
[[   0    0  444    0]
 [   0  987    0  119]
 [   0    0 1233    0]
 [   0    8    0 1209]]
2024-11-08 06:30:44 | INFO | train | In dataset test: Loss is [0.5904 0.5904 0.0000]
2024-11-08 06:30:44 | INFO | train | task-0		Acc is 0.8492, F1 is 0.8492
2024-11-08 06:30:44 | INFO | train | task-0		F1-macro is 0.6810, F1-micro is 0.8492
2024-11-08 06:30:44 | INFO | train | task-0		Pre is 0.8492, Rec is 0.8492
2024-11-08 06:30:44 | INFO | train | task-0		C_M is 
[[   0    0  475    0]
 [   0  975    0  117]
 [   0    0 1209    0]
 [   0   11    0 1213]]
2024-11-08 06:30:44 | INFO | train | The best f1_macro util now is 0.6810, at step 29
2024-11-08 06:30:44 | INFO | train | The best f1_micro util now is 0.8505, at step 21
2024-11-08 06:31:28 | INFO | train | ----------------------------------------------------------------------------------
2024-11-08 06:31:28 | INFO | train | Time of iter training 44.07 s
2024-11-08 06:31:28 | INFO | train | On iter step 30:, global step 7681 Loss-step [0.5733 0.5733 0.0000]
2024-11-08 06:32:05 | INFO | train | In dataset train: Loss is [0.5854 0.5854 0.0000]
2024-11-08 06:32:05 | INFO | train | task-0		Acc is 0.8552, F1 is 0.8552
2024-11-08 06:32:05 | INFO | train | task-0		F1-macro is 0.6796, F1-micro is 0.8552
2024-11-08 06:32:05 | INFO | train | task-0		Pre is 0.8552, Rec is 0.8552
2024-11-08 06:32:05 | INFO | train | task-0		C_M is 
[[   0  269  183    0]
 [   0 1037    0  115]
 [   0    0 1229    0]
 [   0   12    0 1155]]
2024-11-08 06:32:42 | INFO | train | In dataset valid: Loss is [0.5872 0.5872 0.0000]
2024-11-08 06:32:42 | INFO | train | task-0		Acc is 0.8595, F1 is 0.8595
2024-11-08 06:32:42 | INFO | train | task-0		F1-macro is 0.6813, F1-micro is 0.8595
2024-11-08 06:32:42 | INFO | train | task-0		Pre is 0.8595, Rec is 0.8595
2024-11-08 06:32:42 | INFO | train | task-0		C_M is 
[[   0  259  183    2]
 [   0 1004    0  102]
 [   0    0 1233    0]
 [   0   16    0 1201]]
2024-11-08 06:33:19 | INFO | train | In dataset test: Loss is [0.5944 0.5944 0.0000]
2024-11-08 06:33:19 | INFO | train | task-0		Acc is 0.8500, F1 is 0.8500
2024-11-08 06:33:19 | INFO | train | task-0		F1-macro is 0.6764, F1-micro is 0.8500
2024-11-08 06:33:19 | INFO | train | task-0		Pre is 0.8500, Rec is 0.8500
2024-11-08 06:33:19 | INFO | train | task-0		C_M is 
[[   0  303  170    2]
 [   0  983    0  109]
 [   0    0 1209    0]
 [   0   16    0 1208]]
2024-11-08 06:33:19 | INFO | train | The best f1_macro util now is 0.6810, at step 29
2024-11-08 06:33:20 | INFO | train | The best f1_micro util now is 0.8500, at step 30
2024-11-08 06:34:03 | INFO | train | ----------------------------------------------------------------------------------
2024-11-08 06:34:03 | INFO | train | Time of iter training 43.70 s
2024-11-08 06:34:03 | INFO | train | On iter step 31:, global step 7937 Loss-step [0.5941 0.5941 0.0000]
2024-11-08 06:34:40 | INFO | train | In dataset train: Loss is [0.5874 0.5874 0.0000]
2024-11-08 06:34:40 | INFO | train | task-0		Acc is 0.8093, F1 is 0.8093
2024-11-08 06:34:40 | INFO | train | task-0		F1-macro is 0.6429, F1-micro is 0.8093
2024-11-08 06:34:40 | INFO | train | task-0		Pre is 0.8093, Rec is 0.8093
2024-11-08 06:34:40 | INFO | train | task-0		C_M is 
[[   0  197  254    1]
 [   0 1149    0    3]
 [   0    0 1229    0]
 [   0  308    0  859]]
2024-11-08 06:35:17 | INFO | train | In dataset valid: Loss is [0.5919 0.5919 0.0000]
2024-11-08 06:35:17 | INFO | train | task-0		Acc is 0.8037, F1 is 0.8037
2024-11-08 06:35:17 | INFO | train | task-0		F1-macro is 0.6375, F1-micro is 0.8037
2024-11-08 06:35:17 | INFO | train | task-0		Pre is 0.8037, Rec is 0.8037
2024-11-08 06:35:17 | INFO | train | task-0		C_M is 
[[   0  188  253    3]
 [   0 1099    0    7]
 [   0    0 1233    0]
 [   0  334    0  883]]
2024-11-08 06:35:54 | INFO | train | In dataset test: Loss is [0.6176 0.6176 0.0000]
2024-11-08 06:35:54 | INFO | train | task-0		Acc is 0.7970, F1 is 0.7970
2024-11-08 06:35:54 | INFO | train | task-0		F1-macro is 0.6355, F1-micro is 0.7970
2024-11-08 06:35:54 | INFO | train | task-0		Pre is 0.7970, Rec is 0.7970
2024-11-08 06:35:54 | INFO | train | task-0		C_M is 
[[   0  229  243    3]
 [   0 1089    0    3]
 [   0    0 1209    0]
 [   0  334    0  890]]
2024-11-08 06:35:54 | INFO | train | The best f1_macro util now is 0.6810, at step 29
2024-11-08 06:35:54 | INFO | train | The best f1_micro util now is 0.8500, at step 30
2024-11-08 06:36:38 | INFO | train | ----------------------------------------------------------------------------------
2024-11-08 06:36:38 | INFO | train | Time of iter training 44.19 s
2024-11-08 06:36:38 | INFO | train | On iter step 32:, global step 8193 Loss-step [0.5536 0.5536 0.0000]
2024-11-08 06:37:15 | INFO | train | In dataset train: Loss is [0.5685 0.5685 0.0000]
2024-11-08 06:37:15 | INFO | train | task-0		Acc is 0.8568, F1 is 0.8568
2024-11-08 06:37:15 | INFO | train | task-0		F1-macro is 0.6848, F1-micro is 0.8568
2024-11-08 06:37:15 | INFO | train | task-0		Pre is 0.8568, Rec is 0.8568
2024-11-08 06:37:15 | INFO | train | task-0		C_M is 
[[   0    6  446    0]
 [   0 1041    0  111]
 [   0    0 1229    0]
 [   0   10    0 1157]]
2024-11-08 06:37:52 | INFO | train | In dataset valid: Loss is [0.5699 0.5699 0.0000]
2024-11-08 06:37:52 | INFO | train | task-0		Acc is 0.8560, F1 is 0.8560
2024-11-08 06:37:52 | INFO | train | task-0		F1-macro is 0.6829, F1-micro is 0.8560
2024-11-08 06:37:52 | INFO | train | task-0		Pre is 0.8560, Rec is 0.8560
2024-11-08 06:37:52 | INFO | train | task-0		C_M is 
[[   0   10  434    0]
 [   0  999    0  107]
 [   0    0 1233    0]
 [   0   25    0 1192]]
2024-11-08 06:38:29 | INFO | train | In dataset test: Loss is [0.5797 0.5797 0.0000]
2024-11-08 06:38:29 | INFO | train | task-0		Acc is 0.8482, F1 is 0.8482
2024-11-08 06:38:29 | INFO | train | task-0		F1-macro is 0.6796, F1-micro is 0.8482
2024-11-08 06:38:29 | INFO | train | task-0		Pre is 0.8482, Rec is 0.8482
2024-11-08 06:38:29 | INFO | train | task-0		C_M is 
[[   0   14  460    1]
 [   0  981    0  111]
 [   0    0 1209    0]
 [   0   21    0 1203]]
2024-11-08 06:38:29 | INFO | train | The best f1_macro util now is 0.6810, at step 29
2024-11-08 06:38:29 | INFO | train | The best f1_micro util now is 0.8500, at step 30
2024-11-08 06:39:13 | INFO | train | ----------------------------------------------------------------------------------
2024-11-08 06:39:13 | INFO | train | Time of iter training 44.03 s
2024-11-08 06:39:13 | INFO | train | On iter step 33:, global step 8449 Loss-step [0.5493 0.5493 0.0000]
2024-11-08 06:39:50 | INFO | train | In dataset train: Loss is [0.5714 0.5714 0.0000]
2024-11-08 06:39:50 | INFO | train | task-0		Acc is 0.8545, F1 is 0.8545
2024-11-08 06:39:50 | INFO | train | task-0		F1-macro is 0.6827, F1-micro is 0.8545
2024-11-08 06:39:50 | INFO | train | task-0		Pre is 0.8545, Rec is 0.8545
2024-11-08 06:39:50 | INFO | train | task-0		C_M is 
[[   0    0  435   17]
 [   0 1027    0  125]
 [   0    0 1229    0]
 [   0    5    0 1162]]
2024-11-08 06:40:27 | INFO | train | In dataset valid: Loss is [0.5686 0.5686 0.0000]
2024-11-08 06:40:27 | INFO | train | task-0		Acc is 0.8585, F1 is 0.8585
2024-11-08 06:40:27 | INFO | train | task-0		F1-macro is 0.6849, F1-micro is 0.8585
2024-11-08 06:40:27 | INFO | train | task-0		Pre is 0.8585, Rec is 0.8585
2024-11-08 06:40:27 | INFO | train | task-0		C_M is 
[[   0    3  423   18]
 [   0  992    0  114]
 [   0    0 1233    0]
 [   0    8    0 1209]]
2024-11-08 06:41:04 | INFO | train | In dataset test: Loss is [0.5777 0.5777 0.0000]
2024-11-08 06:41:04 | INFO | train | task-0		Acc is 0.8490, F1 is 0.8490
2024-11-08 06:41:04 | INFO | train | task-0		F1-macro is 0.6800, F1-micro is 0.8490
2024-11-08 06:41:04 | INFO | train | task-0		Pre is 0.8490, Rec is 0.8490
2024-11-08 06:41:04 | INFO | train | task-0		C_M is 
[[   0    7  441   27]
 [   0  974    0  118]
 [   0    0 1209    0]
 [   0   11    0 1213]]
2024-11-08 06:41:04 | INFO | train | The best f1_macro util now is 0.6800, at step 33
2024-11-08 06:41:04 | INFO | train | The best f1_micro util now is 0.8500, at step 30
2024-11-08 06:41:48 | INFO | train | ----------------------------------------------------------------------------------
2024-11-08 06:41:48 | INFO | train | Time of iter training 43.85 s
2024-11-08 06:41:48 | INFO | train | On iter step 34:, global step 8705 Loss-step [0.5936 0.5936 0.0000]
2024-11-08 06:42:25 | INFO | train | In dataset train: Loss is [0.5791 0.5791 0.0000]
2024-11-08 06:42:25 | INFO | train | task-0		Acc is 0.8575, F1 is 0.8575
2024-11-08 06:42:25 | INFO | train | task-0		F1-macro is 0.6837, F1-micro is 0.8575
2024-11-08 06:42:25 | INFO | train | task-0		Pre is 0.8575, Rec is 0.8575
2024-11-08 06:42:25 | INFO | train | task-0		C_M is 
[[   0    0  343  109]
 [   0 1049    0  103]
 [   0    0 1229    0]
 [   0   15    0 1152]]
2024-11-08 06:43:02 | INFO | train | In dataset valid: Loss is [0.5798 0.5798 0.0000]
2024-11-08 06:43:02 | INFO | train | task-0		Acc is 0.8572, F1 is 0.8572
2024-11-08 06:43:02 | INFO | train | task-0		F1-macro is 0.6826, F1-micro is 0.8572
2024-11-08 06:43:02 | INFO | train | task-0		Pre is 0.8572, Rec is 0.8572
2024-11-08 06:43:02 | INFO | train | task-0		C_M is 
[[   0    2  321  121]
 [   0 1005    0  101]
 [   0    0 1233    0]
 [   0   26    0 1191]]
2024-11-08 06:43:39 | INFO | train | In dataset test: Loss is [0.5849 0.5849 0.0000]
2024-11-08 06:43:39 | INFO | train | task-0		Acc is 0.8508, F1 is 0.8508
2024-11-08 06:43:39 | INFO | train | task-0		F1-macro is 0.6804, F1-micro is 0.8508
2024-11-08 06:43:39 | INFO | train | task-0		Pre is 0.8508, Rec is 0.8508
2024-11-08 06:43:39 | INFO | train | task-0		C_M is 
[[   0    6  333  136]
 [   0  993    0   99]
 [   0    0 1209    0]
 [   0   23    0 1201]]
2024-11-08 06:43:39 | INFO | train | The best f1_macro util now is 0.6800, at step 33
2024-11-08 06:43:39 | INFO | train | The best f1_micro util now is 0.8500, at step 30
2024-11-08 06:44:23 | INFO | train | ----------------------------------------------------------------------------------
2024-11-08 06:44:23 | INFO | train | Time of iter training 43.85 s
2024-11-08 06:44:23 | INFO | train | On iter step 35:, global step 8961 Loss-step [0.5634 0.5634 0.0000]
2024-11-08 06:45:00 | INFO | train | In dataset train: Loss is [0.5522 0.5522 0.0000]
2024-11-08 06:45:00 | INFO | train | task-0		Acc is 0.8570, F1 is 0.8570
2024-11-08 06:45:00 | INFO | train | task-0		F1-macro is 0.6815, F1-micro is 0.8570
2024-11-08 06:45:00 | INFO | train | task-0		Pre is 0.8570, Rec is 0.8570
2024-11-08 06:45:00 | INFO | train | task-0		C_M is 
[[   0  297  155    0]
 [   0 1057    0   95]
 [   0    0 1229    0]
 [   0   25    0 1142]]
2024-11-08 06:45:37 | INFO | train | In dataset valid: Loss is [0.5607 0.5607 0.0000]
2024-11-08 06:45:37 | INFO | train | task-0		Acc is 0.8592, F1 is 0.8592
2024-11-08 06:45:37 | INFO | train | task-0		F1-macro is 0.6816, F1-micro is 0.8592
2024-11-08 06:45:37 | INFO | train | task-0		Pre is 0.8592, Rec is 0.8592
2024-11-08 06:45:37 | INFO | train | task-0		C_M is 
[[   0  288  155    1]
 [   0 1019    0   87]
 [   0    0 1233    0]
 [   0   32    0 1185]]
2024-11-08 06:46:14 | INFO | train | In dataset test: Loss is [0.5676 0.5676 0.0000]
2024-11-08 06:46:14 | INFO | train | task-0		Acc is 0.8502, F1 is 0.8502
2024-11-08 06:46:14 | INFO | train | task-0		F1-macro is 0.6772, F1-micro is 0.8502
2024-11-08 06:46:14 | INFO | train | task-0		Pre is 0.8502, Rec is 0.8502
2024-11-08 06:46:14 | INFO | train | task-0		C_M is 
[[   0  331  144    0]
 [   0  998    0   94]
 [   0    0 1209    0]
 [   0   30    0 1194]]
2024-11-08 06:46:14 | INFO | train | The best f1_macro util now is 0.6800, at step 33
2024-11-08 06:46:14 | INFO | train | The best f1_micro util now is 0.8500, at step 30
2024-11-08 06:46:54 | INFO | deepnet.data.dataset_text | Read next training chunk, data size is 6666
2024-11-08 06:47:00 | INFO | train | ----------------------------------------------------------------------------------
2024-11-08 06:47:00 | INFO | train | Time of iter training 45.73 s
2024-11-08 06:47:00 | INFO | train | On iter step 36:, global step 9217 Loss-step [0.6278 0.6278 0.0000]
2024-11-08 06:47:36 | INFO | train | In dataset train: Loss is [0.5612 0.5612 0.0000]
2024-11-08 06:47:36 | INFO | train | task-0		Acc is 0.8590, F1 is 0.8590
2024-11-08 06:47:36 | INFO | train | task-0		F1-macro is 0.6870, F1-micro is 0.8590
2024-11-08 06:47:36 | INFO | train | task-0		Pre is 0.8590, Rec is 0.8590
2024-11-08 06:47:36 | INFO | train | task-0		C_M is 
[[   0    0  452    0]
 [   0 1056    0   96]
 [   0    0 1229    0]
 [   0   16    0 1151]]
2024-11-08 06:48:13 | INFO | train | In dataset valid: Loss is [0.5774 0.5774 0.0000]
2024-11-08 06:48:13 | INFO | train | task-0		Acc is 0.8618, F1 is 0.8618
2024-11-08 06:48:13 | INFO | train | task-0		F1-macro is 0.6883, F1-micro is 0.8618
2024-11-08 06:48:13 | INFO | train | task-0		Pre is 0.8618, Rec is 0.8618
2024-11-08 06:48:13 | INFO | train | task-0		C_M is 
[[   0    0  444    0]
 [   0 1022    0   84]
 [   0    0 1233    0]
 [   0   25    0 1192]]
2024-11-08 06:48:51 | INFO | train | In dataset test: Loss is [0.5683 0.5683 0.0000]
2024-11-08 06:48:51 | INFO | train | task-0		Acc is 0.8522, F1 is 0.8522
2024-11-08 06:48:51 | INFO | train | task-0		F1-macro is 0.6836, F1-micro is 0.8522
2024-11-08 06:48:51 | INFO | train | task-0		Pre is 0.8522, Rec is 0.8522
2024-11-08 06:48:51 | INFO | train | task-0		C_M is 
[[   0    2  473    0]
 [   0  998    0   94]
 [   0    0 1209    0]
 [   0   22    0 1202]]
2024-11-08 06:48:51 | INFO | train | The best f1_macro util now is 0.6836, at step 36
2024-11-08 06:48:51 | INFO | train | The best f1_micro util now is 0.8522, at step 36
2024-11-08 06:49:35 | INFO | train | ----------------------------------------------------------------------------------
2024-11-08 06:49:35 | INFO | train | Time of iter training 44.01 s
2024-11-08 06:49:35 | INFO | train | On iter step 37:, global step 9473 Loss-step [0.5618 0.5618 0.0000]
2024-11-08 06:50:11 | INFO | train | In dataset train: Loss is [0.5394 0.5394 0.0000]
2024-11-08 06:50:11 | INFO | train | task-0		Acc is 0.8570, F1 is 0.8570
2024-11-08 06:50:11 | INFO | train | task-0		F1-macro is 0.6837, F1-micro is 0.8570
2024-11-08 06:50:11 | INFO | train | task-0		Pre is 0.8570, Rec is 0.8570
2024-11-08 06:50:11 | INFO | train | task-0		C_M is 
[[   0  366   86    0]
 [   0 1116    0   36]
 [   0    0 1229    0]
 [   0   84    0 1083]]
2024-11-08 06:50:48 | INFO | train | In dataset valid: Loss is [0.5436 0.5436 0.0000]
2024-11-08 06:50:48 | INFO | train | task-0		Acc is 0.8578, F1 is 0.8578
2024-11-08 06:50:48 | INFO | train | task-0		F1-macro is 0.6823, F1-micro is 0.8578
2024-11-08 06:50:48 | INFO | train | task-0		Pre is 0.8578, Rec is 0.8578
2024-11-08 06:50:48 | INFO | train | task-0		C_M is 
[[   0  352   92    0]
 [   0 1071    0   35]
 [   0    0 1233    0]
 [   0   90    0 1127]]
2024-11-08 06:51:25 | INFO | train | In dataset test: Loss is [0.5522 0.5522 0.0000]
2024-11-08 06:51:25 | INFO | train | task-0		Acc is 0.8558, F1 is 0.8558
2024-11-08 06:51:25 | INFO | train | task-0		F1-macro is 0.6843, F1-micro is 0.8558
2024-11-08 06:51:25 | INFO | train | task-0		Pre is 0.8558, Rec is 0.8558
2024-11-08 06:51:25 | INFO | train | task-0		C_M is 
[[   0  400   75    0]
 [   0 1071    0   21]
 [   0    0 1209    0]
 [   0   81    0 1143]]
2024-11-08 06:51:25 | INFO | train | The best f1_macro util now is 0.6836, at step 36
2024-11-08 06:51:25 | INFO | train | The best f1_micro util now is 0.8522, at step 36
2024-11-08 06:52:09 | INFO | train | ----------------------------------------------------------------------------------
2024-11-08 06:52:09 | INFO | train | Time of iter training 44.00 s
2024-11-08 06:52:09 | INFO | train | On iter step 38:, global step 9729 Loss-step [0.7496 0.7496 0.0000]
2024-11-08 06:52:46 | INFO | train | In dataset train: Loss is [0.7099 0.7099 0.0000]
2024-11-08 06:52:46 | INFO | train | task-0		Acc is 0.8485, F1 is 0.8485
2024-11-08 06:52:46 | INFO | train | task-0		F1-macro is 0.6759, F1-micro is 0.8485
2024-11-08 06:52:46 | INFO | train | task-0		Pre is 0.8485, Rec is 0.8485
2024-11-08 06:52:46 | INFO | train | task-0		C_M is 
[[   0   66  386    0]
 [   0 1012    1  139]
 [   0    0 1229    0]
 [   0   14    0 1153]]
2024-11-08 06:53:23 | INFO | train | In dataset valid: Loss is [0.7082 0.7082 0.0000]
2024-11-08 06:53:23 | INFO | train | task-0		Acc is 0.8532, F1 is 0.8532
2024-11-08 06:53:23 | INFO | train | task-0		F1-macro is 0.6783, F1-micro is 0.8532
2024-11-08 06:53:23 | INFO | train | task-0		Pre is 0.8532, Rec is 0.8532
2024-11-08 06:53:23 | INFO | train | task-0		C_M is 
[[   0   74  370    0]
 [   0  974    0  132]
 [   0    0 1233    0]
 [   0   11    0 1206]]
2024-11-08 06:54:00 | INFO | train | In dataset test: Loss is [0.7139 0.7139 0.0000]
2024-11-08 06:54:00 | INFO | train | task-0		Acc is 0.8455, F1 is 0.8455
2024-11-08 06:54:00 | INFO | train | task-0		F1-macro is 0.6752, F1-micro is 0.8455
2024-11-08 06:54:00 | INFO | train | task-0		Pre is 0.8455, Rec is 0.8455
2024-11-08 06:54:00 | INFO | train | task-0		C_M is 
[[   0   74  401    0]
 [   0  967    0  125]
 [   0    0 1209    0]
 [   0   18    0 1206]]
2024-11-08 06:54:00 | INFO | train | The best f1_macro util now is 0.6836, at step 36
2024-11-08 06:54:00 | INFO | train | The best f1_micro util now is 0.8522, at step 36
2024-11-08 06:54:44 | INFO | train | ----------------------------------------------------------------------------------
2024-11-08 06:54:44 | INFO | train | Time of iter training 43.62 s
2024-11-08 06:54:44 | INFO | train | On iter step 39:, global step 9985 Loss-step [0.7000 0.7000 0.0000]
2024-11-08 06:55:20 | INFO | train | In dataset train: Loss is [0.6990 0.6990 0.0000]
2024-11-08 06:55:20 | INFO | train | task-0		Acc is 0.8448, F1 is 0.8448
2024-11-08 06:55:20 | INFO | train | task-0		F1-macro is 0.6742, F1-micro is 0.8448
2024-11-08 06:55:20 | INFO | train | task-0		Pre is 0.8448, Rec is 0.8448
2024-11-08 06:55:20 | INFO | train | task-0		C_M is 
[[   0    7  444    1]
 [   0  985    0  167]
 [   0    0 1229    0]
 [   0    2    0 1165]]
2024-11-08 06:55:57 | INFO | train | In dataset valid: Loss is [0.7084 0.7084 0.0000]
2024-11-08 06:55:57 | INFO | train | task-0		Acc is 0.8515, F1 is 0.8515
2024-11-08 06:55:57 | INFO | train | task-0		F1-macro is 0.6789, F1-micro is 0.8515
2024-11-08 06:55:57 | INFO | train | task-0		Pre is 0.8515, Rec is 0.8515
2024-11-08 06:55:57 | INFO | train | task-0		C_M is 
[[   0    6  436    2]
 [   0  956    0  150]
 [   0    0 1233    0]
 [   0    0    0 1217]]
2024-11-08 06:56:34 | INFO | train | In dataset test: Loss is [0.7119 0.7119 0.0000]
2024-11-08 06:56:34 | INFO | train | task-0		Acc is 0.8440, F1 is 0.8440
2024-11-08 06:56:34 | INFO | train | task-0		F1-macro is 0.6760, F1-micro is 0.8440
2024-11-08 06:56:34 | INFO | train | task-0		Pre is 0.8440, Rec is 0.8440
2024-11-08 06:56:34 | INFO | train | task-0		C_M is 
[[   0    6  467    2]
 [   0  945    0  147]
 [   0    0 1209    0]
 [   0    2    0 1222]]
2024-11-08 06:56:34 | INFO | train | The best f1_macro util now is 0.6836, at step 36
2024-11-08 06:56:34 | INFO | train | The best f1_micro util now is 0.8522, at step 36
2024-11-08 06:56:40 | INFO | deepnet.data.dataset_text | The count of reading file ./data/tinghua/train.txt is 2.
2024-11-08 06:56:42 | INFO | deepnet.data.dataset_text | Read next training chunk, data size is 73466
2024-11-08 06:57:21 | INFO | train | ----------------------------------------------------------------------------------
2024-11-08 06:57:21 | INFO | train | Time of iter training 46.38 s
2024-11-08 06:57:21 | INFO | train | On iter step 40:, global step 10241 Loss-step [0.6933 0.6933 0.0000]
2024-11-08 06:57:58 | INFO | train | In dataset train: Loss is [0.7043 0.7043 0.0000]
2024-11-08 06:57:58 | INFO | train | task-0		Acc is 0.8495, F1 is 0.8495
2024-11-08 06:57:58 | INFO | train | task-0		F1-macro is 0.6783, F1-micro is 0.8495
2024-11-08 06:57:58 | INFO | train | task-0		Pre is 0.8495, Rec is 0.8495
2024-11-08 06:57:58 | INFO | train | task-0		C_M is 
[[   0    0  436   16]
 [   0 1006    0  146]
 [   0    0 1229    0]
 [   0    4    0 1163]]
2024-11-08 06:58:35 | INFO | train | In dataset valid: Loss is [0.7216 0.7216 0.0000]
2024-11-08 06:58:35 | INFO | train | task-0		Acc is 0.8558, F1 is 0.8558
2024-11-08 06:58:35 | INFO | train | task-0		F1-macro is 0.6826, F1-micro is 0.8558
2024-11-08 06:58:35 | INFO | train | task-0		Pre is 0.8558, Rec is 0.8558
2024-11-08 06:58:35 | INFO | train | task-0		C_M is 
[[   0    0  429   15]
 [   0  974    0  132]
 [   0    0 1233    0]
 [   0    1    0 1216]]
2024-11-08 06:59:12 | INFO | train | In dataset test: Loss is [0.7234 0.7234 0.0000]
2024-11-08 06:59:12 | INFO | train | task-0		Acc is 0.8458, F1 is 0.8458
2024-11-08 06:59:12 | INFO | train | task-0		F1-macro is 0.6776, F1-micro is 0.8458
2024-11-08 06:59:12 | INFO | train | task-0		Pre is 0.8458, Rec is 0.8458
2024-11-08 06:59:12 | INFO | train | task-0		C_M is 
[[   0    0  460   15]
 [   0  957    0  135]
 [   0    0 1209    0]
 [   0    7    0 1217]]
2024-11-08 06:59:12 | INFO | train | The best f1_macro util now is 0.6836, at step 36
2024-11-08 06:59:12 | INFO | train | The best f1_micro util now is 0.8522, at step 36
2024-11-08 06:59:56 | INFO | train | ----------------------------------------------------------------------------------
2024-11-08 06:59:56 | INFO | train | Time of iter training 44.14 s
2024-11-08 06:59:56 | INFO | train | On iter step 41:, global step 10497 Loss-step [0.7189 0.7189 0.0000]
2024-11-08 07:00:33 | INFO | train | In dataset train: Loss is [0.6979 0.6979 0.0000]
2024-11-08 07:00:33 | INFO | train | task-0		Acc is 0.8508, F1 is 0.8508
2024-11-08 07:00:33 | INFO | train | task-0		F1-macro is 0.6795, F1-micro is 0.8508
2024-11-08 07:00:33 | INFO | train | task-0		Pre is 0.8508, Rec is 0.8508
2024-11-08 07:00:33 | INFO | train | task-0		C_M is 
[[   0    6  445    1]
 [   0 1009    0  143]
 [   0    0 1229    0]
 [   0    2    0 1165]]
2024-11-08 07:01:10 | INFO | train | In dataset valid: Loss is [0.7214 0.7214 0.0000]
2024-11-08 07:01:10 | INFO | train | task-0		Acc is 0.8548, F1 is 0.8547
2024-11-08 07:01:10 | INFO | train | task-0		F1-macro is 0.6818, F1-micro is 0.8547
2024-11-08 07:01:10 | INFO | train | task-0		Pre is 0.8548, Rec is 0.8548
2024-11-08 07:01:10 | INFO | train | task-0		C_M is 
[[   0    5  438    1]
 [   0  973    0  133]
 [   0    0 1233    0]
 [   0    4    0 1213]]
2024-11-08 07:01:47 | INFO | train | In dataset test: Loss is [0.7206 0.7206 0.0000]
2024-11-08 07:01:47 | INFO | train | task-0		Acc is 0.8465, F1 is 0.8465
2024-11-08 07:01:47 | INFO | train | task-0		F1-macro is 0.6783, F1-micro is 0.8465
2024-11-08 07:01:47 | INFO | train | task-0		Pre is 0.8465, Rec is 0.8465
2024-11-08 07:01:47 | INFO | train | task-0		C_M is 
[[   0    7  467    1]
 [   0  959    0  133]
 [   0    0 1209    0]
 [   0    6    0 1218]]
2024-11-08 07:01:47 | INFO | train | The best f1_macro util now is 0.6836, at step 36
2024-11-08 07:01:47 | INFO | train | The best f1_micro util now is 0.8522, at step 36
2024-11-08 07:02:31 | INFO | train | ----------------------------------------------------------------------------------
2024-11-08 07:02:31 | INFO | train | Time of iter training 43.79 s
2024-11-08 07:02:31 | INFO | train | On iter step 42:, global step 10753 Loss-step [0.6472 0.6472 0.0000]
2024-11-08 07:03:07 | INFO | train | In dataset train: Loss is [0.6923 0.6923 0.0000]
2024-11-08 07:03:07 | INFO | train | task-0		Acc is 0.8522, F1 is 0.8522
2024-11-08 07:03:07 | INFO | train | task-0		F1-macro is 0.6792, F1-micro is 0.8522
2024-11-08 07:03:07 | INFO | train | task-0		Pre is 0.8522, Rec is 0.8522
2024-11-08 07:03:07 | INFO | train | task-0		C_M is 
[[   0   56  390    6]
 [   0 1016    0  136]
 [   0    0 1229    0]
 [   0    3    0 1164]]
2024-11-08 07:03:44 | INFO | train | In dataset valid: Loss is [0.7288 0.7288 0.0000]
2024-11-08 07:03:44 | INFO | train | task-0		Acc is 0.8552, F1 is 0.8552
2024-11-08 07:03:44 | INFO | train | task-0		F1-macro is 0.6799, F1-micro is 0.8552
2024-11-08 07:03:44 | INFO | train | task-0		Pre is 0.8552, Rec is 0.8552
2024-11-08 07:03:44 | INFO | train | task-0		C_M is 
[[   0   78  362    4]
 [   0  978    0  128]
 [   0    0 1233    0]
 [   0    7    0 1210]]
2024-11-08 07:04:21 | INFO | train | In dataset test: Loss is [0.7305 0.7305 0.0000]
2024-11-08 07:04:21 | INFO | train | task-0		Acc is 0.8470, F1 is 0.8470
2024-11-08 07:04:21 | INFO | train | task-0		F1-macro is 0.6761, F1-micro is 0.8470
2024-11-08 07:04:21 | INFO | train | task-0		Pre is 0.8470, Rec is 0.8470
2024-11-08 07:04:21 | INFO | train | task-0		C_M is 
[[   0   82  386    7]
 [   0  963    0  129]
 [   0    0 1209    0]
 [   0    8    0 1216]]
2024-11-08 07:04:21 | INFO | train | The best f1_macro util now is 0.6836, at step 36
2024-11-08 07:04:21 | INFO | train | The best f1_micro util now is 0.8522, at step 36
2024-11-08 07:05:05 | INFO | train | ----------------------------------------------------------------------------------
2024-11-08 07:05:05 | INFO | train | Time of iter training 44.09 s
2024-11-08 07:05:05 | INFO | train | On iter step 43:, global step 11009 Loss-step [0.7384 0.7384 0.0000]
2024-11-08 07:05:42 | INFO | train | In dataset train: Loss is [0.8423 0.8423 0.0000]
2024-11-08 07:05:42 | INFO | train | task-0		Acc is 0.8440, F1 is 0.8440
2024-11-08 07:05:42 | INFO | train | task-0		F1-macro is 0.6725, F1-micro is 0.8440
2024-11-08 07:05:42 | INFO | train | task-0		Pre is 0.8440, Rec is 0.8440
2024-11-08 07:05:42 | INFO | train | task-0		C_M is 
[[   0    0  363   89]
 [   0  982    0  170]
 [   0    0 1229    0]
 [   0    2    0 1165]]
2024-11-08 07:06:20 | INFO | train | In dataset valid: Loss is [0.8318 0.8318 0.0000]
2024-11-08 07:06:20 | INFO | train | task-0		Acc is 0.8508, F1 is 0.8508
2024-11-08 07:06:20 | INFO | train | task-0		F1-macro is 0.6775, F1-micro is 0.8508
2024-11-08 07:06:20 | INFO | train | task-0		Pre is 0.8508, Rec is 0.8508
2024-11-08 07:06:20 | INFO | train | task-0		C_M is 
[[   0    1  370   73]
 [   0  955    0  151]
 [   0    0 1233    0]
 [   0    2    0 1215]]
2024-11-08 07:06:57 | INFO | train | In dataset test: Loss is [0.8718 0.8718 0.0000]
2024-11-08 07:06:57 | INFO | train | task-0		Acc is 0.8403, F1 is 0.8403
2024-11-08 07:06:57 | INFO | train | task-0		F1-macro is 0.6717, F1-micro is 0.8403
2024-11-08 07:06:57 | INFO | train | task-0		Pre is 0.8403, Rec is 0.8403
2024-11-08 07:06:57 | INFO | train | task-0		C_M is 
[[   0    4  371  100]
 [   0  933    0  159]
 [   0    0 1209    0]
 [   0    5    0 1219]]
2024-11-08 07:06:57 | INFO | train | The best f1_macro util now is 0.6836, at step 36
2024-11-08 07:06:57 | INFO | train | The best f1_micro util now is 0.8522, at step 36
2024-11-08 07:07:41 | INFO | train | ----------------------------------------------------------------------------------
2024-11-08 07:07:41 | INFO | train | Time of iter training 44.17 s
2024-11-08 07:07:41 | INFO | train | On iter step 44:, global step 11265 Loss-step [0.7999 0.7999 0.0000]
2024-11-08 07:08:18 | INFO | train | In dataset train: Loss is [0.6884 0.6884 0.0000]
2024-11-08 07:08:18 | INFO | train | task-0		Acc is 0.8512, F1 is 0.8512
2024-11-08 07:08:18 | INFO | train | task-0		F1-macro is 0.6763, F1-micro is 0.8512
2024-11-08 07:08:18 | INFO | train | task-0		Pre is 0.8512, Rec is 0.8512
2024-11-08 07:08:18 | INFO | train | task-0		C_M is 
[[   0  299   59   94]
 [   0 1016    0  136]
 [   0    0 1229    0]
 [   0    7    0 1160]]
2024-11-08 07:08:55 | INFO | train | In dataset valid: Loss is [0.6912 0.6912 0.0000]
2024-11-08 07:08:55 | INFO | train | task-0		Acc is 0.8565, F1 is 0.8565
2024-11-08 07:08:55 | INFO | train | task-0		F1-macro is 0.6788, F1-micro is 0.8565
2024-11-08 07:08:55 | INFO | train | task-0		Pre is 0.8565, Rec is 0.8565
2024-11-08 07:08:55 | INFO | train | task-0		C_M is 
[[   0  286   65   93]
 [   0  984    0  122]
 [   0    0 1233    0]
 [   0    8    0 1209]]
2024-11-08 07:09:32 | INFO | train | In dataset test: Loss is [0.7086 0.7086 0.0000]
2024-11-08 07:09:32 | INFO | train | task-0		Acc is 0.8465, F1 is 0.8465
2024-11-08 07:09:32 | INFO | train | task-0		F1-macro is 0.6739, F1-micro is 0.8465
2024-11-08 07:09:32 | INFO | train | task-0		Pre is 0.8465, Rec is 0.8465
2024-11-08 07:09:32 | INFO | train | task-0		C_M is 
[[   0  311   59  105]
 [   0  966    0  126]
 [   0    0 1209    0]
 [   0   13    0 1211]]
2024-11-08 07:09:32 | INFO | train | The best f1_macro util now is 0.6836, at step 36
2024-11-08 07:09:32 | INFO | train | The best f1_micro util now is 0.8522, at step 36
2024-11-08 07:10:16 | INFO | train | ----------------------------------------------------------------------------------
2024-11-08 07:10:16 | INFO | train | Time of iter training 43.96 s
2024-11-08 07:10:16 | INFO | train | On iter step 45:, global step 11521 Loss-step [0.6726 0.6726 0.0000]
2024-11-08 07:10:53 | INFO | train | In dataset train: Loss is [0.6402 0.6402 0.0000]
2024-11-08 07:10:53 | INFO | train | task-0		Acc is 0.8560, F1 is 0.8560
2024-11-08 07:10:53 | INFO | train | task-0		F1-macro is 0.6827, F1-micro is 0.8560
2024-11-08 07:10:53 | INFO | train | task-0		Pre is 0.8560, Rec is 0.8560
2024-11-08 07:10:53 | INFO | train | task-0		C_M is 
[[   0    0  369   83]
 [   0 1043    0  109]
 [   0    0 1229    0]
 [   0   15    0 1152]]
2024-11-08 07:11:30 | INFO | train | In dataset valid: Loss is [0.6478 0.6478 0.0000]
2024-11-08 07:11:30 | INFO | train | task-0		Acc is 0.8595, F1 is 0.8595
2024-11-08 07:11:30 | INFO | train | task-0		F1-macro is 0.6848, F1-micro is 0.8595
2024-11-08 07:11:30 | INFO | train | task-0		Pre is 0.8595, Rec is 0.8595
2024-11-08 07:11:30 | INFO | train | task-0		C_M is 
[[   0    2  361   81]
 [   0 1009    0   97]
 [   0    0 1233    0]
 [   0   21    0 1196]]
2024-11-08 07:12:07 | INFO | train | In dataset test: Loss is [0.6465 0.6465 0.0000]
2024-11-08 07:12:07 | INFO | train | task-0		Acc is 0.8492, F1 is 0.8492
2024-11-08 07:12:07 | INFO | train | task-0		F1-macro is 0.6795, F1-micro is 0.8492
2024-11-08 07:12:07 | INFO | train | task-0		Pre is 0.8492, Rec is 0.8492
2024-11-08 07:12:07 | INFO | train | task-0		C_M is 
[[   0    4  382   89]
 [   0  989    0  103]
 [   0    0 1209    0]
 [   0   25    0 1199]]
2024-11-08 07:12:07 | INFO | train | The best f1_macro util now is 0.6836, at step 36
2024-11-08 07:12:07 | INFO | train | The best f1_micro util now is 0.8522, at step 36
2024-11-08 07:12:51 | INFO | train | ----------------------------------------------------------------------------------
2024-11-08 07:12:51 | INFO | train | Time of iter training 43.95 s
2024-11-08 07:12:51 | INFO | train | On iter step 46:, global step 11777 Loss-step [0.6779 0.6779 0.0000]
2024-11-08 07:13:27 | INFO | train | In dataset train: Loss is [0.6244 0.6244 0.0000]
2024-11-08 07:13:27 | INFO | train | task-0		Acc is 0.8505, F1 is 0.8505
2024-11-08 07:13:27 | INFO | train | task-0		F1-macro is 0.6797, F1-micro is 0.8505
2024-11-08 07:13:27 | INFO | train | task-0		Pre is 0.8505, Rec is 0.8505
2024-11-08 07:13:27 | INFO | train | task-0		C_M is 
[[   0    0  452    0]
 [   0 1099    0   53]
 [   0    0 1229    0]
 [   0   93    0 1074]]
2024-11-08 07:14:04 | INFO | train | In dataset valid: Loss is [0.6296 0.6296 0.0000]
2024-11-08 07:14:04 | INFO | train | task-0		Acc is 0.8472, F1 is 0.8472
2024-11-08 07:14:04 | INFO | train | task-0		F1-macro is 0.6758, F1-micro is 0.8472
2024-11-08 07:14:04 | INFO | train | task-0		Pre is 0.8472, Rec is 0.8472
2024-11-08 07:14:04 | INFO | train | task-0		C_M is 
[[   0    2  442    0]
 [   0 1051    0   55]
 [   0    0 1233    0]
 [   0  112    0 1105]]
2024-11-08 07:14:42 | INFO | train | In dataset test: Loss is [0.6449 0.6449 0.0000]
2024-11-08 07:14:42 | INFO | train | task-0		Acc is 0.8415, F1 is 0.8415
2024-11-08 07:14:42 | INFO | train | task-0		F1-macro is 0.6744, F1-micro is 0.8415
2024-11-08 07:14:42 | INFO | train | task-0		Pre is 0.8415, Rec is 0.8415
2024-11-08 07:14:42 | INFO | train | task-0		C_M is 
[[   0    6  469    0]
 [   0 1043    0   49]
 [   0    0 1209    0]
 [   0  110    0 1114]]
2024-11-08 07:14:42 | INFO | train | The best f1_macro util now is 0.6836, at step 36
2024-11-08 07:14:42 | INFO | train | The best f1_micro util now is 0.8522, at step 36
2024-11-08 07:15:26 | INFO | train | ----------------------------------------------------------------------------------
2024-11-08 07:15:26 | INFO | train | Time of iter training 44.06 s
2024-11-08 07:15:26 | INFO | train | On iter step 47:, global step 12033 Loss-step [0.5646 0.5646 0.0000]
2024-11-08 07:16:02 | INFO | train | In dataset train: Loss is [0.5844 0.5844 0.0000]
2024-11-08 07:16:02 | INFO | train | task-0		Acc is 0.8520, F1 is 0.8520
2024-11-08 07:16:02 | INFO | train | task-0		F1-macro is 0.6808, F1-micro is 0.8520
2024-11-08 07:16:02 | INFO | train | task-0		Pre is 0.8520, Rec is 0.8520
2024-11-08 07:16:02 | INFO | train | task-0		C_M is 
[[   0    6  446    0]
 [   0 1117    0   35]
 [   0    0 1229    0]
 [   0  105    0 1062]]
2024-11-08 07:16:40 | INFO | train | In dataset valid: Loss is [0.5926 0.5926 0.0000]
2024-11-08 07:16:40 | INFO | train | task-0		Acc is 0.8520, F1 is 0.8520
2024-11-08 07:16:40 | INFO | train | task-0		F1-macro is 0.6796, F1-micro is 0.8520
2024-11-08 07:16:40 | INFO | train | task-0		Pre is 0.8520, Rec is 0.8520
2024-11-08 07:16:40 | INFO | train | task-0		C_M is 
[[   0   14  430    0]
 [   0 1077    0   29]
 [   0    0 1233    0]
 [   0  119    0 1098]]
2024-11-08 07:17:17 | INFO | train | In dataset test: Loss is [0.6091 0.6091 0.0000]
2024-11-08 07:17:17 | INFO | train | task-0		Acc is 0.8417, F1 is 0.8417
2024-11-08 07:17:17 | INFO | train | task-0		F1-macro is 0.6745, F1-micro is 0.8417
2024-11-08 07:17:17 | INFO | train | task-0		Pre is 0.8417, Rec is 0.8417
2024-11-08 07:17:17 | INFO | train | task-0		C_M is 
[[   0   12  463    0]
 [   0 1061    0   31]
 [   0    0 1209    0]
 [   0  127    0 1097]]
2024-11-08 07:17:17 | INFO | train | The best f1_macro util now is 0.6836, at step 36
2024-11-08 07:17:17 | INFO | train | The best f1_micro util now is 0.8522, at step 36
2024-11-08 07:18:01 | INFO | train | ----------------------------------------------------------------------------------
2024-11-08 07:18:01 | INFO | train | Time of iter training 44.11 s
2024-11-08 07:18:01 | INFO | train | On iter step 48:, global step 12289 Loss-step [0.5574 0.5574 0.0000]
2024-11-08 07:18:38 | INFO | train | In dataset train: Loss is [0.5662 0.5662 0.0000]
2024-11-08 07:18:38 | INFO | train | task-0		Acc is 0.8500, F1 is 0.8500
2024-11-08 07:18:38 | INFO | train | task-0		F1-macro is 0.6791, F1-micro is 0.8500
2024-11-08 07:18:38 | INFO | train | task-0		Pre is 0.8500, Rec is 0.8500
2024-11-08 07:18:38 | INFO | train | task-0		C_M is 
[[   0    0  452    0]
 [   0 1017    0  135]
 [   0    0 1229    0]
 [   0   13    0 1154]]
2024-11-08 07:19:15 | INFO | train | In dataset valid: Loss is [0.5559 0.5559 0.0000]
2024-11-08 07:19:15 | INFO | train | task-0		Acc is 0.8540, F1 is 0.8540
2024-11-08 07:19:15 | INFO | train | task-0		F1-macro is 0.6815, F1-micro is 0.8540
2024-11-08 07:19:15 | INFO | train | task-0		Pre is 0.8540, Rec is 0.8540
2024-11-08 07:19:15 | INFO | train | task-0		C_M is 
[[   0    0  444    0]
 [   0  986    0  120]
 [   0    0 1233    0]
 [   0   20    0 1197]]
2024-11-08 07:19:52 | INFO | train | In dataset test: Loss is [0.5676 0.5676 0.0000]
2024-11-08 07:19:52 | INFO | train | task-0		Acc is 0.8450, F1 is 0.8450
2024-11-08 07:19:52 | INFO | train | task-0		F1-macro is 0.6773, F1-micro is 0.8450
2024-11-08 07:19:52 | INFO | train | task-0		Pre is 0.8450, Rec is 0.8450
2024-11-08 07:19:52 | INFO | train | task-0		C_M is 
[[   0    0  475    0]
 [   0  969    0  123]
 [   0    0 1209    0]
 [   0   22    0 1202]]
2024-11-08 07:19:52 | INFO | train | The best f1_macro util now is 0.6836, at step 36
2024-11-08 07:19:52 | INFO | train | The best f1_micro util now is 0.8522, at step 36
2024-11-08 07:20:36 | INFO | train | ----------------------------------------------------------------------------------
2024-11-08 07:20:36 | INFO | train | Time of iter training 44.24 s
2024-11-08 07:20:36 | INFO | train | On iter step 49:, global step 12545 Loss-step [0.5908 0.5908 0.0000]
2024-11-08 07:21:13 | INFO | train | In dataset train: Loss is [0.6591 0.6591 0.0000]
2024-11-08 07:21:13 | INFO | train | task-0		Acc is 0.8495, F1 is 0.8495
2024-11-08 07:21:13 | INFO | train | task-0		F1-macro is 0.6787, F1-micro is 0.8495
2024-11-08 07:21:13 | INFO | train | task-0		Pre is 0.8495, Rec is 0.8495
2024-11-08 07:21:13 | INFO | train | task-0		C_M is 
[[   0    0  452    0]
 [   0 1007    0  145]
 [   0    0 1229    0]
 [   0    5    0 1162]]
2024-11-08 07:21:50 | INFO | train | In dataset valid: Loss is [0.6498 0.6498 0.0000]
2024-11-08 07:21:50 | INFO | train | task-0		Acc is 0.8550, F1 is 0.8550
2024-11-08 07:21:50 | INFO | train | task-0		F1-macro is 0.6823, F1-micro is 0.8550
2024-11-08 07:21:50 | INFO | train | task-0		Pre is 0.8550, Rec is 0.8550
2024-11-08 07:21:50 | INFO | train | task-0		C_M is 
[[   0    0  444    0]
 [   0  972    0  134]
 [   0    0 1233    0]
 [   0    2    0 1215]]
2024-11-08 07:22:27 | INFO | train | In dataset test: Loss is [0.6666 0.6666 0.0000]
2024-11-08 07:22:27 | INFO | train | task-0		Acc is 0.8475, F1 is 0.8475
2024-11-08 07:22:27 | INFO | train | task-0		F1-macro is 0.6794, F1-micro is 0.8475
2024-11-08 07:22:27 | INFO | train | task-0		Pre is 0.8475, Rec is 0.8475
2024-11-08 07:22:27 | INFO | train | task-0		C_M is 
[[   0    0  475    0]
 [   0  960    0  132]
 [   0    0 1209    0]
 [   0    3    0 1221]]
2024-11-08 07:22:27 | INFO | train | The best f1_macro util now is 0.6836, at step 36
2024-11-08 07:22:27 | INFO | train | The best f1_micro util now is 0.8522, at step 36
2024-11-08 07:23:11 | INFO | train | ----------------------------------------------------------------------------------
2024-11-08 07:23:11 | INFO | train | Time of iter training 43.93 s
2024-11-08 07:23:11 | INFO | train | On iter step 50:, global step 12801 Loss-step [0.6116 0.6116 0.0000]
2024-11-08 07:23:48 | INFO | train | In dataset train: Loss is [0.5835 0.5835 0.0000]
2024-11-08 07:23:48 | INFO | train | task-0		Acc is 0.8452, F1 is 0.8452
2024-11-08 07:23:48 | INFO | train | task-0		F1-macro is 0.6709, F1-micro is 0.8452
2024-11-08 07:23:48 | INFO | train | task-0		Pre is 0.8452, Rec is 0.8452
2024-11-08 07:23:48 | INFO | train | task-0		C_M is 
[[   0  200  252    0]
 [   0  990    0  162]
 [   0    0 1229    0]
 [   0    5    0 1162]]
2024-11-08 07:24:25 | INFO | train | In dataset valid: Loss is [0.5914 0.5914 0.0000]
2024-11-08 07:24:25 | INFO | train | task-0		Acc is 0.8525, F1 is 0.8525
2024-11-08 07:24:25 | INFO | train | task-0		F1-macro is 0.6754, F1-micro is 0.8525
2024-11-08 07:24:25 | INFO | train | task-0		Pre is 0.8525, Rec is 0.8525
2024-11-08 07:24:25 | INFO | train | task-0		C_M is 
[[   0  184  260    0]
 [   0  962    0  144]
 [   0    0 1233    0]
 [   0    2    0 1215]]
2024-11-08 07:25:02 | INFO | train | In dataset test: Loss is [0.5978 0.5978 0.0000]
2024-11-08 07:25:02 | INFO | train | task-0		Acc is 0.8417, F1 is 0.8417
2024-11-08 07:25:02 | INFO | train | task-0		F1-macro is 0.6692, F1-micro is 0.8417
2024-11-08 07:25:02 | INFO | train | task-0		Pre is 0.8417, Rec is 0.8417
2024-11-08 07:25:02 | INFO | train | task-0		C_M is 
[[   0  198  277    0]
 [   0  939    0  153]
 [   0    0 1209    0]
 [   0    5    0 1219]]
2024-11-08 07:25:02 | INFO | train | The best f1_macro util now is 0.6836, at step 36
2024-11-08 07:25:02 | INFO | train | The best f1_micro util now is 0.8522, at step 36
2024-11-08 07:25:46 | INFO | train | ----------------------------------------------------------------------------------
2024-11-08 07:25:46 | INFO | train | Time of iter training 44.08 s
2024-11-08 07:25:46 | INFO | train | On iter step 51:, global step 13057 Loss-step [0.5719 0.5719 0.0000]
2024-11-08 07:26:23 | INFO | train | In dataset train: Loss is [0.5556 0.5556 0.0000]
2024-11-08 07:26:23 | INFO | train | task-0		Acc is 0.8505, F1 is 0.8505
2024-11-08 07:26:23 | INFO | train | task-0		F1-macro is 0.6789, F1-micro is 0.8505
2024-11-08 07:26:23 | INFO | train | task-0		Pre is 0.8505, Rec is 0.8505
2024-11-08 07:26:23 | INFO | train | task-0		C_M is 
[[   0   21  431    0]
 [   0 1016    0  136]
 [   0    0 1229    0]
 [   0   10    0 1157]]
2024-11-08 07:27:00 | INFO | train | In dataset valid: Loss is [0.5652 0.5652 0.0000]
2024-11-08 07:27:00 | INFO | train | task-0		Acc is 0.8545, F1 is 0.8545
2024-11-08 07:27:00 | INFO | train | task-0		F1-macro is 0.6810, F1-micro is 0.8545
2024-11-08 07:27:00 | INFO | train | task-0		Pre is 0.8545, Rec is 0.8545
2024-11-08 07:27:00 | INFO | train | task-0		C_M is 
[[   0   23  421    0]
 [   0  981    0  125]
 [   0    0 1233    0]
 [   0   13    0 1204]]
2024-11-08 07:27:37 | INFO | train | In dataset test: Loss is [0.5689 0.5689 0.0000]
2024-11-08 07:27:37 | INFO | train | task-0		Acc is 0.8435, F1 is 0.8435
2024-11-08 07:27:37 | INFO | train | task-0		F1-macro is 0.6750, F1-micro is 0.8435
2024-11-08 07:27:37 | INFO | train | task-0		Pre is 0.8435, Rec is 0.8435
2024-11-08 07:27:37 | INFO | train | task-0		C_M is 
[[   0   27  448    0]
 [   0  958    0  134]
 [   0    0 1209    0]
 [   0   17    0 1207]]
2024-11-08 07:27:37 | INFO | train | The best f1_macro util now is 0.6836, at step 36
2024-11-08 07:27:37 | INFO | train | The best f1_micro util now is 0.8522, at step 36
2024-11-08 07:28:21 | INFO | train | ----------------------------------------------------------------------------------
2024-11-08 07:28:21 | INFO | train | Time of iter training 44.25 s
2024-11-08 07:28:21 | INFO | train | On iter step 52:, global step 13313 Loss-step [0.5825 0.5825 0.0000]
2024-11-08 07:28:58 | INFO | train | In dataset train: Loss is [0.5532 0.5532 0.0000]
2024-11-08 07:28:58 | INFO | train | task-0		Acc is 0.8530, F1 is 0.8530
2024-11-08 07:28:58 | INFO | train | task-0		F1-macro is 0.6789, F1-micro is 0.8530
2024-11-08 07:28:58 | INFO | train | task-0		Pre is 0.8530, Rec is 0.8530
2024-11-08 07:28:58 | INFO | train | task-0		C_M is 
[[   0   47  315   90]
 [   0 1020    0  132]
 [   0    0 1229    0]
 [   0    4    0 1163]]
2024-11-08 07:29:35 | INFO | train | In dataset valid: Loss is [0.5593 0.5593 0.0000]
2024-11-08 07:29:35 | INFO | train | task-0		Acc is 0.8580, F1 is 0.8580
2024-11-08 07:29:35 | INFO | train | task-0		F1-macro is 0.6820, F1-micro is 0.8580
2024-11-08 07:29:35 | INFO | train | task-0		Pre is 0.8580, Rec is 0.8580
2024-11-08 07:29:35 | INFO | train | task-0		C_M is 
[[   0   52  304   88]
 [   0  984    0  122]
 [   0    0 1233    0]
 [   0    2    0 1215]]
2024-11-08 07:30:12 | INFO | train | In dataset test: Loss is [0.5362 0.5362 0.0000]
2024-11-08 07:30:12 | INFO | train | task-0		Acc is 0.8482, F1 is 0.8482
2024-11-08 07:30:12 | INFO | train | task-0		F1-macro is 0.6769, F1-micro is 0.8482
2024-11-08 07:30:12 | INFO | train | task-0		Pre is 0.8482, Rec is 0.8482
2024-11-08 07:30:12 | INFO | train | task-0		C_M is 
[[   0   56  316  103]
 [   0  966    0  126]
 [   0    0 1209    0]
 [   0    6    0 1218]]
2024-11-08 07:30:12 | INFO | train | The best f1_macro util now is 0.6836, at step 36
2024-11-08 07:30:12 | INFO | train | The best f1_micro util now is 0.8522, at step 36
2024-11-08 07:30:56 | INFO | train | ----------------------------------------------------------------------------------
2024-11-08 07:30:56 | INFO | train | Time of iter training 44.26 s
2024-11-08 07:30:56 | INFO | train | On iter step 53:, global step 13569 Loss-step [0.5609 0.5609 0.0000]
2024-11-08 07:31:33 | INFO | train | In dataset train: Loss is [0.5046 0.5046 0.0000]
2024-11-08 07:31:33 | INFO | train | task-0		Acc is 0.8615, F1 is 0.8615
2024-11-08 07:31:33 | INFO | train | task-0		F1-macro is 0.6885, F1-micro is 0.8615
2024-11-08 07:31:33 | INFO | train | task-0		Pre is 0.8615, Rec is 0.8615
2024-11-08 07:31:33 | INFO | train | task-0		C_M is 
[[   0   20  431    1]
 [   0 1088    0   64]
 [   0    0 1229    0]
 [   0   38    0 1129]]
2024-11-08 07:32:10 | INFO | train | In dataset valid: Loss is [0.5290 0.5290 0.0000]
2024-11-08 07:32:10 | INFO | train | task-0		Acc is 0.8625, F1 is 0.8625
2024-11-08 07:32:10 | INFO | train | task-0		F1-macro is 0.6881, F1-micro is 0.8625
2024-11-08 07:32:10 | INFO | train | task-0		Pre is 0.8625, Rec is 0.8625
2024-11-08 07:32:10 | INFO | train | task-0		C_M is 
[[   0   25  419    0]
 [   0 1040    0   66]
 [   0    0 1233    0]
 [   0   40    0 1177]]
2024-11-08 07:32:47 | INFO | train | In dataset test: Loss is [0.5362 0.5362 0.0000]
2024-11-08 07:32:47 | INFO | train | task-0		Acc is 0.8588, F1 is 0.8588
2024-11-08 07:32:47 | INFO | train | task-0		F1-macro is 0.6883, F1-micro is 0.8588
2024-11-08 07:32:47 | INFO | train | task-0		Pre is 0.8588, Rec is 0.8588
2024-11-08 07:32:47 | INFO | train | task-0		C_M is 
[[   0   32  443    0]
 [   0 1039    0   53]
 [   0    0 1209    0]
 [   0   37    0 1187]]
2024-11-08 07:32:47 | INFO | train | The best f1_macro util now is 0.6836, at step 36
2024-11-08 07:32:47 | INFO | train | The best f1_micro util now is 0.8588, at step 53
2024-11-08 07:33:31 | INFO | train | ----------------------------------------------------------------------------------
2024-11-08 07:33:31 | INFO | train | Time of iter training 44.29 s
2024-11-08 07:33:31 | INFO | train | On iter step 54:, global step 13825 Loss-step [0.5396 0.5396 0.0000]
2024-11-08 07:34:08 | INFO | train | In dataset train: Loss is [0.7810 0.7810 0.0000]
2024-11-08 07:34:08 | INFO | train | task-0		Acc is 0.8580, F1 is 0.8580
2024-11-08 07:34:08 | INFO | train | task-0		F1-macro is 0.6861, F1-micro is 0.8580
2024-11-08 07:34:08 | INFO | train | task-0		Pre is 0.8580, Rec is 0.8580
2024-11-08 07:34:08 | INFO | train | task-0		C_M is 
[[   0    0  452    0]
 [   0 1071    0   81]
 [   0    0 1229    0]
 [   0   35    0 1132]]
2024-11-08 07:34:45 | INFO | train | In dataset valid: Loss is [0.7618 0.7618 0.0000]
2024-11-08 07:34:45 | INFO | train | task-0		Acc is 0.8585, F1 is 0.8585
2024-11-08 07:34:45 | INFO | train | task-0		F1-macro is 0.6855, F1-micro is 0.8585
2024-11-08 07:34:45 | INFO | train | task-0		Pre is 0.8585, Rec is 0.8585
2024-11-08 07:34:45 | INFO | train | task-0		C_M is 
[[   0    0  444    0]
 [   0 1023    0   83]
 [   0    0 1233    0]
 [   0   39    0 1178]]
2024-11-08 07:35:22 | INFO | train | In dataset test: Loss is [0.7184 0.7184 0.0000]
2024-11-08 07:35:22 | INFO | train | task-0		Acc is 0.8545, F1 is 0.8545
2024-11-08 07:35:22 | INFO | train | task-0		F1-macro is 0.6857, F1-micro is 0.8545
2024-11-08 07:35:22 | INFO | train | task-0		Pre is 0.8545, Rec is 0.8545
2024-11-08 07:35:22 | INFO | train | task-0		C_M is 
[[   0    0  475    0]
 [   0 1022    0   70]
 [   0    0 1209    0]
 [   0   37    0 1187]]
2024-11-08 07:35:22 | INFO | train | The best f1_macro util now is 0.6836, at step 36
2024-11-08 07:35:22 | INFO | train | The best f1_micro util now is 0.8588, at step 53
2024-11-08 07:36:06 | INFO | train | ----------------------------------------------------------------------------------
2024-11-08 07:36:06 | INFO | train | Time of iter training 44.10 s
2024-11-08 07:36:06 | INFO | train | On iter step 55:, global step 14081 Loss-step [0.6327 0.6327 0.0000]
2024-11-08 07:36:43 | INFO | train | In dataset train: Loss is [0.6516 0.6516 0.0000]
2024-11-08 07:36:43 | INFO | train | task-0		Acc is 0.8515, F1 is 0.8515
2024-11-08 07:36:43 | INFO | train | task-0		F1-macro is 0.6779, F1-micro is 0.8515
2024-11-08 07:36:43 | INFO | train | task-0		Pre is 0.8515, Rec is 0.8515
2024-11-08 07:36:43 | INFO | train | task-0		C_M is 
[[   0   20  341   91]
 [   0 1118    0   34]
 [   0    0 1229    0]
 [   0  108    0 1059]]
2024-11-08 07:37:20 | INFO | train | In dataset valid: Loss is [0.6359 0.6359 0.0000]
2024-11-08 07:37:20 | INFO | train | task-0		Acc is 0.8532, F1 is 0.8532
2024-11-08 07:37:20 | INFO | train | task-0		F1-macro is 0.6787, F1-micro is 0.8532
2024-11-08 07:37:20 | INFO | train | task-0		Pre is 0.8532, Rec is 0.8532
2024-11-08 07:37:20 | INFO | train | task-0		C_M is 
[[   0   23  338   83]
 [   0 1077    0   29]
 [   0    0 1233    0]
 [   0  114    0 1103]]
2024-11-08 07:37:57 | INFO | train | In dataset test: Loss is [0.6552 0.6552 0.0000]
2024-11-08 07:37:57 | INFO | train | task-0		Acc is 0.8485, F1 is 0.8485
2024-11-08 07:37:57 | INFO | train | task-0		F1-macro is 0.6778, F1-micro is 0.8485
2024-11-08 07:37:57 | INFO | train | task-0		Pre is 0.8485, Rec is 0.8485
2024-11-08 07:37:57 | INFO | train | task-0		C_M is 
[[   0   18  331  126]
 [   0 1068    0   24]
 [   0    0 1209    0]
 [   0  107    0 1117]]
2024-11-08 07:37:57 | INFO | train | The best f1_macro util now is 0.6836, at step 36
2024-11-08 07:37:57 | INFO | train | The best f1_micro util now is 0.8588, at step 53
2024-11-08 07:38:41 | INFO | train | ----------------------------------------------------------------------------------
2024-11-08 07:38:41 | INFO | train | Time of iter training 44.32 s
2024-11-08 07:38:41 | INFO | train | On iter step 56:, global step 14337 Loss-step [0.6608 0.6608 0.0000]
2024-11-08 07:39:18 | INFO | train | In dataset train: Loss is [0.6564 0.6564 0.0000]
2024-11-08 07:39:18 | INFO | train | task-0		Acc is 0.8518, F1 is 0.8518
2024-11-08 07:39:18 | INFO | train | task-0		F1-macro is 0.6808, F1-micro is 0.8518
2024-11-08 07:39:18 | INFO | train | task-0		Pre is 0.8518, Rec is 0.8518
2024-11-08 07:39:18 | INFO | train | task-0		C_M is 
[[   0    0  452    0]
 [   0 1111    0   41]
 [   0    0 1229    0]
 [   0  100    0 1067]]
2024-11-08 07:39:55 | INFO | train | In dataset valid: Loss is [0.6376 0.6376 0.0000]
2024-11-08 07:39:55 | INFO | train | task-0		Acc is 0.8545, F1 is 0.8545
2024-11-08 07:39:55 | INFO | train | task-0		F1-macro is 0.6820, F1-micro is 0.8545
2024-11-08 07:39:55 | INFO | train | task-0		Pre is 0.8545, Rec is 0.8545
2024-11-08 07:39:55 | INFO | train | task-0		C_M is 
[[   0    0  440    4]
 [   0 1074    0   32]
 [   0    0 1233    0]
 [   0  106    0 1111]]
2024-11-08 07:40:32 | INFO | train | In dataset test: Loss is [0.6577 0.6577 0.0000]
2024-11-08 07:40:32 | INFO | train | task-0		Acc is 0.8475, F1 is 0.8475
2024-11-08 07:40:32 | INFO | train | task-0		F1-macro is 0.6798, F1-micro is 0.8475
2024-11-08 07:40:32 | INFO | train | task-0		Pre is 0.8475, Rec is 0.8475
2024-11-08 07:40:32 | INFO | train | task-0		C_M is 
[[   0    0  475    0]
 [   0 1062    0   30]
 [   0    0 1209    0]
 [   0  105    0 1119]]
2024-11-08 07:40:32 | INFO | train | The best f1_macro util now is 0.6836, at step 36
2024-11-08 07:40:32 | INFO | train | The best f1_micro util now is 0.8588, at step 53
2024-11-08 07:41:16 | INFO | train | ----------------------------------------------------------------------------------
2024-11-08 07:41:16 | INFO | train | Time of iter training 44.07 s
2024-11-08 07:41:16 | INFO | train | On iter step 57:, global step 14593 Loss-step [0.6667 0.6667 0.0000]
2024-11-08 07:41:53 | INFO | train | In dataset train: Loss is [0.5902 0.5902 0.0000]
2024-11-08 07:41:53 | INFO | train | task-0		Acc is 0.8540, F1 is 0.8540
2024-11-08 07:41:53 | INFO | train | task-0		F1-macro is 0.6807, F1-micro is 0.8540
2024-11-08 07:41:53 | INFO | train | task-0		Pre is 0.8540, Rec is 0.8540
2024-11-08 07:41:53 | INFO | train | task-0		C_M is 
[[   0    0  339  113]
 [   0 1023    0  129]
 [   0    0 1229    0]
 [   0    3    0 1164]]
2024-11-08 07:42:30 | INFO | train | In dataset valid: Loss is [0.5854 0.5854 0.0000]
2024-11-08 07:42:30 | INFO | train | task-0		Acc is 0.8572, F1 is 0.8572
2024-11-08 07:42:30 | INFO | train | task-0		F1-macro is 0.6828, F1-micro is 0.8572
2024-11-08 07:42:30 | INFO | train | task-0		Pre is 0.8572, Rec is 0.8572
2024-11-08 07:42:30 | INFO | train | task-0		C_M is 
[[   0    0  341  103]
 [   0  986    0  120]
 [   0    0 1233    0]
 [   0    7    0 1210]]
2024-11-08 07:43:07 | INFO | train | In dataset test: Loss is [0.6050 0.6050 0.0000]
2024-11-08 07:43:07 | INFO | train | task-0		Acc is 0.8508, F1 is 0.8508
2024-11-08 07:43:07 | INFO | train | task-0		F1-macro is 0.6808, F1-micro is 0.8508
2024-11-08 07:43:07 | INFO | train | task-0		Pre is 0.8508, Rec is 0.8508
2024-11-08 07:43:07 | INFO | train | task-0		C_M is 
[[   0    0  371  104]
 [   0  978    0  114]
 [   0    0 1209    0]
 [   0    8    0 1216]]
2024-11-08 07:43:07 | INFO | train | The best f1_macro util now is 0.6836, at step 36
2024-11-08 07:43:07 | INFO | train | The best f1_micro util now is 0.8588, at step 53
2024-11-08 07:43:51 | INFO | train | ----------------------------------------------------------------------------------
2024-11-08 07:43:51 | INFO | train | Time of iter training 44.14 s
2024-11-08 07:43:51 | INFO | train | On iter step 58:, global step 14849 Loss-step [0.5889 0.5889 0.0000]
2024-11-08 07:44:29 | INFO | train | In dataset train: Loss is [0.5689 0.5689 0.0000]
2024-11-08 07:44:29 | INFO | train | task-0		Acc is 0.8588, F1 is 0.8588
2024-11-08 07:44:29 | INFO | train | task-0		F1-macro is 0.6834, F1-micro is 0.8588
2024-11-08 07:44:29 | INFO | train | task-0		Pre is 0.8588, Rec is 0.8588
2024-11-08 07:44:29 | INFO | train | task-0		C_M is 
[[   0  130  317    5]
 [   0 1055    0   97]
 [   0    0 1229    0]
 [   0   16    0 1151]]
2024-11-08 07:45:05 | INFO | train | In dataset valid: Loss is [0.5627 0.5627 0.0000]
2024-11-08 07:45:05 | INFO | train | task-0		Acc is 0.8608, F1 is 0.8608
2024-11-08 07:45:05 | INFO | train | task-0		F1-macro is 0.6843, F1-micro is 0.8608
2024-11-08 07:45:05 | INFO | train | task-0		Pre is 0.8608, Rec is 0.8608
2024-11-08 07:45:05 | INFO | train | task-0		C_M is 
[[   0   96  335   13]
 [   0 1022    0   84]
 [   0    0 1233    0]
 [   0   29    0 1188]]
2024-11-08 07:45:43 | INFO | train | In dataset test: Loss is [0.5795 0.5795 0.0000]
2024-11-08 07:45:43 | INFO | train | task-0		Acc is 0.8530, F1 is 0.8530
2024-11-08 07:45:43 | INFO | train | task-0		F1-macro is 0.6809, F1-micro is 0.8530
2024-11-08 07:45:43 | INFO | train | task-0		Pre is 0.8530, Rec is 0.8530
2024-11-08 07:45:43 | INFO | train | task-0		C_M is 
[[   0  107  358   10]
 [   0 1008    0   84]
 [   0    0 1209    0]
 [   0   29    0 1195]]
2024-11-08 07:45:43 | INFO | train | The best f1_macro util now is 0.6836, at step 36
2024-11-08 07:45:43 | INFO | train | The best f1_micro util now is 0.8588, at step 53
2024-11-08 07:46:27 | INFO | train | ----------------------------------------------------------------------------------
2024-11-08 07:46:27 | INFO | train | Time of iter training 44.06 s
2024-11-08 07:46:27 | INFO | train | On iter step 59:, global step 15105 Loss-step [0.5889 0.5889 0.0000]
2024-11-08 07:47:03 | INFO | train | In dataset train: Loss is [0.5653 0.5653 0.0000]
2024-11-08 07:47:03 | INFO | train | task-0		Acc is 0.8590, F1 is 0.8590
2024-11-08 07:47:03 | INFO | train | task-0		F1-macro is 0.6870, F1-micro is 0.8590
2024-11-08 07:47:03 | INFO | train | task-0		Pre is 0.8590, Rec is 0.8590
2024-11-08 07:47:03 | INFO | train | task-0		C_M is 
[[   0    0  452    0]
 [   0 1055    0   97]
 [   0    0 1229    0]
 [   0   15    0 1152]]
2024-11-08 07:47:40 | INFO | train | In dataset valid: Loss is [0.5560 0.5560 0.0000]
2024-11-08 07:47:40 | INFO | train | task-0		Acc is 0.8610, F1 is 0.8610
2024-11-08 07:47:40 | INFO | train | task-0		F1-macro is 0.6876, F1-micro is 0.8610
2024-11-08 07:47:40 | INFO | train | task-0		Pre is 0.8610, Rec is 0.8610
2024-11-08 07:47:40 | INFO | train | task-0		C_M is 
[[   0    0  444    0]
 [   0 1020    0   86]
 [   0    0 1233    0]
 [   0   26    0 1191]]
2024-11-08 07:48:18 | INFO | train | In dataset test: Loss is [0.5695 0.5695 0.0000]
2024-11-08 07:48:18 | INFO | train | task-0		Acc is 0.8542, F1 is 0.8542
2024-11-08 07:48:18 | INFO | train | task-0		F1-macro is 0.6855, F1-micro is 0.8542
2024-11-08 07:48:18 | INFO | train | task-0		Pre is 0.8542, Rec is 0.8542
2024-11-08 07:48:18 | INFO | train | task-0		C_M is 
[[   0    0  475    0]
 [   0 1010    0   82]
 [   0    0 1209    0]
 [   0   26    0 1198]]
2024-11-08 07:48:18 | INFO | train | The best f1_macro util now is 0.6836, at step 36
2024-11-08 07:48:18 | INFO | train | The best f1_micro util now is 0.8588, at step 53
2024-11-08 07:49:02 | INFO | train | ----------------------------------------------------------------------------------
2024-11-08 07:49:02 | INFO | train | Time of iter training 43.98 s
2024-11-08 07:49:02 | INFO | train | On iter step 60:, global step 15361 Loss-step [0.5741 0.5741 0.0000]
2024-11-08 07:49:38 | INFO | train | In dataset train: Loss is [0.5548 0.5548 0.0000]
2024-11-08 07:49:38 | INFO | train | task-0		Acc is 0.8502, F1 is 0.8502
2024-11-08 07:49:38 | INFO | train | task-0		F1-macro is 0.6791, F1-micro is 0.8502
2024-11-08 07:49:38 | INFO | train | task-0		Pre is 0.8502, Rec is 0.8502
2024-11-08 07:49:38 | INFO | train | task-0		C_M is 
[[   0    7  445    0]
 [   0 1014    0  138]
 [   0    0 1229    0]
 [   0    9    0 1158]]
2024-11-08 07:50:15 | INFO | train | In dataset valid: Loss is [0.5458 0.5458 0.0000]
2024-11-08 07:50:15 | INFO | train | task-0		Acc is 0.8545, F1 is 0.8545
2024-11-08 07:50:15 | INFO | train | task-0		F1-macro is 0.6817, F1-micro is 0.8545
2024-11-08 07:50:15 | INFO | train | task-0		Pre is 0.8545, Rec is 0.8545
2024-11-08 07:50:15 | INFO | train | task-0		C_M is 
[[   0    5  439    0]
 [   0  983    0  123]
 [   0    0 1233    0]
 [   0   15    0 1202]]
2024-11-08 07:50:52 | INFO | train | In dataset test: Loss is [0.5677 0.5677 0.0000]
2024-11-08 07:50:52 | INFO | train | task-0		Acc is 0.8440, F1 is 0.8440
2024-11-08 07:50:52 | INFO | train | task-0		F1-macro is 0.6761, F1-micro is 0.8440
2024-11-08 07:50:52 | INFO | train | task-0		Pre is 0.8440, Rec is 0.8440
2024-11-08 07:50:52 | INFO | train | task-0		C_M is 
[[   0    7  468    0]
 [   0  958    0  134]
 [   0    0 1209    0]
 [   0   15    0 1209]]
2024-11-08 07:50:52 | INFO | train | The best f1_macro util now is 0.6836, at step 36
2024-11-08 07:50:52 | INFO | train | The best f1_micro util now is 0.8588, at step 53
2024-11-08 07:51:36 | INFO | train | ----------------------------------------------------------------------------------
2024-11-08 07:51:36 | INFO | train | Time of iter training 43.98 s
2024-11-08 07:51:36 | INFO | train | On iter step 61:, global step 15617 Loss-step [0.5930 0.5930 0.0000]
2024-11-08 07:52:13 | INFO | train | In dataset train: Loss is [0.5578 0.5578 0.0000]
2024-11-08 07:52:13 | INFO | train | task-0		Acc is 0.8618, F1 is 0.8618
2024-11-08 07:52:13 | INFO | train | task-0		F1-macro is 0.6893, F1-micro is 0.8618
2024-11-08 07:52:13 | INFO | train | task-0		Pre is 0.8618, Rec is 0.8618
2024-11-08 07:52:13 | INFO | train | task-0		C_M is 
[[   0    2  450    0]
 [   0 1079    0   73]
 [   0    0 1229    0]
 [   0   28    0 1139]]
2024-11-08 07:52:50 | INFO | train | In dataset valid: Loss is [0.5512 0.5512 0.0000]
2024-11-08 07:52:50 | INFO | train | task-0		Acc is 0.8622, F1 is 0.8622
2024-11-08 07:52:50 | INFO | train | task-0		F1-macro is 0.6886, F1-micro is 0.8622
2024-11-08 07:52:50 | INFO | train | task-0		Pre is 0.8622, Rec is 0.8622
2024-11-08 07:52:50 | INFO | train | task-0		C_M is 
[[   0    4  440    0]
 [   0 1033    0   73]
 [   0    0 1233    0]
 [   0   34    0 1183]]
2024-11-08 07:53:27 | INFO | train | In dataset test: Loss is [0.5691 0.5691 0.0000]
2024-11-08 07:53:27 | INFO | train | task-0		Acc is 0.8530, F1 is 0.8530
2024-11-08 07:53:27 | INFO | train | task-0		F1-macro is 0.6842, F1-micro is 0.8530
2024-11-08 07:53:27 | INFO | train | task-0		Pre is 0.8530, Rec is 0.8530
2024-11-08 07:53:27 | INFO | train | task-0		C_M is 
[[   0    6  469    0]
 [   0 1015    0   77]
 [   0    0 1209    0]
 [   0   36    0 1188]]
2024-11-08 07:53:27 | INFO | train | The best f1_macro util now is 0.6842, at step 61
2024-11-08 07:53:27 | INFO | train | The best f1_micro util now is 0.8588, at step 53
2024-11-08 07:54:12 | INFO | train | ----------------------------------------------------------------------------------
2024-11-08 07:54:12 | INFO | train | Time of iter training 44.33 s
2024-11-08 07:54:12 | INFO | train | On iter step 62:, global step 15873 Loss-step [0.5529 0.5529 0.0000]
2024-11-08 07:54:48 | INFO | train | In dataset train: Loss is [0.5149 0.5149 0.0000]
2024-11-08 07:54:48 | INFO | train | task-0		Acc is 0.8645, F1 is 0.8645
2024-11-08 07:54:48 | INFO | train | task-0		F1-macro is 0.6901, F1-micro is 0.8645
2024-11-08 07:54:48 | INFO | train | task-0		Pre is 0.8645, Rec is 0.8645
2024-11-08 07:54:48 | INFO | train | task-0		C_M is 
[[   0   55  397    0]
 [   0 1087    0   65]
 [   0    0 1229    0]
 [   0   25    0 1142]]
2024-11-08 07:55:25 | INFO | train | In dataset valid: Loss is [0.5249 0.5249 0.0000]
2024-11-08 07:55:25 | INFO | train | task-0		Acc is 0.8658, F1 is 0.8658
2024-11-08 07:55:25 | INFO | train | task-0		F1-macro is 0.6898, F1-micro is 0.8658
2024-11-08 07:55:25 | INFO | train | task-0		Pre is 0.8658, Rec is 0.8658
2024-11-08 07:55:25 | INFO | train | task-0		C_M is 
[[   0   60  384    0]
 [   0 1048    0   58]
 [   0    0 1233    0]
 [   0   35    0 1182]]
2024-11-08 07:56:03 | INFO | train | In dataset test: Loss is [0.5453 0.5453 0.0000]
2024-11-08 07:56:03 | INFO | train | task-0		Acc is 0.8562, F1 is 0.8562
2024-11-08 07:56:03 | INFO | train | task-0		F1-macro is 0.6853, F1-micro is 0.8562
2024-11-08 07:56:03 | INFO | train | task-0		Pre is 0.8562, Rec is 0.8562
2024-11-08 07:56:03 | INFO | train | task-0		C_M is 
[[   0   57  418    0]
 [   0 1025    0   67]
 [   0    0 1209    0]
 [   0   33    0 1191]]
2024-11-08 07:56:03 | INFO | train | The best f1_macro util now is 0.6853, at step 62
2024-11-08 07:56:03 | INFO | train | The best f1_micro util now is 0.8562, at step 62
2024-11-08 07:56:47 | INFO | train | ----------------------------------------------------------------------------------
2024-11-08 07:56:47 | INFO | train | Time of iter training 44.05 s
2024-11-08 07:56:47 | INFO | train | On iter step 63:, global step 16129 Loss-step [0.5648 0.5648 0.0000]
2024-11-08 07:57:24 | INFO | train | In dataset train: Loss is [0.5112 0.5112 0.0000]
2024-11-08 07:57:24 | INFO | train | task-0		Acc is 0.8632, F1 is 0.8632
2024-11-08 07:57:24 | INFO | train | task-0		F1-macro is 0.6876, F1-micro is 0.8632
2024-11-08 07:57:24 | INFO | train | task-0		Pre is 0.8632, Rec is 0.8632
2024-11-08 07:57:24 | INFO | train | task-0		C_M is 
[[   0  328  124    0]
 [   0 1102    0   50]
 [   0    0 1229    0]
 [   0   45    0 1122]]
2024-11-08 07:58:01 | INFO | train | In dataset valid: Loss is [0.5134 0.5134 0.0000]
2024-11-08 07:58:01 | INFO | train | task-0		Acc is 0.8668, F1 is 0.8668
2024-11-08 07:58:01 | INFO | train | task-0		F1-macro is 0.6886, F1-micro is 0.8668
2024-11-08 07:58:01 | INFO | train | task-0		Pre is 0.8668, Rec is 0.8668
2024-11-08 07:58:01 | INFO | train | task-0		C_M is 
[[   0  306  138    0]
 [   0 1070    0   36]
 [   0    0 1233    0]
 [   0   53    0 1164]]
2024-11-08 07:58:38 | INFO | train | In dataset test: Loss is [0.5435 0.5435 0.0000]
2024-11-08 07:58:38 | INFO | train | task-0		Acc is 0.8582, F1 is 0.8582
2024-11-08 07:58:38 | INFO | train | task-0		F1-macro is 0.6846, F1-micro is 0.8582
2024-11-08 07:58:38 | INFO | train | task-0		Pre is 0.8582, Rec is 0.8582
2024-11-08 07:58:38 | INFO | train | task-0		C_M is 
[[   0  339  136    0]
 [   0 1045    0   47]
 [   0    0 1209    0]
 [   0   45    0 1179]]
2024-11-08 07:58:38 | INFO | train | The best f1_macro util now is 0.6853, at step 62
2024-11-08 07:58:38 | INFO | train | The best f1_micro util now is 0.8582, at step 63
2024-11-08 07:59:22 | INFO | train | ----------------------------------------------------------------------------------
2024-11-08 07:59:22 | INFO | train | Time of iter training 44.33 s
2024-11-08 07:59:22 | INFO | train | On iter step 64:, global step 16385 Loss-step [0.5118 0.5118 0.0000]
2024-11-08 07:59:59 | INFO | train | In dataset train: Loss is [0.5462 0.5462 0.0000]
2024-11-08 07:59:59 | INFO | train | task-0		Acc is 0.8645, F1 is 0.8645
2024-11-08 07:59:59 | INFO | train | task-0		F1-macro is 0.6880, F1-micro is 0.8645
2024-11-08 07:59:59 | INFO | train | task-0		Pre is 0.8645, Rec is 0.8645
2024-11-08 07:59:59 | INFO | train | task-0		C_M is 
[[   0  243  209    0]
 [   0 1105    0   47]
 [   0    0 1229    0]
 [   0   43    0 1124]]
2024-11-08 08:00:36 | INFO | train | In dataset valid: Loss is [0.5577 0.5577 0.0000]
2024-11-08 08:00:36 | INFO | train | task-0		Acc is 0.8688, F1 is 0.8688
2024-11-08 08:00:36 | INFO | train | task-0		F1-macro is 0.6900, F1-micro is 0.8688
2024-11-08 08:00:36 | INFO | train | task-0		Pre is 0.8688, Rec is 0.8688
2024-11-08 08:00:36 | INFO | train | task-0		C_M is 
[[   0  211  233    0]
 [   0 1065    0   41]
 [   0    0 1233    0]
 [   0   40    0 1177]]
2024-11-08 08:01:13 | INFO | train | In dataset test: Loss is [0.5445 0.5445 0.0000]
2024-11-08 08:01:13 | INFO | train | task-0		Acc is 0.8608, F1 is 0.8608
2024-11-08 08:01:13 | INFO | train | task-0		F1-macro is 0.6863, F1-micro is 0.8608
2024-11-08 08:01:13 | INFO | train | task-0		Pre is 0.8608, Rec is 0.8608
2024-11-08 08:01:13 | INFO | train | task-0		C_M is 
[[   0  226  249    0]
 [   0 1049    0   43]
 [   0    0 1209    0]
 [   0   39    0 1185]]
2024-11-08 08:01:13 | INFO | train | The best f1_macro util now is 0.6863, at step 64
2024-11-08 08:01:13 | INFO | train | The best f1_micro util now is 0.8608, at step 64
2024-11-08 08:01:57 | INFO | train | ----------------------------------------------------------------------------------
2024-11-08 08:01:57 | INFO | train | Time of iter training 43.72 s
2024-11-08 08:01:57 | INFO | train | On iter step 65:, global step 16641 Loss-step [0.5663 0.5663 0.0000]
2024-11-08 08:02:33 | INFO | train | In dataset train: Loss is [0.5251 0.5251 0.0000]
2024-11-08 08:02:33 | INFO | train | task-0		Acc is 0.8632, F1 is 0.8632
2024-11-08 08:02:33 | INFO | train | task-0		F1-macro is 0.6899, F1-micro is 0.8632
2024-11-08 08:02:33 | INFO | train | task-0		Pre is 0.8632, Rec is 0.8632
2024-11-08 08:02:33 | INFO | train | task-0		C_M is 
[[   0    4  424   24]
 [   0 1102    0   50]
 [   0    0 1229    0]
 [   0   45    0 1122]]
2024-11-08 08:03:10 | INFO | train | In dataset valid: Loss is [0.5189 0.5189 0.0000]
2024-11-08 08:03:10 | INFO | train | task-0		Acc is 0.8658, F1 is 0.8658
2024-11-08 08:03:10 | INFO | train | task-0		F1-macro is 0.6912, F1-micro is 0.8658
2024-11-08 08:03:10 | INFO | train | task-0		Pre is 0.8658, Rec is 0.8658
2024-11-08 08:03:10 | INFO | train | task-0		C_M is 
[[   0    2  419   23]
 [   0 1066    0   40]
 [   0    0 1233    0]
 [   0   53    0 1164]]
2024-11-08 08:03:47 | INFO | train | In dataset test: Loss is [0.5447 0.5447 0.0000]
2024-11-08 08:03:47 | INFO | train | task-0		Acc is 0.8570, F1 is 0.8570
2024-11-08 08:03:47 | INFO | train | task-0		F1-macro is 0.6872, F1-micro is 0.8570
2024-11-08 08:03:47 | INFO | train | task-0		Pre is 0.8570, Rec is 0.8570
2024-11-08 08:03:47 | INFO | train | task-0		C_M is 
[[   0    4  444   27]
 [   0 1045    0   47]
 [   0    0 1209    0]
 [   0   50    0 1174]]
2024-11-08 08:03:47 | INFO | train | The best f1_macro util now is 0.6872, at step 65
2024-11-08 08:03:47 | INFO | train | The best f1_micro util now is 0.8608, at step 64
2024-11-08 08:04:31 | INFO | train | ----------------------------------------------------------------------------------
2024-11-08 08:04:31 | INFO | train | Time of iter training 44.00 s
2024-11-08 08:04:31 | INFO | train | On iter step 66:, global step 16897 Loss-step [0.5209 0.5209 0.0000]
2024-11-08 08:05:08 | INFO | train | In dataset train: Loss is [0.5076 0.5076 0.0000]
2024-11-08 08:05:08 | INFO | train | task-0		Acc is 0.8592, F1 is 0.8592
2024-11-08 08:05:08 | INFO | train | task-0		F1-macro is 0.6868, F1-micro is 0.8592
2024-11-08 08:05:08 | INFO | train | task-0		Pre is 0.8592, Rec is 0.8592
2024-11-08 08:05:08 | INFO | train | task-0		C_M is 
[[   0   12  440    0]
 [   0 1047    0  105]
 [   0    0 1229    0]
 [   0    6    0 1161]]
2024-11-08 08:05:45 | INFO | train | In dataset valid: Loss is [0.5055 0.5055 0.0000]
2024-11-08 08:05:45 | INFO | train | task-0		Acc is 0.8608, F1 is 0.8608
2024-11-08 08:05:45 | INFO | train | task-0		F1-macro is 0.6869, F1-micro is 0.8608
2024-11-08 08:05:45 | INFO | train | task-0		Pre is 0.8608, Rec is 0.8608
2024-11-08 08:05:45 | INFO | train | task-0		C_M is 
[[   0   11  433    0]
 [   0 1003    0  103]
 [   0    0 1233    0]
 [   0   10    0 1207]]
2024-11-08 08:06:22 | INFO | train | In dataset test: Loss is [0.5332 0.5332 0.0000]
2024-11-08 08:06:22 | INFO | train | task-0		Acc is 0.8542, F1 is 0.8542
2024-11-08 08:06:22 | INFO | train | task-0		F1-macro is 0.6850, F1-micro is 0.8542
2024-11-08 08:06:22 | INFO | train | task-0		Pre is 0.8542, Rec is 0.8542
2024-11-08 08:06:22 | INFO | train | task-0		C_M is 
[[   0    9  466    0]
 [   0  991    0  101]
 [   0    0 1209    0]
 [   0    7    0 1217]]
2024-11-08 08:06:22 | INFO | train | The best f1_macro util now is 0.6872, at step 65
2024-11-08 08:06:22 | INFO | train | The best f1_micro util now is 0.8608, at step 64
2024-11-08 08:07:07 | INFO | train | ----------------------------------------------------------------------------------
2024-11-08 08:07:07 | INFO | train | Time of iter training 44.31 s
2024-11-08 08:07:07 | INFO | train | On iter step 67:, global step 17153 Loss-step [0.5270 0.5270 0.0000]
2024-11-08 08:07:44 | INFO | train | In dataset train: Loss is [0.4860 0.4860 0.0000]
2024-11-08 08:07:44 | INFO | train | task-0		Acc is 0.8642, F1 is 0.8643
2024-11-08 08:07:44 | INFO | train | task-0		F1-macro is 0.6908, F1-micro is 0.8643
2024-11-08 08:07:44 | INFO | train | task-0		Pre is 0.8642, Rec is 0.8642
2024-11-08 08:07:44 | INFO | train | task-0		C_M is 
[[   0   26  426    0]
 [   0 1135    0   17]
 [   0    0 1229    0]
 [   0   74    0 1093]]
2024-11-08 08:08:21 | INFO | train | In dataset valid: Loss is [0.4941 0.4941 0.0000]
2024-11-08 08:08:21 | INFO | train | task-0		Acc is 0.8652, F1 is 0.8652
2024-11-08 08:08:21 | INFO | train | task-0		F1-macro is 0.6905, F1-micro is 0.8652
2024-11-08 08:08:21 | INFO | train | task-0		Pre is 0.8652, Rec is 0.8652
2024-11-08 08:08:21 | INFO | train | task-0		C_M is 
[[   0   31  413    0]
 [   0 1088    0   18]
 [   0    0 1233    0]
 [   0   77    0 1140]]
2024-11-08 08:08:58 | INFO | train | In dataset test: Loss is [0.5086 0.5086 0.0000]
2024-11-08 08:08:58 | INFO | train | task-0		Acc is 0.8595, F1 is 0.8595
2024-11-08 08:08:58 | INFO | train | task-0		F1-macro is 0.6893, F1-micro is 0.8595
2024-11-08 08:08:58 | INFO | train | task-0		Pre is 0.8595, Rec is 0.8595
2024-11-08 08:08:58 | INFO | train | task-0		C_M is 
[[   0   26  449    0]
 [   0 1076    0   16]
 [   0    0 1209    0]
 [   0   71    0 1153]]
2024-11-08 08:08:58 | INFO | train | The best f1_macro util now is 0.6872, at step 65
2024-11-08 08:08:58 | INFO | train | The best f1_micro util now is 0.8608, at step 64
2024-11-08 08:09:42 | INFO | train | ----------------------------------------------------------------------------------
2024-11-08 08:09:42 | INFO | train | Time of iter training 44.01 s
2024-11-08 08:09:42 | INFO | train | On iter step 68:, global step 17409 Loss-step [0.4960 0.4960 0.0000]
2024-11-08 08:10:19 | INFO | train | In dataset train: Loss is [0.5237 0.5237 0.0000]
2024-11-08 08:10:19 | INFO | train | task-0		Acc is 0.8625, F1 is 0.8625
2024-11-08 08:10:19 | INFO | train | task-0		F1-macro is 0.6886, F1-micro is 0.8625
2024-11-08 08:10:19 | INFO | train | task-0		Pre is 0.8625, Rec is 0.8625
2024-11-08 08:10:19 | INFO | train | task-0		C_M is 
[[   0   39  406    7]
 [   0 1067    0   85]
 [   0    0 1229    0]
 [   0   13    0 1154]]
2024-11-08 08:10:56 | INFO | train | In dataset valid: Loss is [0.5311 0.5311 0.0000]
2024-11-08 08:10:56 | INFO | train | task-0		Acc is 0.8650, F1 is 0.8650
2024-11-08 08:10:56 | INFO | train | task-0		F1-macro is 0.6895, F1-micro is 0.8650
2024-11-08 08:10:56 | INFO | train | task-0		Pre is 0.8650, Rec is 0.8650
2024-11-08 08:10:56 | INFO | train | task-0		C_M is 
[[   0   43  395    6]
 [   0 1028    0   78]
 [   0    0 1233    0]
 [   0   18    0 1199]]
2024-11-08 08:11:33 | INFO | train | In dataset test: Loss is [0.5421 0.5421 0.0000]
2024-11-08 08:11:33 | INFO | train | task-0		Acc is 0.8570, F1 is 0.8570
2024-11-08 08:11:33 | INFO | train | task-0		F1-macro is 0.6861, F1-micro is 0.8570
2024-11-08 08:11:33 | INFO | train | task-0		Pre is 0.8570, Rec is 0.8570
2024-11-08 08:11:33 | INFO | train | task-0		C_M is 
[[   0   40  422   13]
 [   0 1011    0   81]
 [   0    0 1209    0]
 [   0   16    0 1208]]
2024-11-08 08:11:33 | INFO | train | The best f1_macro util now is 0.6872, at step 65
2024-11-08 08:11:33 | INFO | train | The best f1_micro util now is 0.8608, at step 64
2024-11-08 08:12:17 | INFO | train | ----------------------------------------------------------------------------------
2024-11-08 08:12:17 | INFO | train | Time of iter training 44.06 s
2024-11-08 08:12:17 | INFO | train | On iter step 69:, global step 17665 Loss-step [0.5272 0.5272 0.0000]
2024-11-08 08:12:54 | INFO | train | In dataset train: Loss is [0.4997 0.4997 0.0000]
2024-11-08 08:12:54 | INFO | train | task-0		Acc is 0.8605, F1 is 0.8605
2024-11-08 08:12:54 | INFO | train | task-0		F1-macro is 0.6873, F1-micro is 0.8605
2024-11-08 08:12:54 | INFO | train | task-0		Pre is 0.8605, Rec is 0.8605
2024-11-08 08:12:54 | INFO | train | task-0		C_M is 
[[   0   40  412    0]
 [   0 1138    0   14]
 [   0    0 1229    0]
 [   0   92    0 1075]]
2024-11-08 08:13:31 | INFO | train | In dataset valid: Loss is [0.5146 0.5146 0.0000]
2024-11-08 08:13:31 | INFO | train | task-0		Acc is 0.8642, F1 is 0.8643
2024-11-08 08:13:31 | INFO | train | task-0		F1-macro is 0.6892, F1-micro is 0.8643
2024-11-08 08:13:31 | INFO | train | task-0		Pre is 0.8642, Rec is 0.8642
2024-11-08 08:13:31 | INFO | train | task-0		C_M is 
[[   0   48  396    0]
 [   0 1097    0    9]
 [   0    0 1233    0]
 [   0   90    0 1127]]
2024-11-08 08:14:08 | INFO | train | In dataset test: Loss is [0.4922 0.4922 0.0000]
2024-11-08 08:14:08 | INFO | train | task-0		Acc is 0.8590, F1 is 0.8590
2024-11-08 08:14:08 | INFO | train | task-0		F1-macro is 0.6883, F1-micro is 0.8590
2024-11-08 08:14:08 | INFO | train | task-0		Pre is 0.8590, Rec is 0.8590
2024-11-08 08:14:08 | INFO | train | task-0		C_M is 
[[   0   46  429    0]
 [   0 1084    0    8]
 [   0    0 1209    0]
 [   0   81    0 1143]]
2024-11-08 08:14:08 | INFO | train | The best f1_macro util now is 0.6872, at step 65
2024-11-08 08:14:08 | INFO | train | The best f1_micro util now is 0.8608, at step 64
2024-11-08 08:14:52 | INFO | train | ----------------------------------------------------------------------------------
2024-11-08 08:14:52 | INFO | train | Time of iter training 43.78 s
2024-11-08 08:14:52 | INFO | train | On iter step 70:, global step 17921 Loss-step [0.4386 0.4386 0.0000]
2024-11-08 08:15:29 | INFO | train | In dataset train: Loss is [0.4790 0.4790 0.0000]
2024-11-08 08:15:29 | INFO | train | task-0		Acc is 0.8600, F1 is 0.8600
2024-11-08 08:15:29 | INFO | train | task-0		F1-macro is 0.6871, F1-micro is 0.8600
2024-11-08 08:15:29 | INFO | train | task-0		Pre is 0.8600, Rec is 0.8600
2024-11-08 08:15:29 | INFO | train | task-0		C_M is 
[[   0   31  421    0]
 [   0 1146    0    6]
 [   0    0 1229    0]
 [   0  102    0 1065]]
2024-11-08 08:16:06 | INFO | train | In dataset valid: Loss is [0.5468 0.5468 0.0000]
2024-11-08 08:16:06 | INFO | train | task-0		Acc is 0.8602, F1 is 0.8602
2024-11-08 08:16:06 | INFO | train | task-0		F1-macro is 0.6863, F1-micro is 0.8602
2024-11-08 08:16:06 | INFO | train | task-0		Pre is 0.8602, Rec is 0.8602
2024-11-08 08:16:06 | INFO | train | task-0		C_M is 
[[   0   29  415    0]
 [   0 1100    0    6]
 [   0    0 1233    0]
 [   0  109    0 1108]]
2024-11-08 08:16:43 | INFO | train | In dataset test: Loss is [0.4985 0.4985 0.0000]
2024-11-08 08:16:43 | INFO | train | task-0		Acc is 0.8562, F1 is 0.8562
2024-11-08 08:16:43 | INFO | train | task-0		F1-macro is 0.6865, F1-micro is 0.8562
2024-11-08 08:16:43 | INFO | train | task-0		Pre is 0.8562, Rec is 0.8562
2024-11-08 08:16:43 | INFO | train | task-0		C_M is 
[[   0   26  449    0]
 [   0 1087    0    5]
 [   0    0 1209    0]
 [   0   95    0 1129]]
2024-11-08 08:16:43 | INFO | train | The best f1_macro util now is 0.6872, at step 65
2024-11-08 08:16:43 | INFO | train | The best f1_micro util now is 0.8608, at step 64
2024-11-08 08:17:26 | INFO | train | ----------------------------------------------------------------------------------
2024-11-08 08:17:26 | INFO | train | Time of iter training 43.64 s
2024-11-08 08:17:26 | INFO | train | On iter step 71:, global step 18177 Loss-step [0.4960 0.4960 0.0000]
2024-11-08 08:18:03 | INFO | train | In dataset train: Loss is [0.4802 0.4802 0.0000]
2024-11-08 08:18:03 | INFO | train | task-0		Acc is 0.8615, F1 is 0.8615
2024-11-08 08:18:03 | INFO | train | task-0		F1-macro is 0.6846, F1-micro is 0.8615
2024-11-08 08:18:03 | INFO | train | task-0		Pre is 0.8615, Rec is 0.8615
2024-11-08 08:18:03 | INFO | train | task-0		C_M is 
[[   0  105  223  124]
 [   0 1144    0    8]
 [   0    0 1229    0]
 [   0   94    0 1073]]
2024-11-08 08:18:40 | INFO | train | In dataset valid: Loss is [0.5484 0.5484 0.0000]
2024-11-08 08:18:40 | INFO | train | task-0		Acc is 0.8628, F1 is 0.8628
2024-11-08 08:18:40 | INFO | train | task-0		F1-macro is 0.6851, F1-micro is 0.8628
2024-11-08 08:18:40 | INFO | train | task-0		Pre is 0.8628, Rec is 0.8628
2024-11-08 08:18:40 | INFO | train | task-0		C_M is 
[[   0   93  237  114]
 [   0 1095    0   11]
 [   0    0 1233    0]
 [   0   94    0 1123]]
2024-11-08 08:19:17 | INFO | train | In dataset test: Loss is [0.5201 0.5201 0.0000]
2024-11-08 08:19:17 | INFO | train | task-0		Acc is 0.8585, F1 is 0.8585
2024-11-08 08:19:17 | INFO | train | task-0		F1-macro is 0.6845, F1-micro is 0.8585
2024-11-08 08:19:17 | INFO | train | task-0		Pre is 0.8585, Rec is 0.8585
2024-11-08 08:19:17 | INFO | train | task-0		C_M is 
[[   0  104  221  150]
 [   0 1087    0    5]
 [   0    0 1209    0]
 [   0   86    0 1138]]
2024-11-08 08:19:17 | INFO | train | The best f1_macro util now is 0.6872, at step 65
2024-11-08 08:19:17 | INFO | train | The best f1_micro util now is 0.8608, at step 64
2024-11-08 08:20:02 | INFO | train | ----------------------------------------------------------------------------------
2024-11-08 08:20:02 | INFO | train | Time of iter training 44.10 s
2024-11-08 08:20:02 | INFO | train | On iter step 72:, global step 18433 Loss-step [0.5167 0.5167 0.0000]
2024-11-08 08:20:38 | INFO | train | In dataset train: Loss is [0.4887 0.4887 0.0000]
2024-11-08 08:20:38 | INFO | train | task-0		Acc is 0.8578, F1 is 0.8578
2024-11-08 08:20:38 | INFO | train | task-0		F1-macro is 0.6834, F1-micro is 0.8578
2024-11-08 08:20:38 | INFO | train | task-0		Pre is 0.8578, Rec is 0.8578
2024-11-08 08:20:38 | INFO | train | task-0		C_M is 
[[   0  244  208    0]
 [   0 1149    0    3]
 [   0    0 1229    0]
 [   0  114    0 1053]]
2024-11-08 08:21:15 | INFO | train | In dataset valid: Loss is [0.5290 0.5290 0.0000]
2024-11-08 08:21:15 | INFO | train | task-0		Acc is 0.8562, F1 is 0.8562
2024-11-08 08:21:15 | INFO | train | task-0		F1-macro is 0.6807, F1-micro is 0.8562
2024-11-08 08:21:15 | INFO | train | task-0		Pre is 0.8562, Rec is 0.8562
2024-11-08 08:21:15 | INFO | train | task-0		C_M is 
[[   0  226  218    0]
 [   0 1101    0    5]
 [   0    0 1233    0]
 [   0  126    0 1091]]
2024-11-08 08:21:53 | INFO | train | In dataset test: Loss is [0.4920 0.4920 0.0000]
2024-11-08 08:21:53 | INFO | train | task-0		Acc is 0.8532, F1 is 0.8532
2024-11-08 08:21:53 | INFO | train | task-0		F1-macro is 0.6812, F1-micro is 0.8532
2024-11-08 08:21:53 | INFO | train | task-0		Pre is 0.8532, Rec is 0.8532
2024-11-08 08:21:53 | INFO | train | task-0		C_M is 
[[   0  271  204    0]
 [   0 1089    0    3]
 [   0    0 1209    0]
 [   0  109    0 1115]]
2024-11-08 08:21:53 | INFO | train | The best f1_macro util now is 0.6872, at step 65
2024-11-08 08:21:53 | INFO | train | The best f1_micro util now is 0.8608, at step 64
2024-11-08 08:22:37 | INFO | train | ----------------------------------------------------------------------------------
2024-11-08 08:22:37 | INFO | train | Time of iter training 44.03 s
2024-11-08 08:22:37 | INFO | train | On iter step 73:, global step 18689 Loss-step [0.5126 0.5126 0.0000]
2024-11-08 08:23:14 | INFO | train | In dataset train: Loss is [0.4829 0.4829 0.0000]
2024-11-08 08:23:14 | INFO | train | task-0		Acc is 0.8638, F1 is 0.8638
2024-11-08 08:23:14 | INFO | train | task-0		F1-macro is 0.6899, F1-micro is 0.8638
2024-11-08 08:23:14 | INFO | train | task-0		Pre is 0.8638, Rec is 0.8638
2024-11-08 08:23:14 | INFO | train | task-0		C_M is 
[[   0   32  408   12]
 [   0 1139    0   13]
 [   0    0 1229    0]
 [   0   80    0 1087]]
2024-11-08 08:23:51 | INFO | train | In dataset valid: Loss is [0.4907 0.4907 0.0000]
2024-11-08 08:23:51 | INFO | train | task-0		Acc is 0.8660, F1 is 0.8660
2024-11-08 08:23:51 | INFO | train | task-0		F1-macro is 0.6908, F1-micro is 0.8660
2024-11-08 08:23:51 | INFO | train | task-0		Pre is 0.8660, Rec is 0.8660
2024-11-08 08:23:51 | INFO | train | task-0		C_M is 
[[   0   32  402   10]
 [   0 1097    0    9]
 [   0    0 1233    0]
 [   0   83    0 1134]]
2024-11-08 08:24:28 | INFO | train | In dataset test: Loss is [0.4841 0.4841 0.0000]
2024-11-08 08:24:28 | INFO | train | task-0		Acc is 0.8625, F1 is 0.8625
2024-11-08 08:24:28 | INFO | train | task-0		F1-macro is 0.6911, F1-micro is 0.8625
2024-11-08 08:24:28 | INFO | train | task-0		Pre is 0.8625, Rec is 0.8625
2024-11-08 08:24:28 | INFO | train | task-0		C_M is 
[[   0   31  421   23]
 [   0 1087    0    5]
 [   0    0 1209    0]
 [   0   70    0 1154]]
2024-11-08 08:24:28 | INFO | train | The best f1_macro util now is 0.6872, at step 65
2024-11-08 08:24:28 | INFO | train | The best f1_micro util now is 0.8608, at step 64
2024-11-08 08:25:12 | INFO | train | ----------------------------------------------------------------------------------
2024-11-08 08:25:12 | INFO | train | Time of iter training 43.90 s
2024-11-08 08:25:12 | INFO | train | On iter step 74:, global step 18945 Loss-step [0.5872 0.5872 0.0000]
2024-11-08 08:25:49 | INFO | train | In dataset train: Loss is [0.5651 0.5651 0.0000]
2024-11-08 08:25:49 | INFO | train | task-0		Acc is 0.8628, F1 is 0.8628
2024-11-08 08:25:49 | INFO | train | task-0		F1-macro is 0.6890, F1-micro is 0.8628
2024-11-08 08:25:49 | INFO | train | task-0		Pre is 0.8628, Rec is 0.8628
2024-11-08 08:25:49 | INFO | train | task-0		C_M is 
[[   0   45  407    0]
 [   0 1116    0   36]
 [   0    0 1229    0]
 [   0   61    0 1106]]
2024-11-08 08:26:26 | INFO | train | In dataset valid: Loss is [0.5496 0.5496 0.0000]
2024-11-08 08:26:26 | INFO | train | task-0		Acc is 0.8670, F1 is 0.8670
2024-11-08 08:26:26 | INFO | train | task-0		F1-macro is 0.6913, F1-micro is 0.8670
2024-11-08 08:26:26 | INFO | train | task-0		Pre is 0.8670, Rec is 0.8670
2024-11-08 08:26:26 | INFO | train | task-0		C_M is 
[[   0   49  395    0]
 [   0 1067    0   39]
 [   0    0 1233    0]
 [   0   49    0 1168]]
2024-11-08 08:27:03 | INFO | train | In dataset test: Loss is [0.5717 0.5717 0.0000]
2024-11-08 08:27:03 | INFO | train | task-0		Acc is 0.8642, F1 is 0.8643
2024-11-08 08:27:03 | INFO | train | task-0		F1-macro is 0.6925, F1-micro is 0.8643
2024-11-08 08:27:03 | INFO | train | task-0		Pre is 0.8642, Rec is 0.8642
2024-11-08 08:27:03 | INFO | train | task-0		C_M is 
[[   0   50  425    0]
 [   0 1063    0   29]
 [   0    0 1209    0]
 [   0   39    0 1185]]
2024-11-08 08:27:03 | INFO | train | The best f1_macro util now is 0.6925, at step 74
2024-11-08 08:27:03 | INFO | train | The best f1_micro util now is 0.8608, at step 64
2024-11-08 08:27:47 | INFO | train | ----------------------------------------------------------------------------------
2024-11-08 08:27:47 | INFO | train | Time of iter training 44.10 s
2024-11-08 08:27:47 | INFO | train | On iter step 75:, global step 19201 Loss-step [0.5210 0.5210 0.0000]
2024-11-08 08:28:24 | INFO | train | In dataset train: Loss is [0.4811 0.4811 0.0000]
2024-11-08 08:28:24 | INFO | train | task-0		Acc is 0.8658, F1 is 0.8658
2024-11-08 08:28:24 | INFO | train | task-0		F1-macro is 0.6895, F1-micro is 0.8658
2024-11-08 08:28:24 | INFO | train | task-0		Pre is 0.8658, Rec is 0.8658
2024-11-08 08:28:24 | INFO | train | task-0		C_M is 
[[   0  224  227    1]
 [   0 1132    0   20]
 [   0    0 1229    0]
 [   0   65    0 1102]]
2024-11-08 08:29:01 | INFO | train | In dataset valid: Loss is [0.4743 0.4743 0.0000]
2024-11-08 08:29:01 | INFO | train | task-0		Acc is 0.8675, F1 is 0.8675
2024-11-08 08:29:01 | INFO | train | task-0		F1-macro is 0.6893, F1-micro is 0.8675
2024-11-08 08:29:01 | INFO | train | task-0		Pre is 0.8675, Rec is 0.8675
2024-11-08 08:29:01 | INFO | train | task-0		C_M is 
[[   0  219  223    2]
 [   0 1086    0   20]
 [   0    0 1233    0]
 [   0   66    0 1151]]
2024-11-08 08:29:38 | INFO | train | In dataset test: Loss is [0.4835 0.4835 0.0000]
2024-11-08 08:29:38 | INFO | train | task-0		Acc is 0.8645, F1 is 0.8645
2024-11-08 08:29:38 | INFO | train | task-0		F1-macro is 0.6897, F1-micro is 0.8645
2024-11-08 08:29:38 | INFO | train | task-0		Pre is 0.8645, Rec is 0.8645
2024-11-08 08:29:38 | INFO | train | task-0		C_M is 
[[   0  245  229    1]
 [   0 1078    0   14]
 [   0    0 1209    0]
 [   0   53    0 1171]]
2024-11-08 08:29:38 | INFO | train | The best f1_macro util now is 0.6925, at step 74
2024-11-08 08:29:38 | INFO | train | The best f1_micro util now is 0.8608, at step 64
2024-11-08 08:29:39 | INFO | deepnet.data.dataset_text | Read next training chunk, data size is 6666
2024-11-08 08:30:22 | INFO | train | ----------------------------------------------------------------------------------
2024-11-08 08:30:22 | INFO | train | Time of iter training 44.20 s
2024-11-08 08:30:22 | INFO | train | On iter step 76:, global step 19457 Loss-step [0.5046 0.5046 0.0000]
2024-11-08 08:30:59 | INFO | train | In dataset train: Loss is [0.4957 0.4957 0.0000]
2024-11-08 08:30:59 | INFO | train | task-0		Acc is 0.8652, F1 is 0.8652
2024-11-08 08:30:59 | INFO | train | task-0		F1-macro is 0.6919, F1-micro is 0.8652
2024-11-08 08:30:59 | INFO | train | task-0		Pre is 0.8652, Rec is 0.8652
2024-11-08 08:30:59 | INFO | train | task-0		C_M is 
[[   0   16  435    1]
 [   0 1130    0   22]
 [   0    0 1229    0]
 [   0   65    0 1102]]
2024-11-08 08:31:36 | INFO | train | In dataset valid: Loss is [0.4871 0.4871 0.0000]
2024-11-08 08:31:36 | INFO | train | task-0		Acc is 0.8670, F1 is 0.8670
2024-11-08 08:31:36 | INFO | train | task-0		F1-macro is 0.6923, F1-micro is 0.8670
2024-11-08 08:31:36 | INFO | train | task-0		Pre is 0.8670, Rec is 0.8670
2024-11-08 08:31:36 | INFO | train | task-0		C_M is 
[[   0   16  424    4]
 [   0 1084    0   22]
 [   0    0 1233    0]
 [   0   66    0 1151]]
2024-11-08 08:32:13 | INFO | train | In dataset test: Loss is [0.4959 0.4959 0.0000]
2024-11-08 08:32:13 | INFO | train | task-0		Acc is 0.8638, F1 is 0.8638
2024-11-08 08:32:13 | INFO | train | task-0		F1-macro is 0.6933, F1-micro is 0.8638
2024-11-08 08:32:13 | INFO | train | task-0		Pre is 0.8638, Rec is 0.8638
2024-11-08 08:32:13 | INFO | train | task-0		C_M is 
[[   0   12  460    3]
 [   0 1075    0   17]
 [   0    0 1209    0]
 [   0   53    0 1171]]
2024-11-08 08:32:13 | INFO | train | The best f1_macro util now is 0.6933, at step 76
2024-11-08 08:32:13 | INFO | train | The best f1_micro util now is 0.8608, at step 64
2024-11-08 08:32:57 | INFO | train | ----------------------------------------------------------------------------------
2024-11-08 08:32:57 | INFO | train | Time of iter training 43.85 s
2024-11-08 08:32:57 | INFO | train | On iter step 77:, global step 19713 Loss-step [0.4321 0.4321 0.0000]
2024-11-08 08:33:34 | INFO | train | In dataset train: Loss is [0.4909 0.4909 0.0000]
2024-11-08 08:33:34 | INFO | train | task-0		Acc is 0.8668, F1 is 0.8668
2024-11-08 08:33:34 | INFO | train | task-0		F1-macro is 0.6930, F1-micro is 0.8668
2024-11-08 08:33:34 | INFO | train | task-0		Pre is 0.8668, Rec is 0.8668
2024-11-08 08:33:34 | INFO | train | task-0		C_M is 
[[   0    0  428   24]
 [   0 1134    0   18]
 [   0    0 1229    0]
 [   0   63    0 1104]]
2024-11-08 08:34:11 | INFO | train | In dataset valid: Loss is [0.4872 0.4872 0.0000]
2024-11-08 08:34:11 | INFO | train | task-0		Acc is 0.8705, F1 is 0.8705
2024-11-08 08:34:11 | INFO | train | task-0		F1-macro is 0.6951, F1-micro is 0.8705
2024-11-08 08:34:11 | INFO | train | task-0		Pre is 0.8705, Rec is 0.8705
2024-11-08 08:34:11 | INFO | train | task-0		C_M is 
[[   0    0  414   30]
 [   0 1093    0   13]
 [   0    0 1233    0]
 [   0   61    0 1156]]
2024-11-08 08:34:48 | INFO | train | In dataset test: Loss is [0.4916 0.4916 0.0000]
2024-11-08 08:34:48 | INFO | train | task-0		Acc is 0.8658, F1 is 0.8658
2024-11-08 08:34:48 | INFO | train | task-0		F1-macro is 0.6951, F1-micro is 0.8658
2024-11-08 08:34:48 | INFO | train | task-0		Pre is 0.8658, Rec is 0.8658
2024-11-08 08:34:48 | INFO | train | task-0		C_M is 
[[   0    0  458   17]
 [   0 1082    0   10]
 [   0    0 1209    0]
 [   0   52    0 1172]]
2024-11-08 08:34:48 | INFO | train | The best f1_macro util now is 0.6951, at step 77
2024-11-08 08:34:48 | INFO | train | The best f1_micro util now is 0.8658, at step 77
2024-11-08 08:35:32 | INFO | train | ----------------------------------------------------------------------------------
2024-11-08 08:35:32 | INFO | train | Time of iter training 44.05 s
2024-11-08 08:35:32 | INFO | train | On iter step 78:, global step 19969 Loss-step [0.4804 0.4804 0.0000]
2024-11-08 08:36:09 | INFO | train | In dataset train: Loss is [0.5474 0.5474 0.0000]
2024-11-08 08:36:09 | INFO | train | task-0		Acc is 0.8530, F1 is 0.8530
2024-11-08 08:36:09 | INFO | train | task-0		F1-macro is 0.6776, F1-micro is 0.8530
2024-11-08 08:36:09 | INFO | train | task-0		Pre is 0.8530, Rec is 0.8530
2024-11-08 08:36:09 | INFO | train | task-0		C_M is 
[[   0  296  156    0]
 [   0 1021    0  131]
 [   0    0 1229    0]
 [   0    5    0 1162]]
2024-11-08 08:36:46 | INFO | train | In dataset valid: Loss is [0.5271 0.5271 0.0000]
2024-11-08 08:36:46 | INFO | train | task-0		Acc is 0.8580, F1 is 0.8580
2024-11-08 08:36:46 | INFO | train | task-0		F1-macro is 0.6796, F1-micro is 0.8580
2024-11-08 08:36:46 | INFO | train | task-0		Pre is 0.8580, Rec is 0.8580
2024-11-08 08:36:46 | INFO | train | task-0		C_M is 
[[   0  285  159    0]
 [   0  982    0  124]
 [   0    0 1233    0]
 [   0    0    0 1217]]
2024-11-08 08:37:23 | INFO | train | In dataset test: Loss is [0.5564 0.5564 0.0000]
2024-11-08 08:37:23 | INFO | train | task-0		Acc is 0.8525, F1 is 0.8525
2024-11-08 08:37:23 | INFO | train | task-0		F1-macro is 0.6783, F1-micro is 0.8525
2024-11-08 08:37:23 | INFO | train | task-0		Pre is 0.8525, Rec is 0.8525
2024-11-08 08:37:23 | INFO | train | task-0		C_M is 
[[   0  330  145    0]
 [   0  979    0  113]
 [   0    0 1209    0]
 [   0    2    0 1222]]
2024-11-08 08:37:23 | INFO | train | The best f1_macro util now is 0.6951, at step 77
2024-11-08 08:37:23 | INFO | train | The best f1_micro util now is 0.8658, at step 77
2024-11-08 08:37:35 | INFO | deepnet.data.dataset_text | The count of reading file ./data/tinghua/train.txt is 3.
2024-11-08 08:37:37 | INFO | deepnet.data.dataset_text | Read next training chunk, data size is 73466
2024-11-08 08:38:09 | INFO | train | ----------------------------------------------------------------------------------
2024-11-08 08:38:09 | INFO | train | Time of iter training 46.37 s
2024-11-08 08:38:09 | INFO | train | On iter step 79:, global step 20225 Loss-step [0.5138 0.5138 0.0000]
2024-11-08 08:38:46 | INFO | train | In dataset train: Loss is [0.4968 0.4968 0.0000]
2024-11-08 08:38:46 | INFO | train | task-0		Acc is 0.8702, F1 is 0.8702
2024-11-08 08:38:46 | INFO | train | task-0		F1-macro is 0.6958, F1-micro is 0.8702
2024-11-08 08:38:46 | INFO | train | task-0		Pre is 0.8702, Rec is 0.8702
2024-11-08 08:38:46 | INFO | train | task-0		C_M is 
[[   0   29  423    0]
 [   0 1121    0   31]
 [   0    0 1229    0]
 [   0   36    0 1131]]
2024-11-08 08:39:23 | INFO | train | In dataset valid: Loss is [0.5007 0.5007 0.0000]
2024-11-08 08:39:23 | INFO | train | task-0		Acc is 0.8705, F1 is 0.8705
2024-11-08 08:39:23 | INFO | train | task-0		F1-macro is 0.6946, F1-micro is 0.8705
2024-11-08 08:39:23 | INFO | train | task-0		Pre is 0.8705, Rec is 0.8705
2024-11-08 08:39:23 | INFO | train | task-0		C_M is 
[[   0   39  405    0]
 [   0 1074    0   32]
 [   0    0 1233    0]
 [   0   42    0 1175]]
2024-11-08 08:40:00 | INFO | train | In dataset test: Loss is [0.5123 0.5123 0.0000]
2024-11-08 08:40:00 | INFO | train | task-0		Acc is 0.8672, F1 is 0.8672
2024-11-08 08:40:00 | INFO | train | task-0		F1-macro is 0.6956, F1-micro is 0.8672
2024-11-08 08:40:00 | INFO | train | task-0		Pre is 0.8672, Rec is 0.8672
2024-11-08 08:40:00 | INFO | train | task-0		C_M is 
[[   0   33  442    0]
 [   0 1069    0   23]
 [   0    0 1209    0]
 [   0   33    0 1191]]
2024-11-08 08:40:00 | INFO | train | The best f1_macro util now is 0.6951, at step 77
2024-11-08 08:40:00 | INFO | train | The best f1_micro util now is 0.8658, at step 77
2024-11-08 08:40:44 | INFO | train | ----------------------------------------------------------------------------------
2024-11-08 08:40:44 | INFO | train | Time of iter training 43.88 s
2024-11-08 08:40:44 | INFO | train | On iter step 80:, global step 20481 Loss-step [0.5387 0.5387 0.0000]
2024-11-08 08:41:21 | INFO | train | In dataset train: Loss is [0.5244 0.5244 0.0000]
2024-11-08 08:41:21 | INFO | train | task-0		Acc is 0.8682, F1 is 0.8682
2024-11-08 08:41:21 | INFO | train | task-0		F1-macro is 0.6949, F1-micro is 0.8682
2024-11-08 08:41:21 | INFO | train | task-0		Pre is 0.8682, Rec is 0.8682
2024-11-08 08:41:21 | INFO | train | task-0		C_M is 
[[   0    2  450    0]
 [   0 1090    0   62]
 [   0    0 1229    0]
 [   0   13    0 1154]]
2024-11-08 08:41:58 | INFO | train | In dataset valid: Loss is [0.5260 0.5260 0.0000]
2024-11-08 08:41:58 | INFO | train | task-0		Acc is 0.8705, F1 is 0.8705
2024-11-08 08:41:58 | INFO | train | task-0		F1-macro is 0.6956, F1-micro is 0.8705
2024-11-08 08:41:58 | INFO | train | task-0		Pre is 0.8705, Rec is 0.8705
2024-11-08 08:41:58 | INFO | train | task-0		C_M is 
[[   0    7  437    0]
 [   0 1047    0   59]
 [   0    0 1233    0]
 [   0   15    0 1202]]
2024-11-08 08:42:35 | INFO | train | In dataset test: Loss is [0.5304 0.5304 0.0000]
2024-11-08 08:42:35 | INFO | train | task-0		Acc is 0.8638, F1 is 0.8638
2024-11-08 08:42:35 | INFO | train | task-0		F1-macro is 0.6936, F1-micro is 0.8638
2024-11-08 08:42:35 | INFO | train | task-0		Pre is 0.8638, Rec is 0.8638
2024-11-08 08:42:35 | INFO | train | task-0		C_M is 
[[   0    4  471    0]
 [   0 1034    0   58]
 [   0    0 1209    0]
 [   0   12    0 1212]]
2024-11-08 08:42:35 | INFO | train | The best f1_macro util now is 0.6936, at step 80
2024-11-08 08:42:35 | INFO | train | The best f1_micro util now is 0.8658, at step 77
2024-11-08 08:43:20 | INFO | train | ----------------------------------------------------------------------------------
2024-11-08 08:43:20 | INFO | train | Time of iter training 44.22 s
2024-11-08 08:43:20 | INFO | train | On iter step 81:, global step 20737 Loss-step [0.5775 0.5775 0.0000]
2024-11-08 08:43:56 | INFO | train | In dataset train: Loss is [0.5732 0.5732 0.0000]
2024-11-08 08:43:56 | INFO | train | task-0		Acc is 0.8275, F1 is 0.8275
2024-11-08 08:43:56 | INFO | train | task-0		F1-macro is 0.6602, F1-micro is 0.8275
2024-11-08 08:43:56 | INFO | train | task-0		Pre is 0.8275, Rec is 0.8275
2024-11-08 08:43:56 | INFO | train | task-0		C_M is 
[[   0  322  130    0]
 [   0 1152    0    0]
 [   0    1 1228    0]
 [   0  237    0  930]]
2024-11-08 08:44:33 | INFO | train | In dataset valid: Loss is [0.5721 0.5721 0.0000]
2024-11-08 08:44:33 | INFO | train | task-0		Acc is 0.8245, F1 is 0.8245
2024-11-08 08:44:33 | INFO | train | task-0		F1-macro is 0.6565, F1-micro is 0.8245
2024-11-08 08:44:33 | INFO | train | task-0		Pre is 0.8245, Rec is 0.8245
2024-11-08 08:44:33 | INFO | train | task-0		C_M is 
[[   0  313  131    0]
 [   0 1106    0    0]
 [   0    3 1230    0]
 [   0  255    0  962]]
2024-11-08 08:45:11 | INFO | train | In dataset test: Loss is [0.5840 0.5840 0.0000]
2024-11-08 08:45:11 | INFO | train | task-0		Acc is 0.8173, F1 is 0.8173
2024-11-08 08:45:11 | INFO | train | task-0		F1-macro is 0.6544, F1-micro is 0.8173
2024-11-08 08:45:11 | INFO | train | task-0		Pre is 0.8173, Rec is 0.8173
2024-11-08 08:45:11 | INFO | train | task-0		C_M is 
[[   0  356  119    0]
 [   0 1092    0    0]
 [   0    1 1208    0]
 [   0  255    0  969]]
2024-11-08 08:45:11 | INFO | train | The best f1_macro util now is 0.6936, at step 80
2024-11-08 08:45:11 | INFO | train | The best f1_micro util now is 0.8658, at step 77
2024-11-08 08:45:54 | INFO | train | ----------------------------------------------------------------------------------
2024-11-08 08:45:54 | INFO | train | Time of iter training 43.88 s
2024-11-08 08:45:54 | INFO | train | On iter step 82:, global step 20993 Loss-step [0.5374 0.5374 0.0000]
2024-11-08 08:46:31 | INFO | train | In dataset train: Loss is [0.5707 0.5707 0.0000]
2024-11-08 08:46:31 | INFO | train | task-0		Acc is 0.8658, F1 is 0.8658
2024-11-08 08:46:31 | INFO | train | task-0		F1-macro is 0.6894, F1-micro is 0.8658
2024-11-08 08:46:31 | INFO | train | task-0		Pre is 0.8658, Rec is 0.8658
2024-11-08 08:46:31 | INFO | train | task-0		C_M is 
[[   0  143  309    0]
 [   0 1084    0   68]
 [   0    0 1229    0]
 [   0   17    0 1150]]
2024-11-08 08:47:08 | INFO | train | In dataset valid: Loss is [0.5398 0.5398 0.0000]
2024-11-08 08:47:08 | INFO | train | task-0		Acc is 0.8708, F1 is 0.8708
2024-11-08 08:47:08 | INFO | train | task-0		F1-macro is 0.6923, F1-micro is 0.8708
2024-11-08 08:47:08 | INFO | train | task-0		Pre is 0.8708, Rec is 0.8708
2024-11-08 08:47:08 | INFO | train | task-0		C_M is 
[[   0  127  317    0]
 [   0 1045    0   61]
 [   0    0 1233    0]
 [   0   12    0 1205]]
2024-11-08 08:47:45 | INFO | train | In dataset test: Loss is [0.5551 0.5551 0.0000]
2024-11-08 08:47:45 | INFO | train | task-0		Acc is 0.8628, F1 is 0.8628
2024-11-08 08:47:45 | INFO | train | task-0		F1-macro is 0.6883, F1-micro is 0.8628
2024-11-08 08:47:45 | INFO | train | task-0		Pre is 0.8628, Rec is 0.8628
2024-11-08 08:47:45 | INFO | train | task-0		C_M is 
[[   0  158  317    0]
 [   0 1032    0   60]
 [   0    0 1209    0]
 [   0   14    0 1210]]
2024-11-08 08:47:45 | INFO | train | The best f1_macro util now is 0.6936, at step 80
2024-11-08 08:47:45 | INFO | train | The best f1_micro util now is 0.8628, at step 82
2024-11-08 08:48:29 | INFO | train | ----------------------------------------------------------------------------------
2024-11-08 08:48:29 | INFO | train | Time of iter training 44.03 s
2024-11-08 08:48:29 | INFO | train | On iter step 83:, global step 21249 Loss-step [0.5265 0.5265 0.0000]
2024-11-08 08:49:06 | INFO | train | In dataset train: Loss is [0.4910 0.4910 0.0000]
2024-11-08 08:49:06 | INFO | train | task-0		Acc is 0.8685, F1 is 0.8685
2024-11-08 08:49:06 | INFO | train | task-0		F1-macro is 0.6941, F1-micro is 0.8685
2024-11-08 08:49:06 | INFO | train | task-0		Pre is 0.8685, Rec is 0.8685
2024-11-08 08:49:06 | INFO | train | task-0		C_M is 
[[   0   35  417    0]
 [   0 1102    0   50]
 [   0    0 1229    0]
 [   0   24    0 1143]]
2024-11-08 08:49:43 | INFO | train | In dataset valid: Loss is [0.4846 0.4846 0.0000]
2024-11-08 08:49:43 | INFO | train | task-0		Acc is 0.8705, F1 is 0.8705
2024-11-08 08:49:43 | INFO | train | task-0		F1-macro is 0.6945, F1-micro is 0.8705
2024-11-08 08:49:43 | INFO | train | task-0		Pre is 0.8705, Rec is 0.8705
2024-11-08 08:49:43 | INFO | train | task-0		C_M is 
[[   0   39  405    0]
 [   0 1062    0   44]
 [   0    0 1233    0]
 [   0   30    0 1187]]
2024-11-08 08:50:20 | INFO | train | In dataset test: Loss is [0.5025 0.5025 0.0000]
2024-11-08 08:50:20 | INFO | train | task-0		Acc is 0.8645, F1 is 0.8645
2024-11-08 08:50:20 | INFO | train | task-0		F1-macro is 0.6931, F1-micro is 0.8645
2024-11-08 08:50:20 | INFO | train | task-0		Pre is 0.8645, Rec is 0.8645
2024-11-08 08:50:20 | INFO | train | task-0		C_M is 
[[   0   35  440    0]
 [   0 1046    0   46]
 [   0    0 1209    0]
 [   0   21    0 1203]]
2024-11-08 08:50:20 | INFO | train | The best f1_macro util now is 0.6936, at step 80
2024-11-08 08:50:20 | INFO | train | The best f1_micro util now is 0.8628, at step 82
2024-11-08 08:51:04 | INFO | train | ----------------------------------------------------------------------------------
2024-11-08 08:51:04 | INFO | train | Time of iter training 44.25 s
2024-11-08 08:51:04 | INFO | train | On iter step 84:, global step 21505 Loss-step [0.4960 0.4960 0.0000]
2024-11-08 08:51:41 | INFO | train | In dataset train: Loss is [0.4823 0.4823 0.0000]
2024-11-08 08:51:41 | INFO | train | task-0		Acc is 0.8668, F1 is 0.8668
2024-11-08 08:51:41 | INFO | train | task-0		F1-macro is 0.6895, F1-micro is 0.8668
2024-11-08 08:51:41 | INFO | train | task-0		Pre is 0.8668, Rec is 0.8668
2024-11-08 08:51:41 | INFO | train | task-0		C_M is 
[[   0  264  188    0]
 [   0 1088    0   64]
 [   0    0 1229    0]
 [   0   17    0 1150]]
2024-11-08 08:52:18 | INFO | train | In dataset valid: Loss is [0.4879 0.4879 0.0000]
2024-11-08 08:52:18 | INFO | train | task-0		Acc is 0.8680, F1 is 0.8680
2024-11-08 08:52:18 | INFO | train | task-0		F1-macro is 0.6890, F1-micro is 0.8680
2024-11-08 08:52:18 | INFO | train | task-0		Pre is 0.8680, Rec is 0.8680
2024-11-08 08:52:18 | INFO | train | task-0		C_M is 
[[   0  241  203    0]
 [   0 1050    0   56]
 [   0    0 1233    0]
 [   0   28    0 1189]]
2024-11-08 08:52:55 | INFO | train | In dataset test: Loss is [0.4864 0.4864 0.0000]
2024-11-08 08:52:55 | INFO | train | task-0		Acc is 0.8625, F1 is 0.8625
2024-11-08 08:52:55 | INFO | train | task-0		F1-macro is 0.6874, F1-micro is 0.8625
2024-11-08 08:52:55 | INFO | train | task-0		Pre is 0.8625, Rec is 0.8625
2024-11-08 08:52:55 | INFO | train | task-0		C_M is 
[[   0  297  178    0]
 [   0 1043    0   49]
 [   0    0 1209    0]
 [   0   26    0 1198]]
2024-11-08 08:52:55 | INFO | train | The best f1_macro util now is 0.6936, at step 80
2024-11-08 08:52:55 | INFO | train | The best f1_micro util now is 0.8628, at step 82
2024-11-08 08:53:39 | INFO | train | ----------------------------------------------------------------------------------
2024-11-08 08:53:39 | INFO | train | Time of iter training 44.08 s
2024-11-08 08:53:39 | INFO | train | On iter step 85:, global step 21761 Loss-step [0.5077 0.5077 0.0000]
2024-11-08 08:54:16 | INFO | train | In dataset train: Loss is [0.4771 0.4771 0.0000]
2024-11-08 08:54:16 | INFO | train | task-0		Acc is 0.8680, F1 is 0.8680
2024-11-08 08:54:16 | INFO | train | task-0		F1-macro is 0.6938, F1-micro is 0.8680
2024-11-08 08:54:16 | INFO | train | task-0		Pre is 0.8680, Rec is 0.8680
2024-11-08 08:54:16 | INFO | train | task-0		C_M is 
[[   0   31  421    0]
 [   0 1087    0   65]
 [   0    0 1229    0]
 [   0   11    0 1156]]
2024-11-08 08:54:53 | INFO | train | In dataset valid: Loss is [0.4699 0.4699 0.0000]
2024-11-08 08:54:53 | INFO | train | task-0		Acc is 0.8700, F1 is 0.8700
2024-11-08 08:54:53 | INFO | train | task-0		F1-macro is 0.6943, F1-micro is 0.8700
2024-11-08 08:54:53 | INFO | train | task-0		Pre is 0.8700, Rec is 0.8700
2024-11-08 08:54:53 | INFO | train | task-0		C_M is 
[[   0   32  412    0]
 [   0 1045    0   61]
 [   0    0 1233    0]
 [   0   15    0 1202]]
2024-11-08 08:55:30 | INFO | train | In dataset test: Loss is [0.4750 0.4750 0.0000]
2024-11-08 08:55:30 | INFO | train | task-0		Acc is 0.8642, F1 is 0.8643
2024-11-08 08:55:30 | INFO | train | task-0		F1-macro is 0.6930, F1-micro is 0.8643
2024-11-08 08:55:30 | INFO | train | task-0		Pre is 0.8642, Rec is 0.8642
2024-11-08 08:55:30 | INFO | train | task-0		C_M is 
[[   0   30  445    0]
 [   0 1040    0   52]
 [   0    0 1209    0]
 [   0   16    0 1208]]
2024-11-08 08:55:30 | INFO | train | The best f1_macro util now is 0.6936, at step 80
2024-11-08 08:55:30 | INFO | train | The best f1_micro util now is 0.8628, at step 82
2024-11-08 08:56:14 | INFO | train | ----------------------------------------------------------------------------------
2024-11-08 08:56:14 | INFO | train | Time of iter training 44.15 s
2024-11-08 08:56:14 | INFO | train | On iter step 86:, global step 22017 Loss-step [0.4617 0.4617 0.0000]
2024-11-08 08:56:51 | INFO | train | In dataset train: Loss is [0.6324 0.6324 0.0000]
2024-11-08 08:56:51 | INFO | train | task-0		Acc is 0.8468, F1 is 0.8468
2024-11-08 08:56:51 | INFO | train | task-0		F1-macro is 0.6728, F1-micro is 0.8468
2024-11-08 08:56:51 | INFO | train | task-0		Pre is 0.8468, Rec is 0.8468
2024-11-08 08:56:51 | INFO | train | task-0		C_M is 
[[   0  118  248   86]
 [   0 1146    0    6]
 [   0    0 1229    0]
 [   0  155    0 1012]]
2024-11-08 08:57:28 | INFO | train | In dataset valid: Loss is [0.6296 0.6296 0.0000]
2024-11-08 08:57:28 | INFO | train | task-0		Acc is 0.8480, F1 is 0.8480
2024-11-08 08:57:28 | INFO | train | task-0		F1-macro is 0.6730, F1-micro is 0.8480
2024-11-08 08:57:28 | INFO | train | task-0		Pre is 0.8480, Rec is 0.8480
2024-11-08 08:57:28 | INFO | train | task-0		C_M is 
[[   0  113  243   88]
 [   0 1093    0   13]
 [   0    0 1233    0]
 [   0  151    0 1066]]
2024-11-08 08:58:05 | INFO | train | In dataset test: Loss is [0.6203 0.6203 0.0000]
2024-11-08 08:58:05 | INFO | train | task-0		Acc is 0.8427, F1 is 0.8427
2024-11-08 08:58:05 | INFO | train | task-0		F1-macro is 0.6716, F1-micro is 0.8427
2024-11-08 08:58:05 | INFO | train | task-0		Pre is 0.8427, Rec is 0.8427
2024-11-08 08:58:05 | INFO | train | task-0		C_M is 
[[   0  133  234  108]
 [   0 1086    0    6]
 [   0    0 1209    0]
 [   0  148    0 1076]]
2024-11-08 08:58:05 | INFO | train | The best f1_macro util now is 0.6936, at step 80
2024-11-08 08:58:05 | INFO | train | The best f1_micro util now is 0.8628, at step 82
2024-11-08 08:58:49 | INFO | train | ----------------------------------------------------------------------------------
2024-11-08 08:58:49 | INFO | train | Time of iter training 44.10 s
2024-11-08 08:58:49 | INFO | train | On iter step 87:, global step 22273 Loss-step [0.5323 0.5323 0.0000]
2024-11-08 08:59:26 | INFO | train | In dataset train: Loss is [0.4796 0.4796 0.0000]
2024-11-08 08:59:26 | INFO | train | task-0		Acc is 0.8730, F1 is 0.8730
2024-11-08 08:59:26 | INFO | train | task-0		F1-macro is 0.6940, F1-micro is 0.8730
2024-11-08 08:59:26 | INFO | train | task-0		Pre is 0.8730, Rec is 0.8730
2024-11-08 08:59:26 | INFO | train | task-0		C_M is 
[[   0  116  207  129]
 [   0 1120    0   32]
 [   0    0 1229    0]
 [   0   24    0 1143]]
2024-11-08 09:00:03 | INFO | train | In dataset valid: Loss is [0.5197 0.5197 0.0000]
2024-11-08 09:00:03 | INFO | train | task-0		Acc is 0.8732, F1 is 0.8732
2024-11-08 09:00:03 | INFO | train | task-0		F1-macro is 0.6935, F1-micro is 0.8732
2024-11-08 09:00:03 | INFO | train | task-0		Pre is 0.8732, Rec is 0.8732
2024-11-08 09:00:03 | INFO | train | task-0		C_M is 
[[   0  114  213  117]
 [   0 1073    0   33]
 [   0    0 1233    0]
 [   0   30    0 1187]]
2024-11-08 09:00:40 | INFO | train | In dataset test: Loss is [0.4923 0.4923 0.0000]
2024-11-08 09:00:40 | INFO | train | task-0		Acc is 0.8710, F1 is 0.8710
2024-11-08 09:00:40 | INFO | train | task-0		F1-macro is 0.6945, F1-micro is 0.8710
2024-11-08 09:00:40 | INFO | train | task-0		Pre is 0.8710, Rec is 0.8710
2024-11-08 09:00:40 | INFO | train | task-0		C_M is 
[[   0  125  195  155]
 [   0 1071    0   21]
 [   0    0 1209    0]
 [   0   20    0 1204]]
2024-11-08 09:00:40 | INFO | train | The best f1_macro util now is 0.6936, at step 80
2024-11-08 09:00:40 | INFO | train | The best f1_micro util now is 0.8710, at step 87
2024-11-08 09:01:25 | INFO | train | ----------------------------------------------------------------------------------
2024-11-08 09:01:25 | INFO | train | Time of iter training 44.07 s
2024-11-08 09:01:25 | INFO | train | On iter step 88:, global step 22529 Loss-step [0.4266 0.4266 0.0000]
2024-11-08 09:02:01 | INFO | train | In dataset train: Loss is [0.4707 0.4707 0.0000]
2024-11-08 09:02:01 | INFO | train | task-0		Acc is 0.8738, F1 is 0.8738
2024-11-08 09:02:01 | INFO | train | task-0		F1-macro is 0.6990, F1-micro is 0.8738
2024-11-08 09:02:01 | INFO | train | task-0		Pre is 0.8738, Rec is 0.8738
2024-11-08 09:02:01 | INFO | train | task-0		C_M is 
[[   0   22  428    2]
 [   0 1126    0   26]
 [   0    0 1229    0]
 [   0   27    0 1140]]
2024-11-08 09:02:38 | INFO | train | In dataset valid: Loss is [0.4768 0.4768 0.0000]
2024-11-08 09:02:38 | INFO | train | task-0		Acc is 0.8738, F1 is 0.8738
2024-11-08 09:02:38 | INFO | train | task-0		F1-macro is 0.6978, F1-micro is 0.8738
2024-11-08 09:02:38 | INFO | train | task-0		Pre is 0.8738, Rec is 0.8738
2024-11-08 09:02:38 | INFO | train | task-0		C_M is 
[[   0   25  417    2]
 [   0 1076    0   30]
 [   0    0 1233    0]
 [   0   31    0 1186]]
2024-11-08 09:03:16 | INFO | train | In dataset test: Loss is [0.4925 0.4925 0.0000]
2024-11-08 09:03:16 | INFO | train | task-0		Acc is 0.8682, F1 is 0.8682
2024-11-08 09:03:16 | INFO | train | task-0		F1-macro is 0.6971, F1-micro is 0.8682
2024-11-08 09:03:16 | INFO | train | task-0		Pre is 0.8682, Rec is 0.8682
2024-11-08 09:03:16 | INFO | train | task-0		C_M is 
[[   0   16  458    1]
 [   0 1073    0   19]
 [   0    0 1209    0]
 [   0   33    0 1191]]
2024-11-08 09:03:16 | INFO | train | The best f1_macro util now is 0.6971, at step 88
2024-11-08 09:03:16 | INFO | train | The best f1_micro util now is 0.8682, at step 88
2024-11-08 09:04:00 | INFO | train | ----------------------------------------------------------------------------------
2024-11-08 09:04:00 | INFO | train | Time of iter training 44.52 s
2024-11-08 09:04:00 | INFO | train | On iter step 89:, global step 22785 Loss-step [0.5413 0.5413 0.0000]
2024-11-08 09:04:37 | INFO | train | In dataset train: Loss is [0.4775 0.4775 0.0000]
2024-11-08 09:04:37 | INFO | train | task-0		Acc is 0.8558, F1 is 0.8558
2024-11-08 09:04:37 | INFO | train | task-0		F1-macro is 0.6816, F1-micro is 0.8558
2024-11-08 09:04:37 | INFO | train | task-0		Pre is 0.8558, Rec is 0.8558
2024-11-08 09:04:37 | INFO | train | task-0		C_M is 
[[   0   89  363    0]
 [   0 1035    0  117]
 [   0    0 1229    0]
 [   0    8    0 1159]]
2024-11-08 09:05:14 | INFO | train | In dataset valid: Loss is [0.4802 0.4802 0.0000]
2024-11-08 09:05:14 | INFO | train | task-0		Acc is 0.8620, F1 is 0.8620
2024-11-08 09:05:14 | INFO | train | task-0		F1-macro is 0.6853, F1-micro is 0.8620
2024-11-08 09:05:14 | INFO | train | task-0		Pre is 0.8620, Rec is 0.8620
2024-11-08 09:05:14 | INFO | train | task-0		C_M is 
[[   0   99  345    0]
 [   0 1004    0  102]
 [   0    0 1233    0]
 [   0    6    0 1211]]
2024-11-08 09:05:51 | INFO | train | In dataset test: Loss is [0.4735 0.4735 0.0000]
2024-11-08 09:05:51 | INFO | train | task-0		Acc is 0.8545, F1 is 0.8545
2024-11-08 09:05:51 | INFO | train | task-0		F1-macro is 0.6821, F1-micro is 0.8545
2024-11-08 09:05:51 | INFO | train | task-0		Pre is 0.8545, Rec is 0.8545
2024-11-08 09:05:51 | INFO | train | task-0		C_M is 
[[   0  106  369    0]
 [   0  988    0  104]
 [   0    0 1209    0]
 [   0    3    0 1221]]
2024-11-08 09:05:51 | INFO | train | The best f1_macro util now is 0.6971, at step 88
2024-11-08 09:05:51 | INFO | train | The best f1_micro util now is 0.8682, at step 88
2024-11-08 09:06:35 | INFO | train | ----------------------------------------------------------------------------------
2024-11-08 09:06:35 | INFO | train | Time of iter training 44.05 s
2024-11-08 09:06:35 | INFO | train | On iter step 90:, global step 23041 Loss-step [0.4246 0.4246 0.0000]
2024-11-08 09:07:12 | INFO | train | In dataset train: Loss is [0.4856 0.4856 0.0000]
2024-11-08 09:07:12 | INFO | train | task-0		Acc is 0.8690, F1 is 0.8690
2024-11-08 09:07:12 | INFO | train | task-0		F1-macro is 0.6908, F1-micro is 0.8690
2024-11-08 09:07:12 | INFO | train | task-0		Pre is 0.8690, Rec is 0.8690
2024-11-08 09:07:12 | INFO | train | task-0		C_M is 
[[   0  100  134  218]
 [   0 1109    0   43]
 [   0    0 1229    0]
 [   0   29    0 1138]]
2024-11-08 09:07:49 | INFO | train | In dataset valid: Loss is [0.4870 0.4870 0.0000]
2024-11-08 09:07:49 | INFO | train | task-0		Acc is 0.8712, F1 is 0.8713
2024-11-08 09:07:49 | INFO | train | task-0		F1-macro is 0.6921, F1-micro is 0.8713
2024-11-08 09:07:49 | INFO | train | task-0		Pre is 0.8712, Rec is 0.8712
2024-11-08 09:07:49 | INFO | train | task-0		C_M is 
[[   0   98  137  209]
 [   0 1067    0   39]
 [   0    0 1233    0]
 [   0   32    0 1185]]
2024-11-08 09:08:26 | INFO | train | In dataset test: Loss is [0.4910 0.4910 0.0000]
2024-11-08 09:08:26 | INFO | train | task-0		Acc is 0.8672, F1 is 0.8672
2024-11-08 09:08:26 | INFO | train | task-0		F1-macro is 0.6921, F1-micro is 0.8672
2024-11-08 09:08:26 | INFO | train | task-0		Pre is 0.8672, Rec is 0.8672
2024-11-08 09:08:26 | INFO | train | task-0		C_M is 
[[   0  111  124  240]
 [   0 1059    0   33]
 [   0    0 1209    0]
 [   0   23    0 1201]]
2024-11-08 09:08:26 | INFO | train | The best f1_macro util now is 0.6971, at step 88
2024-11-08 09:08:26 | INFO | train | The best f1_micro util now is 0.8682, at step 88
2024-11-08 09:09:11 | INFO | train | ----------------------------------------------------------------------------------
2024-11-08 09:09:11 | INFO | train | Time of iter training 44.49 s
2024-11-08 09:09:11 | INFO | train | On iter step 91:, global step 23297 Loss-step [0.4938 0.4938 0.0000]
2024-11-08 09:09:48 | INFO | train | In dataset train: Loss is [0.4844 0.4844 0.0000]
2024-11-08 09:09:48 | INFO | train | task-0		Acc is 0.8665, F1 is 0.8665
2024-11-08 09:09:48 | INFO | train | task-0		F1-macro is 0.6893, F1-micro is 0.8665
2024-11-08 09:09:48 | INFO | train | task-0		Pre is 0.8665, Rec is 0.8665
2024-11-08 09:09:48 | INFO | train | task-0		C_M is 
[[   0  289  163    0]
 [   0 1083    0   69]
 [   0    0 1229    0]
 [   0   13    0 1154]]
2024-11-08 09:10:25 | INFO | train | In dataset valid: Loss is [0.4785 0.4785 0.0000]
2024-11-08 09:10:25 | INFO | train | task-0		Acc is 0.8718, F1 is 0.8718
2024-11-08 09:10:25 | INFO | train | task-0		F1-macro is 0.6918, F1-micro is 0.8718
2024-11-08 09:10:25 | INFO | train | task-0		Pre is 0.8718, Rec is 0.8718
2024-11-08 09:10:25 | INFO | train | task-0		C_M is 
[[   0  273  171    0]
 [   0 1051    0   55]
 [   0    0 1233    0]
 [   0   14    0 1203]]
2024-11-08 09:11:02 | INFO | train | In dataset test: Loss is [0.4726 0.4726 0.0000]
2024-11-08 09:11:02 | INFO | train | task-0		Acc is 0.8645, F1 is 0.8645
2024-11-08 09:11:02 | INFO | train | task-0		F1-macro is 0.6889, F1-micro is 0.8645
2024-11-08 09:11:02 | INFO | train | task-0		Pre is 0.8645, Rec is 0.8645
2024-11-08 09:11:02 | INFO | train | task-0		C_M is 
[[   0  323  152    0]
 [   0 1037    0   55]
 [   0    0 1209    0]
 [   0   12    0 1212]]
2024-11-08 09:11:02 | INFO | train | The best f1_macro util now is 0.6971, at step 88
2024-11-08 09:11:02 | INFO | train | The best f1_micro util now is 0.8682, at step 88
2024-11-08 09:11:46 | INFO | train | ----------------------------------------------------------------------------------
2024-11-08 09:11:46 | INFO | train | Time of iter training 44.12 s
2024-11-08 09:11:46 | INFO | train | On iter step 92:, global step 23553 Loss-step [0.4880 0.4880 0.0000]
2024-11-08 09:12:23 | INFO | train | In dataset train: Loss is [0.4986 0.4986 0.0000]
2024-11-08 09:12:23 | INFO | train | task-0		Acc is 0.8715, F1 is 0.8715
2024-11-08 09:12:23 | INFO | train | task-0		F1-macro is 0.6939, F1-micro is 0.8715
2024-11-08 09:12:23 | INFO | train | task-0		Pre is 0.8715, Rec is 0.8715
2024-11-08 09:12:23 | INFO | train | task-0		C_M is 
[[   0  207  245    0]
 [   0 1122    0   30]
 [   0    0 1229    0]
 [   0   32    0 1135]]
2024-11-08 09:13:00 | INFO | train | In dataset valid: Loss is [0.4753 0.4753 0.0000]
2024-11-08 09:13:00 | INFO | train | task-0		Acc is 0.8748, F1 is 0.8748
2024-11-08 09:13:00 | INFO | train | task-0		F1-macro is 0.6951, F1-micro is 0.8748
2024-11-08 09:13:00 | INFO | train | task-0		Pre is 0.8748, Rec is 0.8748
2024-11-08 09:13:00 | INFO | train | task-0		C_M is 
[[   0  190  254    0]
 [   0 1078    0   28]
 [   0    0 1233    0]
 [   0   29    0 1188]]
2024-11-08 09:13:37 | INFO | train | In dataset test: Loss is [0.4938 0.4938 0.0000]
2024-11-08 09:13:37 | INFO | train | task-0		Acc is 0.8708, F1 is 0.8708
2024-11-08 09:13:37 | INFO | train | task-0		F1-macro is 0.6946, F1-micro is 0.8708
2024-11-08 09:13:37 | INFO | train | task-0		Pre is 0.8708, Rec is 0.8708
2024-11-08 09:13:37 | INFO | train | task-0		C_M is 
[[   0  231  244    0]
 [   0 1073    0   19]
 [   0    0 1209    0]
 [   0   23    0 1201]]
2024-11-08 09:13:37 | INFO | train | The best f1_macro util now is 0.6971, at step 88
2024-11-08 09:13:37 | INFO | train | The best f1_micro util now is 0.8708, at step 92
2024-11-08 09:14:21 | INFO | train | ----------------------------------------------------------------------------------
2024-11-08 09:14:21 | INFO | train | Time of iter training 44.25 s
2024-11-08 09:14:21 | INFO | train | On iter step 93:, global step 23809 Loss-step [0.4607 0.4607 0.0000]
2024-11-08 09:14:58 | INFO | train | In dataset train: Loss is [0.5460 0.5460 0.0000]
2024-11-08 09:14:58 | INFO | train | task-0		Acc is 0.8712, F1 is 0.8713
2024-11-08 09:14:58 | INFO | train | task-0		F1-macro is 0.6938, F1-micro is 0.8713
2024-11-08 09:14:58 | INFO | train | task-0		Pre is 0.8712, Rec is 0.8712
2024-11-08 09:14:58 | INFO | train | task-0		C_M is 
[[   0  323  129    0]
 [   0 1110    0   42]
 [   0    0 1229    0]
 [   0   21    0 1146]]
2024-11-08 09:15:35 | INFO | train | In dataset valid: Loss is [0.5677 0.5677 0.0000]
2024-11-08 09:15:35 | INFO | train | task-0		Acc is 0.8710, F1 is 0.8710
2024-11-08 09:15:35 | INFO | train | task-0		F1-macro is 0.6916, F1-micro is 0.8710
2024-11-08 09:15:35 | INFO | train | task-0		Pre is 0.8710, Rec is 0.8710
2024-11-08 09:15:35 | INFO | train | task-0		C_M is 
[[   0  313  131    0]
 [   0 1059    0   47]
 [   0    0 1233    0]
 [   0   25    0 1192]]
2024-11-08 09:16:12 | INFO | train | In dataset test: Loss is [0.5157 0.5157 0.0000]
2024-11-08 09:16:12 | INFO | train | task-0		Acc is 0.8685, F1 is 0.8685
2024-11-08 09:16:12 | INFO | train | task-0		F1-macro is 0.6928, F1-micro is 0.8685
2024-11-08 09:16:12 | INFO | train | task-0		Pre is 0.8685, Rec is 0.8685
2024-11-08 09:16:12 | INFO | train | task-0		C_M is 
[[   0  355  120    0]
 [   0 1060    0   32]
 [   0    0 1209    0]
 [   0   19    0 1205]]
2024-11-08 09:16:12 | INFO | train | The best f1_macro util now is 0.6971, at step 88
2024-11-08 09:16:12 | INFO | train | The best f1_micro util now is 0.8708, at step 92
2024-11-08 09:16:56 | INFO | train | ----------------------------------------------------------------------------------
2024-11-08 09:16:56 | INFO | train | Time of iter training 44.03 s
2024-11-08 09:16:56 | INFO | train | On iter step 94:, global step 24065 Loss-step [0.5051 0.5051 0.0000]
2024-11-08 09:17:33 | INFO | train | In dataset train: Loss is [0.4765 0.4765 0.0000]
2024-11-08 09:17:33 | INFO | train | task-0		Acc is 0.8680, F1 is 0.8680
2024-11-08 09:17:33 | INFO | train | task-0		F1-macro is 0.6911, F1-micro is 0.8680
2024-11-08 09:17:33 | INFO | train | task-0		Pre is 0.8680, Rec is 0.8680
2024-11-08 09:17:33 | INFO | train | task-0		C_M is 
[[   0   96  297   59]
 [   0 1142    0   10]
 [   0    0 1229    0]
 [   0   66    0 1101]]
2024-11-08 09:18:10 | INFO | train | In dataset valid: Loss is [0.4763 0.4763 0.0000]
2024-11-08 09:18:10 | INFO | train | task-0		Acc is 0.8655, F1 is 0.8655
2024-11-08 09:18:10 | INFO | train | task-0		F1-macro is 0.6883, F1-micro is 0.8655
2024-11-08 09:18:10 | INFO | train | task-0		Pre is 0.8655, Rec is 0.8655
2024-11-08 09:18:10 | INFO | train | task-0		C_M is 
[[   0   86  304   54]
 [   0 1096    0   10]
 [   0    0 1233    0]
 [   0   84    0 1133]]
2024-11-08 09:18:47 | INFO | train | In dataset test: Loss is [0.4643 0.4643 0.0000]
2024-11-08 09:18:47 | INFO | train | task-0		Acc is 0.8655, F1 is 0.8655
2024-11-08 09:18:47 | INFO | train | task-0		F1-macro is 0.6910, F1-micro is 0.8655
2024-11-08 09:18:47 | INFO | train | task-0		Pre is 0.8655, Rec is 0.8655
2024-11-08 09:18:47 | INFO | train | task-0		C_M is 
[[   0  100  296   79]
 [   0 1088    0    4]
 [   0    0 1209    0]
 [   0   59    0 1165]]
2024-11-08 09:18:47 | INFO | train | The best f1_macro util now is 0.6971, at step 88
2024-11-08 09:18:47 | INFO | train | The best f1_micro util now is 0.8708, at step 92
2024-11-08 09:19:31 | INFO | train | ----------------------------------------------------------------------------------
2024-11-08 09:19:31 | INFO | train | Time of iter training 44.28 s
2024-11-08 09:19:31 | INFO | train | On iter step 95:, global step 24321 Loss-step [0.4411 0.4411 0.0000]
2024-11-08 09:20:08 | INFO | train | In dataset train: Loss is [0.4860 0.4860 0.0000]
2024-11-08 09:20:08 | INFO | train | task-0		Acc is 0.8650, F1 is 0.8650
2024-11-08 09:20:08 | INFO | train | task-0		F1-macro is 0.6922, F1-micro is 0.8650
2024-11-08 09:20:08 | INFO | train | task-0		Pre is 0.8650, Rec is 0.8650
2024-11-08 09:20:08 | INFO | train | task-0		C_M is 
[[   0    0  452    0]
 [   0 1145    0    7]
 [   0    0 1229    0]
 [   0   81    0 1086]]
2024-11-08 09:20:45 | INFO | train | In dataset valid: Loss is [0.4828 0.4828 0.0000]
2024-11-08 09:20:45 | INFO | train | task-0		Acc is 0.8630, F1 is 0.8630
2024-11-08 09:20:45 | INFO | train | task-0		F1-macro is 0.6895, F1-micro is 0.8630
2024-11-08 09:20:45 | INFO | train | task-0		Pre is 0.8630, Rec is 0.8630
2024-11-08 09:20:45 | INFO | train | task-0		C_M is 
[[   0    0  444    0]
 [   0 1099    0    7]
 [   0    0 1233    0]
 [   0   97    0 1120]]
2024-11-08 09:21:22 | INFO | train | In dataset test: Loss is [0.4821 0.4821 0.0000]
2024-11-08 09:21:22 | INFO | train | task-0		Acc is 0.8622, F1 is 0.8622
2024-11-08 09:21:22 | INFO | train | task-0		F1-macro is 0.6925, F1-micro is 0.8622
2024-11-08 09:21:22 | INFO | train | task-0		Pre is 0.8622, Rec is 0.8622
2024-11-08 09:21:22 | INFO | train | task-0		C_M is 
[[   0    0  475    0]
 [   0 1089    0    3]
 [   0    0 1209    0]
 [   0   73    0 1151]]
2024-11-08 09:21:22 | INFO | train | The best f1_macro util now is 0.6971, at step 88
2024-11-08 09:21:22 | INFO | train | The best f1_micro util now is 0.8708, at step 92
2024-11-08 09:22:06 | INFO | train | ----------------------------------------------------------------------------------
2024-11-08 09:22:06 | INFO | train | Time of iter training 44.00 s
2024-11-08 09:22:06 | INFO | train | On iter step 96:, global step 24577 Loss-step [0.4700 0.4700 0.0000]
2024-11-08 09:22:43 | INFO | train | In dataset train: Loss is [0.4693 0.4693 0.0000]
2024-11-08 09:22:43 | INFO | train | task-0		Acc is 0.8595, F1 is 0.8595
2024-11-08 09:22:43 | INFO | train | task-0		F1-macro is 0.6844, F1-micro is 0.8595
2024-11-08 09:22:43 | INFO | train | task-0		Pre is 0.8595, Rec is 0.8595
2024-11-08 09:22:43 | INFO | train | task-0		C_M is 
[[   0  195  241   16]
 [   0 1152    0    0]
 [   0    0 1229    0]
 [   0  110    0 1057]]
2024-11-08 09:23:20 | INFO | train | In dataset valid: Loss is [0.4710 0.4710 0.0000]
2024-11-08 09:23:20 | INFO | train | task-0		Acc is 0.8568, F1 is 0.8568
2024-11-08 09:23:20 | INFO | train | task-0		F1-macro is 0.6809, F1-micro is 0.8568
2024-11-08 09:23:20 | INFO | train | task-0		Pre is 0.8568, Rec is 0.8568
2024-11-08 09:23:20 | INFO | train | task-0		C_M is 
[[   0  182  248   14]
 [   0 1103    0    3]
 [   0    0 1233    0]
 [   0  126    0 1091]]
2024-11-08 09:23:57 | INFO | train | In dataset test: Loss is [0.4709 0.4709 0.0000]
2024-11-08 09:23:57 | INFO | train | task-0		Acc is 0.8542, F1 is 0.8542
2024-11-08 09:23:57 | INFO | train | task-0		F1-macro is 0.6816, F1-micro is 0.8542
2024-11-08 09:23:57 | INFO | train | task-0		Pre is 0.8542, Rec is 0.8542
2024-11-08 09:23:57 | INFO | train | task-0		C_M is 
[[   0  219  236   20]
 [   0 1090    0    2]
 [   0    0 1209    0]
 [   0  106    0 1118]]
2024-11-08 09:23:57 | INFO | train | The best f1_macro util now is 0.6971, at step 88
2024-11-08 09:23:57 | INFO | train | The best f1_micro util now is 0.8708, at step 92
2024-11-08 09:24:42 | INFO | train | ----------------------------------------------------------------------------------
2024-11-08 09:24:42 | INFO | train | Time of iter training 44.16 s
2024-11-08 09:24:42 | INFO | train | On iter step 97:, global step 24833 Loss-step [0.5211 0.5211 0.0000]
2024-11-08 09:25:18 | INFO | train | In dataset train: Loss is [0.4629 0.4629 0.0000]
2024-11-08 09:25:18 | INFO | train | task-0		Acc is 0.8640, F1 is 0.8640
2024-11-08 09:25:18 | INFO | train | task-0		F1-macro is 0.6891, F1-micro is 0.8640
2024-11-08 09:25:18 | INFO | train | task-0		Pre is 0.8640, Rec is 0.8640
2024-11-08 09:25:18 | INFO | train | task-0		C_M is 
[[   0  324  128    0]
 [   0 1149    0    3]
 [   0    0 1229    0]
 [   0   89    0 1078]]
2024-11-08 09:25:55 | INFO | train | In dataset valid: Loss is [0.4654 0.4654 0.0000]
2024-11-08 09:25:55 | INFO | train | task-0		Acc is 0.8635, F1 is 0.8635
2024-11-08 09:25:55 | INFO | train | task-0		F1-macro is 0.6868, F1-micro is 0.8635
2024-11-08 09:25:55 | INFO | train | task-0		Pre is 0.8635, Rec is 0.8635
2024-11-08 09:25:55 | INFO | train | task-0		C_M is 
[[   0  313  131    0]
 [   0 1098    0    8]
 [   0    0 1233    0]
 [   0   94    0 1123]]
2024-11-08 09:26:33 | INFO | train | In dataset test: Loss is [0.4720 0.4720 0.0000]
2024-11-08 09:26:33 | INFO | train | task-0		Acc is 0.8612, F1 is 0.8612
2024-11-08 09:26:33 | INFO | train | task-0		F1-macro is 0.6881, F1-micro is 0.8612
2024-11-08 09:26:33 | INFO | train | task-0		Pre is 0.8612, Rec is 0.8612
2024-11-08 09:26:33 | INFO | train | task-0		C_M is 
[[   0  354  121    0]
 [   0 1088    0    4]
 [   0    0 1209    0]
 [   0   76    0 1148]]
2024-11-08 09:26:33 | INFO | train | The best f1_macro util now is 0.6971, at step 88
2024-11-08 09:26:33 | INFO | train | The best f1_micro util now is 0.8708, at step 92
2024-11-08 09:27:17 | INFO | train | ----------------------------------------------------------------------------------
2024-11-08 09:27:17 | INFO | train | Time of iter training 44.08 s
2024-11-08 09:27:17 | INFO | train | On iter step 98:, global step 25089 Loss-step [0.4477 0.4477 0.0000]
2024-11-08 09:27:54 | INFO | train | In dataset train: Loss is [0.5231 0.5231 0.0000]
2024-11-08 09:27:54 | INFO | train | task-0		Acc is 0.8708, F1 is 0.8708
2024-11-08 09:27:54 | INFO | train | task-0		F1-macro is 0.6940, F1-micro is 0.8708
2024-11-08 09:27:54 | INFO | train | task-0		Pre is 0.8708, Rec is 0.8708
2024-11-08 09:27:54 | INFO | train | task-0		C_M is 
[[   0  136  309    7]
 [   0 1139    0   13]
 [   0    0 1229    0]
 [   0   52    0 1115]]
2024-11-08 09:28:31 | INFO | train | In dataset valid: Loss is [0.6596 0.6596 0.0000]
2024-11-08 09:28:31 | INFO | train | task-0		Acc is 0.8720, F1 is 0.8720
2024-11-08 09:28:31 | INFO | train | task-0		F1-macro is 0.6938, F1-micro is 0.8720
2024-11-08 09:28:31 | INFO | train | task-0		Pre is 0.8720, Rec is 0.8720
2024-11-08 09:28:31 | INFO | train | task-0		C_M is 
[[   0  124  314    6]
 [   0 1091    0   15]
 [   0    0 1233    0]
 [   0   53    0 1164]]
2024-11-08 09:29:08 | INFO | train | In dataset test: Loss is [0.5372 0.5372 0.0000]
2024-11-08 09:29:08 | INFO | train | task-0		Acc is 0.8665, F1 is 0.8665
2024-11-08 09:29:08 | INFO | train | task-0		F1-macro is 0.6919, F1-micro is 0.8665
2024-11-08 09:29:08 | INFO | train | task-0		Pre is 0.8665, Rec is 0.8665
2024-11-08 09:29:08 | INFO | train | task-0		C_M is 
[[   0  165  302    8]
 [   0 1082    0   10]
 [   0    0 1209    0]
 [   0   49    0 1175]]
2024-11-08 09:29:08 | INFO | train | The best f1_macro util now is 0.6971, at step 88
2024-11-08 09:29:08 | INFO | train | The best f1_micro util now is 0.8708, at step 92
2024-11-08 09:29:52 | INFO | train | ----------------------------------------------------------------------------------
2024-11-08 09:29:52 | INFO | train | Time of iter training 44.21 s
2024-11-08 09:29:52 | INFO | train | On iter step 99:, global step 25345 Loss-step [0.5118 0.5118 0.0000]
2024-11-08 09:30:29 | INFO | train | In dataset train: Loss is [0.4931 0.4931 0.0000]
2024-11-08 09:30:29 | INFO | train | task-0		Acc is 0.8712, F1 is 0.8713
2024-11-08 09:30:29 | INFO | train | task-0		F1-macro is 0.6944, F1-micro is 0.8713
2024-11-08 09:30:29 | INFO | train | task-0		Pre is 0.8712, Rec is 0.8712
2024-11-08 09:30:29 | INFO | train | task-0		C_M is 
[[   0    4  127  321]
 [   0 1118    0   34]
 [   0    0 1229    0]
 [   0   29    0 1138]]
2024-11-08 09:31:06 | INFO | train | In dataset valid: Loss is [0.5181 0.5181 0.0000]
2024-11-08 09:31:06 | INFO | train | task-0		Acc is 0.8730, F1 is 0.8730
2024-11-08 09:31:06 | INFO | train | task-0		F1-macro is 0.6957, F1-micro is 0.8730
2024-11-08 09:31:06 | INFO | train | task-0		Pre is 0.8730, Rec is 0.8730
2024-11-08 09:31:06 | INFO | train | task-0		C_M is 
[[   0    5  130  309]
 [   0 1075    0   31]
 [   0    0 1233    0]
 [   0   33    0 1184]]
2024-11-08 09:31:43 | INFO | train | In dataset test: Loss is [0.5231 0.5231 0.0000]
2024-11-08 09:31:43 | INFO | train | task-0		Acc is 0.8685, F1 is 0.8685
2024-11-08 09:31:43 | INFO | train | task-0		F1-macro is 0.6961, F1-micro is 0.8685
2024-11-08 09:31:43 | INFO | train | task-0		Pre is 0.8685, Rec is 0.8685
2024-11-08 09:31:43 | INFO | train | task-0		C_M is 
[[   0    5  119  351]
 [   0 1062    0   30]
 [   0    0 1209    0]
 [   0   21    0 1203]]
2024-11-08 09:31:43 | INFO | train | The best f1_macro util now is 0.6971, at step 88
2024-11-08 09:31:43 | INFO | train | The best f1_micro util now is 0.8708, at step 92
2024-11-08 09:32:27 | INFO | train | ----------------------------------------------------------------------------------
2024-11-08 09:32:27 | INFO | train | Time of iter training 43.92 s
2024-11-08 09:32:27 | INFO | train | On iter step 100:, global step 25601 Loss-step [0.5127 0.5127 0.0000]
2024-11-08 09:33:04 | INFO | train | In dataset train: Loss is [0.5023 0.5023 0.0000]
2024-11-08 09:33:04 | INFO | train | task-0		Acc is 0.8695, F1 is 0.8695
2024-11-08 09:33:04 | INFO | train | task-0		F1-macro is 0.6944, F1-micro is 0.8695
2024-11-08 09:33:04 | INFO | train | task-0		Pre is 0.8695, Rec is 0.8695
2024-11-08 09:33:04 | INFO | train | task-0		C_M is 
[[   0   53  395    4]
 [   0 1100    0   52]
 [   0    0 1229    0]
 [   0   18    0 1149]]
2024-11-08 09:33:41 | INFO | train | In dataset valid: Loss is [0.5842 0.5842 0.0000]
2024-11-08 09:33:41 | INFO | train | task-0		Acc is 0.8722, F1 is 0.8722
2024-11-08 09:33:41 | INFO | train | task-0		F1-macro is 0.6954, F1-micro is 0.8722
2024-11-08 09:33:41 | INFO | train | task-0		Pre is 0.8722, Rec is 0.8722
2024-11-08 09:33:41 | INFO | train | task-0		C_M is 
[[   0   54  386    4]
 [   0 1055    0   51]
 [   0    0 1233    0]
 [   0   16    0 1201]]
2024-11-08 09:34:18 | INFO | train | In dataset test: Loss is [0.5390 0.5390 0.0000]
2024-11-08 09:34:18 | INFO | train | task-0		Acc is 0.8665, F1 is 0.8665
2024-11-08 09:34:18 | INFO | train | task-0		F1-macro is 0.6940, F1-micro is 0.8665
2024-11-08 09:34:18 | INFO | train | task-0		Pre is 0.8665, Rec is 0.8665
2024-11-08 09:34:18 | INFO | train | task-0		C_M is 
[[   0   58  416    1]
 [   0 1047    0   45]
 [   0    0 1209    0]
 [   0   14    0 1210]]
2024-11-08 09:34:18 | INFO | train | The best f1_macro util now is 0.6971, at step 88
2024-11-08 09:34:18 | INFO | train | The best f1_micro util now is 0.8708, at step 92
2024-11-08 09:35:02 | INFO | train | ----------------------------------------------------------------------------------
2024-11-08 09:35:02 | INFO | train | Time of iter training 44.28 s
2024-11-08 09:35:02 | INFO | train | On iter step 101:, global step 25857 Loss-step [0.4857 0.4857 0.0000]
2024-11-08 09:35:39 | INFO | train | In dataset train: Loss is [0.4594 0.4594 0.0000]
2024-11-08 09:35:39 | INFO | train | task-0		Acc is 0.8668, F1 is 0.8668
2024-11-08 09:35:39 | INFO | train | task-0		F1-macro is 0.6934, F1-micro is 0.8668
2024-11-08 09:35:39 | INFO | train | task-0		Pre is 0.8668, Rec is 0.8668
2024-11-08 09:35:39 | INFO | train | task-0		C_M is 
[[   0   11  441    0]
 [   0 1144    0    8]
 [   0    0 1229    0]
 [   0   73    0 1094]]
2024-11-08 09:36:16 | INFO | train | In dataset valid: Loss is [0.4737 0.4737 0.0000]
2024-11-08 09:36:16 | INFO | train | task-0		Acc is 0.8700, F1 is 0.8700
2024-11-08 09:36:16 | INFO | train | task-0		F1-macro is 0.6951, F1-micro is 0.8700
2024-11-08 09:36:16 | INFO | train | task-0		Pre is 0.8700, Rec is 0.8700
2024-11-08 09:36:16 | INFO | train | task-0		C_M is 
[[   0   11  433    0]
 [   0 1097    0    9]
 [   0    0 1233    0]
 [   0   67    0 1150]]
2024-11-08 09:36:53 | INFO | train | In dataset test: Loss is [0.4600 0.4600 0.0000]
2024-11-08 09:36:53 | INFO | train | task-0		Acc is 0.8658, F1 is 0.8658
2024-11-08 09:36:53 | INFO | train | task-0		F1-macro is 0.6953, F1-micro is 0.8658
2024-11-08 09:36:53 | INFO | train | task-0		Pre is 0.8658, Rec is 0.8658
2024-11-08 09:36:53 | INFO | train | task-0		C_M is 
[[   0    8  467    0]
 [   0 1084    0    8]
 [   0    0 1209    0]
 [   0   54    0 1170]]
2024-11-08 09:36:53 | INFO | train | The best f1_macro util now is 0.6971, at step 88
2024-11-08 09:36:53 | INFO | train | The best f1_micro util now is 0.8708, at step 92
2024-11-08 09:37:37 | INFO | train | ----------------------------------------------------------------------------------
2024-11-08 09:37:37 | INFO | train | Time of iter training 44.05 s
2024-11-08 09:37:37 | INFO | train | On iter step 102:, global step 26113 Loss-step [0.5051 0.5051 0.0000]
2024-11-08 09:38:14 | INFO | train | In dataset train: Loss is [0.4852 0.4852 0.0000]
2024-11-08 09:38:14 | INFO | train | task-0		Acc is 0.8690, F1 is 0.8690
2024-11-08 09:38:14 | INFO | train | task-0		F1-macro is 0.6949, F1-micro is 0.8690
2024-11-08 09:38:14 | INFO | train | task-0		Pre is 0.8690, Rec is 0.8690
2024-11-08 09:38:14 | INFO | train | task-0		C_M is 
[[   0   21  431    0]
 [   0 1092    0   60]
 [   0    0 1229    0]
 [   0   12    0 1155]]
2024-11-08 09:38:51 | INFO | train | In dataset valid: Loss is [0.4863 0.4863 0.0000]
2024-11-08 09:38:51 | INFO | train | task-0		Acc is 0.8725, F1 is 0.8725
2024-11-08 09:38:51 | INFO | train | task-0		F1-macro is 0.6967, F1-micro is 0.8725
2024-11-08 09:38:51 | INFO | train | task-0		Pre is 0.8725, Rec is 0.8725
2024-11-08 09:38:51 | INFO | train | task-0		C_M is 
[[   0   25  419    0]
 [   0 1052    0   54]
 [   0    0 1233    0]
 [   0   12    0 1205]]
2024-11-08 09:39:28 | INFO | train | In dataset test: Loss is [0.4887 0.4887 0.0000]
2024-11-08 09:39:28 | INFO | train | task-0		Acc is 0.8662, F1 is 0.8662
2024-11-08 09:39:28 | INFO | train | task-0		F1-macro is 0.6951, F1-micro is 0.8662
2024-11-08 09:39:28 | INFO | train | task-0		Pre is 0.8662, Rec is 0.8662
2024-11-08 09:39:28 | INFO | train | task-0		C_M is 
[[   0   21  454    0]
 [   0 1042    0   50]
 [   0    0 1209    0]
 [   0   10    0 1214]]
2024-11-08 09:39:28 | INFO | train | The best f1_macro util now is 0.6971, at step 88
2024-11-08 09:39:28 | INFO | train | The best f1_micro util now is 0.8708, at step 92
2024-11-08 09:40:12 | INFO | train | ----------------------------------------------------------------------------------
2024-11-08 09:40:12 | INFO | train | Time of iter training 44.14 s
2024-11-08 09:40:12 | INFO | train | On iter step 103:, global step 26369 Loss-step [0.4967 0.4967 0.0000]
2024-11-08 09:40:49 | INFO | train | In dataset train: Loss is [0.4672 0.4672 0.0000]
2024-11-08 09:40:49 | INFO | train | task-0		Acc is 0.8670, F1 is 0.8670
2024-11-08 09:40:49 | INFO | train | task-0		F1-macro is 0.7003, F1-micro is 0.8670
2024-11-08 09:40:49 | INFO | train | task-0		Pre is 0.8670, Rec is 0.8670
2024-11-08 09:40:49 | INFO | train | task-0		C_M is 
[[   8   47  397    0]
 [   0 1147    0    5]
 [   0    0 1229    0]
 [   0   83    0 1084]]
2024-11-08 09:41:26 | INFO | train | In dataset valid: Loss is [0.4563 0.4563 0.0000]
2024-11-08 09:41:26 | INFO | train | task-0		Acc is 0.8675, F1 is 0.8675
2024-11-08 09:41:26 | INFO | train | task-0		F1-macro is 0.6948, F1-micro is 0.8675
2024-11-08 09:41:26 | INFO | train | task-0		Pre is 0.8675, Rec is 0.8675
2024-11-08 09:41:26 | INFO | train | task-0		C_M is 
[[   3   51  390    0]
 [   0 1104    0    2]
 [   0    0 1233    0]
 [   0   87    0 1130]]
2024-11-08 09:42:03 | INFO | train | In dataset test: Loss is [0.4705 0.4705 0.0000]
2024-11-08 09:42:03 | INFO | train | task-0		Acc is 0.8632, F1 is 0.8632
2024-11-08 09:42:03 | INFO | train | task-0		F1-macro is 0.6953, F1-micro is 0.8632
2024-11-08 09:42:03 | INFO | train | task-0		Pre is 0.8632, Rec is 0.8632
2024-11-08 09:42:03 | INFO | train | task-0		C_M is 
[[   4   55  416    0]
 [   0 1090    0    2]
 [   0    0 1209    0]
 [   0   74    0 1150]]
2024-11-08 09:42:03 | INFO | train | The best f1_macro util now is 0.6971, at step 88
2024-11-08 09:42:03 | INFO | train | The best f1_micro util now is 0.8708, at step 92
2024-11-08 09:42:48 | INFO | train | ----------------------------------------------------------------------------------
2024-11-08 09:42:48 | INFO | train | Time of iter training 44.20 s
2024-11-08 09:42:48 | INFO | train | On iter step 104:, global step 26625 Loss-step [0.4697 0.4697 0.0000]
2024-11-08 09:43:24 | INFO | train | In dataset train: Loss is [0.5249 0.5249 0.0000]
2024-11-08 09:43:24 | INFO | train | task-0		Acc is 0.8740, F1 is 0.8740
2024-11-08 09:43:24 | INFO | train | task-0		F1-macro is 0.6962, F1-micro is 0.8740
2024-11-08 09:43:24 | INFO | train | task-0		Pre is 0.8740, Rec is 0.8740
2024-11-08 09:43:24 | INFO | train | task-0		C_M is 
[[   0  295  157    0]
 [   0 1134    0   18]
 [   0    0 1229    0]
 [   0   34    0 1133]]
2024-11-08 09:44:01 | INFO | train | In dataset valid: Loss is [0.5626 0.5626 0.0000]
2024-11-08 09:44:01 | INFO | train | task-0		Acc is 0.8758, F1 is 0.8758
2024-11-08 09:44:01 | INFO | train | task-0		F1-macro is 0.6958, F1-micro is 0.8758
2024-11-08 09:44:01 | INFO | train | task-0		Pre is 0.8758, Rec is 0.8758
2024-11-08 09:44:01 | INFO | train | task-0		C_M is 
[[   0  280  164    0]
 [   0 1089    0   17]
 [   0    0 1233    0]
 [   0   36    0 1181]]
2024-11-08 09:44:39 | INFO | train | In dataset test: Loss is [0.5375 0.5375 0.0000]
2024-11-08 09:44:39 | INFO | train | task-0		Acc is 0.8725, F1 is 0.8725
2024-11-08 09:44:39 | INFO | train | task-0		F1-macro is 0.6961, F1-micro is 0.8725
2024-11-08 09:44:39 | INFO | train | task-0		Pre is 0.8725, Rec is 0.8725
2024-11-08 09:44:39 | INFO | train | task-0		C_M is 
[[   0  320  155    0]
 [   0 1081    0   11]
 [   0    0 1209    0]
 [   0   24    0 1200]]
2024-11-08 09:44:39 | INFO | train | The best f1_macro util now is 0.6971, at step 88
2024-11-08 09:44:39 | INFO | train | The best f1_micro util now is 0.8725, at step 104
2024-11-08 09:45:23 | INFO | train | ----------------------------------------------------------------------------------
2024-11-08 09:45:23 | INFO | train | Time of iter training 44.10 s
2024-11-08 09:45:23 | INFO | train | On iter step 105:, global step 26881 Loss-step [0.5456 0.5456 0.0000]
2024-11-08 09:46:00 | INFO | train | In dataset train: Loss is [0.5584 0.5584 0.0000]
2024-11-08 09:46:00 | INFO | train | task-0		Acc is 0.9117, F1 is 0.9117
2024-11-08 09:46:00 | INFO | train | task-0		F1-macro is 0.8939, F1-micro is 0.9117
2024-11-08 09:46:00 | INFO | train | task-0		Pre is 0.9117, Rec is 0.9117
2024-11-08 09:46:00 | INFO | train | task-0		C_M is 
[[ 310    0  142    0]
 [   0 1151    0    1]
 [   0    0 1229    0]
 [   0  210    0  957]]
2024-11-08 09:46:37 | INFO | train | In dataset valid: Loss is [0.5546 0.5546 0.0000]
2024-11-08 09:46:37 | INFO | train | task-0		Acc is 0.9100, F1 is 0.9100
2024-11-08 09:46:37 | INFO | train | task-0		F1-macro is 0.8896, F1-micro is 0.9100
2024-11-08 09:46:37 | INFO | train | task-0		Pre is 0.9100, Rec is 0.9100
2024-11-08 09:46:37 | INFO | train | task-0		C_M is 
[[ 294    0  150    0]
 [   0 1104    0    2]
 [   0    0 1233    0]
 [   0  208    0 1009]]
2024-11-08 09:47:14 | INFO | train | In dataset test: Loss is [0.5433 0.5433 0.0000]
2024-11-08 09:47:14 | INFO | train | task-0		Acc is 0.9125, F1 is 0.9125
2024-11-08 09:47:14 | INFO | train | task-0		F1-macro is 0.8998, F1-micro is 0.9125
2024-11-08 09:47:14 | INFO | train | task-0		Pre is 0.9125, Rec is 0.9125
2024-11-08 09:47:14 | INFO | train | task-0		C_M is 
[[ 344    0  131    0]
 [   0 1091    0    1]
 [   0    0 1209    0]
 [   0  218    0 1006]]
2024-11-08 09:47:14 | INFO | train | The best f1_macro util now is 0.8998, at step 105
2024-11-08 09:47:17 | INFO | train | The best f1_micro util now is 0.9125, at step 105
2024-11-08 09:48:01 | INFO | train | ----------------------------------------------------------------------------------
2024-11-08 09:48:01 | INFO | train | Time of iter training 44.14 s
2024-11-08 09:48:01 | INFO | train | On iter step 106:, global step 27137 Loss-step [0.5238 0.5238 0.0000]
2024-11-08 09:48:38 | INFO | train | In dataset train: Loss is [0.4532 0.4532 0.0000]
2024-11-08 09:48:38 | INFO | train | task-0		Acc is 0.9740, F1 is 0.9740
2024-11-08 09:48:38 | INFO | train | task-0		F1-macro is 0.9776, F1-micro is 0.9740
2024-11-08 09:48:38 | INFO | train | task-0		Pre is 0.9740, Rec is 0.9740
2024-11-08 09:48:38 | INFO | train | task-0		C_M is 
[[ 452    0    0    0]
 [   0 1147    0    5]
 [   0    0 1229    0]
 [   0   99    0 1068]]
2024-11-08 09:49:15 | INFO | train | In dataset valid: Loss is [0.5324 0.5324 0.0000]
2024-11-08 09:49:15 | INFO | train | task-0		Acc is 0.9715, F1 is 0.9715
2024-11-08 09:49:15 | INFO | train | task-0		F1-macro is 0.9753, F1-micro is 0.9715
2024-11-08 09:49:15 | INFO | train | task-0		Pre is 0.9715, Rec is 0.9715
2024-11-08 09:49:15 | INFO | train | task-0		C_M is 
[[ 443    1    0    0]
 [   0 1101    0    5]
 [   0    0 1233    0]
 [   0  108    0 1109]]
2024-11-08 09:49:52 | INFO | train | In dataset test: Loss is [0.4672 0.4672 0.0000]
2024-11-08 09:49:52 | INFO | train | task-0		Acc is 0.9758, F1 is 0.9758
2024-11-08 09:49:52 | INFO | train | task-0		F1-macro is 0.9791, F1-micro is 0.9758
2024-11-08 09:49:52 | INFO | train | task-0		Pre is 0.9758, Rec is 0.9758
2024-11-08 09:49:52 | INFO | train | task-0		C_M is 
[[ 475    0    0    0]
 [   0 1086    0    6]
 [   0    0 1209    0]
 [   0   91    0 1133]]
2024-11-08 09:49:55 | INFO | train | The best f1_macro util now is 0.9791, at step 106
2024-11-08 09:49:57 | INFO | train | The best f1_micro util now is 0.9758, at step 106
2024-11-08 09:50:41 | INFO | train | ----------------------------------------------------------------------------------
2024-11-08 09:50:41 | INFO | train | Time of iter training 44.05 s
2024-11-08 09:50:41 | INFO | train | On iter step 107:, global step 27393 Loss-step [0.1670 0.1670 0.0000]
2024-11-08 09:51:18 | INFO | train | In dataset train: Loss is [0.1420 0.1420 0.0000]
2024-11-08 09:51:18 | INFO | train | task-0		Acc is 0.9720, F1 is 0.9720
2024-11-08 09:51:18 | INFO | train | task-0		F1-macro is 0.9758, F1-micro is 0.9720
2024-11-08 09:51:18 | INFO | train | task-0		Pre is 0.9720, Rec is 0.9720
2024-11-08 09:51:18 | INFO | train | task-0		C_M is 
[[ 452    0    0    0]
 [   0 1151    0    1]
 [   0    0 1229    0]
 [   0  111    0 1056]]
2024-11-08 09:51:55 | INFO | train | In dataset valid: Loss is [0.1571 0.1571 0.0000]
2024-11-08 09:51:55 | INFO | train | task-0		Acc is 0.9692, F1 is 0.9692
2024-11-08 09:51:55 | INFO | train | task-0		F1-macro is 0.9735, F1-micro is 0.9692
2024-11-08 09:51:55 | INFO | train | task-0		Pre is 0.9692, Rec is 0.9692
2024-11-08 09:51:55 | INFO | train | task-0		C_M is 
[[ 444    0    0    0]
 [   0 1102    0    4]
 [   0    0 1233    0]
 [   0  119    0 1098]]
2024-11-08 09:52:32 | INFO | train | In dataset test: Loss is [0.1345 0.1345 0.0000]
2024-11-08 09:52:32 | INFO | train | task-0		Acc is 0.9755, F1 is 0.9755
2024-11-08 09:52:32 | INFO | train | task-0		F1-macro is 0.9788, F1-micro is 0.9755
2024-11-08 09:52:32 | INFO | train | task-0		Pre is 0.9755, Rec is 0.9755
2024-11-08 09:52:32 | INFO | train | task-0		C_M is 
[[ 475    0    0    0]
 [   0 1090    0    2]
 [   0    0 1209    0]
 [   0   96    0 1128]]
2024-11-08 09:52:32 | INFO | train | The best f1_macro util now is 0.9791, at step 106
2024-11-08 09:52:32 | INFO | train | The best f1_micro util now is 0.9758, at step 106
2024-11-08 09:53:16 | INFO | train | ----------------------------------------------------------------------------------
2024-11-08 09:53:16 | INFO | train | Time of iter training 43.86 s
2024-11-08 09:53:16 | INFO | train | On iter step 108:, global step 27649 Loss-step [0.1449 0.1449 0.0000]
2024-11-08 09:53:53 | INFO | train | In dataset train: Loss is [0.1569 0.1569 0.0000]
2024-11-08 09:53:53 | INFO | train | task-0		Acc is 0.9643, F1 is 0.9643
2024-11-08 09:53:53 | INFO | train | task-0		F1-macro is 0.9691, F1-micro is 0.9643
2024-11-08 09:53:53 | INFO | train | task-0		Pre is 0.9643, Rec is 0.9643
2024-11-08 09:53:53 | INFO | train | task-0		C_M is 
[[ 452    0    0    0]
 [   0 1152    0    0]
 [   0    0 1229    0]
 [   0  143    0 1024]]
2024-11-08 09:54:30 | INFO | train | In dataset valid: Loss is [0.1438 0.1438 0.0000]
2024-11-08 09:54:30 | INFO | train | task-0		Acc is 0.9610, F1 is 0.9610
2024-11-08 09:54:30 | INFO | train | task-0		F1-macro is 0.9664, F1-micro is 0.9610
2024-11-08 09:54:30 | INFO | train | task-0		Pre is 0.9610, Rec is 0.9610
2024-11-08 09:54:30 | INFO | train | task-0		C_M is 
[[ 444    0    0    0]
 [   0 1106    0    0]
 [   0    0 1233    0]
 [   0  156    0 1061]]
2024-11-08 09:55:07 | INFO | train | In dataset test: Loss is [0.1412 0.1412 0.0000]
2024-11-08 09:55:07 | INFO | train | task-0		Acc is 0.9647, F1 is 0.9647
2024-11-08 09:55:07 | INFO | train | task-0		F1-macro is 0.9696, F1-micro is 0.9647
2024-11-08 09:55:07 | INFO | train | task-0		Pre is 0.9647, Rec is 0.9647
2024-11-08 09:55:07 | INFO | train | task-0		C_M is 
[[ 475    0    0    0]
 [   0 1091    0    1]
 [   0    0 1209    0]
 [   0  140    0 1084]]
2024-11-08 09:55:07 | INFO | train | The best f1_macro util now is 0.9791, at step 106
2024-11-08 09:55:07 | INFO | train | The best f1_micro util now is 0.9758, at step 106
2024-11-08 09:55:51 | INFO | train | ----------------------------------------------------------------------------------
2024-11-08 09:55:51 | INFO | train | Time of iter training 44.14 s
2024-11-08 09:55:51 | INFO | train | On iter step 109:, global step 27905 Loss-step [0.1332 0.1332 0.0000]
2024-11-08 09:56:28 | INFO | train | In dataset train: Loss is [0.1410 0.1410 0.0000]
2024-11-08 09:56:28 | INFO | train | task-0		Acc is 0.9828, F1 is 0.9828
2024-11-08 09:56:28 | INFO | train | task-0		F1-macro is 0.9850, F1-micro is 0.9828
2024-11-08 09:56:28 | INFO | train | task-0		Pre is 0.9828, Rec is 0.9828
2024-11-08 09:56:28 | INFO | train | task-0		C_M is 
[[ 451    0    0    1]
 [   0 1141    0   11]
 [   0    0 1229    0]
 [   0   57    0 1110]]
2024-11-08 09:57:05 | INFO | train | In dataset valid: Loss is [0.1487 0.1487 0.0000]
2024-11-08 09:57:05 | INFO | train | task-0		Acc is 0.9808, F1 is 0.9808
2024-11-08 09:57:05 | INFO | train | task-0		F1-macro is 0.9834, F1-micro is 0.9808
2024-11-08 09:57:05 | INFO | train | task-0		Pre is 0.9808, Rec is 0.9808
2024-11-08 09:57:05 | INFO | train | task-0		C_M is 
[[ 444    0    0    0]
 [   0 1096    0   10]
 [   0    0 1233    0]
 [   0   67    0 1150]]
2024-11-08 09:57:43 | INFO | train | In dataset test: Loss is [0.1263 0.1263 0.0000]
2024-11-08 09:57:43 | INFO | train | task-0		Acc is 0.9858, F1 is 0.9858
2024-11-08 09:57:43 | INFO | train | task-0		F1-macro is 0.9877, F1-micro is 0.9858
2024-11-08 09:57:43 | INFO | train | task-0		Pre is 0.9858, Rec is 0.9858
2024-11-08 09:57:43 | INFO | train | task-0		C_M is 
[[ 475    0    0    0]
 [   0 1082    0   10]
 [   0    0 1209    0]
 [   0   47    0 1177]]
2024-11-08 09:57:45 | INFO | train | The best f1_macro util now is 0.9877, at step 109
2024-11-08 09:57:47 | INFO | train | The best f1_micro util now is 0.9858, at step 109
2024-11-08 09:58:31 | INFO | train | ----------------------------------------------------------------------------------
2024-11-08 09:58:31 | INFO | train | Time of iter training 43.91 s
2024-11-08 09:58:31 | INFO | train | On iter step 110:, global step 28161 Loss-step [0.1323 0.1323 0.0000]
2024-11-08 09:59:08 | INFO | train | In dataset train: Loss is [0.1213 0.1213 0.0000]
2024-11-08 09:59:08 | INFO | train | task-0		Acc is 0.9875, F1 is 0.9875
2024-11-08 09:59:08 | INFO | train | task-0		F1-macro is 0.9892, F1-micro is 0.9875
2024-11-08 09:59:08 | INFO | train | task-0		Pre is 0.9875, Rec is 0.9875
2024-11-08 09:59:08 | INFO | train | task-0		C_M is 
[[ 452    0    0    0]
 [   0 1140    0   12]
 [   0    0 1229    0]
 [   0   38    0 1129]]
2024-11-08 09:59:45 | INFO | train | In dataset valid: Loss is [0.1542 0.1542 0.0000]
2024-11-08 09:59:45 | INFO | train | task-0		Acc is 0.9878, F1 is 0.9878
2024-11-08 09:59:45 | INFO | train | task-0		F1-macro is 0.9894, F1-micro is 0.9878
2024-11-08 09:59:45 | INFO | train | task-0		Pre is 0.9878, Rec is 0.9878
2024-11-08 09:59:45 | INFO | train | task-0		C_M is 
[[ 444    0    0    0]
 [   0 1098    0    8]
 [   0    0 1233    0]
 [   0   41    0 1176]]
2024-11-08 10:00:22 | INFO | train | In dataset test: Loss is [0.1162 0.1162 0.0000]
2024-11-08 10:00:22 | INFO | train | task-0		Acc is 0.9898, F1 is 0.9898
2024-11-08 10:00:22 | INFO | train | task-0		F1-macro is 0.9911, F1-micro is 0.9898
2024-11-08 10:00:22 | INFO | train | task-0		Pre is 0.9898, Rec is 0.9898
2024-11-08 10:00:22 | INFO | train | task-0		C_M is 
[[ 475    0    0    0]
 [   0 1084    0    8]
 [   0    0 1209    0]
 [   0   33    0 1191]]
2024-11-08 10:00:25 | INFO | train | The best f1_macro util now is 0.9911, at step 110
2024-11-08 10:00:28 | INFO | train | The best f1_micro util now is 0.9898, at step 110
2024-11-08 10:01:12 | INFO | train | ----------------------------------------------------------------------------------
2024-11-08 10:01:12 | INFO | train | Time of iter training 44.18 s
2024-11-08 10:01:12 | INFO | train | On iter step 111:, global step 28417 Loss-step [0.1213 0.1213 0.0000]
2024-11-08 10:01:49 | INFO | train | In dataset train: Loss is [0.1321 0.1321 0.0000]
2024-11-08 10:01:49 | INFO | train | task-0		Acc is 0.9850, F1 is 0.9850
2024-11-08 10:01:49 | INFO | train | task-0		F1-macro is 0.9871, F1-micro is 0.9850
2024-11-08 10:01:49 | INFO | train | task-0		Pre is 0.9850, Rec is 0.9850
2024-11-08 10:01:49 | INFO | train | task-0		C_M is 
[[ 452    0    0    0]
 [   0 1138    0   14]
 [   0    0 1229    0]
 [   0   46    0 1121]]
2024-11-08 10:02:26 | INFO | train | In dataset valid: Loss is [0.1591 0.1591 0.0000]
2024-11-08 10:02:26 | INFO | train | task-0		Acc is 0.9878, F1 is 0.9878
2024-11-08 10:02:26 | INFO | train | task-0		F1-macro is 0.9894, F1-micro is 0.9878
2024-11-08 10:02:26 | INFO | train | task-0		Pre is 0.9878, Rec is 0.9878
2024-11-08 10:02:26 | INFO | train | task-0		C_M is 
[[ 444    0    0    0]
 [   0 1093    0   13]
 [   0    0 1233    0]
 [   0   36    0 1181]]
2024-11-08 10:03:03 | INFO | train | In dataset test: Loss is [0.1247 0.1247 0.0000]
2024-11-08 10:03:03 | INFO | train | task-0		Acc is 0.9912, F1 is 0.9912
2024-11-08 10:03:03 | INFO | train | task-0		F1-macro is 0.9924, F1-micro is 0.9912
2024-11-08 10:03:03 | INFO | train | task-0		Pre is 0.9912, Rec is 0.9912
2024-11-08 10:03:03 | INFO | train | task-0		C_M is 
[[ 475    0    0    0]
 [   0 1086    0    6]
 [   0    0 1209    0]
 [   0   29    0 1195]]
2024-11-08 10:03:03 | INFO | train | The best f1_macro util now is 0.9911, at step 110
2024-11-08 10:03:03 | INFO | train | The best f1_micro util now is 0.9898, at step 110
2024-11-08 10:03:47 | INFO | train | ----------------------------------------------------------------------------------
2024-11-08 10:03:47 | INFO | train | Time of iter training 44.19 s
2024-11-08 10:03:47 | INFO | train | On iter step 112:, global step 28673 Loss-step [0.1240 0.1240 0.0000]
2024-11-08 10:04:24 | INFO | train | In dataset train: Loss is [0.1195 0.1195 0.0000]
2024-11-08 10:04:24 | INFO | train | task-0		Acc is 0.9705, F1 is 0.9705
2024-11-08 10:04:24 | INFO | train | task-0		F1-macro is 0.9745, F1-micro is 0.9705
2024-11-08 10:04:24 | INFO | train | task-0		Pre is 0.9705, Rec is 0.9705
2024-11-08 10:04:24 | INFO | train | task-0		C_M is 
[[ 452    0    0    0]
 [   0 1151    0    1]
 [   0    0 1229    0]
 [   0  117    0 1050]]
2024-11-08 10:05:01 | INFO | train | In dataset valid: Loss is [0.1313 0.1313 0.0000]
2024-11-08 10:05:01 | INFO | train | task-0		Acc is 0.9700, F1 is 0.9700
2024-11-08 10:05:01 | INFO | train | task-0		F1-macro is 0.9742, F1-micro is 0.9700
2024-11-08 10:05:01 | INFO | train | task-0		Pre is 0.9700, Rec is 0.9700
2024-11-08 10:05:01 | INFO | train | task-0		C_M is 
[[ 444    0    0    0]
 [   0 1103    0    3]
 [   0    0 1233    0]
 [   0  117    0 1100]]
2024-11-08 10:05:39 | INFO | train | In dataset test: Loss is [0.1117 0.1117 0.0000]
2024-11-08 10:05:39 | INFO | train | task-0		Acc is 0.9752, F1 is 0.9752
2024-11-08 10:05:39 | INFO | train | task-0		F1-macro is 0.9786, F1-micro is 0.9752
2024-11-08 10:05:39 | INFO | train | task-0		Pre is 0.9752, Rec is 0.9752
2024-11-08 10:05:39 | INFO | train | task-0		C_M is 
[[ 475    0    0    0]
 [   0 1090    0    2]
 [   0    0 1209    0]
 [   0   97    0 1127]]
2024-11-08 10:05:39 | INFO | train | The best f1_macro util now is 0.9911, at step 110
2024-11-08 10:05:39 | INFO | train | The best f1_micro util now is 0.9898, at step 110
2024-11-08 10:06:23 | INFO | train | ----------------------------------------------------------------------------------
2024-11-08 10:06:23 | INFO | train | Time of iter training 44.19 s
2024-11-08 10:06:23 | INFO | train | On iter step 113:, global step 28929 Loss-step [0.1058 0.1058 0.0000]
2024-11-08 10:07:00 | INFO | train | In dataset train: Loss is [0.1306 0.1306 0.0000]
2024-11-08 10:07:00 | INFO | train | task-0		Acc is 0.9828, F1 is 0.9828
2024-11-08 10:07:00 | INFO | train | task-0		F1-macro is 0.9851, F1-micro is 0.9828
2024-11-08 10:07:00 | INFO | train | task-0		Pre is 0.9828, Rec is 0.9828
2024-11-08 10:07:00 | INFO | train | task-0		C_M is 
[[ 452    0    0    0]
 [   0 1143    0    9]
 [   0    0 1229    0]
 [   0   60    0 1107]]
2024-11-08 10:07:37 | INFO | train | In dataset valid: Loss is [0.1614 0.1614 0.0000]
2024-11-08 10:07:37 | INFO | train | task-0		Acc is 0.9828, F1 is 0.9828
2024-11-08 10:07:37 | INFO | train | task-0		F1-macro is 0.9851, F1-micro is 0.9828
2024-11-08 10:07:37 | INFO | train | task-0		Pre is 0.9828, Rec is 0.9828
2024-11-08 10:07:37 | INFO | train | task-0		C_M is 
[[ 444    0    0    0]
 [   0 1099    0    7]
 [   0    0 1233    0]
 [   0   62    0 1155]]
2024-11-08 10:08:14 | INFO | train | In dataset test: Loss is [0.1295 0.1295 0.0000]
2024-11-08 10:08:14 | INFO | train | task-0		Acc is 0.9865, F1 is 0.9865
2024-11-08 10:08:14 | INFO | train | task-0		F1-macro is 0.9883, F1-micro is 0.9865
2024-11-08 10:08:14 | INFO | train | task-0		Pre is 0.9865, Rec is 0.9865
2024-11-08 10:08:14 | INFO | train | task-0		C_M is 
[[ 475    0    0    0]
 [   0 1084    0    8]
 [   0    0 1209    0]
 [   0   46    0 1178]]
2024-11-08 10:08:14 | INFO | train | The best f1_macro util now is 0.9911, at step 110
2024-11-08 10:08:14 | INFO | train | The best f1_micro util now is 0.9898, at step 110
2024-11-08 10:08:58 | INFO | train | ----------------------------------------------------------------------------------
2024-11-08 10:08:58 | INFO | train | Time of iter training 43.98 s
2024-11-08 10:08:58 | INFO | train | On iter step 114:, global step 29185 Loss-step [0.1363 0.1363 0.0000]
2024-11-08 10:09:35 | INFO | train | In dataset train: Loss is [0.1208 0.1208 0.0000]
2024-11-08 10:09:35 | INFO | train | task-0		Acc is 0.9805, F1 is 0.9805
2024-11-08 10:09:35 | INFO | train | task-0		F1-macro is 0.9832, F1-micro is 0.9805
2024-11-08 10:09:35 | INFO | train | task-0		Pre is 0.9805, Rec is 0.9805
2024-11-08 10:09:35 | INFO | train | task-0		C_M is 
[[ 452    0    0    0]
 [   0 1147    0    5]
 [   0    0 1229    0]
 [   0   73    0 1094]]
2024-11-08 10:10:12 | INFO | train | In dataset valid: Loss is [0.1269 0.1269 0.0000]
2024-11-08 10:10:12 | INFO | train | task-0		Acc is 0.9792, F1 is 0.9792
2024-11-08 10:10:12 | INFO | train | task-0		F1-macro is 0.9821, F1-micro is 0.9792
2024-11-08 10:10:12 | INFO | train | task-0		Pre is 0.9792, Rec is 0.9792
2024-11-08 10:10:12 | INFO | train | task-0		C_M is 
[[ 444    0    0    0]
 [   0 1101    0    5]
 [   0    0 1233    0]
 [   0   78    0 1139]]
2024-11-08 10:10:49 | INFO | train | In dataset test: Loss is [0.1054 0.1054 0.0000]
2024-11-08 10:10:49 | INFO | train | task-0		Acc is 0.9840, F1 is 0.9840
2024-11-08 10:10:49 | INFO | train | task-0		F1-macro is 0.9862, F1-micro is 0.9840
2024-11-08 10:10:49 | INFO | train | task-0		Pre is 0.9840, Rec is 0.9840
2024-11-08 10:10:49 | INFO | train | task-0		C_M is 
[[ 475    0    0    0]
 [   0 1088    0    4]
 [   0    0 1209    0]
 [   0   60    0 1164]]
2024-11-08 10:10:49 | INFO | train | The best f1_macro util now is 0.9911, at step 110
2024-11-08 10:10:49 | INFO | train | The best f1_micro util now is 0.9898, at step 110
2024-11-08 10:10:55 | INFO | deepnet.data.dataset_text | Read next training chunk, data size is 6666
2024-11-08 10:11:33 | INFO | train | ----------------------------------------------------------------------------------
2024-11-08 10:11:33 | INFO | train | Time of iter training 44.48 s
2024-11-08 10:11:33 | INFO | train | On iter step 115:, global step 29441 Loss-step [0.1371 0.1371 0.0000]
2024-11-08 10:12:10 | INFO | train | In dataset train: Loss is [0.1224 0.1224 0.0000]
2024-11-08 10:12:10 | INFO | train | task-0		Acc is 0.9882, F1 is 0.9882
2024-11-08 10:12:10 | INFO | train | task-0		F1-macro is 0.9899, F1-micro is 0.9882
2024-11-08 10:12:10 | INFO | train | task-0		Pre is 0.9882, Rec is 0.9882
2024-11-08 10:12:10 | INFO | train | task-0		C_M is 
[[ 452    0    0    0]
 [   0 1131    0   21]
 [   0    0 1229    0]
 [   0   26    0 1141]]
2024-11-08 10:12:47 | INFO | train | In dataset valid: Loss is [0.1233 0.1233 0.0000]
2024-11-08 10:12:47 | INFO | train | task-0		Acc is 0.9878, F1 is 0.9878
2024-11-08 10:12:47 | INFO | train | task-0		F1-macro is 0.9894, F1-micro is 0.9878
2024-11-08 10:12:47 | INFO | train | task-0		Pre is 0.9878, Rec is 0.9878
2024-11-08 10:12:47 | INFO | train | task-0		C_M is 
[[ 444    0    0    0]
 [   0 1089    0   17]
 [   0    0 1233    0]
 [   0   32    0 1185]]
2024-11-08 10:13:25 | INFO | train | In dataset test: Loss is [0.1072 0.1072 0.0000]
2024-11-08 10:13:25 | INFO | train | task-0		Acc is 0.9892, F1 is 0.9892
2024-11-08 10:13:25 | INFO | train | task-0		F1-macro is 0.9907, F1-micro is 0.9892
2024-11-08 10:13:25 | INFO | train | task-0		Pre is 0.9892, Rec is 0.9892
2024-11-08 10:13:25 | INFO | train | task-0		C_M is 
[[ 475    0    0    0]
 [   0 1074    0   18]
 [   0    0 1209    0]
 [   0   25    0 1199]]
2024-11-08 10:13:25 | INFO | train | The best f1_macro util now is 0.9911, at step 110
2024-11-08 10:13:25 | INFO | train | The best f1_micro util now is 0.9898, at step 110
2024-11-08 10:14:09 | INFO | train | ----------------------------------------------------------------------------------
2024-11-08 10:14:09 | INFO | train | Time of iter training 44.08 s
2024-11-08 10:14:09 | INFO | train | On iter step 116:, global step 29697 Loss-step [0.1078 0.1078 0.0000]
2024-11-08 10:14:46 | INFO | train | In dataset train: Loss is [0.1261 0.1261 0.0000]
2024-11-08 10:14:46 | INFO | train | task-0		Acc is 0.9895, F1 is 0.9895
2024-11-08 10:14:46 | INFO | train | task-0		F1-macro is 0.9909, F1-micro is 0.9895
2024-11-08 10:14:46 | INFO | train | task-0		Pre is 0.9895, Rec is 0.9895
2024-11-08 10:14:46 | INFO | train | task-0		C_M is 
[[ 452    0    0    0]
 [   0 1135    0   17]
 [   0    0 1229    0]
 [   0   25    0 1142]]
2024-11-08 10:15:23 | INFO | train | In dataset valid: Loss is [0.1265 0.1265 0.0000]
2024-11-08 10:15:23 | INFO | train | task-0		Acc is 0.9908, F1 is 0.9908
2024-11-08 10:15:23 | INFO | train | task-0		F1-macro is 0.9920, F1-micro is 0.9908
2024-11-08 10:15:23 | INFO | train | task-0		Pre is 0.9908, Rec is 0.9908
2024-11-08 10:15:23 | INFO | train | task-0		C_M is 
[[ 444    0    0    0]
 [   0 1096    0   10]
 [   0    0 1233    0]
 [   0   27    0 1190]]
2024-11-08 10:16:00 | INFO | train | In dataset test: Loss is [0.0970 0.0970 0.0000]
2024-11-08 10:16:00 | INFO | train | task-0		Acc is 0.9908, F1 is 0.9908
2024-11-08 10:16:00 | INFO | train | task-0		F1-macro is 0.9920, F1-micro is 0.9908
2024-11-08 10:16:00 | INFO | train | task-0		Pre is 0.9908, Rec is 0.9908
2024-11-08 10:16:00 | INFO | train | task-0		C_M is 
[[ 475    0    0    0]
 [   0 1077    0   15]
 [   0    0 1209    0]
 [   0   22    0 1202]]
2024-11-08 10:16:03 | INFO | train | The best f1_macro util now is 0.9920, at step 116
2024-11-08 10:16:06 | INFO | train | The best f1_micro util now is 0.9908, at step 116
2024-11-08 10:16:50 | INFO | train | ----------------------------------------------------------------------------------
2024-11-08 10:16:50 | INFO | train | Time of iter training 44.05 s
2024-11-08 10:16:50 | INFO | train | On iter step 117:, global step 29953 Loss-step [0.1059 0.1059 0.0000]
2024-11-08 10:17:27 | INFO | train | In dataset train: Loss is [0.1259 0.1259 0.0000]
2024-11-08 10:17:27 | INFO | train | task-0		Acc is 0.9852, F1 is 0.9852
2024-11-08 10:17:27 | INFO | train | task-0		F1-macro is 0.9873, F1-micro is 0.9852
2024-11-08 10:17:27 | INFO | train | task-0		Pre is 0.9852, Rec is 0.9852
2024-11-08 10:17:27 | INFO | train | task-0		C_M is 
[[ 452    0    0    0]
 [   0 1142    0   10]
 [   0    0 1229    0]
 [   0   49    0 1118]]
2024-11-08 10:18:04 | INFO | train | In dataset valid: Loss is [0.1487 0.1487 0.0000]
2024-11-08 10:18:04 | INFO | train | task-0		Acc is 0.9860, F1 is 0.9860
2024-11-08 10:18:04 | INFO | train | task-0		F1-macro is 0.9879, F1-micro is 0.9860
2024-11-08 10:18:04 | INFO | train | task-0		Pre is 0.9860, Rec is 0.9860
2024-11-08 10:18:04 | INFO | train | task-0		C_M is 
[[ 444    0    0    0]
 [   0 1097    0    9]
 [   0    0 1233    0]
 [   0   47    0 1170]]
2024-11-08 10:18:41 | INFO | train | In dataset test: Loss is [0.0999 0.0999 0.0000]
2024-11-08 10:18:41 | INFO | train | task-0		Acc is 0.9898, F1 is 0.9898
2024-11-08 10:18:41 | INFO | train | task-0		F1-macro is 0.9911, F1-micro is 0.9898
2024-11-08 10:18:41 | INFO | train | task-0		Pre is 0.9898, Rec is 0.9898
2024-11-08 10:18:41 | INFO | train | task-0		C_M is 
[[ 475    0    0    0]
 [   0 1084    0    8]
 [   0    0 1209    0]
 [   0   33    0 1191]]
2024-11-08 10:18:41 | INFO | train | The best f1_macro util now is 0.9920, at step 116
2024-11-08 10:18:41 | INFO | train | The best f1_micro util now is 0.9908, at step 116
2024-11-08 10:18:58 | INFO | deepnet.data.dataset_text | The count of reading file ./data/tinghua/train.txt is 4.
2024-11-08 10:19:00 | INFO | deepnet.data.dataset_text | Read next training chunk, data size is 73466
2024-11-08 10:19:27 | INFO | train | ----------------------------------------------------------------------------------
2024-11-08 10:19:27 | INFO | train | Time of iter training 46.36 s
2024-11-08 10:19:27 | INFO | train | On iter step 118:, global step 30209 Loss-step [0.1357 0.1357 0.0000]
2024-11-08 10:20:04 | INFO | train | In dataset train: Loss is [0.1208 0.1208 0.0000]
2024-11-08 10:20:04 | INFO | train | task-0		Acc is 0.9800, F1 is 0.9800
2024-11-08 10:20:04 | INFO | train | task-0		F1-macro is 0.9827, F1-micro is 0.9800
2024-11-08 10:20:04 | INFO | train | task-0		Pre is 0.9800, Rec is 0.9800
2024-11-08 10:20:04 | INFO | train | task-0		C_M is 
[[ 452    0    0    0]
 [   0 1149    0    3]
 [   0    0 1229    0]
 [   0   77    0 1090]]
2024-11-08 10:20:41 | INFO | train | In dataset valid: Loss is [0.1389 0.1389 0.0000]
2024-11-08 10:20:41 | INFO | train | task-0		Acc is 0.9788, F1 is 0.9788
2024-11-08 10:20:41 | INFO | train | task-0		F1-macro is 0.9817, F1-micro is 0.9788
2024-11-08 10:20:41 | INFO | train | task-0		Pre is 0.9788, Rec is 0.9788
2024-11-08 10:20:41 | INFO | train | task-0		C_M is 
[[ 444    0    0    0]
 [   0 1098    0    8]
 [   0    0 1233    0]
 [   0   77    0 1140]]
2024-11-08 10:21:18 | INFO | train | In dataset test: Loss is [0.0874 0.0874 0.0000]
2024-11-08 10:21:18 | INFO | train | task-0		Acc is 0.9832, F1 is 0.9832
2024-11-08 10:21:18 | INFO | train | task-0		F1-macro is 0.9855, F1-micro is 0.9832
2024-11-08 10:21:18 | INFO | train | task-0		Pre is 0.9832, Rec is 0.9832
2024-11-08 10:21:18 | INFO | train | task-0		C_M is 
[[ 475    0    0    0]
 [   0 1089    0    3]
 [   0    0 1209    0]
 [   0   64    0 1160]]
2024-11-08 10:21:18 | INFO | train | The best f1_macro util now is 0.9920, at step 116
2024-11-08 10:21:18 | INFO | train | The best f1_micro util now is 0.9908, at step 116
2024-11-08 10:22:02 | INFO | train | ----------------------------------------------------------------------------------
2024-11-08 10:22:02 | INFO | train | Time of iter training 43.86 s
2024-11-08 10:22:02 | INFO | train | On iter step 119:, global step 30465 Loss-step [0.1088 0.1088 0.0000]
2024-11-08 10:22:39 | INFO | train | In dataset train: Loss is [0.1236 0.1236 0.0000]
2024-11-08 10:22:39 | INFO | train | task-0		Acc is 0.9842, F1 is 0.9842
2024-11-08 10:22:39 | INFO | train | task-0		F1-macro is 0.9864, F1-micro is 0.9842
2024-11-08 10:22:39 | INFO | train | task-0		Pre is 0.9842, Rec is 0.9842
2024-11-08 10:22:39 | INFO | train | task-0		C_M is 
[[ 452    0    0    0]
 [   0 1143    0    9]
 [   0    0 1229    0]
 [   0   54    0 1113]]
2024-11-08 10:23:16 | INFO | train | In dataset valid: Loss is [0.1191 0.1191 0.0000]
2024-11-08 10:23:16 | INFO | train | task-0		Acc is 0.9818, F1 is 0.9818
2024-11-08 10:23:16 | INFO | train | task-0		F1-macro is 0.9843, F1-micro is 0.9818
2024-11-08 10:23:16 | INFO | train | task-0		Pre is 0.9818, Rec is 0.9818
2024-11-08 10:23:16 | INFO | train | task-0		C_M is 
[[ 444    0    0    0]
 [   0 1095    0   11]
 [   0    0 1233    0]
 [   0   62    0 1155]]
2024-11-08 10:23:54 | INFO | train | In dataset test: Loss is [0.1079 0.1079 0.0000]
2024-11-08 10:23:54 | INFO | train | task-0		Acc is 0.9872, F1 is 0.9872
2024-11-08 10:23:54 | INFO | train | task-0		F1-macro is 0.9890, F1-micro is 0.9872
2024-11-08 10:23:54 | INFO | train | task-0		Pre is 0.9872, Rec is 0.9872
2024-11-08 10:23:54 | INFO | train | task-0		C_M is 
[[ 475    0    0    0]
 [   0 1083    0    9]
 [   0    0 1209    0]
 [   0   42    0 1182]]
2024-11-08 10:23:54 | INFO | train | The best f1_macro util now is 0.9920, at step 116
2024-11-08 10:23:54 | INFO | train | The best f1_micro util now is 0.9908, at step 116
2024-11-08 10:24:37 | INFO | train | ----------------------------------------------------------------------------------
2024-11-08 10:24:37 | INFO | train | Time of iter training 43.98 s
2024-11-08 10:24:37 | INFO | train | On iter step 120:, global step 30721 Loss-step [0.1172 0.1172 0.0000]
2024-11-08 10:25:14 | INFO | train | In dataset train: Loss is [0.1129 0.1129 0.0000]
2024-11-08 10:25:14 | INFO | train | task-0		Acc is 0.9890, F1 is 0.9890
2024-11-08 10:25:14 | INFO | train | task-0		F1-macro is 0.9905, F1-micro is 0.9890
2024-11-08 10:25:14 | INFO | train | task-0		Pre is 0.9890, Rec is 0.9890
2024-11-08 10:25:14 | INFO | train | task-0		C_M is 
[[ 452    0    0    0]
 [   0 1143    0    9]
 [   0    0 1229    0]
 [   0   35    0 1132]]
2024-11-08 10:25:51 | INFO | train | In dataset valid: Loss is [0.1023 0.1023 0.0000]
2024-11-08 10:25:51 | INFO | train | task-0		Acc is 0.9890, F1 is 0.9890
2024-11-08 10:25:51 | INFO | train | task-0		F1-macro is 0.9905, F1-micro is 0.9890
2024-11-08 10:25:51 | INFO | train | task-0		Pre is 0.9890, Rec is 0.9890
2024-11-08 10:25:51 | INFO | train | task-0		C_M is 
[[ 444    0    0    0]
 [   0 1099    0    7]
 [   0    0 1233    0]
 [   0   37    0 1180]]
2024-11-08 10:26:29 | INFO | train | In dataset test: Loss is [0.0830 0.0830 0.0000]
2024-11-08 10:26:29 | INFO | train | task-0		Acc is 0.9910, F1 is 0.9910
2024-11-08 10:26:29 | INFO | train | task-0		F1-macro is 0.9922, F1-micro is 0.9910
2024-11-08 10:26:29 | INFO | train | task-0		Pre is 0.9910, Rec is 0.9910
2024-11-08 10:26:29 | INFO | train | task-0		C_M is 
[[ 475    0    0    0]
 [   0 1084    0    8]
 [   0    0 1209    0]
 [   0   28    0 1196]]
2024-11-08 10:26:29 | INFO | train | The best f1_macro util now is 0.9920, at step 116
2024-11-08 10:26:29 | INFO | train | The best f1_micro util now is 0.9908, at step 116
2024-11-08 10:27:12 | INFO | train | ----------------------------------------------------------------------------------
2024-11-08 10:27:12 | INFO | train | Time of iter training 43.92 s
2024-11-08 10:27:12 | INFO | train | On iter step 121:, global step 30977 Loss-step [0.1385 0.1385 0.0000]
2024-11-08 10:27:49 | INFO | train | In dataset train: Loss is [0.1311 0.1311 0.0000]
2024-11-08 10:27:49 | INFO | train | task-0		Acc is 0.9885, F1 is 0.9885
2024-11-08 10:27:49 | INFO | train | task-0		F1-macro is 0.9901, F1-micro is 0.9885
2024-11-08 10:27:49 | INFO | train | task-0		Pre is 0.9885, Rec is 0.9885
2024-11-08 10:27:49 | INFO | train | task-0		C_M is 
[[ 452    0    0    0]
 [   0 1122    0   30]
 [   0    0 1229    0]
 [   0   16    0 1151]]
2024-11-08 10:28:27 | INFO | train | In dataset valid: Loss is [0.1362 0.1362 0.0000]
2024-11-08 10:28:27 | INFO | train | task-0		Acc is 0.9852, F1 is 0.9852
2024-11-08 10:28:27 | INFO | train | task-0		F1-macro is 0.9873, F1-micro is 0.9852
2024-11-08 10:28:27 | INFO | train | task-0		Pre is 0.9852, Rec is 0.9852
2024-11-08 10:28:27 | INFO | train | task-0		C_M is 
[[ 444    0    0    0]
 [   0 1068    0   38]
 [   0    0 1233    0]
 [   0   21    0 1196]]
2024-11-08 10:29:04 | INFO | train | In dataset test: Loss is [0.0984 0.0984 0.0000]
2024-11-08 10:29:04 | INFO | train | task-0		Acc is 0.9902, F1 is 0.9902
2024-11-08 10:29:04 | INFO | train | task-0		F1-macro is 0.9915, F1-micro is 0.9902
2024-11-08 10:29:04 | INFO | train | task-0		Pre is 0.9902, Rec is 0.9902
2024-11-08 10:29:04 | INFO | train | task-0		C_M is 
[[ 475    0    0    0]
 [   0 1069    0   23]
 [   0    0 1209    0]
 [   0   16    0 1208]]
2024-11-08 10:29:04 | INFO | train | The best f1_macro util now is 0.9920, at step 116
2024-11-08 10:29:04 | INFO | train | The best f1_micro util now is 0.9908, at step 116
2024-11-08 10:29:48 | INFO | train | ----------------------------------------------------------------------------------
2024-11-08 10:29:48 | INFO | train | Time of iter training 44.26 s
2024-11-08 10:29:48 | INFO | train | On iter step 122:, global step 31233 Loss-step [0.1224 0.1224 0.0000]
2024-11-08 10:30:25 | INFO | train | In dataset train: Loss is [0.1583 0.1583 0.0000]
2024-11-08 10:30:25 | INFO | train | task-0		Acc is 0.9905, F1 is 0.9905
2024-11-08 10:30:25 | INFO | train | task-0		F1-macro is 0.9918, F1-micro is 0.9905
2024-11-08 10:30:25 | INFO | train | task-0		Pre is 0.9905, Rec is 0.9905
2024-11-08 10:30:25 | INFO | train | task-0		C_M is 
[[ 452    0    0    0]
 [   0 1130    0   22]
 [   0    0 1229    0]
 [   0   16    0 1151]]
2024-11-08 10:31:02 | INFO | train | In dataset valid: Loss is [0.1475 0.1475 0.0000]
2024-11-08 10:31:02 | INFO | train | task-0		Acc is 0.9875, F1 is 0.9875
2024-11-08 10:31:02 | INFO | train | task-0		F1-macro is 0.9892, F1-micro is 0.9875
2024-11-08 10:31:02 | INFO | train | task-0		Pre is 0.9875, Rec is 0.9875
2024-11-08 10:31:02 | INFO | train | task-0		C_M is 
[[ 444    0    0    0]
 [   0 1082    0   24]
 [   0    0 1233    0]
 [   0   26    0 1191]]
2024-11-08 10:31:39 | INFO | train | In dataset test: Loss is [0.1053 0.1053 0.0000]
2024-11-08 10:31:39 | INFO | train | task-0		Acc is 0.9918, F1 is 0.9918
2024-11-08 10:31:39 | INFO | train | task-0		F1-macro is 0.9929, F1-micro is 0.9918
2024-11-08 10:31:39 | INFO | train | task-0		Pre is 0.9918, Rec is 0.9918
2024-11-08 10:31:39 | INFO | train | task-0		C_M is 
[[ 475    0    0    0]
 [   0 1075    0   17]
 [   0    0 1209    0]
 [   0   16    0 1208]]
2024-11-08 10:31:39 | INFO | train | The best f1_macro util now is 0.9920, at step 116
2024-11-08 10:31:39 | INFO | train | The best f1_micro util now is 0.9908, at step 116
2024-11-08 10:32:24 | INFO | train | ----------------------------------------------------------------------------------
2024-11-08 10:32:24 | INFO | train | Time of iter training 44.44 s
2024-11-08 10:32:24 | INFO | train | On iter step 123:, global step 31489 Loss-step [0.1379 0.1379 0.0000]
2024-11-08 10:33:01 | INFO | train | In dataset train: Loss is [0.1036 0.1036 0.0000]
2024-11-08 10:33:01 | INFO | train | task-0		Acc is 0.9885, F1 is 0.9885
2024-11-08 10:33:01 | INFO | train | task-0		F1-macro is 0.9901, F1-micro is 0.9885
2024-11-08 10:33:01 | INFO | train | task-0		Pre is 0.9885, Rec is 0.9885
2024-11-08 10:33:01 | INFO | train | task-0		C_M is 
[[ 452    0    0    0]
 [   0 1148    0    4]
 [   0    0 1229    0]
 [   0   42    0 1125]]
2024-11-08 10:33:38 | INFO | train | In dataset valid: Loss is [0.1130 0.1130 0.0000]
2024-11-08 10:33:38 | INFO | train | task-0		Acc is 0.9858, F1 is 0.9858
2024-11-08 10:33:38 | INFO | train | task-0		F1-macro is 0.9877, F1-micro is 0.9858
2024-11-08 10:33:38 | INFO | train | task-0		Pre is 0.9858, Rec is 0.9858
2024-11-08 10:33:38 | INFO | train | task-0		C_M is 
[[ 444    0    0    0]
 [   0 1101    0    5]
 [   0    0 1233    0]
 [   0   52    0 1165]]
2024-11-08 10:34:15 | INFO | train | In dataset test: Loss is [0.0873 0.0873 0.0000]
2024-11-08 10:34:15 | INFO | train | task-0		Acc is 0.9905, F1 is 0.9905
2024-11-08 10:34:15 | INFO | train | task-0		F1-macro is 0.9918, F1-micro is 0.9905
2024-11-08 10:34:15 | INFO | train | task-0		Pre is 0.9905, Rec is 0.9905
2024-11-08 10:34:15 | INFO | train | task-0		C_M is 
[[ 475    0    0    0]
 [   0 1091    0    1]
 [   0    0 1209    0]
 [   0   37    0 1187]]
2024-11-08 10:34:15 | INFO | train | The best f1_macro util now is 0.9920, at step 116
2024-11-08 10:34:15 | INFO | train | The best f1_micro util now is 0.9908, at step 116
2024-11-08 10:34:59 | INFO | train | ----------------------------------------------------------------------------------
2024-11-08 10:34:59 | INFO | train | Time of iter training 44.34 s
2024-11-08 10:34:59 | INFO | train | On iter step 124:, global step 31745 Loss-step [0.1008 0.1008 0.0000]
2024-11-08 10:35:36 | INFO | train | In dataset train: Loss is [0.1105 0.1105 0.0000]
2024-11-08 10:35:36 | INFO | train | task-0		Acc is 0.9902, F1 is 0.9902
2024-11-08 10:35:36 | INFO | train | task-0		F1-macro is 0.9916, F1-micro is 0.9902
2024-11-08 10:35:36 | INFO | train | task-0		Pre is 0.9902, Rec is 0.9902
2024-11-08 10:35:36 | INFO | train | task-0		C_M is 
[[ 452    0    0    0]
 [   0 1144    0    8]
 [   0    0 1229    0]
 [   0   31    0 1136]]
2024-11-08 10:36:13 | INFO | train | In dataset valid: Loss is [0.1521 0.1521 0.0000]
2024-11-08 10:36:13 | INFO | train | task-0		Acc is 0.9880, F1 is 0.9880
2024-11-08 10:36:13 | INFO | train | task-0		F1-macro is 0.9897, F1-micro is 0.9880
2024-11-08 10:36:13 | INFO | train | task-0		Pre is 0.9880, Rec is 0.9880
2024-11-08 10:36:13 | INFO | train | task-0		C_M is 
[[ 444    0    0    0]
 [   0 1097    0    9]
 [   0    0 1233    0]
 [   0   39    0 1178]]
2024-11-08 10:36:50 | INFO | train | In dataset test: Loss is [0.0902 0.0902 0.0000]
2024-11-08 10:36:50 | INFO | train | task-0		Acc is 0.9920, F1 is 0.9920
2024-11-08 10:36:50 | INFO | train | task-0		F1-macro is 0.9931, F1-micro is 0.9920
2024-11-08 10:36:50 | INFO | train | task-0		Pre is 0.9920, Rec is 0.9920
2024-11-08 10:36:50 | INFO | train | task-0		C_M is 
[[ 475    0    0    0]
 [   0 1087    0    5]
 [   0    0 1209    0]
 [   0   27    0 1197]]
2024-11-08 10:36:50 | INFO | train | The best f1_macro util now is 0.9920, at step 116
2024-11-08 10:36:50 | INFO | train | The best f1_micro util now is 0.9908, at step 116
2024-11-08 10:37:34 | INFO | train | ----------------------------------------------------------------------------------
2024-11-08 10:37:34 | INFO | train | Time of iter training 43.97 s
2024-11-08 10:37:34 | INFO | train | On iter step 125:, global step 32001 Loss-step [0.1538 0.1538 0.0000]
2024-11-08 10:38:11 | INFO | train | In dataset train: Loss is [0.1353 0.1353 0.0000]
2024-11-08 10:38:11 | INFO | train | task-0		Acc is 0.9915, F1 is 0.9915
2024-11-08 10:38:11 | INFO | train | task-0		F1-macro is 0.9927, F1-micro is 0.9915
2024-11-08 10:38:11 | INFO | train | task-0		Pre is 0.9915, Rec is 0.9915
2024-11-08 10:38:11 | INFO | train | task-0		C_M is 
[[ 452    0    0    0]
 [   0 1134    0   18]
 [   0    0 1229    0]
 [   0   16    0 1151]]
2024-11-08 10:38:48 | INFO | train | In dataset valid: Loss is [0.1506 0.1506 0.0000]
2024-11-08 10:38:48 | INFO | train | task-0		Acc is 0.9872, F1 is 0.9872
2024-11-08 10:38:48 | INFO | train | task-0		F1-macro is 0.9890, F1-micro is 0.9872
2024-11-08 10:38:48 | INFO | train | task-0		Pre is 0.9872, Rec is 0.9872
2024-11-08 10:38:48 | INFO | train | task-0		C_M is 
[[ 444    0    0    0]
 [   0 1079    0   27]
 [   0    0 1233    0]
 [   0   24    0 1193]]
2024-11-08 10:39:25 | INFO | train | In dataset test: Loss is [0.1405 0.1405 0.0000]
2024-11-08 10:39:25 | INFO | train | task-0		Acc is 0.9918, F1 is 0.9918
2024-11-08 10:39:25 | INFO | train | task-0		F1-macro is 0.9929, F1-micro is 0.9918
2024-11-08 10:39:25 | INFO | train | task-0		Pre is 0.9918, Rec is 0.9918
2024-11-08 10:39:25 | INFO | train | task-0		C_M is 
[[ 475    0    0    0]
 [   0 1077    0   15]
 [   0    0 1209    0]
 [   0   18    0 1206]]
2024-11-08 10:39:25 | INFO | train | The best f1_macro util now is 0.9920, at step 116
2024-11-08 10:39:25 | INFO | train | The best f1_micro util now is 0.9908, at step 116
2024-11-08 10:40:10 | INFO | train | ----------------------------------------------------------------------------------
2024-11-08 10:40:10 | INFO | train | Time of iter training 44.37 s
2024-11-08 10:40:10 | INFO | train | On iter step 126:, global step 32257 Loss-step [0.1191 0.1191 0.0000]
2024-11-08 10:40:47 | INFO | train | In dataset train: Loss is [0.1297 0.1297 0.0000]
2024-11-08 10:40:47 | INFO | train | task-0		Acc is 0.9808, F1 is 0.9808
2024-11-08 10:40:47 | INFO | train | task-0		F1-macro is 0.9834, F1-micro is 0.9808
2024-11-08 10:40:47 | INFO | train | task-0		Pre is 0.9808, Rec is 0.9808
2024-11-08 10:40:47 | INFO | train | task-0		C_M is 
[[ 452    0    0    0]
 [   0 1149    0    3]
 [   0    0 1229    0]
 [   0   74    0 1093]]
2024-11-08 10:41:24 | INFO | train | In dataset valid: Loss is [0.1199 0.1199 0.0000]
2024-11-08 10:41:24 | INFO | train | task-0		Acc is 0.9780, F1 is 0.9780
2024-11-08 10:41:24 | INFO | train | task-0		F1-macro is 0.9811, F1-micro is 0.9780
2024-11-08 10:41:24 | INFO | train | task-0		Pre is 0.9780, Rec is 0.9780
2024-11-08 10:41:24 | INFO | train | task-0		C_M is 
[[ 444    0    0    0]
 [   0 1103    0    3]
 [   0    0 1233    0]
 [   0   85    0 1132]]
2024-11-08 10:42:01 | INFO | train | In dataset test: Loss is [0.1041 0.1041 0.0000]
2024-11-08 10:42:01 | INFO | train | task-0		Acc is 0.9835, F1 is 0.9835
2024-11-08 10:42:01 | INFO | train | task-0		F1-macro is 0.9857, F1-micro is 0.9835
2024-11-08 10:42:01 | INFO | train | task-0		Pre is 0.9835, Rec is 0.9835
2024-11-08 10:42:01 | INFO | train | task-0		C_M is 
[[ 475    0    0    0]
 [   0 1091    0    1]
 [   0    0 1209    0]
 [   0   65    0 1159]]
2024-11-08 10:42:01 | INFO | train | The best f1_macro util now is 0.9920, at step 116
2024-11-08 10:42:01 | INFO | train | The best f1_micro util now is 0.9908, at step 116
2024-11-08 10:42:45 | INFO | train | ----------------------------------------------------------------------------------
2024-11-08 10:42:45 | INFO | train | Time of iter training 44.26 s
2024-11-08 10:42:45 | INFO | train | On iter step 127:, global step 32513 Loss-step [0.1163 0.1163 0.0000]
2024-11-08 10:43:22 | INFO | train | In dataset train: Loss is [0.1159 0.1159 0.0000]
2024-11-08 10:43:22 | INFO | train | task-0		Acc is 0.9862, F1 is 0.9862
2024-11-08 10:43:22 | INFO | train | task-0		F1-macro is 0.9881, F1-micro is 0.9862
2024-11-08 10:43:22 | INFO | train | task-0		Pre is 0.9862, Rec is 0.9862
2024-11-08 10:43:22 | INFO | train | task-0		C_M is 
[[ 452    0    0    0]
 [   0 1149    0    3]
 [   0    0 1229    0]
 [   0   52    0 1115]]
2024-11-08 10:43:59 | INFO | train | In dataset valid: Loss is [0.1124 0.1124 0.0000]
2024-11-08 10:43:59 | INFO | train | task-0		Acc is 0.9818, F1 is 0.9818
2024-11-08 10:43:59 | INFO | train | task-0		F1-macro is 0.9843, F1-micro is 0.9818
2024-11-08 10:43:59 | INFO | train | task-0		Pre is 0.9818, Rec is 0.9818
2024-11-08 10:43:59 | INFO | train | task-0		C_M is 
[[ 444    0    0    0]
 [   0 1101    0    5]
 [   0    0 1233    0]
 [   0   68    0 1149]]
2024-11-08 10:44:36 | INFO | train | In dataset test: Loss is [0.0947 0.0947 0.0000]
2024-11-08 10:44:36 | INFO | train | task-0		Acc is 0.9880, F1 is 0.9880
2024-11-08 10:44:36 | INFO | train | task-0		F1-macro is 0.9896, F1-micro is 0.9880
2024-11-08 10:44:36 | INFO | train | task-0		Pre is 0.9880, Rec is 0.9880
2024-11-08 10:44:36 | INFO | train | task-0		C_M is 
[[ 475    0    0    0]
 [   0 1090    0    2]
 [   0    0 1209    0]
 [   0   46    0 1178]]
2024-11-08 10:44:36 | INFO | train | The best f1_macro util now is 0.9920, at step 116
2024-11-08 10:44:36 | INFO | train | The best f1_micro util now is 0.9908, at step 116
2024-11-08 10:45:21 | INFO | train | ----------------------------------------------------------------------------------
2024-11-08 10:45:21 | INFO | train | Time of iter training 44.03 s
2024-11-08 10:45:21 | INFO | train | On iter step 128:, global step 32769 Loss-step [0.1028 0.1028 0.0000]
2024-11-08 10:45:57 | INFO | train | In dataset train: Loss is [0.1193 0.1193 0.0000]
2024-11-08 10:45:57 | INFO | train | task-0		Acc is 0.9838, F1 is 0.9838
2024-11-08 10:45:57 | INFO | train | task-0		F1-macro is 0.9860, F1-micro is 0.9838
2024-11-08 10:45:57 | INFO | train | task-0		Pre is 0.9838, Rec is 0.9838
2024-11-08 10:45:57 | INFO | train | task-0		C_M is 
[[ 452    0    0    0]
 [   0 1149    0    3]
 [   0    0 1229    0]
 [   0   62    0 1105]]
2024-11-08 10:46:35 | INFO | train | In dataset valid: Loss is [0.1167 0.1167 0.0000]
2024-11-08 10:46:35 | INFO | train | task-0		Acc is 0.9820, F1 is 0.9820
2024-11-08 10:46:35 | INFO | train | task-0		F1-macro is 0.9845, F1-micro is 0.9820
2024-11-08 10:46:35 | INFO | train | task-0		Pre is 0.9820, Rec is 0.9820
2024-11-08 10:46:35 | INFO | train | task-0		C_M is 
[[ 444    0    0    0]
 [   0 1103    0    3]
 [   0    0 1233    0]
 [   0   69    0 1148]]
2024-11-08 10:47:12 | INFO | train | In dataset test: Loss is [0.0952 0.0952 0.0000]
2024-11-08 10:47:12 | INFO | train | task-0		Acc is 0.9865, F1 is 0.9865
2024-11-08 10:47:12 | INFO | train | task-0		F1-macro is 0.9883, F1-micro is 0.9865
2024-11-08 10:47:12 | INFO | train | task-0		Pre is 0.9865, Rec is 0.9865
2024-11-08 10:47:12 | INFO | train | task-0		C_M is 
[[ 475    0    0    0]
 [   0 1091    0    1]
 [   0    0 1209    0]
 [   0   53    0 1171]]
2024-11-08 10:47:12 | INFO | train | The best f1_macro util now is 0.9920, at step 116
2024-11-08 10:47:12 | INFO | train | The best f1_micro util now is 0.9908, at step 116
2024-11-08 10:47:56 | INFO | train | ----------------------------------------------------------------------------------
2024-11-08 10:47:56 | INFO | train | Time of iter training 44.27 s
2024-11-08 10:47:56 | INFO | train | On iter step 129:, global step 33025 Loss-step [0.1128 0.1128 0.0000]
2024-11-08 10:48:33 | INFO | train | In dataset train: Loss is [0.1133 0.1133 0.0000]
2024-11-08 10:48:33 | INFO | train | task-0		Acc is 0.9858, F1 is 0.9858
2024-11-08 10:48:33 | INFO | train | task-0		F1-macro is 0.9877, F1-micro is 0.9858
2024-11-08 10:48:33 | INFO | train | task-0		Pre is 0.9858, Rec is 0.9858
2024-11-08 10:48:33 | INFO | train | task-0		C_M is 
[[ 452    0    0    0]
 [   0 1147    0    5]
 [   0    0 1229    0]
 [   0   52    0 1115]]
2024-11-08 10:49:10 | INFO | train | In dataset valid: Loss is [0.1144 0.1144 0.0000]
2024-11-08 10:49:10 | INFO | train | task-0		Acc is 0.9835, F1 is 0.9835
2024-11-08 10:49:10 | INFO | train | task-0		F1-macro is 0.9858, F1-micro is 0.9835
2024-11-08 10:49:10 | INFO | train | task-0		Pre is 0.9835, Rec is 0.9835
2024-11-08 10:49:10 | INFO | train | task-0		C_M is 
[[ 444    0    0    0]
 [   0 1101    0    5]
 [   0    0 1233    0]
 [   0   61    0 1156]]
2024-11-08 10:49:47 | INFO | train | In dataset test: Loss is [0.0898 0.0898 0.0000]
2024-11-08 10:49:47 | INFO | train | task-0		Acc is 0.9878, F1 is 0.9878
2024-11-08 10:49:47 | INFO | train | task-0		F1-macro is 0.9894, F1-micro is 0.9878
2024-11-08 10:49:47 | INFO | train | task-0		Pre is 0.9878, Rec is 0.9878
2024-11-08 10:49:47 | INFO | train | task-0		C_M is 
[[ 475    0    0    0]
 [   0 1091    0    1]
 [   0    0 1209    0]
 [   0   48    0 1176]]
2024-11-08 10:49:47 | INFO | train | The best f1_macro util now is 0.9920, at step 116
2024-11-08 10:49:47 | INFO | train | The best f1_micro util now is 0.9908, at step 116
2024-11-08 10:50:32 | INFO | train | ----------------------------------------------------------------------------------
2024-11-08 10:50:32 | INFO | train | Time of iter training 44.32 s
2024-11-08 10:50:32 | INFO | train | On iter step 130:, global step 33281 Loss-step [0.0839 0.0839 0.0000]
2024-11-08 10:51:08 | INFO | train | In dataset train: Loss is [0.1048 0.1048 0.0000]
2024-11-08 10:51:08 | INFO | train | task-0		Acc is 0.9900, F1 is 0.9900
2024-11-08 10:51:08 | INFO | train | task-0		F1-macro is 0.9914, F1-micro is 0.9900
2024-11-08 10:51:08 | INFO | train | task-0		Pre is 0.9900, Rec is 0.9900
2024-11-08 10:51:08 | INFO | train | task-0		C_M is 
[[ 452    0    0    0]
 [   0 1144    0    8]
 [   0    0 1229    0]
 [   0   32    0 1135]]
2024-11-08 10:51:46 | INFO | train | In dataset valid: Loss is [0.1094 0.1094 0.0000]
2024-11-08 10:51:46 | INFO | train | task-0		Acc is 0.9888, F1 is 0.9888
2024-11-08 10:51:46 | INFO | train | task-0		F1-macro is 0.9903, F1-micro is 0.9888
2024-11-08 10:51:46 | INFO | train | task-0		Pre is 0.9888, Rec is 0.9888
2024-11-08 10:51:46 | INFO | train | task-0		C_M is 
[[ 444    0    0    0]
 [   0 1098    0    8]
 [   0    0 1233    0]
 [   0   37    0 1180]]
2024-11-08 10:52:23 | INFO | train | In dataset test: Loss is [0.0857 0.0857 0.0000]
2024-11-08 10:52:23 | INFO | train | task-0		Acc is 0.9925, F1 is 0.9925
2024-11-08 10:52:23 | INFO | train | task-0		F1-macro is 0.9935, F1-micro is 0.9925
2024-11-08 10:52:23 | INFO | train | task-0		Pre is 0.9925, Rec is 0.9925
2024-11-08 10:52:23 | INFO | train | task-0		C_M is 
[[ 475    0    0    0]
 [   0 1088    0    4]
 [   0    0 1209    0]
 [   0   26    0 1198]]
2024-11-08 10:52:23 | INFO | train | The best f1_macro util now is 0.9920, at step 116
2024-11-08 10:52:23 | INFO | train | The best f1_micro util now is 0.9908, at step 116
2024-11-08 10:53:07 | INFO | train | ----------------------------------------------------------------------------------
2024-11-08 10:53:07 | INFO | train | Time of iter training 43.96 s
2024-11-08 10:53:07 | INFO | train | On iter step 131:, global step 33537 Loss-step [0.1103 0.1103 0.0000]
2024-11-08 10:53:44 | INFO | train | In dataset train: Loss is [0.1320 0.1320 0.0000]
2024-11-08 10:53:44 | INFO | train | task-0		Acc is 0.9838, F1 is 0.9838
2024-11-08 10:53:44 | INFO | train | task-0		F1-macro is 0.9860, F1-micro is 0.9838
2024-11-08 10:53:44 | INFO | train | task-0		Pre is 0.9838, Rec is 0.9838
2024-11-08 10:53:44 | INFO | train | task-0		C_M is 
[[ 452    0    0    0]
 [   0 1145    0    7]
 [   0    0 1229    0]
 [   0   58    0 1109]]
2024-11-08 10:54:21 | INFO | train | In dataset valid: Loss is [0.1410 0.1410 0.0000]
2024-11-08 10:54:21 | INFO | train | task-0		Acc is 0.9840, F1 is 0.9840
2024-11-08 10:54:21 | INFO | train | task-0		F1-macro is 0.9862, F1-micro is 0.9840
2024-11-08 10:54:21 | INFO | train | task-0		Pre is 0.9840, Rec is 0.9840
2024-11-08 10:54:21 | INFO | train | task-0		C_M is 
[[ 444    0    0    0]
 [   0 1096    0   10]
 [   0    0 1233    0]
 [   0   54    0 1163]]
2024-11-08 10:54:58 | INFO | train | In dataset test: Loss is [0.1050 0.1050 0.0000]
2024-11-08 10:54:58 | INFO | train | task-0		Acc is 0.9875, F1 is 0.9875
2024-11-08 10:54:58 | INFO | train | task-0		F1-macro is 0.9892, F1-micro is 0.9875
2024-11-08 10:54:58 | INFO | train | task-0		Pre is 0.9875, Rec is 0.9875
2024-11-08 10:54:58 | INFO | train | task-0		C_M is 
[[ 475    0    0    0]
 [   0 1087    0    5]
 [   0    0 1209    0]
 [   0   45    0 1179]]
2024-11-08 10:54:58 | INFO | train | The best f1_macro util now is 0.9920, at step 116
2024-11-08 10:54:58 | INFO | train | The best f1_micro util now is 0.9908, at step 116
2024-11-08 10:55:42 | INFO | train | ----------------------------------------------------------------------------------
2024-11-08 10:55:42 | INFO | train | Time of iter training 44.36 s
2024-11-08 10:55:42 | INFO | train | On iter step 132:, global step 33793 Loss-step [0.1107 0.1107 0.0000]
2024-11-08 10:56:19 | INFO | train | In dataset train: Loss is [0.1255 0.1255 0.0000]
2024-11-08 10:56:19 | INFO | train | task-0		Acc is 0.9792, F1 is 0.9792
2024-11-08 10:56:19 | INFO | train | task-0		F1-macro is 0.9821, F1-micro is 0.9792
2024-11-08 10:56:19 | INFO | train | task-0		Pre is 0.9792, Rec is 0.9792
2024-11-08 10:56:19 | INFO | train | task-0		C_M is 
[[ 452    0    0    0]
 [   0 1150    0    2]
 [   0    0 1229    0]
 [   0   81    0 1086]]
2024-11-08 10:56:56 | INFO | train | In dataset valid: Loss is [0.1177 0.1177 0.0000]
2024-11-08 10:56:56 | INFO | train | task-0		Acc is 0.9778, F1 is 0.9778
2024-11-08 10:56:56 | INFO | train | task-0		F1-macro is 0.9808, F1-micro is 0.9778
2024-11-08 10:56:56 | INFO | train | task-0		Pre is 0.9778, Rec is 0.9778
2024-11-08 10:56:56 | INFO | train | task-0		C_M is 
[[ 444    0    0    0]
 [   0 1104    0    2]
 [   0    0 1233    0]
 [   0   87    0 1130]]
2024-11-08 10:57:34 | INFO | train | In dataset test: Loss is [0.0921 0.0921 0.0000]
2024-11-08 10:57:34 | INFO | train | task-0		Acc is 0.9818, F1 is 0.9818
2024-11-08 10:57:34 | INFO | train | task-0		F1-macro is 0.9842, F1-micro is 0.9818
2024-11-08 10:57:34 | INFO | train | task-0		Pre is 0.9818, Rec is 0.9818
2024-11-08 10:57:34 | INFO | train | task-0		C_M is 
[[ 475    0    0    0]
 [   0 1091    0    1]
 [   0    0 1209    0]
 [   0   72    0 1152]]
2024-11-08 10:57:34 | INFO | train | The best f1_macro util now is 0.9920, at step 116
2024-11-08 10:57:34 | INFO | train | The best f1_micro util now is 0.9908, at step 116
2024-11-08 10:58:18 | INFO | train | ----------------------------------------------------------------------------------
2024-11-08 10:58:18 | INFO | train | Time of iter training 44.09 s
2024-11-08 10:58:18 | INFO | train | On iter step 133:, global step 34049 Loss-step [0.2569 0.2569 0.0000]
2024-11-08 10:58:55 | INFO | train | In dataset train: Loss is [0.1549 0.1549 0.0000]
2024-11-08 10:58:55 | INFO | train | task-0		Acc is 0.9593, F1 is 0.9593
2024-11-08 10:58:55 | INFO | train | task-0		F1-macro is 0.9647, F1-micro is 0.9593
2024-11-08 10:58:55 | INFO | train | task-0		Pre is 0.9593, Rec is 0.9593
2024-11-08 10:58:55 | INFO | train | task-0		C_M is 
[[ 452    0    0    0]
 [   0 1151    0    1]
 [   0    0 1229    0]
 [   0  162    0 1005]]
2024-11-08 10:59:32 | INFO | train | In dataset valid: Loss is [0.1555 0.1555 0.0000]
2024-11-08 10:59:32 | INFO | train | task-0		Acc is 0.9550, F1 is 0.9550
2024-11-08 10:59:32 | INFO | train | task-0		F1-macro is 0.9612, F1-micro is 0.9550
2024-11-08 10:59:32 | INFO | train | task-0		Pre is 0.9550, Rec is 0.9550
2024-11-08 10:59:32 | INFO | train | task-0		C_M is 
[[ 444    0    0    0]
 [   0 1105    0    1]
 [   0    0 1233    0]
 [   0  179    0 1038]]
2024-11-08 11:00:09 | INFO | train | In dataset test: Loss is [0.1367 0.1367 0.0000]
2024-11-08 11:00:09 | INFO | train | task-0		Acc is 0.9603, F1 is 0.9603
2024-11-08 11:00:09 | INFO | train | task-0		F1-macro is 0.9657, F1-micro is 0.9603
2024-11-08 11:00:09 | INFO | train | task-0		Pre is 0.9603, Rec is 0.9603
2024-11-08 11:00:09 | INFO | train | task-0		C_M is 
[[ 475    0    0    0]
 [   0 1092    0    0]
 [   0    0 1209    0]
 [   0  159    0 1065]]
2024-11-08 11:00:09 | INFO | train | The best f1_macro util now is 0.9920, at step 116
2024-11-08 11:00:09 | INFO | train | The best f1_micro util now is 0.9908, at step 116
2024-11-08 11:00:53 | INFO | train | ----------------------------------------------------------------------------------
2024-11-08 11:00:53 | INFO | train | Time of iter training 44.04 s
2024-11-08 11:00:53 | INFO | train | On iter step 134:, global step 34305 Loss-step [0.1408 0.1408 0.0000]
2024-11-08 11:01:30 | INFO | train | In dataset train: Loss is [0.1180 0.1180 0.0000]
2024-11-08 11:01:30 | INFO | train | task-0		Acc is 0.9875, F1 is 0.9875
2024-11-08 11:01:30 | INFO | train | task-0		F1-macro is 0.9892, F1-micro is 0.9875
2024-11-08 11:01:30 | INFO | train | task-0		Pre is 0.9875, Rec is 0.9875
2024-11-08 11:01:30 | INFO | train | task-0		C_M is 
[[ 452    0    0    0]
 [   0 1148    0    4]
 [   0    0 1229    0]
 [   0   46    0 1121]]
2024-11-08 11:02:07 | INFO | train | In dataset valid: Loss is [0.1203 0.1203 0.0000]
2024-11-08 11:02:07 | INFO | train | task-0		Acc is 0.9828, F1 is 0.9828
2024-11-08 11:02:07 | INFO | train | task-0		F1-macro is 0.9851, F1-micro is 0.9828
2024-11-08 11:02:07 | INFO | train | task-0		Pre is 0.9828, Rec is 0.9828
2024-11-08 11:02:07 | INFO | train | task-0		C_M is 
[[ 444    0    0    0]
 [   0 1097    0    9]
 [   0    0 1233    0]
 [   0   60    0 1157]]
2024-11-08 11:02:44 | INFO | train | In dataset test: Loss is [0.0949 0.0949 0.0000]
2024-11-08 11:02:44 | INFO | train | task-0		Acc is 0.9892, F1 is 0.9892
2024-11-08 11:02:44 | INFO | train | task-0		F1-macro is 0.9907, F1-micro is 0.9892
2024-11-08 11:02:44 | INFO | train | task-0		Pre is 0.9892, Rec is 0.9892
2024-11-08 11:02:44 | INFO | train | task-0		C_M is 
[[ 475    0    0    0]
 [   0 1088    0    4]
 [   0    0 1209    0]
 [   0   39    0 1185]]
2024-11-08 11:02:44 | INFO | train | The best f1_macro util now is 0.9920, at step 116
2024-11-08 11:02:44 | INFO | train | The best f1_micro util now is 0.9908, at step 116
2024-11-08 11:03:28 | INFO | train | ----------------------------------------------------------------------------------
2024-11-08 11:03:28 | INFO | train | Time of iter training 44.34 s
2024-11-08 11:03:28 | INFO | train | On iter step 135:, global step 34561 Loss-step [0.1109 0.1109 0.0000]
2024-11-08 11:04:05 | INFO | train | In dataset train: Loss is [0.1322 0.1322 0.0000]
2024-11-08 11:04:05 | INFO | train | task-0		Acc is 0.9910, F1 is 0.9910
2024-11-08 11:04:05 | INFO | train | task-0		F1-macro is 0.9922, F1-micro is 0.9910
2024-11-08 11:04:05 | INFO | train | task-0		Pre is 0.9910, Rec is 0.9910
2024-11-08 11:04:05 | INFO | train | task-0		C_M is 
[[ 452    0    0    0]
 [   0 1143    0    9]
 [   0    0 1229    0]
 [   0   27    0 1140]]
2024-11-08 11:04:42 | INFO | train | In dataset valid: Loss is [0.1965 0.1965 0.0000]
2024-11-08 11:04:42 | INFO | train | task-0		Acc is 0.9888, F1 is 0.9888
2024-11-08 11:04:42 | INFO | train | task-0		F1-macro is 0.9903, F1-micro is 0.9888
2024-11-08 11:04:42 | INFO | train | task-0		Pre is 0.9888, Rec is 0.9888
2024-11-08 11:04:42 | INFO | train | task-0		C_M is 
[[ 444    0    0    0]
 [   0 1088    0   18]
 [   0    0 1233    0]
 [   0   27    0 1190]]
2024-11-08 11:05:19 | INFO | train | In dataset test: Loss is [0.0994 0.0994 0.0000]
2024-11-08 11:05:19 | INFO | train | task-0		Acc is 0.9930, F1 is 0.9930
2024-11-08 11:05:19 | INFO | train | task-0		F1-macro is 0.9939, F1-micro is 0.9930
2024-11-08 11:05:19 | INFO | train | task-0		Pre is 0.9930, Rec is 0.9930
2024-11-08 11:05:19 | INFO | train | task-0		C_M is 
[[ 475    0    0    0]
 [   0 1083    0    9]
 [   0    0 1209    0]
 [   0   19    0 1205]]
2024-11-08 11:05:19 | INFO | train | The best f1_macro util now is 0.9920, at step 116
2024-11-08 11:05:19 | INFO | train | The best f1_micro util now is 0.9908, at step 116
2024-11-08 11:06:03 | INFO | train | ----------------------------------------------------------------------------------
2024-11-08 11:06:03 | INFO | train | Time of iter training 44.05 s
2024-11-08 11:06:03 | INFO | train | On iter step 136:, global step 34817 Loss-step [0.1240 0.1240 0.0000]
2024-11-08 11:06:40 | INFO | train | In dataset train: Loss is [0.1031 0.1031 0.0000]
2024-11-08 11:06:40 | INFO | train | task-0		Acc is 0.9858, F1 is 0.9858
2024-11-08 11:06:40 | INFO | train | task-0		F1-macro is 0.9877, F1-micro is 0.9858
2024-11-08 11:06:40 | INFO | train | task-0		Pre is 0.9858, Rec is 0.9858
2024-11-08 11:06:40 | INFO | train | task-0		C_M is 
[[ 452    0    0    0]
 [   0 1147    0    5]
 [   0    0 1229    0]
 [   0   52    0 1115]]
2024-11-08 11:07:17 | INFO | train | In dataset valid: Loss is [0.1120 0.1120 0.0000]
2024-11-08 11:07:17 | INFO | train | task-0		Acc is 0.9845, F1 is 0.9845
2024-11-08 11:07:17 | INFO | train | task-0		F1-macro is 0.9866, F1-micro is 0.9845
2024-11-08 11:07:17 | INFO | train | task-0		Pre is 0.9845, Rec is 0.9845
2024-11-08 11:07:17 | INFO | train | task-0		C_M is 
[[ 444    0    0    0]
 [   0 1102    0    4]
 [   0    0 1233    0]
 [   0   58    0 1159]]
2024-11-08 11:07:55 | INFO | train | In dataset test: Loss is [0.0843 0.0843 0.0000]
2024-11-08 11:07:55 | INFO | train | task-0		Acc is 0.9898, F1 is 0.9898
2024-11-08 11:07:55 | INFO | train | task-0		F1-macro is 0.9911, F1-micro is 0.9898
2024-11-08 11:07:55 | INFO | train | task-0		Pre is 0.9898, Rec is 0.9898
2024-11-08 11:07:55 | INFO | train | task-0		C_M is 
[[ 475    0    0    0]
 [   0 1088    0    4]
 [   0    0 1209    0]
 [   0   37    0 1187]]
2024-11-08 11:07:55 | INFO | train | The best f1_macro util now is 0.9920, at step 116
2024-11-08 11:07:55 | INFO | train | The best f1_micro util now is 0.9908, at step 116
2024-11-08 11:08:39 | INFO | train | ----------------------------------------------------------------------------------
2024-11-08 11:08:39 | INFO | train | Time of iter training 44.02 s
2024-11-08 11:08:39 | INFO | train | On iter step 137:, global step 35073 Loss-step [0.0976 0.0976 0.0000]
2024-11-08 11:09:16 | INFO | train | In dataset train: Loss is [0.1960 0.1960 0.0000]
2024-11-08 11:09:16 | INFO | train | task-0		Acc is 0.9908, F1 is 0.9908
2024-11-08 11:09:16 | INFO | train | task-0		F1-macro is 0.9920, F1-micro is 0.9908
2024-11-08 11:09:16 | INFO | train | task-0		Pre is 0.9908, Rec is 0.9908
2024-11-08 11:09:16 | INFO | train | task-0		C_M is 
[[ 452    0    0    0]
 [   0 1136    0   16]
 [   0    0 1229    0]
 [   0   21    0 1146]]
2024-11-08 11:09:53 | INFO | train | In dataset valid: Loss is [0.1448 0.1448 0.0000]
2024-11-08 11:09:53 | INFO | train | task-0		Acc is 0.9902, F1 is 0.9902
2024-11-08 11:09:53 | INFO | train | task-0		F1-macro is 0.9916, F1-micro is 0.9902
2024-11-08 11:09:53 | INFO | train | task-0		Pre is 0.9902, Rec is 0.9902
2024-11-08 11:09:53 | INFO | train | task-0		C_M is 
[[ 444    0    0    0]
 [   0 1090    0   16]
 [   0    0 1233    0]
 [   0   23    0 1194]]
2024-11-08 11:10:30 | INFO | train | In dataset test: Loss is [0.0877 0.0877 0.0000]
2024-11-08 11:10:30 | INFO | train | task-0		Acc is 0.9912, F1 is 0.9912
2024-11-08 11:10:30 | INFO | train | task-0		F1-macro is 0.9924, F1-micro is 0.9912
2024-11-08 11:10:30 | INFO | train | task-0		Pre is 0.9912, Rec is 0.9912
2024-11-08 11:10:30 | INFO | train | task-0		C_M is 
[[ 475    0    0    0]
 [   0 1077    0   15]
 [   0    0 1209    0]
 [   0   20    0 1204]]
2024-11-08 11:10:30 | INFO | train | The best f1_macro util now is 0.9920, at step 116
2024-11-08 11:10:30 | INFO | train | The best f1_micro util now is 0.9908, at step 116
2024-11-08 11:11:14 | INFO | train | ----------------------------------------------------------------------------------
2024-11-08 11:11:14 | INFO | train | Time of iter training 43.97 s
2024-11-08 11:11:14 | INFO | train | On iter step 138:, global step 35329 Loss-step [0.1697 0.1697 0.0000]
2024-11-08 11:11:51 | INFO | train | In dataset train: Loss is [0.1792 0.1792 0.0000]
2024-11-08 11:11:51 | INFO | train | task-0		Acc is 0.9613, F1 is 0.9613
2024-11-08 11:11:51 | INFO | train | task-0		F1-macro is 0.9665, F1-micro is 0.9613
2024-11-08 11:11:51 | INFO | train | task-0		Pre is 0.9613, Rec is 0.9613
2024-11-08 11:11:51 | INFO | train | task-0		C_M is 
[[ 452    0    0    0]
 [   0 1151    0    1]
 [   0    0 1229    0]
 [   0  154    0 1013]]
2024-11-08 11:12:28 | INFO | train | In dataset valid: Loss is [0.1982 0.1982 0.0000]
2024-11-08 11:12:28 | INFO | train | task-0		Acc is 0.9543, F1 is 0.9543
2024-11-08 11:12:28 | INFO | train | task-0		F1-macro is 0.9606, F1-micro is 0.9543
2024-11-08 11:12:28 | INFO | train | task-0		Pre is 0.9543, Rec is 0.9543
2024-11-08 11:12:28 | INFO | train | task-0		C_M is 
[[ 444    0    0    0]
 [   0 1104    0    2]
 [   0    0 1233    0]
 [   0  181    0 1036]]
2024-11-08 11:13:05 | INFO | train | In dataset test: Loss is [0.1777 0.1777 0.0000]
2024-11-08 11:13:05 | INFO | train | task-0		Acc is 0.9587, F1 is 0.9587
2024-11-08 11:13:05 | INFO | train | task-0		F1-macro is 0.9644, F1-micro is 0.9587
2024-11-08 11:13:05 | INFO | train | task-0		Pre is 0.9587, Rec is 0.9587
2024-11-08 11:13:05 | INFO | train | task-0		C_M is 
[[ 475    0    0    0]
 [   0 1091    0    1]
 [   0    0 1209    0]
 [   0  164    0 1060]]
2024-11-08 11:13:05 | INFO | train | The best f1_macro util now is 0.9920, at step 116
2024-11-08 11:13:05 | INFO | train | The best f1_micro util now is 0.9908, at step 116
2024-11-08 11:13:49 | INFO | train | ----------------------------------------------------------------------------------
2024-11-08 11:13:49 | INFO | train | Time of iter training 44.03 s
2024-11-08 11:13:49 | INFO | train | On iter step 139:, global step 35585 Loss-step [0.1442 0.1442 0.0000]
2024-11-08 11:14:26 | INFO | train | In dataset train: Loss is [0.1912 0.1912 0.0000]
2024-11-08 11:14:26 | INFO | train | task-0		Acc is 0.9845, F1 is 0.9845
2024-11-08 11:14:26 | INFO | train | task-0		F1-macro is 0.9866, F1-micro is 0.9845
2024-11-08 11:14:26 | INFO | train | task-0		Pre is 0.9845, Rec is 0.9845
2024-11-08 11:14:26 | INFO | train | task-0		C_M is 
[[ 452    0    0    0]
 [   0 1102    0   50]
 [   0    0 1229    0]
 [   0   12    0 1155]]
2024-11-08 11:15:03 | INFO | train | In dataset valid: Loss is [0.1796 0.1796 0.0000]
2024-11-08 11:15:03 | INFO | train | task-0		Acc is 0.9812, F1 is 0.9812
2024-11-08 11:15:03 | INFO | train | task-0		F1-macro is 0.9838, F1-micro is 0.9812
2024-11-08 11:15:03 | INFO | train | task-0		Pre is 0.9812, Rec is 0.9812
2024-11-08 11:15:03 | INFO | train | task-0		C_M is 
[[ 444    0    0    0]
 [   0 1054    0   52]
 [   0    0 1233    0]
 [   0   23    0 1194]]
2024-11-08 11:15:40 | INFO | train | In dataset test: Loss is [0.1331 0.1331 0.0000]
2024-11-08 11:15:40 | INFO | train | task-0		Acc is 0.9845, F1 is 0.9845
2024-11-08 11:15:40 | INFO | train | task-0		F1-macro is 0.9866, F1-micro is 0.9845
2024-11-08 11:15:40 | INFO | train | task-0		Pre is 0.9845, Rec is 0.9845
2024-11-08 11:15:40 | INFO | train | task-0		C_M is 
[[ 475    0    0    0]
 [   0 1047    0   45]
 [   0    0 1209    0]
 [   0   17    0 1207]]
2024-11-08 11:15:40 | INFO | train | The best f1_macro util now is 0.9920, at step 116
2024-11-08 11:15:40 | INFO | train | The best f1_micro util now is 0.9908, at step 116
2024-11-08 11:16:24 | INFO | train | ----------------------------------------------------------------------------------
2024-11-08 11:16:24 | INFO | train | Time of iter training 44.07 s
2024-11-08 11:16:24 | INFO | train | On iter step 140:, global step 35841 Loss-step [0.1736 0.1736 0.0000]
2024-11-08 11:17:01 | INFO | train | In dataset train: Loss is [1.1241 1.1241 0.0000]
2024-11-08 11:17:01 | INFO | train | task-0		Acc is 0.8922, F1 is 0.8922
2024-11-08 11:17:01 | INFO | train | task-0		F1-macro is 0.7901, F1-micro is 0.8922
2024-11-08 11:17:01 | INFO | train | task-0		Pre is 0.8922, Rec is 0.8922
2024-11-08 11:17:01 | INFO | train | task-0		C_M is 
[[  97  343    0   12]
 [   0 1147    0    5]
 [   0    0 1229    0]
 [   0   71    0 1096]]
2024-11-08 11:17:38 | INFO | train | In dataset valid: Loss is [1.0502 1.0502 0.0000]
2024-11-08 11:17:38 | INFO | train | task-0		Acc is 0.8938, F1 is 0.8938
2024-11-08 11:17:38 | INFO | train | task-0		F1-macro is 0.7931, F1-micro is 0.8938
2024-11-08 11:17:38 | INFO | train | task-0		Pre is 0.8938, Rec is 0.8938
2024-11-08 11:17:38 | INFO | train | task-0		C_M is 
[[ 101  324    1   18]
 [   0 1101    0    5]
 [   0    0 1233    0]
 [   0   77    0 1140]]
2024-11-08 11:18:15 | INFO | train | In dataset test: Loss is [1.1374 1.1374 0.0000]
2024-11-08 11:18:15 | INFO | train | task-0		Acc is 0.8925, F1 is 0.8925
2024-11-08 11:18:15 | INFO | train | task-0		F1-macro is 0.7958, F1-micro is 0.8925
2024-11-08 11:18:15 | INFO | train | task-0		Pre is 0.8925, Rec is 0.8925
2024-11-08 11:18:15 | INFO | train | task-0		C_M is 
[[ 110  356    0    9]
 [   0 1090    0    2]
 [   0    0 1209    0]
 [   0   63    0 1161]]
2024-11-08 11:18:15 | INFO | train | The best f1_macro util now is 0.9920, at step 116
2024-11-08 11:18:15 | INFO | train | The best f1_micro util now is 0.9908, at step 116
2024-11-08 11:18:59 | INFO | train | ----------------------------------------------------------------------------------
2024-11-08 11:18:59 | INFO | train | Time of iter training 43.86 s
2024-11-08 11:18:59 | INFO | train | On iter step 141:, global step 36097 Loss-step [0.7200 0.7200 0.0000]
2024-11-08 11:19:36 | INFO | train | In dataset train: Loss is [0.5071 0.5071 0.0000]
2024-11-08 11:19:36 | INFO | train | task-0		Acc is 0.8768, F1 is 0.8768
2024-11-08 11:19:36 | INFO | train | task-0		F1-macro is 0.6977, F1-micro is 0.8768
2024-11-08 11:19:36 | INFO | train | task-0		Pre is 0.8768, Rec is 0.8768
2024-11-08 11:19:36 | INFO | train | task-0		C_M is 
[[   0  297   33  122]
 [   0 1140    0   12]
 [   0    0 1229    0]
 [   0   29    0 1138]]
2024-11-08 11:20:13 | INFO | train | In dataset valid: Loss is [0.5221 0.5221 0.0000]
2024-11-08 11:20:13 | INFO | train | task-0		Acc is 0.8742, F1 is 0.8742
2024-11-08 11:20:13 | INFO | train | task-0		F1-macro is 0.6943, F1-micro is 0.8742
2024-11-08 11:20:13 | INFO | train | task-0		Pre is 0.8742, Rec is 0.8742
2024-11-08 11:20:13 | INFO | train | task-0		C_M is 
[[   0  281   28  135]
 [   0 1084    0   22]
 [   0    0 1233    0]
 [   0   37    0 1180]]
2024-11-08 11:20:50 | INFO | train | In dataset test: Loss is [0.4715 0.4715 0.0000]
2024-11-08 11:20:50 | INFO | train | task-0		Acc is 0.8712, F1 is 0.8713
2024-11-08 11:20:50 | INFO | train | task-0		F1-macro is 0.6952, F1-micro is 0.8713
2024-11-08 11:20:50 | INFO | train | task-0		Pre is 0.8712, Rec is 0.8712
2024-11-08 11:20:50 | INFO | train | task-0		C_M is 
[[   0  323   21  131]
 [   0 1082    0   10]
 [   0    0 1209    0]
 [   0   30    0 1194]]
2024-11-08 11:20:50 | INFO | train | The best f1_macro util now is 0.9920, at step 116
2024-11-08 11:20:50 | INFO | train | The best f1_micro util now is 0.9908, at step 116
2024-11-08 11:21:34 | INFO | train | ----------------------------------------------------------------------------------
2024-11-08 11:21:34 | INFO | train | Time of iter training 43.99 s
2024-11-08 11:21:34 | INFO | train | On iter step 142:, global step 36353 Loss-step [0.4522 0.4522 0.0000]
2024-11-08 11:22:11 | INFO | train | In dataset train: Loss is [0.4735 0.4735 0.0000]
2024-11-08 11:22:11 | INFO | train | task-0		Acc is 0.8772, F1 is 0.8772
2024-11-08 11:22:11 | INFO | train | task-0		F1-macro is 0.6981, F1-micro is 0.8772
2024-11-08 11:22:11 | INFO | train | task-0		Pre is 0.8772, Rec is 0.8772
2024-11-08 11:22:11 | INFO | train | task-0		C_M is 
[[   0  249  164   39]
 [   0 1143    0    9]
 [   0    0 1229    0]
 [   0   30    0 1137]]
2024-11-08 11:22:48 | INFO | train | In dataset valid: Loss is [0.4718 0.4718 0.0000]
2024-11-08 11:22:48 | INFO | train | task-0		Acc is 0.8752, F1 is 0.8752
2024-11-08 11:22:48 | INFO | train | task-0		F1-macro is 0.6949, F1-micro is 0.8752
2024-11-08 11:22:48 | INFO | train | task-0		Pre is 0.8752, Rec is 0.8752
2024-11-08 11:22:48 | INFO | train | task-0		C_M is 
[[   0  222  178   44]
 [   0 1091    0   15]
 [   0    0 1233    0]
 [   0   40    0 1177]]
2024-11-08 11:23:26 | INFO | train | In dataset test: Loss is [0.4577 0.4577 0.0000]
2024-11-08 11:23:26 | INFO | train | task-0		Acc is 0.8720, F1 is 0.8720
2024-11-08 11:23:26 | INFO | train | task-0		F1-macro is 0.6952, F1-micro is 0.8720
2024-11-08 11:23:26 | INFO | train | task-0		Pre is 0.8720, Rec is 0.8720
2024-11-08 11:23:26 | INFO | train | task-0		C_M is 
[[   0  268  157   50]
 [   0 1085    0    7]
 [   0    0 1209    0]
 [   0   30    0 1194]]
2024-11-08 11:23:26 | INFO | train | The best f1_macro util now is 0.9920, at step 116
2024-11-08 11:23:26 | INFO | train | The best f1_micro util now is 0.9908, at step 116
2024-11-08 11:24:10 | INFO | train | ----------------------------------------------------------------------------------
2024-11-08 11:24:10 | INFO | train | Time of iter training 44.19 s
2024-11-08 11:24:10 | INFO | train | On iter step 143:, global step 36609 Loss-step [0.5392 0.5392 0.0000]
2024-11-08 11:24:47 | INFO | train | In dataset train: Loss is [0.4620 0.4620 0.0000]
2024-11-08 11:24:47 | INFO | train | task-0		Acc is 0.8680, F1 is 0.8680
2024-11-08 11:24:47 | INFO | train | task-0		F1-macro is 0.6943, F1-micro is 0.8680
2024-11-08 11:24:47 | INFO | train | task-0		Pre is 0.8680, Rec is 0.8680
2024-11-08 11:24:47 | INFO | train | task-0		C_M is 
[[   0    0  439   13]
 [   0 1150    0    2]
 [   0    0 1229    0]
 [   0   74    0 1093]]
2024-11-08 11:25:24 | INFO | train | In dataset valid: Loss is [0.4631 0.4631 0.0000]
2024-11-08 11:25:24 | INFO | train | task-0		Acc is 0.8682, F1 is 0.8682
2024-11-08 11:25:24 | INFO | train | task-0		F1-macro is 0.6935, F1-micro is 0.8682
2024-11-08 11:25:24 | INFO | train | task-0		Pre is 0.8682, Rec is 0.8682
2024-11-08 11:25:24 | INFO | train | task-0		C_M is 
[[   0    3  429   12]
 [   0 1104    0    2]
 [   0    0 1233    0]
 [   0   81    0 1136]]
2024-11-08 11:26:01 | INFO | train | In dataset test: Loss is [0.4598 0.4598 0.0000]
2024-11-08 11:26:01 | INFO | train | task-0		Acc is 0.8665, F1 is 0.8665
2024-11-08 11:26:01 | INFO | train | task-0		F1-macro is 0.6959, F1-micro is 0.8665
2024-11-08 11:26:01 | INFO | train | task-0		Pre is 0.8665, Rec is 0.8665
2024-11-08 11:26:01 | INFO | train | task-0		C_M is 
[[   0    1  464   10]
 [   0 1090    0    2]
 [   0    0 1209    0]
 [   0   57    0 1167]]
2024-11-08 11:26:01 | INFO | train | The best f1_macro util now is 0.9920, at step 116
2024-11-08 11:26:01 | INFO | train | The best f1_micro util now is 0.9908, at step 116
2024-11-08 11:26:45 | INFO | train | ----------------------------------------------------------------------------------
2024-11-08 11:26:45 | INFO | train | Time of iter training 44.14 s
2024-11-08 11:26:45 | INFO | train | On iter step 144:, global step 36865 Loss-step [0.4533 0.4533 0.0000]
2024-11-08 11:27:22 | INFO | train | In dataset train: Loss is [0.4580 0.4580 0.0000]
2024-11-08 11:27:22 | INFO | train | task-0		Acc is 0.8758, F1 is 0.8758
2024-11-08 11:27:22 | INFO | train | task-0		F1-macro is 0.7014, F1-micro is 0.8758
2024-11-08 11:27:22 | INFO | train | task-0		Pre is 0.8758, Rec is 0.8758
2024-11-08 11:27:22 | INFO | train | task-0		C_M is 
[[   0    2  449    1]
 [   0 1145    0    7]
 [   0    0 1229    0]
 [   0   38    0 1129]]
2024-11-08 11:27:59 | INFO | train | In dataset valid: Loss is [0.4567 0.4567 0.0000]
2024-11-08 11:27:59 | INFO | train | task-0		Acc is 0.8735, F1 is 0.8735
2024-11-08 11:27:59 | INFO | train | task-0		F1-macro is 0.6981, F1-micro is 0.8735
2024-11-08 11:27:59 | INFO | train | task-0		Pre is 0.8735, Rec is 0.8735
2024-11-08 11:27:59 | INFO | train | task-0		C_M is 
[[   0   10  431    3]
 [   0 1097    0    9]
 [   0    0 1233    0]
 [   0   53    0 1164]]
2024-11-08 11:28:36 | INFO | train | In dataset test: Loss is [0.4514 0.4514 0.0000]
2024-11-08 11:28:36 | INFO | train | task-0		Acc is 0.8722, F1 is 0.8722
2024-11-08 11:28:36 | INFO | train | task-0		F1-macro is 0.7009, F1-micro is 0.8722
2024-11-08 11:28:36 | INFO | train | task-0		Pre is 0.8722, Rec is 0.8722
2024-11-08 11:28:36 | INFO | train | task-0		C_M is 
[[   0    6  467    2]
 [   0 1089    0    3]
 [   0    0 1209    0]
 [   0   33    0 1191]]
2024-11-08 11:28:36 | INFO | train | The best f1_macro util now is 0.9920, at step 116
2024-11-08 11:28:36 | INFO | train | The best f1_micro util now is 0.9908, at step 116
2024-11-08 11:29:20 | INFO | train | ----------------------------------------------------------------------------------
2024-11-08 11:29:20 | INFO | train | Time of iter training 44.30 s
2024-11-08 11:29:20 | INFO | train | On iter step 145:, global step 37121 Loss-step [0.4371 0.4371 0.0000]
2024-11-08 11:29:57 | INFO | train | In dataset train: Loss is [0.4380 0.4380 0.0000]
2024-11-08 11:29:57 | INFO | train | task-0		Acc is 0.8762, F1 is 0.8762
2024-11-08 11:29:57 | INFO | train | task-0		F1-macro is 0.6984, F1-micro is 0.8762
2024-11-08 11:29:57 | INFO | train | task-0		Pre is 0.8762, Rec is 0.8762
2024-11-08 11:29:57 | INFO | train | task-0		C_M is 
[[   0    0  299  153]
 [   0 1144    0    8]
 [   0    0 1229    0]
 [   0   35    0 1132]]
2024-11-08 11:30:34 | INFO | train | In dataset valid: Loss is [0.4482 0.4482 0.0000]
2024-11-08 11:30:34 | INFO | train | task-0		Acc is 0.8748, F1 is 0.8748
2024-11-08 11:30:34 | INFO | train | task-0		F1-macro is 0.6967, F1-micro is 0.8748
2024-11-08 11:30:34 | INFO | train | task-0		Pre is 0.8748, Rec is 0.8748
2024-11-08 11:30:34 | INFO | train | task-0		C_M is 
[[   0    2  295  147]
 [   0 1098    0    8]
 [   0    0 1233    0]
 [   0   49    0 1168]]
2024-11-08 11:31:12 | INFO | train | In dataset test: Loss is [0.4497 0.4497 0.0000]
2024-11-08 11:31:12 | INFO | train | task-0		Acc is 0.8725, F1 is 0.8725
2024-11-08 11:31:12 | INFO | train | task-0		F1-macro is 0.6983, F1-micro is 0.8725
2024-11-08 11:31:12 | INFO | train | task-0		Pre is 0.8725, Rec is 0.8725
2024-11-08 11:31:12 | INFO | train | task-0		C_M is 
[[   0    2  317  156]
 [   0 1090    0    2]
 [   0    0 1209    0]
 [   0   33    0 1191]]
2024-11-08 11:31:12 | INFO | train | The best f1_macro util now is 0.9920, at step 116
2024-11-08 11:31:12 | INFO | train | The best f1_micro util now is 0.9908, at step 116
2024-11-08 11:31:56 | INFO | train | ----------------------------------------------------------------------------------
2024-11-08 11:31:56 | INFO | train | Time of iter training 44.34 s
2024-11-08 11:31:56 | INFO | train | On iter step 146:, global step 37377 Loss-step [0.4506 0.4506 0.0000]
2024-11-08 11:32:33 | INFO | train | In dataset train: Loss is [0.4409 0.4409 0.0000]
2024-11-08 11:32:33 | INFO | train | task-0		Acc is 0.8742, F1 is 0.8742
2024-11-08 11:32:33 | INFO | train | task-0		F1-macro is 0.7001, F1-micro is 0.8742
2024-11-08 11:32:33 | INFO | train | task-0		Pre is 0.8742, Rec is 0.8742
2024-11-08 11:32:33 | INFO | train | task-0		C_M is 
[[   0    1  451    0]
 [   0 1146    0    6]
 [   0    0 1229    0]
 [   0   45    0 1122]]
2024-11-08 11:33:10 | INFO | train | In dataset valid: Loss is [0.4606 0.4606 0.0000]
2024-11-08 11:33:10 | INFO | train | task-0		Acc is 0.8725, F1 is 0.8725
2024-11-08 11:33:10 | INFO | train | task-0		F1-macro is 0.6975, F1-micro is 0.8725
2024-11-08 11:33:10 | INFO | train | task-0		Pre is 0.8725, Rec is 0.8725
2024-11-08 11:33:10 | INFO | train | task-0		C_M is 
[[   0    3  441    0]
 [   0 1099    0    7]
 [   0    0 1233    0]
 [   0   59    0 1158]]
2024-11-08 11:33:47 | INFO | train | In dataset test: Loss is [0.4541 0.4541 0.0000]
2024-11-08 11:33:47 | INFO | train | task-0		Acc is 0.8705, F1 is 0.8705
2024-11-08 11:33:47 | INFO | train | task-0		F1-macro is 0.6995, F1-micro is 0.8705
2024-11-08 11:33:47 | INFO | train | task-0		Pre is 0.8705, Rec is 0.8705
2024-11-08 11:33:47 | INFO | train | task-0		C_M is 
[[   0    3  472    0]
 [   0 1088    0    4]
 [   0    0 1209    0]
 [   0   39    0 1185]]
2024-11-08 11:33:47 | INFO | train | The best f1_macro util now is 0.9920, at step 116
2024-11-08 11:33:47 | INFO | train | The best f1_micro util now is 0.9908, at step 116
2024-11-08 11:34:32 | INFO | train | ----------------------------------------------------------------------------------
2024-11-08 11:34:32 | INFO | train | Time of iter training 44.38 s
2024-11-08 11:34:32 | INFO | train | On iter step 147:, global step 37633 Loss-step [0.4261 0.4261 0.0000]
2024-11-08 11:35:09 | INFO | train | In dataset train: Loss is [0.4551 0.4551 0.0000]
2024-11-08 11:35:09 | INFO | train | task-0		Acc is 0.8672, F1 is 0.8672
2024-11-08 11:35:09 | INFO | train | task-0		F1-macro is 0.6893, F1-micro is 0.8672
2024-11-08 11:35:09 | INFO | train | task-0		Pre is 0.8672, Rec is 0.8672
2024-11-08 11:35:09 | INFO | train | task-0		C_M is 
[[   0   61  165  226]
 [   0 1148    0    4]
 [   0    0 1229    0]
 [   0   75    0 1092]]
2024-11-08 11:35:46 | INFO | train | In dataset valid: Loss is [0.4731 0.4731 0.0000]
2024-11-08 11:35:46 | INFO | train | task-0		Acc is 0.8648, F1 is 0.8648
2024-11-08 11:35:46 | INFO | train | task-0		F1-macro is 0.6870, F1-micro is 0.8648
2024-11-08 11:35:46 | INFO | train | task-0		Pre is 0.8648, Rec is 0.8648
2024-11-08 11:35:46 | INFO | train | task-0		C_M is 
[[   0   57  152  235]
 [   0 1102    0    4]
 [   0    0 1233    0]
 [   0   93    0 1124]]
2024-11-08 11:36:23 | INFO | train | In dataset test: Loss is [0.4585 0.4585 0.0000]
2024-11-08 11:36:23 | INFO | train | task-0		Acc is 0.8640, F1 is 0.8640
2024-11-08 11:36:23 | INFO | train | task-0		F1-macro is 0.6900, F1-micro is 0.8640
2024-11-08 11:36:23 | INFO | train | task-0		Pre is 0.8640, Rec is 0.8640
2024-11-08 11:36:23 | INFO | train | task-0		C_M is 
[[   0   49  163  263]
 [   0 1090    0    2]
 [   0    0 1209    0]
 [   0   67    0 1157]]
2024-11-08 11:36:23 | INFO | train | The best f1_macro util now is 0.9920, at step 116
2024-11-08 11:36:23 | INFO | train | The best f1_micro util now is 0.9908, at step 116
2024-11-08 11:37:07 | INFO | train | ----------------------------------------------------------------------------------
2024-11-08 11:37:07 | INFO | train | Time of iter training 44.10 s
2024-11-08 11:37:07 | INFO | train | On iter step 148:, global step 37889 Loss-step [0.4262 0.4262 0.0000]
2024-11-08 11:37:44 | INFO | train | In dataset train: Loss is [0.4559 0.4559 0.0000]
2024-11-08 11:37:44 | INFO | train | task-0		Acc is 0.8740, F1 is 0.8740
2024-11-08 11:37:44 | INFO | train | task-0		F1-macro is 0.6985, F1-micro is 0.8740
2024-11-08 11:37:44 | INFO | train | task-0		Pre is 0.8740, Rec is 0.8740
2024-11-08 11:37:44 | INFO | train | task-0		C_M is 
[[   0  432   16    4]
 [   0 1138    0   14]
 [   0    0 1229    0]
 [   0   38    0 1129]]
2024-11-08 11:38:21 | INFO | train | In dataset valid: Loss is [0.4880 0.4880 0.0000]
2024-11-08 11:38:21 | INFO | train | task-0		Acc is 0.8742, F1 is 0.8742
2024-11-08 11:38:21 | INFO | train | task-0		F1-macro is 0.6965, F1-micro is 0.8742
2024-11-08 11:38:21 | INFO | train | task-0		Pre is 0.8742, Rec is 0.8742
2024-11-08 11:38:21 | INFO | train | task-0		C_M is 
[[   0  419   16    9]
 [   0 1095    0   11]
 [   0    0 1233    0]
 [   0   48    0 1169]]
2024-11-08 11:38:58 | INFO | train | In dataset test: Loss is [0.4655 0.4655 0.0000]
2024-11-08 11:38:58 | INFO | train | task-0		Acc is 0.8712, F1 is 0.8713
2024-11-08 11:38:58 | INFO | train | task-0		F1-macro is 0.6974, F1-micro is 0.8713
2024-11-08 11:38:58 | INFO | train | task-0		Pre is 0.8712, Rec is 0.8712
2024-11-08 11:38:58 | INFO | train | task-0		C_M is 
[[   0  460    8    7]
 [   0 1082    0   10]
 [   0    0 1209    0]
 [   0   30    0 1194]]
2024-11-08 11:38:58 | INFO | train | The best f1_macro util now is 0.9920, at step 116
2024-11-08 11:38:58 | INFO | train | The best f1_micro util now is 0.9908, at step 116
2024-11-08 11:39:42 | INFO | train | ----------------------------------------------------------------------------------
2024-11-08 11:39:42 | INFO | train | Time of iter training 44.37 s
2024-11-08 11:39:42 | INFO | train | On iter step 149:, global step 38145 Loss-step [0.4618 0.4618 0.0000]
2024-11-08 11:40:19 | INFO | train | In dataset train: Loss is [0.4516 0.4516 0.0000]
2024-11-08 11:40:19 | INFO | train | task-0		Acc is 0.8775, F1 is 0.8775
2024-11-08 11:40:19 | INFO | train | task-0		F1-macro is 0.7009, F1-micro is 0.8775
2024-11-08 11:40:19 | INFO | train | task-0		Pre is 0.8775, Rec is 0.8775
2024-11-08 11:40:19 | INFO | train | task-0		C_M is 
[[   0   49  382   21]
 [   0 1144    0    8]
 [   0    0 1229    0]
 [   0   30    0 1137]]
2024-11-08 11:40:57 | INFO | train | In dataset valid: Loss is [0.4686 0.4686 0.0000]
2024-11-08 11:40:57 | INFO | train | task-0		Acc is 0.8738, F1 is 0.8738
2024-11-08 11:40:57 | INFO | train | task-0		F1-macro is 0.6969, F1-micro is 0.8738
2024-11-08 11:40:57 | INFO | train | task-0		Pre is 0.8738, Rec is 0.8738
2024-11-08 11:40:57 | INFO | train | task-0		C_M is 
[[   0   49  384   11]
 [   0 1091    0   15]
 [   0    0 1233    0]
 [   0   46    0 1171]]
2024-11-08 11:41:34 | INFO | train | In dataset test: Loss is [0.4595 0.4595 0.0000]
2024-11-08 11:41:34 | INFO | train | task-0		Acc is 0.8725, F1 is 0.8725
2024-11-08 11:41:34 | INFO | train | task-0		F1-macro is 0.6991, F1-micro is 0.8725
2024-11-08 11:41:34 | INFO | train | task-0		Pre is 0.8725, Rec is 0.8725
2024-11-08 11:41:34 | INFO | train | task-0		C_M is 
[[   0   46  405   24]
 [   0 1088    0    4]
 [   0    0 1209    0]
 [   0   31    0 1193]]
2024-11-08 11:41:34 | INFO | train | The best f1_macro util now is 0.9920, at step 116
2024-11-08 11:41:34 | INFO | train | The best f1_micro util now is 0.9908, at step 116
2024-11-08 11:42:18 | INFO | train | ----------------------------------------------------------------------------------
2024-11-08 11:42:18 | INFO | train | Time of iter training 44.03 s
2024-11-08 11:42:18 | INFO | train | On iter step 150:, global step 38401 Loss-step [0.4729 0.4729 0.0000]
2024-11-08 11:42:55 | INFO | train | In dataset train: Loss is [0.4435 0.4435 0.0000]
2024-11-08 11:42:55 | INFO | train | task-0		Acc is 0.8760, F1 is 0.8760
2024-11-08 11:42:55 | INFO | train | task-0		F1-macro is 0.6996, F1-micro is 0.8760
2024-11-08 11:42:55 | INFO | train | task-0		Pre is 0.8760, Rec is 0.8760
2024-11-08 11:42:55 | INFO | train | task-0		C_M is 
[[   0    0   26  426]
 [   0 1145    0    7]
 [   0    0 1229    0]
 [   0   37    0 1130]]
2024-11-08 11:43:33 | INFO | train | In dataset valid: Loss is [0.4572 0.4572 0.0000]
2024-11-08 11:43:33 | INFO | train | task-0		Acc is 0.8722, F1 is 0.8722
2024-11-08 11:43:33 | INFO | train | task-0		F1-macro is 0.6965, F1-micro is 0.8722
2024-11-08 11:43:33 | INFO | train | task-0		Pre is 0.8722, Rec is 0.8722
2024-11-08 11:43:33 | INFO | train | task-0		C_M is 
[[   0    1   37  406]
 [   0 1095    0   11]
 [   0    0 1233    0]
 [   0   56    0 1161]]
2024-11-08 11:44:10 | INFO | train | In dataset test: Loss is [0.4431 0.4431 0.0000]
2024-11-08 11:44:10 | INFO | train | task-0		Acc is 0.8728, F1 is 0.8728
2024-11-08 11:44:10 | INFO | train | task-0		F1-macro is 0.7014, F1-micro is 0.8728
2024-11-08 11:44:10 | INFO | train | task-0		Pre is 0.8728, Rec is 0.8728
2024-11-08 11:44:10 | INFO | train | task-0		C_M is 
[[   0    2   25  448]
 [   0 1089    0    3]
 [   0    0 1209    0]
 [   0   31    0 1193]]
2024-11-08 11:44:10 | INFO | train | The best f1_macro util now is 0.9920, at step 116
2024-11-08 11:44:10 | INFO | train | The best f1_micro util now is 0.9908, at step 116
2024-11-08 11:44:55 | INFO | train | ----------------------------------------------------------------------------------
2024-11-08 11:44:55 | INFO | train | Time of iter training 44.81 s
2024-11-08 11:44:55 | INFO | train | On iter step 151:, global step 38657 Loss-step [0.4201 0.4201 0.0000]
2024-11-08 11:45:32 | INFO | train | In dataset train: Loss is [0.4367 0.4367 0.0000]
2024-11-08 11:45:32 | INFO | train | task-0		Acc is 0.8775, F1 is 0.8775
2024-11-08 11:45:32 | INFO | train | task-0		F1-macro is 0.7011, F1-micro is 0.8775
2024-11-08 11:45:32 | INFO | train | task-0		Pre is 0.8775, Rec is 0.8775
2024-11-08 11:45:32 | INFO | train | task-0		C_M is 
[[   0    0  385   67]
 [   0 1139    0   13]
 [   0    0 1229    0]
 [   0   25    0 1142]]
2024-11-08 11:46:09 | INFO | train | In dataset valid: Loss is [0.4682 0.4682 0.0000]
2024-11-08 11:46:09 | INFO | train | task-0		Acc is 0.8775, F1 is 0.8775
2024-11-08 11:46:09 | INFO | train | task-0		F1-macro is 0.7005, F1-micro is 0.8775
2024-11-08 11:46:09 | INFO | train | task-0		Pre is 0.8775, Rec is 0.8775
2024-11-08 11:46:09 | INFO | train | task-0		C_M is 
[[   0    1  385   58]
 [   0 1090    0   16]
 [   0    0 1233    0]
 [   0   30    0 1187]]
2024-11-08 11:46:46 | INFO | train | In dataset test: Loss is [0.4338 0.4338 0.0000]
2024-11-08 11:46:46 | INFO | train | task-0		Acc is 0.8748, F1 is 0.8748
2024-11-08 11:46:46 | INFO | train | task-0		F1-macro is 0.7019, F1-micro is 0.8748
2024-11-08 11:46:46 | INFO | train | task-0		Pre is 0.8748, Rec is 0.8748
2024-11-08 11:46:46 | INFO | train | task-0		C_M is 
[[   0    0  418   57]
 [   0 1086    0    6]
 [   0    0 1209    0]
 [   0   20    0 1204]]
2024-11-08 11:46:46 | INFO | train | The best f1_macro util now is 0.9920, at step 116
2024-11-08 11:46:46 | INFO | train | The best f1_micro util now is 0.9908, at step 116
2024-11-08 11:47:30 | INFO | train | ----------------------------------------------------------------------------------
2024-11-08 11:47:30 | INFO | train | Time of iter training 43.95 s
2024-11-08 11:47:30 | INFO | train | On iter step 152:, global step 38913 Loss-step [0.4771 0.4771 0.0000]
2024-11-08 11:48:07 | INFO | train | In dataset train: Loss is [0.5572 0.5572 0.0000]
2024-11-08 11:48:07 | INFO | train | task-0		Acc is 0.8578, F1 is 0.8578
2024-11-08 11:48:07 | INFO | train | task-0		F1-macro is 0.6874, F1-micro is 0.8578
2024-11-08 11:48:07 | INFO | train | task-0		Pre is 0.8578, Rec is 0.8578
2024-11-08 11:48:07 | INFO | train | task-0		C_M is 
[[   0    0    7  445]
 [   0 1036    0  116]
 [   0    0 1229    0]
 [   0    1    0 1166]]
2024-11-08 11:48:44 | INFO | train | In dataset valid: Loss is [0.5726 0.5726 0.0000]
2024-11-08 11:48:44 | INFO | train | task-0		Acc is 0.8608, F1 is 0.8608
2024-11-08 11:48:44 | INFO | train | task-0		F1-macro is 0.6895, F1-micro is 0.8608
2024-11-08 11:48:44 | INFO | train | task-0		Pre is 0.8608, Rec is 0.8608
2024-11-08 11:48:44 | INFO | train | task-0		C_M is 
[[   0    0   11  433]
 [   0  998    0  108]
 [   0    0 1233    0]
 [   0    5    0 1212]]
2024-11-08 11:49:21 | INFO | train | In dataset test: Loss is [0.5590 0.5590 0.0000]
2024-11-08 11:49:21 | INFO | train | task-0		Acc is 0.8512, F1 is 0.8512
2024-11-08 11:49:21 | INFO | train | task-0		F1-macro is 0.6864, F1-micro is 0.8512
2024-11-08 11:49:21 | INFO | train | task-0		Pre is 0.8512, Rec is 0.8512
2024-11-08 11:49:21 | INFO | train | task-0		C_M is 
[[   0    0    4  471]
 [   0  976    0  116]
 [   0    0 1209    0]
 [   0    4    0 1220]]
2024-11-08 11:49:21 | INFO | train | The best f1_macro util now is 0.9920, at step 116
2024-11-08 11:49:21 | INFO | train | The best f1_micro util now is 0.9908, at step 116
2024-11-08 11:50:05 | INFO | train | ----------------------------------------------------------------------------------
2024-11-08 11:50:05 | INFO | train | Time of iter training 44.15 s
2024-11-08 11:50:05 | INFO | train | On iter step 153:, global step 39169 Loss-step [0.4695 0.4695 0.0000]
2024-11-08 11:50:42 | INFO | train | In dataset train: Loss is [0.5330 0.5330 0.0000]
2024-11-08 11:50:42 | INFO | train | task-0		Acc is 0.8772, F1 is 0.8772
2024-11-08 11:50:42 | INFO | train | task-0		F1-macro is 0.6989, F1-micro is 0.8772
2024-11-08 11:50:42 | INFO | train | task-0		Pre is 0.8772, Rec is 0.8772
2024-11-08 11:50:42 | INFO | train | task-0		C_M is 
[[   0    5  266  181]
 [   0 1136    0   16]
 [   0    0 1229    0]
 [   0   23    0 1144]]
2024-11-08 11:51:19 | INFO | train | In dataset valid: Loss is [0.5881 0.5881 0.0000]
2024-11-08 11:51:19 | INFO | train | task-0		Acc is 0.8770, F1 is 0.8770
2024-11-08 11:51:19 | INFO | train | task-0		F1-macro is 0.6984, F1-micro is 0.8770
2024-11-08 11:51:19 | INFO | train | task-0		Pre is 0.8770, Rec is 0.8770
2024-11-08 11:51:19 | INFO | train | task-0		C_M is 
[[   0    5  258  181]
 [   0 1086    0   20]
 [   0    0 1233    0]
 [   0   28    0 1189]]
2024-11-08 11:51:56 | INFO | train | In dataset test: Loss is [0.5023 0.5023 0.0000]
2024-11-08 11:51:56 | INFO | train | task-0		Acc is 0.8735, F1 is 0.8735
2024-11-08 11:51:56 | INFO | train | task-0		F1-macro is 0.6990, F1-micro is 0.8735
2024-11-08 11:51:56 | INFO | train | task-0		Pre is 0.8735, Rec is 0.8735
2024-11-08 11:51:56 | INFO | train | task-0		C_M is 
[[   0    4  286  185]
 [   0 1077    0   15]
 [   0    0 1209    0]
 [   0   16    0 1208]]
2024-11-08 11:51:56 | INFO | train | The best f1_macro util now is 0.9920, at step 116
2024-11-08 11:51:56 | INFO | train | The best f1_micro util now is 0.9908, at step 116
2024-11-08 11:52:09 | INFO | deepnet.data.dataset_text | Read next training chunk, data size is 6666
2024-11-08 11:52:41 | INFO | train | ----------------------------------------------------------------------------------
2024-11-08 11:52:41 | INFO | train | Time of iter training 44.31 s
2024-11-08 11:52:41 | INFO | train | On iter step 154:, global step 39425 Loss-step [1.0335 1.0335 0.0000]
2024-11-08 11:53:18 | INFO | train | In dataset train: Loss is [0.8299 0.8299 0.0000]
2024-11-08 11:53:18 | INFO | train | task-0		Acc is 0.8712, F1 is 0.8713
2024-11-08 11:53:18 | INFO | train | task-0		F1-macro is 0.6976, F1-micro is 0.8713
2024-11-08 11:53:18 | INFO | train | task-0		Pre is 0.8712, Rec is 0.8712
2024-11-08 11:53:18 | INFO | train | task-0		C_M is 
[[   0    1    0  451]
 [   0 1093    0   59]
 [   0    0 1229    0]
 [   0    4    0 1163]]
2024-11-08 11:53:55 | INFO | train | In dataset valid: Loss is [0.9105 0.9105 0.0000]
2024-11-08 11:53:55 | INFO | train | task-0		Acc is 0.8720, F1 is 0.8720
2024-11-08 11:53:55 | INFO | train | task-0		F1-macro is 0.6981, F1-micro is 0.8720
2024-11-08 11:53:55 | INFO | train | task-0		Pre is 0.8720, Rec is 0.8720
2024-11-08 11:53:55 | INFO | train | task-0		C_M is 
[[   0    6    0  438]
 [   0 1052    0   54]
 [   0    0 1233    0]
 [   0   14    0 1203]]
2024-11-08 11:54:32 | INFO | train | In dataset test: Loss is [0.8521 0.8521 0.0000]
2024-11-08 11:54:32 | INFO | train | task-0		Acc is 0.8660, F1 is 0.8660
2024-11-08 11:54:32 | INFO | train | task-0		F1-macro is 0.6976, F1-micro is 0.8660
2024-11-08 11:54:32 | INFO | train | task-0		Pre is 0.8660, Rec is 0.8660
2024-11-08 11:54:32 | INFO | train | task-0		C_M is 
[[   0    3    0  472]
 [   0 1039    0   53]
 [   0    0 1209    0]
 [   0    8    0 1216]]
2024-11-08 11:54:32 | INFO | train | The best f1_macro util now is 0.9920, at step 116
2024-11-08 11:54:32 | INFO | train | The best f1_micro util now is 0.9908, at step 116
2024-11-08 11:55:15 | INFO | train | ----------------------------------------------------------------------------------
2024-11-08 11:55:15 | INFO | train | Time of iter training 43.88 s
2024-11-08 11:55:15 | INFO | train | On iter step 155:, global step 39681 Loss-step [0.7012 0.7012 0.0000]
2024-11-08 11:55:52 | INFO | train | In dataset train: Loss is [0.4446 0.4446 0.0000]
2024-11-08 11:55:52 | INFO | train | task-0		Acc is 0.8738, F1 is 0.8738
2024-11-08 11:55:52 | INFO | train | task-0		F1-macro is 0.6981, F1-micro is 0.8738
2024-11-08 11:55:52 | INFO | train | task-0		Pre is 0.8738, Rec is 0.8738
2024-11-08 11:55:52 | INFO | train | task-0		C_M is 
[[   0  411   39    2]
 [   0 1150    0    2]
 [   0    0 1229    0]
 [   0   51    0 1116]]
2024-11-08 11:56:29 | INFO | train | In dataset valid: Loss is [0.4650 0.4650 0.0000]
2024-11-08 11:56:29 | INFO | train | task-0		Acc is 0.8730, F1 is 0.8730
2024-11-08 11:56:29 | INFO | train | task-0		F1-macro is 0.6954, F1-micro is 0.8730
2024-11-08 11:56:29 | INFO | train | task-0		Pre is 0.8730, Rec is 0.8730
2024-11-08 11:56:29 | INFO | train | task-0		C_M is 
[[   0  404   40    0]
 [   0 1097    0    9]
 [   0    0 1233    0]
 [   0   55    0 1162]]
2024-11-08 11:57:07 | INFO | train | In dataset test: Loss is [0.4534 0.4534 0.0000]
2024-11-08 11:57:07 | INFO | train | task-0		Acc is 0.8692, F1 is 0.8692
2024-11-08 11:57:07 | INFO | train | task-0		F1-macro is 0.6953, F1-micro is 0.8692
2024-11-08 11:57:07 | INFO | train | task-0		Pre is 0.8692, Rec is 0.8692
2024-11-08 11:57:07 | INFO | train | task-0		C_M is 
[[   0  426   48    1]
 [   0 1086    0    6]
 [   0    0 1209    0]
 [   0   42    0 1182]]
2024-11-08 11:57:07 | INFO | train | The best f1_macro util now is 0.9920, at step 116
2024-11-08 11:57:07 | INFO | train | The best f1_micro util now is 0.9908, at step 116
2024-11-08 11:57:51 | INFO | train | ----------------------------------------------------------------------------------
2024-11-08 11:57:51 | INFO | train | Time of iter training 44.58 s
2024-11-08 11:57:51 | INFO | train | On iter step 156:, global step 39937 Loss-step [0.4180 0.4180 0.0000]
2024-11-08 11:58:28 | INFO | train | In dataset train: Loss is [0.4275 0.4275 0.0000]
2024-11-08 11:58:28 | INFO | train | task-0		Acc is 0.8785, F1 is 0.8785
2024-11-08 11:58:28 | INFO | train | task-0		F1-macro is 0.7013, F1-micro is 0.8785
2024-11-08 11:58:28 | INFO | train | task-0		Pre is 0.8785, Rec is 0.8785
2024-11-08 11:58:28 | INFO | train | task-0		C_M is 
[[   0    2   40  410]
 [   0 1148    0    4]
 [   0    0 1229    0]
 [   0   30    0 1137]]
2024-11-08 11:59:06 | INFO | train | In dataset valid: Loss is [0.4413 0.4413 0.0000]
2024-11-08 11:59:06 | INFO | train | task-0		Acc is 0.8762, F1 is 0.8762
2024-11-08 11:59:06 | INFO | train | task-0		F1-macro is 0.6996, F1-micro is 0.8762
2024-11-08 11:59:06 | INFO | train | task-0		Pre is 0.8762, Rec is 0.8762
2024-11-08 11:59:06 | INFO | train | task-0		C_M is 
[[   0    6   45  393]
 [   0 1092    0   14]
 [   0    0 1233    0]
 [   0   37    0 1180]]
2024-11-08 11:59:43 | INFO | train | In dataset test: Loss is [0.4393 0.4393 0.0000]
2024-11-08 11:59:43 | INFO | train | task-0		Acc is 0.8722, F1 is 0.8722
2024-11-08 11:59:43 | INFO | train | task-0		F1-macro is 0.7002, F1-micro is 0.8722
2024-11-08 11:59:43 | INFO | train | task-0		Pre is 0.8722, Rec is 0.8722
2024-11-08 11:59:43 | INFO | train | task-0		C_M is 
[[   0    7   48  420]
 [   0 1084    0    8]
 [   0    0 1209    0]
 [   0   28    0 1196]]
2024-11-08 11:59:43 | INFO | train | The best f1_macro util now is 0.9920, at step 116
2024-11-08 11:59:43 | INFO | train | The best f1_micro util now is 0.9908, at step 116
2024-11-08 12:00:06 | INFO | deepnet.data.dataset_text | The count of reading file ./data/tinghua/train.txt is 5.
2024-11-08 12:00:08 | INFO | deepnet.data.dataset_text | Read next training chunk, data size is 73466
2024-11-08 12:00:29 | INFO | train | ----------------------------------------------------------------------------------
2024-11-08 12:00:29 | INFO | train | Time of iter training 46.04 s
2024-11-08 12:00:29 | INFO | train | On iter step 157:, global step 40193 Loss-step [0.4204 0.4204 0.0000]
2024-11-08 12:01:06 | INFO | train | In dataset train: Loss is [0.4341 0.4341 0.0000]
2024-11-08 12:01:06 | INFO | train | task-0		Acc is 0.8780, F1 is 0.8780
2024-11-08 12:01:06 | INFO | train | task-0		F1-macro is 0.6992, F1-micro is 0.8780
2024-11-08 12:01:06 | INFO | train | task-0		Pre is 0.8780, Rec is 0.8780
2024-11-08 12:01:06 | INFO | train | task-0		C_M is 
[[   0  259  191    2]
 [   0 1140    0   12]
 [   0    0 1229    0]
 [   0   24    0 1143]]
2024-11-08 12:01:43 | INFO | train | In dataset valid: Loss is [0.5066 0.5066 0.0000]
2024-11-08 12:01:43 | INFO | train | task-0		Acc is 0.8778, F1 is 0.8777
2024-11-08 12:01:43 | INFO | train | task-0		F1-macro is 0.6973, F1-micro is 0.8777
2024-11-08 12:01:43 | INFO | train | task-0		Pre is 0.8778, Rec is 0.8778
2024-11-08 12:01:43 | INFO | train | task-0		C_M is 
[[   0  236  206    2]
 [   0 1088    0   18]
 [   0    0 1233    0]
 [   0   27    0 1190]]
2024-11-08 12:02:20 | INFO | train | In dataset test: Loss is [0.4622 0.4622 0.0000]
2024-11-08 12:02:20 | INFO | train | task-0		Acc is 0.8738, F1 is 0.8738
2024-11-08 12:02:20 | INFO | train | task-0		F1-macro is 0.6969, F1-micro is 0.8738
2024-11-08 12:02:20 | INFO | train | task-0		Pre is 0.8738, Rec is 0.8738
2024-11-08 12:02:20 | INFO | train | task-0		C_M is 
[[   0  259  215    1]
 [   0 1078    0   14]
 [   0    0 1209    0]
 [   0   16    0 1208]]
2024-11-08 12:02:20 | INFO | train | The best f1_macro util now is 0.9920, at step 116
2024-11-08 12:02:20 | INFO | train | The best f1_micro util now is 0.9908, at step 116
2024-11-08 12:03:04 | INFO | train | ----------------------------------------------------------------------------------
2024-11-08 12:03:04 | INFO | train | Time of iter training 44.11 s
2024-11-08 12:03:04 | INFO | train | On iter step 158:, global step 40449 Loss-step [0.4477 0.4477 0.0000]
2024-11-08 12:03:41 | INFO | train | In dataset train: Loss is [0.4353 0.4353 0.0000]
2024-11-08 12:03:41 | INFO | train | task-0		Acc is 0.8772, F1 is 0.8772
2024-11-08 12:03:41 | INFO | train | task-0		F1-macro is 0.7013, F1-micro is 0.8772
2024-11-08 12:03:41 | INFO | train | task-0		Pre is 0.8772, Rec is 0.8772
2024-11-08 12:03:41 | INFO | train | task-0		C_M is 
[[   0  439   12    1]
 [   0 1144    0    8]
 [   0    0 1229    0]
 [   0   31    0 1136]]
2024-11-08 12:04:18 | INFO | train | In dataset valid: Loss is [0.4559 0.4559 0.0000]
2024-11-08 12:04:18 | INFO | train | task-0		Acc is 0.8765, F1 is 0.8765
2024-11-08 12:04:18 | INFO | train | task-0		F1-macro is 0.6984, F1-micro is 0.8765
2024-11-08 12:04:18 | INFO | train | task-0		Pre is 0.8765, Rec is 0.8765
2024-11-08 12:04:18 | INFO | train | task-0		C_M is 
[[   0  426   14    4]
 [   0 1096    0   10]
 [   0    0 1233    0]
 [   0   40    0 1177]]
2024-11-08 12:04:55 | INFO | train | In dataset test: Loss is [0.4473 0.4473 0.0000]
2024-11-08 12:04:55 | INFO | train | task-0		Acc is 0.8732, F1 is 0.8732
2024-11-08 12:04:55 | INFO | train | task-0		F1-macro is 0.6990, F1-micro is 0.8732
2024-11-08 12:04:55 | INFO | train | task-0		Pre is 0.8732, Rec is 0.8732
2024-11-08 12:04:55 | INFO | train | task-0		C_M is 
[[   0  461   13    1]
 [   0 1086    0    6]
 [   0    0 1209    0]
 [   0   26    0 1198]]
2024-11-08 12:04:55 | INFO | train | The best f1_macro util now is 0.9920, at step 116
2024-11-08 12:04:55 | INFO | train | The best f1_micro util now is 0.9908, at step 116
2024-11-08 12:05:39 | INFO | train | ----------------------------------------------------------------------------------
2024-11-08 12:05:39 | INFO | train | Time of iter training 43.94 s
2024-11-08 12:05:39 | INFO | train | On iter step 159:, global step 40705 Loss-step [0.2562 0.2562 0.0000]
2024-11-08 12:06:16 | INFO | train | In dataset train: Loss is [0.0920 0.0920 0.0000]
2024-11-08 12:06:16 | INFO | train | task-0		Acc is 0.9908, F1 is 0.9908
2024-11-08 12:06:16 | INFO | train | task-0		F1-macro is 0.9920, F1-micro is 0.9908
2024-11-08 12:06:16 | INFO | train | task-0		Pre is 0.9908, Rec is 0.9908
2024-11-08 12:06:16 | INFO | train | task-0		C_M is 
[[ 452    0    0    0]
 [   0 1145    0    7]
 [   0    0 1229    0]
 [   0   30    0 1137]]
2024-11-08 12:06:53 | INFO | train | In dataset valid: Loss is [0.1515 0.1515 0.0000]
2024-11-08 12:06:53 | INFO | train | task-0		Acc is 0.9870, F1 is 0.9870
2024-11-08 12:06:53 | INFO | train | task-0		F1-macro is 0.9886, F1-micro is 0.9870
2024-11-08 12:06:53 | INFO | train | task-0		Pre is 0.9870, Rec is 0.9870
2024-11-08 12:06:53 | INFO | train | task-0		C_M is 
[[ 443    1    0    0]
 [   0 1095    0   11]
 [   0    0 1233    0]
 [   0   40    0 1177]]
2024-11-08 12:07:30 | INFO | train | In dataset test: Loss is [0.0962 0.0962 0.0000]
2024-11-08 12:07:30 | INFO | train | task-0		Acc is 0.9920, F1 is 0.9920
2024-11-08 12:07:30 | INFO | train | task-0		F1-macro is 0.9931, F1-micro is 0.9920
2024-11-08 12:07:30 | INFO | train | task-0		Pre is 0.9920, Rec is 0.9920
2024-11-08 12:07:30 | INFO | train | task-0		C_M is 
[[ 475    0    0    0]
 [   0 1086    0    6]
 [   0    0 1209    0]
 [   0   26    0 1198]]
2024-11-08 12:07:30 | INFO | train | The best f1_macro util now is 0.9920, at step 116
2024-11-08 12:07:30 | INFO | train | The best f1_micro util now is 0.9908, at step 116
2024-11-08 12:08:14 | INFO | train | ----------------------------------------------------------------------------------
2024-11-08 12:08:14 | INFO | train | Time of iter training 44.15 s
2024-11-08 12:08:14 | INFO | train | On iter step 160:, global step 40961 Loss-step [0.1102 0.1102 0.0000]
2024-11-08 12:08:51 | INFO | train | In dataset train: Loss is [0.0770 0.0770 0.0000]
2024-11-08 12:08:51 | INFO | train | task-0		Acc is 0.9912, F1 is 0.9912
2024-11-08 12:08:51 | INFO | train | task-0		F1-macro is 0.9925, F1-micro is 0.9912
2024-11-08 12:08:51 | INFO | train | task-0		Pre is 0.9912, Rec is 0.9912
2024-11-08 12:08:51 | INFO | train | task-0		C_M is 
[[ 452    0    0    0]
 [   0 1136    0   16]
 [   0    0 1229    0]
 [   0   19    0 1148]]
2024-11-08 12:09:28 | INFO | train | In dataset valid: Loss is [0.1092 0.1092 0.0000]
2024-11-08 12:09:28 | INFO | train | task-0		Acc is 0.9895, F1 is 0.9895
2024-11-08 12:09:28 | INFO | train | task-0		F1-macro is 0.9909, F1-micro is 0.9895
2024-11-08 12:09:28 | INFO | train | task-0		Pre is 0.9895, Rec is 0.9895
2024-11-08 12:09:28 | INFO | train | task-0		C_M is 
[[ 444    0    0    0]
 [   0 1088    0   18]
 [   0    0 1233    0]
 [   0   24    0 1193]]
2024-11-08 12:10:05 | INFO | train | In dataset test: Loss is [0.0810 0.0810 0.0000]
2024-11-08 12:10:05 | INFO | train | task-0		Acc is 0.9935, F1 is 0.9935
2024-11-08 12:10:05 | INFO | train | task-0		F1-macro is 0.9944, F1-micro is 0.9935
2024-11-08 12:10:05 | INFO | train | task-0		Pre is 0.9935, Rec is 0.9935
2024-11-08 12:10:05 | INFO | train | task-0		C_M is 
[[ 475    0    0    0]
 [   0 1081    0   11]
 [   0    0 1209    0]
 [   0   15    0 1209]]
2024-11-08 12:10:05 | INFO | train | The best f1_macro util now is 0.9920, at step 116
2024-11-08 12:10:05 | INFO | train | The best f1_micro util now is 0.9908, at step 116
2024-11-08 12:10:49 | INFO | train | ----------------------------------------------------------------------------------
2024-11-08 12:10:49 | INFO | train | Time of iter training 44.36 s
2024-11-08 12:10:49 | INFO | train | On iter step 161:, global step 41217 Loss-step [0.1032 0.1032 0.0000]
2024-11-08 12:11:26 | INFO | train | In dataset train: Loss is [0.0724 0.0724 0.0000]
2024-11-08 12:11:26 | INFO | train | task-0		Acc is 0.9918, F1 is 0.9918
2024-11-08 12:11:26 | INFO | train | task-0		F1-macro is 0.9929, F1-micro is 0.9918
2024-11-08 12:11:26 | INFO | train | task-0		Pre is 0.9918, Rec is 0.9918
2024-11-08 12:11:26 | INFO | train | task-0		C_M is 
[[ 452    0    0    0]
 [   0 1143    0    9]
 [   0    0 1229    0]
 [   0   24    0 1143]]
2024-11-08 12:12:04 | INFO | train | In dataset valid: Loss is [0.0993 0.0993 0.0000]
2024-11-08 12:12:04 | INFO | train | task-0		Acc is 0.9895, F1 is 0.9895
2024-11-08 12:12:04 | INFO | train | task-0		F1-macro is 0.9909, F1-micro is 0.9895
2024-11-08 12:12:04 | INFO | train | task-0		Pre is 0.9895, Rec is 0.9895
2024-11-08 12:12:04 | INFO | train | task-0		C_M is 
[[ 444    0    0    0]
 [   0 1096    0   10]
 [   0    0 1233    0]
 [   0   32    0 1185]]
2024-11-08 12:12:41 | INFO | train | In dataset test: Loss is [0.0745 0.0745 0.0000]
2024-11-08 12:12:41 | INFO | train | task-0		Acc is 0.9945, F1 is 0.9945
2024-11-08 12:12:41 | INFO | train | task-0		F1-macro is 0.9952, F1-micro is 0.9945
2024-11-08 12:12:41 | INFO | train | task-0		Pre is 0.9945, Rec is 0.9945
2024-11-08 12:12:41 | INFO | train | task-0		C_M is 
[[ 475    0    0    0]
 [   0 1086    0    6]
 [   0    0 1209    0]
 [   0   16    0 1208]]
2024-11-08 12:12:41 | INFO | train | The best f1_macro util now is 0.9920, at step 116
2024-11-08 12:12:41 | INFO | train | The best f1_micro util now is 0.9908, at step 116
2024-11-08 12:13:25 | INFO | train | ----------------------------------------------------------------------------------
2024-11-08 12:13:25 | INFO | train | Time of iter training 44.08 s
2024-11-08 12:13:25 | INFO | train | On iter step 162:, global step 41473 Loss-step [0.0806 0.0806 0.0000]
2024-11-08 12:14:02 | INFO | train | In dataset train: Loss is [0.0750 0.0750 0.0000]
2024-11-08 12:14:02 | INFO | train | task-0		Acc is 0.9912, F1 is 0.9912
2024-11-08 12:14:02 | INFO | train | task-0		F1-macro is 0.9925, F1-micro is 0.9912
2024-11-08 12:14:02 | INFO | train | task-0		Pre is 0.9912, Rec is 0.9912
2024-11-08 12:14:02 | INFO | train | task-0		C_M is 
[[ 452    0    0    0]
 [   0 1133    0   19]
 [   0    0 1229    0]
 [   0   16    0 1151]]
2024-11-08 12:14:39 | INFO | train | In dataset valid: Loss is [0.1054 0.1054 0.0000]
2024-11-08 12:14:39 | INFO | train | task-0		Acc is 0.9902, F1 is 0.9902
2024-11-08 12:14:39 | INFO | train | task-0		F1-macro is 0.9916, F1-micro is 0.9902
2024-11-08 12:14:39 | INFO | train | task-0		Pre is 0.9902, Rec is 0.9902
2024-11-08 12:14:39 | INFO | train | task-0		C_M is 
[[ 444    0    0    0]
 [   0 1088    0   18]
 [   0    0 1233    0]
 [   0   21    0 1196]]
2024-11-08 12:15:16 | INFO | train | In dataset test: Loss is [0.0787 0.0787 0.0000]
2024-11-08 12:15:16 | INFO | train | task-0		Acc is 0.9938, F1 is 0.9938
2024-11-08 12:15:16 | INFO | train | task-0		F1-macro is 0.9946, F1-micro is 0.9938
2024-11-08 12:15:16 | INFO | train | task-0		Pre is 0.9938, Rec is 0.9938
2024-11-08 12:15:16 | INFO | train | task-0		C_M is 
[[ 475    0    0    0]
 [   0 1079    0   13]
 [   0    0 1209    0]
 [   0   12    0 1212]]
2024-11-08 12:15:16 | INFO | train | The best f1_macro util now is 0.9920, at step 116
2024-11-08 12:15:16 | INFO | train | The best f1_micro util now is 0.9908, at step 116
2024-11-08 12:16:00 | INFO | train | ----------------------------------------------------------------------------------
2024-11-08 12:16:00 | INFO | train | Time of iter training 44.16 s
2024-11-08 12:16:00 | INFO | train | On iter step 163:, global step 41729 Loss-step [0.0670 0.0670 0.0000]
2024-11-08 12:16:37 | INFO | train | In dataset train: Loss is [0.0715 0.0715 0.0000]
2024-11-08 12:16:37 | INFO | train | task-0		Acc is 0.9925, F1 is 0.9925
2024-11-08 12:16:37 | INFO | train | task-0		F1-macro is 0.9935, F1-micro is 0.9925
2024-11-08 12:16:37 | INFO | train | task-0		Pre is 0.9925, Rec is 0.9925
2024-11-08 12:16:37 | INFO | train | task-0		C_M is 
[[ 452    0    0    0]
 [   0 1134    0   18]
 [   0    0 1229    0]
 [   0   12    0 1155]]
2024-11-08 12:17:14 | INFO | train | In dataset valid: Loss is [0.1196 0.1196 0.0000]
2024-11-08 12:17:14 | INFO | train | task-0		Acc is 0.9902, F1 is 0.9902
2024-11-08 12:17:14 | INFO | train | task-0		F1-macro is 0.9916, F1-micro is 0.9902
2024-11-08 12:17:14 | INFO | train | task-0		Pre is 0.9902, Rec is 0.9902
2024-11-08 12:17:14 | INFO | train | task-0		C_M is 
[[ 444    0    0    0]
 [   0 1086    0   20]
 [   0    0 1233    0]
 [   0   19    0 1198]]
2024-11-08 12:17:51 | INFO | train | In dataset test: Loss is [0.0855 0.0855 0.0000]
2024-11-08 12:17:51 | INFO | train | task-0		Acc is 0.9940, F1 is 0.9940
2024-11-08 12:17:51 | INFO | train | task-0		F1-macro is 0.9948, F1-micro is 0.9940
2024-11-08 12:17:51 | INFO | train | task-0		Pre is 0.9940, Rec is 0.9940
2024-11-08 12:17:51 | INFO | train | task-0		C_M is 
[[ 475    0    0    0]
 [   0 1079    0   13]
 [   0    0 1209    0]
 [   0   11    0 1213]]
2024-11-08 12:17:51 | INFO | train | The best f1_macro util now is 0.9920, at step 116
2024-11-08 12:17:51 | INFO | train | The best f1_micro util now is 0.9908, at step 116
2024-11-08 12:18:35 | INFO | train | ----------------------------------------------------------------------------------
2024-11-08 12:18:35 | INFO | train | Time of iter training 44.10 s
2024-11-08 12:18:35 | INFO | train | On iter step 164:, global step 41985 Loss-step [0.0739 0.0739 0.0000]
2024-11-08 12:19:12 | INFO | train | In dataset train: Loss is [0.0986 0.0986 0.0000]
2024-11-08 12:19:12 | INFO | train | task-0		Acc is 0.9920, F1 is 0.9920
2024-11-08 12:19:12 | INFO | train | task-0		F1-macro is 0.9931, F1-micro is 0.9920
2024-11-08 12:19:12 | INFO | train | task-0		Pre is 0.9920, Rec is 0.9920
2024-11-08 12:19:12 | INFO | train | task-0		C_M is 
[[ 452    0    0    0]
 [   0 1134    0   18]
 [   0    0 1229    0]
 [   0   14    0 1153]]
2024-11-08 12:19:49 | INFO | train | In dataset valid: Loss is [0.1830 0.1830 0.0000]
2024-11-08 12:19:49 | INFO | train | task-0		Acc is 0.9915, F1 is 0.9915
2024-11-08 12:19:49 | INFO | train | task-0		F1-macro is 0.9927, F1-micro is 0.9915
2024-11-08 12:19:49 | INFO | train | task-0		Pre is 0.9915, Rec is 0.9915
2024-11-08 12:19:49 | INFO | train | task-0		C_M is 
[[ 444    0    0    0]
 [   0 1089    0   17]
 [   0    0 1233    0]
 [   0   17    0 1200]]
2024-11-08 12:20:26 | INFO | train | In dataset test: Loss is [0.0947 0.0947 0.0000]
2024-11-08 12:20:26 | INFO | train | task-0		Acc is 0.9935, F1 is 0.9935
2024-11-08 12:20:26 | INFO | train | task-0		F1-macro is 0.9944, F1-micro is 0.9935
2024-11-08 12:20:26 | INFO | train | task-0		Pre is 0.9935, Rec is 0.9935
2024-11-08 12:20:26 | INFO | train | task-0		C_M is 
[[ 475    0    0    0]
 [   0 1078    0   14]
 [   0    0 1209    0]
 [   0   12    0 1212]]
2024-11-08 12:20:29 | INFO | train | The best f1_macro util now is 0.9944, at step 164
2024-11-08 12:20:33 | INFO | train | The best f1_micro util now is 0.9935, at step 164
2024-11-08 12:21:17 | INFO | train | ----------------------------------------------------------------------------------
2024-11-08 12:21:17 | INFO | train | Time of iter training 44.20 s
2024-11-08 12:21:17 | INFO | train | On iter step 165:, global step 42241 Loss-step [0.1252 0.1252 0.0000]
2024-11-08 12:21:54 | INFO | train | In dataset train: Loss is [0.1406 0.1406 0.0000]
2024-11-08 12:21:54 | INFO | train | task-0		Acc is 0.9908, F1 is 0.9908
2024-11-08 12:21:54 | INFO | train | task-0		F1-macro is 0.9920, F1-micro is 0.9908
2024-11-08 12:21:54 | INFO | train | task-0		Pre is 0.9908, Rec is 0.9908
2024-11-08 12:21:54 | INFO | train | task-0		C_M is 
[[ 452    0    0    0]
 [   0 1139    0   13]
 [   0    0 1229    0]
 [   0   24    0 1143]]
2024-11-08 12:22:31 | INFO | train | In dataset valid: Loss is [0.2412 0.2412 0.0000]
2024-11-08 12:22:31 | INFO | train | task-0		Acc is 0.9895, F1 is 0.9895
2024-11-08 12:22:31 | INFO | train | task-0		F1-macro is 0.9901, F1-micro is 0.9895
2024-11-08 12:22:31 | INFO | train | task-0		Pre is 0.9895, Rec is 0.9895
2024-11-08 12:22:31 | INFO | train | task-0		C_M is 
[[ 439    5    0    0]
 [   0 1092    0   14]
 [   0    0 1233    0]
 [   0   23    0 1194]]
2024-11-08 12:23:08 | INFO | train | In dataset test: Loss is [0.1077 0.1077 0.0000]
2024-11-08 12:23:08 | INFO | train | task-0		Acc is 0.9932, F1 is 0.9932
2024-11-08 12:23:08 | INFO | train | task-0		F1-macro is 0.9942, F1-micro is 0.9932
2024-11-08 12:23:08 | INFO | train | task-0		Pre is 0.9932, Rec is 0.9932
2024-11-08 12:23:08 | INFO | train | task-0		C_M is 
[[ 475    0    0    0]
 [   0 1083    0    9]
 [   0    0 1209    0]
 [   0   18    0 1206]]
2024-11-08 12:23:08 | INFO | train | The best f1_macro util now is 0.9944, at step 164
2024-11-08 12:23:08 | INFO | train | The best f1_micro util now is 0.9935, at step 164
2024-11-08 12:23:52 | INFO | train | ----------------------------------------------------------------------------------
2024-11-08 12:23:52 | INFO | train | Time of iter training 44.16 s
2024-11-08 12:23:52 | INFO | train | On iter step 166:, global step 42497 Loss-step [0.1736 0.1736 0.0000]
2024-11-08 12:24:29 | INFO | train | In dataset train: Loss is [0.1081 0.1081 0.0000]
2024-11-08 12:24:29 | INFO | train | task-0		Acc is 0.9888, F1 is 0.9888
2024-11-08 12:24:29 | INFO | train | task-0		F1-macro is 0.9903, F1-micro is 0.9888
2024-11-08 12:24:29 | INFO | train | task-0		Pre is 0.9888, Rec is 0.9888
2024-11-08 12:24:29 | INFO | train | task-0		C_M is 
[[ 452    0    0    0]
 [   0 1125    0   27]
 [   0    0 1229    0]
 [   0   18    0 1149]]
2024-11-08 12:25:06 | INFO | train | In dataset valid: Loss is [0.1257 0.1257 0.0000]
2024-11-08 12:25:06 | INFO | train | task-0		Acc is 0.9882, F1 is 0.9882
2024-11-08 12:25:06 | INFO | train | task-0		F1-macro is 0.9899, F1-micro is 0.9882
2024-11-08 12:25:06 | INFO | train | task-0		Pre is 0.9882, Rec is 0.9882
2024-11-08 12:25:06 | INFO | train | task-0		C_M is 
[[ 444    0    0    0]
 [   0 1084    0   22]
 [   0    0 1233    0]
 [   0   25    0 1192]]
2024-11-08 12:25:43 | INFO | train | In dataset test: Loss is [0.1030 0.1030 0.0000]
2024-11-08 12:25:43 | INFO | train | task-0		Acc is 0.9910, F1 is 0.9910
2024-11-08 12:25:43 | INFO | train | task-0		F1-macro is 0.9922, F1-micro is 0.9910
2024-11-08 12:25:43 | INFO | train | task-0		Pre is 0.9910, Rec is 0.9910
2024-11-08 12:25:43 | INFO | train | task-0		C_M is 
[[ 475    0    0    0]
 [   0 1076    0   16]
 [   0    0 1209    0]
 [   0   20    0 1204]]
2024-11-08 12:25:43 | INFO | train | The best f1_macro util now is 0.9944, at step 164
2024-11-08 12:25:43 | INFO | train | The best f1_micro util now is 0.9935, at step 164
2024-11-08 12:26:27 | INFO | train | ----------------------------------------------------------------------------------
2024-11-08 12:26:27 | INFO | train | Time of iter training 44.13 s
2024-11-08 12:26:27 | INFO | train | On iter step 167:, global step 42753 Loss-step [0.1183 0.1183 0.0000]
2024-11-08 12:27:04 | INFO | train | In dataset train: Loss is [0.1034 0.1034 0.0000]
2024-11-08 12:27:04 | INFO | train | task-0		Acc is 0.9898, F1 is 0.9898
2024-11-08 12:27:04 | INFO | train | task-0		F1-macro is 0.9912, F1-micro is 0.9898
2024-11-08 12:27:04 | INFO | train | task-0		Pre is 0.9898, Rec is 0.9898
2024-11-08 12:27:04 | INFO | train | task-0		C_M is 
[[ 452    0    0    0]
 [   0 1130    0   22]
 [   0    0 1229    0]
 [   0   19    0 1148]]
2024-11-08 12:27:41 | INFO | train | In dataset valid: Loss is [0.1294 0.1294 0.0000]
2024-11-08 12:27:41 | INFO | train | task-0		Acc is 0.9898, F1 is 0.9898
2024-11-08 12:27:41 | INFO | train | task-0		F1-macro is 0.9910, F1-micro is 0.9898
2024-11-08 12:27:41 | INFO | train | task-0		Pre is 0.9898, Rec is 0.9898
2024-11-08 12:27:41 | INFO | train | task-0		C_M is 
[[ 443    1    0    0]
 [   0 1089    0   17]
 [   0    0 1233    0]
 [   0   23    0 1194]]
2024-11-08 12:28:19 | INFO | train | In dataset test: Loss is [0.0962 0.0962 0.0000]
2024-11-08 12:28:19 | INFO | train | task-0		Acc is 0.9932, F1 is 0.9932
2024-11-08 12:28:19 | INFO | train | task-0		F1-macro is 0.9942, F1-micro is 0.9932
2024-11-08 12:28:19 | INFO | train | task-0		Pre is 0.9932, Rec is 0.9932
2024-11-08 12:28:19 | INFO | train | task-0		C_M is 
[[ 475    0    0    0]
 [   0 1082    0   10]
 [   0    0 1209    0]
 [   0   17    0 1207]]
2024-11-08 12:28:19 | INFO | train | The best f1_macro util now is 0.9944, at step 164
2024-11-08 12:28:19 | INFO | train | The best f1_micro util now is 0.9935, at step 164
2024-11-08 12:29:03 | INFO | train | ----------------------------------------------------------------------------------
2024-11-08 12:29:03 | INFO | train | Time of iter training 44.24 s
2024-11-08 12:29:03 | INFO | train | On iter step 168:, global step 43009 Loss-step [0.0783 0.0783 0.0000]
2024-11-08 12:29:40 | INFO | train | In dataset train: Loss is [0.1064 0.1064 0.0000]
2024-11-08 12:29:40 | INFO | train | task-0		Acc is 0.9905, F1 is 0.9905
2024-11-08 12:29:40 | INFO | train | task-0		F1-macro is 0.9918, F1-micro is 0.9905
2024-11-08 12:29:40 | INFO | train | task-0		Pre is 0.9905, Rec is 0.9905
2024-11-08 12:29:40 | INFO | train | task-0		C_M is 
[[ 452    0    0    0]
 [   0 1134    0   18]
 [   0    0 1229    0]
 [   0   20    0 1147]]
2024-11-08 12:30:17 | INFO | train | In dataset valid: Loss is [0.1284 0.1284 0.0000]
2024-11-08 12:30:17 | INFO | train | task-0		Acc is 0.9908, F1 is 0.9908
2024-11-08 12:30:17 | INFO | train | task-0		F1-macro is 0.9918, F1-micro is 0.9908
2024-11-08 12:30:17 | INFO | train | task-0		Pre is 0.9908, Rec is 0.9908
2024-11-08 12:30:17 | INFO | train | task-0		C_M is 
[[ 443    1    0    0]
 [   0 1093    0   13]
 [   0    0 1233    0]
 [   0   23    0 1194]]
2024-11-08 12:30:54 | INFO | train | In dataset test: Loss is [0.0899 0.0899 0.0000]
2024-11-08 12:30:54 | INFO | train | task-0		Acc is 0.9938, F1 is 0.9938
2024-11-08 12:30:54 | INFO | train | task-0		F1-macro is 0.9946, F1-micro is 0.9938
2024-11-08 12:30:54 | INFO | train | task-0		Pre is 0.9938, Rec is 0.9938
2024-11-08 12:30:54 | INFO | train | task-0		C_M is 
[[ 475    0    0    0]
 [   0 1085    0    7]
 [   0    0 1209    0]
 [   0   18    0 1206]]
2024-11-08 12:30:54 | INFO | train | The best f1_macro util now is 0.9944, at step 164
2024-11-08 12:30:54 | INFO | train | The best f1_micro util now is 0.9935, at step 164
2024-11-08 12:31:38 | INFO | train | ----------------------------------------------------------------------------------
2024-11-08 12:31:38 | INFO | train | Time of iter training 43.69 s
2024-11-08 12:31:38 | INFO | train | On iter step 169:, global step 43265 Loss-step [0.1044 0.1044 0.0000]
2024-11-08 12:32:15 | INFO | train | In dataset train: Loss is [0.1576 0.1576 0.0000]
2024-11-08 12:32:15 | INFO | train | task-0		Acc is 0.9880, F1 is 0.9880
2024-11-08 12:32:15 | INFO | train | task-0		F1-macro is 0.9896, F1-micro is 0.9880
2024-11-08 12:32:15 | INFO | train | task-0		Pre is 0.9880, Rec is 0.9880
2024-11-08 12:32:15 | INFO | train | task-0		C_M is 
[[ 452    0    0    0]
 [   0 1122    0   30]
 [   0    0 1229    0]
 [   0   18    0 1149]]
2024-11-08 12:32:52 | INFO | train | In dataset valid: Loss is [0.1904 0.1904 0.0000]
2024-11-08 12:32:52 | INFO | train | task-0		Acc is 0.9905, F1 is 0.9905
2024-11-08 12:32:52 | INFO | train | task-0		F1-macro is 0.9916, F1-micro is 0.9905
2024-11-08 12:32:52 | INFO | train | task-0		Pre is 0.9905, Rec is 0.9905
2024-11-08 12:32:52 | INFO | train | task-0		C_M is 
[[ 443    1    0    0]
 [   0 1086    0   20]
 [   0    0 1233    0]
 [   0   17    0 1200]]
2024-11-08 12:33:29 | INFO | train | In dataset test: Loss is [0.1063 0.1063 0.0000]
2024-11-08 12:33:29 | INFO | train | task-0		Acc is 0.9928, F1 is 0.9928
2024-11-08 12:33:29 | INFO | train | task-0		F1-macro is 0.9937, F1-micro is 0.9928
2024-11-08 12:33:29 | INFO | train | task-0		Pre is 0.9928, Rec is 0.9928
2024-11-08 12:33:29 | INFO | train | task-0		C_M is 
[[ 475    0    0    0]
 [   0 1076    0   16]
 [   0    0 1209    0]
 [   0   13    0 1211]]
2024-11-08 12:33:29 | INFO | train | The best f1_macro util now is 0.9944, at step 164
2024-11-08 12:33:29 | INFO | train | The best f1_micro util now is 0.9935, at step 164
2024-11-08 12:34:13 | INFO | train | ----------------------------------------------------------------------------------
2024-11-08 12:34:13 | INFO | train | Time of iter training 44.60 s
2024-11-08 12:34:13 | INFO | train | On iter step 170:, global step 43521 Loss-step [0.1283 0.1283 0.0000]
2024-11-08 12:34:50 | INFO | train | In dataset train: Loss is [0.0871 0.0871 0.0000]
2024-11-08 12:34:50 | INFO | train | task-0		Acc is 0.9900, F1 is 0.9900
2024-11-08 12:34:50 | INFO | train | task-0		F1-macro is 0.9914, F1-micro is 0.9900
2024-11-08 12:34:50 | INFO | train | task-0		Pre is 0.9900, Rec is 0.9900
2024-11-08 12:34:50 | INFO | train | task-0		C_M is 
[[ 452    0    0    0]
 [   0 1146    0    6]
 [   0    0 1229    0]
 [   0   34    0 1133]]
2024-11-08 12:35:27 | INFO | train | In dataset valid: Loss is [0.1041 0.1041 0.0000]
2024-11-08 12:35:27 | INFO | train | task-0		Acc is 0.9868, F1 is 0.9868
2024-11-08 12:35:27 | INFO | train | task-0		F1-macro is 0.9886, F1-micro is 0.9868
2024-11-08 12:35:27 | INFO | train | task-0		Pre is 0.9868, Rec is 0.9868
2024-11-08 12:35:27 | INFO | train | task-0		C_M is 
[[ 444    0    0    0]
 [   0 1099    0    7]
 [   0    0 1233    0]
 [   0   46    0 1171]]
2024-11-08 12:36:04 | INFO | train | In dataset test: Loss is [0.0791 0.0791 0.0000]
2024-11-08 12:36:04 | INFO | train | task-0		Acc is 0.9930, F1 is 0.9930
2024-11-08 12:36:04 | INFO | train | task-0		F1-macro is 0.9939, F1-micro is 0.9930
2024-11-08 12:36:04 | INFO | train | task-0		Pre is 0.9930, Rec is 0.9930
2024-11-08 12:36:04 | INFO | train | task-0		C_M is 
[[ 475    0    0    0]
 [   0 1090    0    2]
 [   0    0 1209    0]
 [   0   26    0 1198]]
2024-11-08 12:36:04 | INFO | train | The best f1_macro util now is 0.9944, at step 164
2024-11-08 12:36:04 | INFO | train | The best f1_micro util now is 0.9935, at step 164
2024-11-08 12:36:48 | INFO | train | ----------------------------------------------------------------------------------
2024-11-08 12:36:48 | INFO | train | Time of iter training 43.97 s
2024-11-08 12:36:48 | INFO | train | On iter step 171:, global step 43777 Loss-step [0.1037 0.1037 0.0000]
2024-11-08 12:37:25 | INFO | train | In dataset train: Loss is [0.0785 0.0785 0.0000]
2024-11-08 12:37:25 | INFO | train | task-0		Acc is 0.9908, F1 is 0.9908
2024-11-08 12:37:25 | INFO | train | task-0		F1-macro is 0.9920, F1-micro is 0.9908
2024-11-08 12:37:25 | INFO | train | task-0		Pre is 0.9908, Rec is 0.9908
2024-11-08 12:37:25 | INFO | train | task-0		C_M is 
[[ 452    0    0    0]
 [   0 1133    0   19]
 [   0    0 1229    0]
 [   0   18    0 1149]]
2024-11-08 12:38:02 | INFO | train | In dataset valid: Loss is [0.0883 0.0883 0.0000]
2024-11-08 12:38:02 | INFO | train | task-0		Acc is 0.9905, F1 is 0.9905
2024-11-08 12:38:02 | INFO | train | task-0		F1-macro is 0.9918, F1-micro is 0.9905
2024-11-08 12:38:02 | INFO | train | task-0		Pre is 0.9905, Rec is 0.9905
2024-11-08 12:38:02 | INFO | train | task-0		C_M is 
[[ 444    0    0    0]
 [   0 1092    0   14]
 [   0    0 1233    0]
 [   0   24    0 1193]]
2024-11-08 12:38:39 | INFO | train | In dataset test: Loss is [0.0641 0.0641 0.0000]
2024-11-08 12:38:39 | INFO | train | task-0		Acc is 0.9948, F1 is 0.9948
2024-11-08 12:38:39 | INFO | train | task-0		F1-macro is 0.9955, F1-micro is 0.9948
2024-11-08 12:38:39 | INFO | train | task-0		Pre is 0.9948, Rec is 0.9948
2024-11-08 12:38:39 | INFO | train | task-0		C_M is 
[[ 475    0    0    0]
 [   0 1087    0    5]
 [   0    0 1209    0]
 [   0   16    0 1208]]
2024-11-08 12:38:39 | INFO | train | The best f1_macro util now is 0.9944, at step 164
2024-11-08 12:38:39 | INFO | train | The best f1_micro util now is 0.9935, at step 164
2024-11-08 12:39:23 | INFO | train | ----------------------------------------------------------------------------------
2024-11-08 12:39:23 | INFO | train | Time of iter training 44.12 s
2024-11-08 12:39:23 | INFO | train | On iter step 172:, global step 44033 Loss-step [0.0866 0.0866 0.0000]
2024-11-08 12:40:00 | INFO | train | In dataset train: Loss is [0.0756 0.0756 0.0000]
2024-11-08 12:40:00 | INFO | train | task-0		Acc is 0.9925, F1 is 0.9925
2024-11-08 12:40:00 | INFO | train | task-0		F1-macro is 0.9935, F1-micro is 0.9925
2024-11-08 12:40:00 | INFO | train | task-0		Pre is 0.9925, Rec is 0.9925
2024-11-08 12:40:00 | INFO | train | task-0		C_M is 
[[ 452    0    0    0]
 [   0 1143    0    9]
 [   0    0 1229    0]
 [   0   21    0 1146]]
2024-11-08 12:40:37 | INFO | train | In dataset valid: Loss is [0.1155 0.1155 0.0000]
2024-11-08 12:40:37 | INFO | train | task-0		Acc is 0.9902, F1 is 0.9902
2024-11-08 12:40:37 | INFO | train | task-0		F1-macro is 0.9916, F1-micro is 0.9902
2024-11-08 12:40:37 | INFO | train | task-0		Pre is 0.9902, Rec is 0.9902
2024-11-08 12:40:37 | INFO | train | task-0		C_M is 
[[ 444    0    0    0]
 [   0 1096    0   10]
 [   0    0 1233    0]
 [   0   29    0 1188]]
2024-11-08 12:41:14 | INFO | train | In dataset test: Loss is [0.0714 0.0714 0.0000]
2024-11-08 12:41:14 | INFO | train | task-0		Acc is 0.9952, F1 is 0.9952
2024-11-08 12:41:14 | INFO | train | task-0		F1-macro is 0.9959, F1-micro is 0.9952
2024-11-08 12:41:14 | INFO | train | task-0		Pre is 0.9952, Rec is 0.9952
2024-11-08 12:41:14 | INFO | train | task-0		C_M is 
[[ 475    0    0    0]
 [   0 1089    0    3]
 [   0    0 1209    0]
 [   0   16    0 1208]]
2024-11-08 12:41:14 | INFO | train | The best f1_macro util now is 0.9944, at step 164
2024-11-08 12:41:14 | INFO | train | The best f1_micro util now is 0.9935, at step 164
2024-11-08 12:41:59 | INFO | train | ----------------------------------------------------------------------------------
2024-11-08 12:41:59 | INFO | train | Time of iter training 44.18 s
2024-11-08 12:41:59 | INFO | train | On iter step 173:, global step 44289 Loss-step [0.0926 0.0926 0.0000]
2024-11-08 12:42:35 | INFO | train | In dataset train: Loss is [0.0724 0.0724 0.0000]
2024-11-08 12:42:35 | INFO | train | task-0		Acc is 0.9928, F1 is 0.9928
2024-11-08 12:42:35 | INFO | train | task-0		F1-macro is 0.9937, F1-micro is 0.9928
2024-11-08 12:42:35 | INFO | train | task-0		Pre is 0.9928, Rec is 0.9928
2024-11-08 12:42:35 | INFO | train | task-0		C_M is 
[[ 452    0    0    0]
 [   0 1148    0    4]
 [   0    0 1229    0]
 [   0   25    0 1142]]
2024-11-08 12:43:13 | INFO | train | In dataset valid: Loss is [0.1276 0.1276 0.0000]
2024-11-08 12:43:13 | INFO | train | task-0		Acc is 0.9898, F1 is 0.9898
2024-11-08 12:43:13 | INFO | train | task-0		F1-macro is 0.9912, F1-micro is 0.9898
2024-11-08 12:43:13 | INFO | train | task-0		Pre is 0.9898, Rec is 0.9898
2024-11-08 12:43:13 | INFO | train | task-0		C_M is 
[[ 444    0    0    0]
 [   0 1099    0    7]
 [   0    0 1233    0]
 [   0   34    0 1183]]
2024-11-08 12:43:50 | INFO | train | In dataset test: Loss is [0.0862 0.0862 0.0000]
2024-11-08 12:43:50 | INFO | train | task-0		Acc is 0.9940, F1 is 0.9940
2024-11-08 12:43:50 | INFO | train | task-0		F1-macro is 0.9948, F1-micro is 0.9940
2024-11-08 12:43:50 | INFO | train | task-0		Pre is 0.9940, Rec is 0.9940
2024-11-08 12:43:50 | INFO | train | task-0		C_M is 
[[ 475    0    0    0]
 [   0 1090    0    2]
 [   0    0 1209    0]
 [   0   22    0 1202]]
2024-11-08 12:43:50 | INFO | train | The best f1_macro util now is 0.9944, at step 164
2024-11-08 12:43:50 | INFO | train | The best f1_micro util now is 0.9935, at step 164
2024-11-08 12:44:34 | INFO | train | ----------------------------------------------------------------------------------
2024-11-08 12:44:34 | INFO | train | Time of iter training 44.56 s
2024-11-08 12:44:34 | INFO | train | On iter step 174:, global step 44545 Loss-step [0.1172 0.1172 0.0000]
2024-11-08 12:45:11 | INFO | train | In dataset train: Loss is [0.0805 0.0805 0.0000]
2024-11-08 12:45:11 | INFO | train | task-0		Acc is 0.9908, F1 is 0.9908
2024-11-08 12:45:11 | INFO | train | task-0		F1-macro is 0.9920, F1-micro is 0.9908
2024-11-08 12:45:11 | INFO | train | task-0		Pre is 0.9908, Rec is 0.9908
2024-11-08 12:45:11 | INFO | train | task-0		C_M is 
[[ 452    0    0    0]
 [   0 1132    0   20]
 [   0    0 1229    0]
 [   0   17    0 1150]]
2024-11-08 12:45:48 | INFO | train | In dataset valid: Loss is [0.0975 0.0975 0.0000]
2024-11-08 12:45:48 | INFO | train | task-0		Acc is 0.9900, F1 is 0.9900
2024-11-08 12:45:48 | INFO | train | task-0		F1-macro is 0.9914, F1-micro is 0.9900
2024-11-08 12:45:48 | INFO | train | task-0		Pre is 0.9900, Rec is 0.9900
2024-11-08 12:45:48 | INFO | train | task-0		C_M is 
[[ 444    0    0    0]
 [   0 1088    0   18]
 [   0    0 1233    0]
 [   0   22    0 1195]]
2024-11-08 12:46:26 | INFO | train | In dataset test: Loss is [0.0734 0.0734 0.0000]
2024-11-08 12:46:26 | INFO | train | task-0		Acc is 0.9942, F1 is 0.9942
2024-11-08 12:46:26 | INFO | train | task-0		F1-macro is 0.9950, F1-micro is 0.9942
2024-11-08 12:46:26 | INFO | train | task-0		Pre is 0.9942, Rec is 0.9942
2024-11-08 12:46:26 | INFO | train | task-0		C_M is 
[[ 475    0    0    0]
 [   0 1083    0    9]
 [   0    0 1209    0]
 [   0   14    0 1210]]
2024-11-08 12:46:26 | INFO | train | The best f1_macro util now is 0.9944, at step 164
2024-11-08 12:46:26 | INFO | train | The best f1_micro util now is 0.9935, at step 164
2024-11-08 12:47:10 | INFO | train | ----------------------------------------------------------------------------------
2024-11-08 12:47:10 | INFO | train | Time of iter training 44.11 s
2024-11-08 12:47:10 | INFO | train | On iter step 175:, global step 44801 Loss-step [0.0881 0.0881 0.0000]
2024-11-08 12:47:47 | INFO | train | In dataset train: Loss is [0.0841 0.0841 0.0000]
2024-11-08 12:47:47 | INFO | train | task-0		Acc is 0.9912, F1 is 0.9912
2024-11-08 12:47:47 | INFO | train | task-0		F1-macro is 0.9925, F1-micro is 0.9912
2024-11-08 12:47:47 | INFO | train | task-0		Pre is 0.9912, Rec is 0.9912
2024-11-08 12:47:47 | INFO | train | task-0		C_M is 
[[ 452    0    0    0]
 [   0 1129    0   23]
 [   0    0 1229    0]
 [   0   12    0 1155]]
2024-11-08 12:48:24 | INFO | train | In dataset valid: Loss is [0.1082 0.1082 0.0000]
2024-11-08 12:48:24 | INFO | train | task-0		Acc is 0.9895, F1 is 0.9895
2024-11-08 12:48:24 | INFO | train | task-0		F1-macro is 0.9909, F1-micro is 0.9895
2024-11-08 12:48:24 | INFO | train | task-0		Pre is 0.9895, Rec is 0.9895
2024-11-08 12:48:24 | INFO | train | task-0		C_M is 
[[ 444    0    0    0]
 [   0 1081    0   25]
 [   0    0 1233    0]
 [   0   17    0 1200]]
2024-11-08 12:49:02 | INFO | train | In dataset test: Loss is [0.0681 0.0681 0.0000]
2024-11-08 12:49:02 | INFO | train | task-0		Acc is 0.9938, F1 is 0.9938
2024-11-08 12:49:02 | INFO | train | task-0		F1-macro is 0.9946, F1-micro is 0.9938
2024-11-08 12:49:02 | INFO | train | task-0		Pre is 0.9938, Rec is 0.9938
2024-11-08 12:49:02 | INFO | train | task-0		C_M is 
[[ 475    0    0    0]
 [   0 1077    0   15]
 [   0    0 1209    0]
 [   0   10    0 1214]]
2024-11-08 12:49:02 | INFO | train | The best f1_macro util now is 0.9944, at step 164
2024-11-08 12:49:02 | INFO | train | The best f1_micro util now is 0.9935, at step 164
2024-11-08 12:49:46 | INFO | train | ----------------------------------------------------------------------------------
2024-11-08 12:49:46 | INFO | train | Time of iter training 44.67 s
2024-11-08 12:49:46 | INFO | train | On iter step 176:, global step 45057 Loss-step [0.0986 0.0986 0.0000]
2024-11-08 12:50:23 | INFO | train | In dataset train: Loss is [0.0691 0.0691 0.0000]
2024-11-08 12:50:23 | INFO | train | task-0		Acc is 0.9938, F1 is 0.9938
2024-11-08 12:50:23 | INFO | train | task-0		F1-macro is 0.9946, F1-micro is 0.9938
2024-11-08 12:50:23 | INFO | train | task-0		Pre is 0.9938, Rec is 0.9938
2024-11-08 12:50:23 | INFO | train | task-0		C_M is 
[[ 452    0    0    0]
 [   0 1147    0    5]
 [   0    0 1229    0]
 [   0   20    0 1147]]
2024-11-08 12:51:01 | INFO | train | In dataset valid: Loss is [0.0747 0.0747 0.0000]
2024-11-08 12:51:01 | INFO | train | task-0		Acc is 0.9918, F1 is 0.9918
2024-11-08 12:51:01 | INFO | train | task-0		F1-macro is 0.9929, F1-micro is 0.9918
2024-11-08 12:51:01 | INFO | train | task-0		Pre is 0.9918, Rec is 0.9918
2024-11-08 12:51:01 | INFO | train | task-0		C_M is 
[[ 444    0    0    0]
 [   0 1097    0    9]
 [   0    0 1233    0]
 [   0   24    0 1193]]
2024-11-08 12:51:38 | INFO | train | In dataset test: Loss is [0.0584 0.0584 0.0000]
2024-11-08 12:51:38 | INFO | train | task-0		Acc is 0.9960, F1 is 0.9960
2024-11-08 12:51:38 | INFO | train | task-0		F1-macro is 0.9965, F1-micro is 0.9960
2024-11-08 12:51:38 | INFO | train | task-0		Pre is 0.9960, Rec is 0.9960
2024-11-08 12:51:38 | INFO | train | task-0		C_M is 
[[ 475    0    0    0]
 [   0 1090    0    2]
 [   0    0 1209    0]
 [   0   14    0 1210]]
2024-11-08 12:51:41 | INFO | train | The best f1_macro util now is 0.9965, at step 176
2024-11-08 12:51:45 | INFO | train | The best f1_micro util now is 0.9960, at step 176
2024-11-08 12:52:29 | INFO | train | ----------------------------------------------------------------------------------
2024-11-08 12:52:29 | INFO | train | Time of iter training 44.30 s
2024-11-08 12:52:29 | INFO | train | On iter step 177:, global step 45313 Loss-step [0.0883 0.0883 0.0000]
2024-11-08 12:53:07 | INFO | train | In dataset train: Loss is [0.0674 0.0674 0.0000]
2024-11-08 12:53:07 | INFO | train | task-0		Acc is 0.9928, F1 is 0.9928
2024-11-08 12:53:07 | INFO | train | task-0		F1-macro is 0.9937, F1-micro is 0.9928
2024-11-08 12:53:07 | INFO | train | task-0		Pre is 0.9928, Rec is 0.9928
2024-11-08 12:53:07 | INFO | train | task-0		C_M is 
[[ 452    0    0    0]
 [   0 1147    0    5]
 [   0    0 1229    0]
 [   0   24    0 1143]]
2024-11-08 12:53:44 | INFO | train | In dataset valid: Loss is [0.0873 0.0873 0.0000]
2024-11-08 12:53:44 | INFO | train | task-0		Acc is 0.9905, F1 is 0.9905
2024-11-08 12:53:44 | INFO | train | task-0		F1-macro is 0.9918, F1-micro is 0.9905
2024-11-08 12:53:44 | INFO | train | task-0		Pre is 0.9905, Rec is 0.9905
2024-11-08 12:53:44 | INFO | train | task-0		C_M is 
[[ 444    0    0    0]
 [   0 1096    0   10]
 [   0    0 1233    0]
 [   0   28    0 1189]]
2024-11-08 12:54:21 | INFO | train | In dataset test: Loss is [0.0598 0.0598 0.0000]
2024-11-08 12:54:21 | INFO | train | task-0		Acc is 0.9942, F1 is 0.9942
2024-11-08 12:54:21 | INFO | train | task-0		F1-macro is 0.9950, F1-micro is 0.9942
2024-11-08 12:54:21 | INFO | train | task-0		Pre is 0.9942, Rec is 0.9942
2024-11-08 12:54:21 | INFO | train | task-0		C_M is 
[[ 475    0    0    0]
 [   0 1088    0    4]
 [   0    0 1209    0]
 [   0   19    0 1205]]
2024-11-08 12:54:21 | INFO | train | The best f1_macro util now is 0.9965, at step 176
2024-11-08 12:54:21 | INFO | train | The best f1_micro util now is 0.9960, at step 176
2024-11-08 12:55:06 | INFO | train | ----------------------------------------------------------------------------------
2024-11-08 12:55:06 | INFO | train | Time of iter training 44.58 s
2024-11-08 12:55:06 | INFO | train | On iter step 178:, global step 45569 Loss-step [0.0764 0.0764 0.0000]
2024-11-08 12:55:43 | INFO | train | In dataset train: Loss is [0.0717 0.0717 0.0000]
2024-11-08 12:55:43 | INFO | train | task-0		Acc is 0.9935, F1 is 0.9935
2024-11-08 12:55:43 | INFO | train | task-0		F1-macro is 0.9944, F1-micro is 0.9935
2024-11-08 12:55:43 | INFO | train | task-0		Pre is 0.9935, Rec is 0.9935
2024-11-08 12:55:43 | INFO | train | task-0		C_M is 
[[ 452    0    0    0]
 [   0 1142    0   10]
 [   0    0 1229    0]
 [   0   16    0 1151]]
2024-11-08 12:56:20 | INFO | train | In dataset valid: Loss is [0.1114 0.1114 0.0000]
2024-11-08 12:56:20 | INFO | train | task-0		Acc is 0.9918, F1 is 0.9918
2024-11-08 12:56:20 | INFO | train | task-0		F1-macro is 0.9929, F1-micro is 0.9918
2024-11-08 12:56:20 | INFO | train | task-0		Pre is 0.9918, Rec is 0.9918
2024-11-08 12:56:20 | INFO | train | task-0		C_M is 
[[ 444    0    0    0]
 [   0 1090    0   16]
 [   0    0 1233    0]
 [   0   17    0 1200]]
2024-11-08 12:56:57 | INFO | train | In dataset test: Loss is [0.0596 0.0596 0.0000]
2024-11-08 12:56:57 | INFO | train | task-0		Acc is 0.9948, F1 is 0.9948
2024-11-08 12:56:57 | INFO | train | task-0		F1-macro is 0.9955, F1-micro is 0.9948
2024-11-08 12:56:57 | INFO | train | task-0		Pre is 0.9948, Rec is 0.9948
2024-11-08 12:56:57 | INFO | train | task-0		C_M is 
[[ 475    0    0    0]
 [   0 1082    0   10]
 [   0    0 1209    0]
 [   0   11    0 1213]]
2024-11-08 12:56:57 | INFO | train | The best f1_macro util now is 0.9965, at step 176
2024-11-08 12:56:57 | INFO | train | The best f1_micro util now is 0.9960, at step 176
2024-11-08 12:57:42 | INFO | train | ----------------------------------------------------------------------------------
2024-11-08 12:57:42 | INFO | train | Time of iter training 45.15 s
2024-11-08 12:57:42 | INFO | train | On iter step 179:, global step 45825 Loss-step [0.0623 0.0623 0.0000]
2024-11-08 12:58:19 | INFO | train | In dataset train: Loss is [0.0699 0.0699 0.0000]
2024-11-08 12:58:19 | INFO | train | task-0		Acc is 0.9945, F1 is 0.9945
2024-11-08 12:58:19 | INFO | train | task-0		F1-macro is 0.9953, F1-micro is 0.9945
2024-11-08 12:58:19 | INFO | train | task-0		Pre is 0.9945, Rec is 0.9945
2024-11-08 12:58:19 | INFO | train | task-0		C_M is 
[[ 452    0    0    0]
 [   0 1147    0    5]
 [   0    0 1229    0]
 [   0   17    0 1150]]
2024-11-08 12:58:56 | INFO | train | In dataset valid: Loss is [0.1148 0.1148 0.0000]
2024-11-08 12:58:56 | INFO | train | task-0		Acc is 0.9910, F1 is 0.9910
2024-11-08 12:58:56 | INFO | train | task-0		F1-macro is 0.9922, F1-micro is 0.9910
2024-11-08 12:58:56 | INFO | train | task-0		Pre is 0.9910, Rec is 0.9910
2024-11-08 12:58:56 | INFO | train | task-0		C_M is 
[[ 444    0    0    0]
 [   0 1094    0   12]
 [   0    0 1233    0]
 [   0   24    0 1193]]
2024-11-08 12:59:33 | INFO | train | In dataset test: Loss is [0.0566 0.0566 0.0000]
2024-11-08 12:59:33 | INFO | train | task-0		Acc is 0.9948, F1 is 0.9948
2024-11-08 12:59:33 | INFO | train | task-0		F1-macro is 0.9955, F1-micro is 0.9948
2024-11-08 12:59:33 | INFO | train | task-0		Pre is 0.9948, Rec is 0.9948
2024-11-08 12:59:33 | INFO | train | task-0		C_M is 
[[ 475    0    0    0]
 [   0 1089    0    3]
 [   0    0 1209    0]
 [   0   18    0 1206]]
2024-11-08 12:59:33 | INFO | train | The best f1_macro util now is 0.9965, at step 176
2024-11-08 12:59:33 | INFO | train | The best f1_micro util now is 0.9960, at step 176
2024-11-08 13:00:18 | INFO | train | ----------------------------------------------------------------------------------
2024-11-08 13:00:18 | INFO | train | Time of iter training 44.59 s
2024-11-08 13:00:18 | INFO | train | On iter step 180:, global step 46081 Loss-step [0.1771 0.1771 0.0000]
2024-11-08 13:00:55 | INFO | train | In dataset train: Loss is [0.0807 0.0807 0.0000]
2024-11-08 13:00:55 | INFO | train | task-0		Acc is 0.9902, F1 is 0.9902
2024-11-08 13:00:55 | INFO | train | task-0		F1-macro is 0.9916, F1-micro is 0.9902
2024-11-08 13:00:55 | INFO | train | task-0		Pre is 0.9902, Rec is 0.9902
2024-11-08 13:00:55 | INFO | train | task-0		C_M is 
[[ 452    0    0    0]
 [   0 1152    0    0]
 [   0    0 1229    0]
 [   0   39    0 1128]]
2024-11-08 13:01:32 | INFO | train | In dataset valid: Loss is [0.0950 0.0950 0.0000]
2024-11-08 13:01:32 | INFO | train | task-0		Acc is 0.9865, F1 is 0.9865
2024-11-08 13:01:32 | INFO | train | task-0		F1-macro is 0.9884, F1-micro is 0.9865
2024-11-08 13:01:32 | INFO | train | task-0		Pre is 0.9865, Rec is 0.9865
2024-11-08 13:01:32 | INFO | train | task-0		C_M is 
[[ 444    0    0    0]
 [   0 1104    0    2]
 [   0    0 1233    0]
 [   0   52    0 1165]]
2024-11-08 13:02:10 | INFO | train | In dataset test: Loss is [0.0708 0.0708 0.0000]
2024-11-08 13:02:10 | INFO | train | task-0		Acc is 0.9908, F1 is 0.9908
2024-11-08 13:02:10 | INFO | train | task-0		F1-macro is 0.9920, F1-micro is 0.9908
2024-11-08 13:02:10 | INFO | train | task-0		Pre is 0.9908, Rec is 0.9908
2024-11-08 13:02:10 | INFO | train | task-0		C_M is 
[[ 475    0    0    0]
 [   0 1090    0    2]
 [   0    0 1209    0]
 [   0   35    0 1189]]
2024-11-08 13:02:10 | INFO | train | The best f1_macro util now is 0.9965, at step 176
2024-11-08 13:02:10 | INFO | train | The best f1_micro util now is 0.9960, at step 176
2024-11-08 13:02:54 | INFO | train | ----------------------------------------------------------------------------------
2024-11-08 13:02:54 | INFO | train | Time of iter training 44.63 s
2024-11-08 13:02:54 | INFO | train | On iter step 181:, global step 46337 Loss-step [0.0803 0.0803 0.0000]
2024-11-08 13:03:31 | INFO | train | In dataset train: Loss is [0.0698 0.0698 0.0000]
2024-11-08 13:03:31 | INFO | train | task-0		Acc is 0.9928, F1 is 0.9928
2024-11-08 13:03:31 | INFO | train | task-0		F1-macro is 0.9937, F1-micro is 0.9928
2024-11-08 13:03:31 | INFO | train | task-0		Pre is 0.9928, Rec is 0.9928
2024-11-08 13:03:31 | INFO | train | task-0		C_M is 
[[ 452    0    0    0]
 [   0 1150    0    2]
 [   0    0 1229    0]
 [   0   27    0 1140]]
2024-11-08 13:04:08 | INFO | train | In dataset valid: Loss is [0.0908 0.0908 0.0000]
2024-11-08 13:04:08 | INFO | train | task-0		Acc is 0.9888, F1 is 0.9888
2024-11-08 13:04:08 | INFO | train | task-0		F1-macro is 0.9903, F1-micro is 0.9888
2024-11-08 13:04:08 | INFO | train | task-0		Pre is 0.9888, Rec is 0.9888
2024-11-08 13:04:08 | INFO | train | task-0		C_M is 
[[ 444    0    0    0]
 [   0 1100    0    6]
 [   0    0 1233    0]
 [   0   39    0 1178]]
2024-11-08 13:04:46 | INFO | train | In dataset test: Loss is [0.0633 0.0633 0.0000]
2024-11-08 13:04:46 | INFO | train | task-0		Acc is 0.9932, F1 is 0.9932
2024-11-08 13:04:46 | INFO | train | task-0		F1-macro is 0.9942, F1-micro is 0.9932
2024-11-08 13:04:46 | INFO | train | task-0		Pre is 0.9932, Rec is 0.9932
2024-11-08 13:04:46 | INFO | train | task-0		C_M is 
[[ 475    0    0    0]
 [   0 1090    0    2]
 [   0    0 1209    0]
 [   0   25    0 1199]]
2024-11-08 13:04:46 | INFO | train | The best f1_macro util now is 0.9965, at step 176
2024-11-08 13:04:46 | INFO | train | The best f1_micro util now is 0.9960, at step 176
2024-11-08 13:05:30 | INFO | train | ----------------------------------------------------------------------------------
2024-11-08 13:05:30 | INFO | train | Time of iter training 44.53 s
2024-11-08 13:05:30 | INFO | train | On iter step 182:, global step 46593 Loss-step [0.1048 0.1048 0.0000]
2024-11-08 13:06:07 | INFO | train | In dataset train: Loss is [0.0765 0.0765 0.0000]
2024-11-08 13:06:07 | INFO | train | task-0		Acc is 0.9912, F1 is 0.9912
2024-11-08 13:06:07 | INFO | train | task-0		F1-macro is 0.9925, F1-micro is 0.9912
2024-11-08 13:06:07 | INFO | train | task-0		Pre is 0.9912, Rec is 0.9912
2024-11-08 13:06:07 | INFO | train | task-0		C_M is 
[[ 452    0    0    0]
 [   0 1134    0   18]
 [   0    0 1229    0]
 [   0   17    0 1150]]
2024-11-08 13:06:45 | INFO | train | In dataset valid: Loss is [0.0952 0.0952 0.0000]
2024-11-08 13:06:45 | INFO | train | task-0		Acc is 0.9900, F1 is 0.9900
2024-11-08 13:06:45 | INFO | train | task-0		F1-macro is 0.9914, F1-micro is 0.9900
2024-11-08 13:06:45 | INFO | train | task-0		Pre is 0.9900, Rec is 0.9900
2024-11-08 13:06:45 | INFO | train | task-0		C_M is 
[[ 444    0    0    0]
 [   0 1090    0   16]
 [   0    0 1233    0]
 [   0   24    0 1193]]
2024-11-08 13:07:22 | INFO | train | In dataset test: Loss is [0.0692 0.0692 0.0000]
2024-11-08 13:07:22 | INFO | train | task-0		Acc is 0.9938, F1 is 0.9938
2024-11-08 13:07:22 | INFO | train | task-0		F1-macro is 0.9946, F1-micro is 0.9938
2024-11-08 13:07:22 | INFO | train | task-0		Pre is 0.9938, Rec is 0.9938
2024-11-08 13:07:22 | INFO | train | task-0		C_M is 
[[ 475    0    0    0]
 [   0 1082    0   10]
 [   0    0 1209    0]
 [   0   15    0 1209]]
2024-11-08 13:07:22 | INFO | train | The best f1_macro util now is 0.9965, at step 176
2024-11-08 13:07:22 | INFO | train | The best f1_micro util now is 0.9960, at step 176
2024-11-08 13:08:06 | INFO | train | ----------------------------------------------------------------------------------
2024-11-08 13:08:06 | INFO | train | Time of iter training 44.52 s
2024-11-08 13:08:06 | INFO | train | On iter step 183:, global step 46849 Loss-step [0.0957 0.0957 0.0000]
2024-11-08 13:08:44 | INFO | train | In dataset train: Loss is [0.0846 0.0846 0.0000]
2024-11-08 13:08:44 | INFO | train | task-0		Acc is 0.9925, F1 is 0.9925
2024-11-08 13:08:44 | INFO | train | task-0		F1-macro is 0.9935, F1-micro is 0.9925
2024-11-08 13:08:44 | INFO | train | task-0		Pre is 0.9925, Rec is 0.9925
2024-11-08 13:08:44 | INFO | train | task-0		C_M is 
[[ 452    0    0    0]
 [   0 1142    0   10]
 [   0    0 1229    0]
 [   0   20    0 1147]]
2024-11-08 13:09:21 | INFO | train | In dataset valid: Loss is [0.1493 0.1493 0.0000]
2024-11-08 13:09:21 | INFO | train | task-0		Acc is 0.9910, F1 is 0.9910
2024-11-08 13:09:21 | INFO | train | task-0		F1-macro is 0.9922, F1-micro is 0.9910
2024-11-08 13:09:21 | INFO | train | task-0		Pre is 0.9910, Rec is 0.9910
2024-11-08 13:09:21 | INFO | train | task-0		C_M is 
[[ 444    0    0    0]
 [   0 1093    0   13]
 [   0    0 1233    0]
 [   0   23    0 1194]]
2024-11-08 13:09:58 | INFO | train | In dataset test: Loss is [0.0918 0.0918 0.0000]
2024-11-08 13:09:58 | INFO | train | task-0		Acc is 0.9938, F1 is 0.9938
2024-11-08 13:09:58 | INFO | train | task-0		F1-macro is 0.9946, F1-micro is 0.9938
2024-11-08 13:09:58 | INFO | train | task-0		Pre is 0.9938, Rec is 0.9938
2024-11-08 13:09:58 | INFO | train | task-0		C_M is 
[[ 475    0    0    0]
 [   0 1082    0   10]
 [   0    0 1209    0]
 [   0   15    0 1209]]
2024-11-08 13:09:58 | INFO | train | The best f1_macro util now is 0.9965, at step 176
2024-11-08 13:09:58 | INFO | train | The best f1_micro util now is 0.9960, at step 176
2024-11-08 13:10:43 | INFO | train | ----------------------------------------------------------------------------------
2024-11-08 13:10:43 | INFO | train | Time of iter training 44.66 s
2024-11-08 13:10:43 | INFO | train | On iter step 184:, global step 47105 Loss-step [0.1952 0.1952 0.0000]
2024-11-08 13:11:20 | INFO | train | In dataset train: Loss is [0.1394 0.1394 0.0000]
2024-11-08 13:11:20 | INFO | train | task-0		Acc is 0.9760, F1 is 0.9760
2024-11-08 13:11:20 | INFO | train | task-0		F1-macro is 0.9793, F1-micro is 0.9760
2024-11-08 13:11:20 | INFO | train | task-0		Pre is 0.9760, Rec is 0.9760
2024-11-08 13:11:20 | INFO | train | task-0		C_M is 
[[ 452    0    0    0]
 [   0 1066    0   86]
 [   0    0 1229    0]
 [   0   10    0 1157]]
2024-11-08 13:11:57 | INFO | train | In dataset valid: Loss is [0.1489 0.1489 0.0000]
2024-11-08 13:11:57 | INFO | train | task-0		Acc is 0.9780, F1 is 0.9780
2024-11-08 13:11:57 | INFO | train | task-0		F1-macro is 0.9810, F1-micro is 0.9780
2024-11-08 13:11:57 | INFO | train | task-0		Pre is 0.9780, Rec is 0.9780
2024-11-08 13:11:57 | INFO | train | task-0		C_M is 
[[ 444    0    0    0]
 [   0 1030    0   76]
 [   0    0 1233    0]
 [   0   12    0 1205]]
2024-11-08 13:12:34 | INFO | train | In dataset test: Loss is [0.1273 0.1273 0.0000]
2024-11-08 13:12:34 | INFO | train | task-0		Acc is 0.9840, F1 is 0.9840
2024-11-08 13:12:34 | INFO | train | task-0		F1-macro is 0.9861, F1-micro is 0.9840
2024-11-08 13:12:34 | INFO | train | task-0		Pre is 0.9840, Rec is 0.9840
2024-11-08 13:12:34 | INFO | train | task-0		C_M is 
[[ 475    0    0    0]
 [   0 1035    0   57]
 [   0    0 1209    0]
 [   0    7    0 1217]]
2024-11-08 13:12:34 | INFO | train | The best f1_macro util now is 0.9965, at step 176
2024-11-08 13:12:34 | INFO | train | The best f1_micro util now is 0.9960, at step 176
2024-11-08 13:13:19 | INFO | train | ----------------------------------------------------------------------------------
2024-11-08 13:13:19 | INFO | train | Time of iter training 44.77 s
2024-11-08 13:13:19 | INFO | train | On iter step 185:, global step 47361 Loss-step [0.1199 0.1199 0.0000]
2024-11-08 13:13:56 | INFO | train | In dataset train: Loss is [0.0969 0.0969 0.0000]
2024-11-08 13:13:56 | INFO | train | task-0		Acc is 0.9890, F1 is 0.9890
2024-11-08 13:13:56 | INFO | train | task-0		F1-macro is 0.9905, F1-micro is 0.9890
2024-11-08 13:13:56 | INFO | train | task-0		Pre is 0.9890, Rec is 0.9890
2024-11-08 13:13:56 | INFO | train | task-0		C_M is 
[[ 452    0    0    0]
 [   0 1147    0    5]
 [   0    0 1229    0]
 [   0   39    0 1128]]
2024-11-08 13:14:33 | INFO | train | In dataset valid: Loss is [0.1152 0.1152 0.0000]
2024-11-08 13:14:33 | INFO | train | task-0		Acc is 0.9855, F1 is 0.9855
2024-11-08 13:14:33 | INFO | train | task-0		F1-macro is 0.9875, F1-micro is 0.9855
2024-11-08 13:14:33 | INFO | train | task-0		Pre is 0.9855, Rec is 0.9855
2024-11-08 13:14:33 | INFO | train | task-0		C_M is 
[[ 444    0    0    0]
 [   0 1097    0    9]
 [   0    0 1233    0]
 [   0   49    0 1168]]
2024-11-08 13:15:10 | INFO | train | In dataset test: Loss is [0.0928 0.0928 0.0000]
2024-11-08 13:15:10 | INFO | train | task-0		Acc is 0.9905, F1 is 0.9905
2024-11-08 13:15:10 | INFO | train | task-0		F1-macro is 0.9918, F1-micro is 0.9905
2024-11-08 13:15:10 | INFO | train | task-0		Pre is 0.9905, Rec is 0.9905
2024-11-08 13:15:10 | INFO | train | task-0		C_M is 
[[ 475    0    0    0]
 [   0 1088    0    4]
 [   0    0 1209    0]
 [   0   34    0 1190]]
2024-11-08 13:15:10 | INFO | train | The best f1_macro util now is 0.9965, at step 176
2024-11-08 13:15:10 | INFO | train | The best f1_micro util now is 0.9960, at step 176
2024-11-08 13:15:55 | INFO | train | ----------------------------------------------------------------------------------
2024-11-08 13:15:55 | INFO | train | Time of iter training 44.64 s
2024-11-08 13:15:55 | INFO | train | On iter step 186:, global step 47617 Loss-step [0.1040 0.1040 0.0000]
2024-11-08 13:16:32 | INFO | train | In dataset train: Loss is [0.0860 0.0860 0.0000]
2024-11-08 13:16:32 | INFO | train | task-0		Acc is 0.9900, F1 is 0.9900
2024-11-08 13:16:32 | INFO | train | task-0		F1-macro is 0.9914, F1-micro is 0.9900
2024-11-08 13:16:32 | INFO | train | task-0		Pre is 0.9900, Rec is 0.9900
2024-11-08 13:16:32 | INFO | train | task-0		C_M is 
[[ 452    0    0    0]
 [   0 1132    0   20]
 [   0    0 1229    0]
 [   0   20    0 1147]]
2024-11-08 13:17:09 | INFO | train | In dataset valid: Loss is [0.0992 0.0992 0.0000]
2024-11-08 13:17:09 | INFO | train | task-0		Acc is 0.9900, F1 is 0.9900
2024-11-08 13:17:09 | INFO | train | task-0		F1-macro is 0.9914, F1-micro is 0.9900
2024-11-08 13:17:09 | INFO | train | task-0		Pre is 0.9900, Rec is 0.9900
2024-11-08 13:17:09 | INFO | train | task-0		C_M is 
[[ 444    0    0    0]
 [   0 1092    0   14]
 [   0    0 1233    0]
 [   0   26    0 1191]]
2024-11-08 13:17:46 | INFO | train | In dataset test: Loss is [0.0797 0.0797 0.0000]
2024-11-08 13:17:46 | INFO | train | task-0		Acc is 0.9910, F1 is 0.9910
2024-11-08 13:17:46 | INFO | train | task-0		F1-macro is 0.9922, F1-micro is 0.9910
2024-11-08 13:17:46 | INFO | train | task-0		Pre is 0.9910, Rec is 0.9910
2024-11-08 13:17:46 | INFO | train | task-0		C_M is 
[[ 475    0    0    0]
 [   0 1074    0   18]
 [   0    0 1209    0]
 [   0   18    0 1206]]
2024-11-08 13:17:46 | INFO | train | The best f1_macro util now is 0.9965, at step 176
2024-11-08 13:17:46 | INFO | train | The best f1_micro util now is 0.9960, at step 176
2024-11-08 13:18:31 | INFO | train | ----------------------------------------------------------------------------------
2024-11-08 13:18:31 | INFO | train | Time of iter training 44.49 s
2024-11-08 13:18:31 | INFO | train | On iter step 187:, global step 47873 Loss-step [0.1025 0.1025 0.0000]
2024-11-08 13:19:08 | INFO | train | In dataset train: Loss is [0.0802 0.0802 0.0000]
2024-11-08 13:19:08 | INFO | train | task-0		Acc is 0.9918, F1 is 0.9918
2024-11-08 13:19:08 | INFO | train | task-0		F1-macro is 0.9929, F1-micro is 0.9918
2024-11-08 13:19:08 | INFO | train | task-0		Pre is 0.9918, Rec is 0.9918
2024-11-08 13:19:08 | INFO | train | task-0		C_M is 
[[ 452    0    0    0]
 [   0 1136    0   16]
 [   0    0 1229    0]
 [   0   17    0 1150]]
2024-11-08 13:19:45 | INFO | train | In dataset valid: Loss is [0.0929 0.0929 0.0000]
2024-11-08 13:19:45 | INFO | train | task-0		Acc is 0.9912, F1 is 0.9912
2024-11-08 13:19:45 | INFO | train | task-0		F1-macro is 0.9924, F1-micro is 0.9912
2024-11-08 13:19:45 | INFO | train | task-0		Pre is 0.9912, Rec is 0.9912
2024-11-08 13:19:45 | INFO | train | task-0		C_M is 
[[ 444    0    0    0]
 [   0 1088    0   18]
 [   0    0 1233    0]
 [   0   17    0 1200]]
2024-11-08 13:20:22 | INFO | train | In dataset test: Loss is [0.0776 0.0776 0.0000]
2024-11-08 13:20:22 | INFO | train | task-0		Acc is 0.9928, F1 is 0.9928
2024-11-08 13:20:22 | INFO | train | task-0		F1-macro is 0.9937, F1-micro is 0.9928
2024-11-08 13:20:22 | INFO | train | task-0		Pre is 0.9928, Rec is 0.9928
2024-11-08 13:20:22 | INFO | train | task-0		C_M is 
[[ 475    0    0    0]
 [   0 1075    0   17]
 [   0    0 1209    0]
 [   0   12    0 1212]]
2024-11-08 13:20:22 | INFO | train | The best f1_macro util now is 0.9965, at step 176
2024-11-08 13:20:22 | INFO | train | The best f1_micro util now is 0.9960, at step 176
2024-11-08 13:21:07 | INFO | train | ----------------------------------------------------------------------------------
2024-11-08 13:21:07 | INFO | train | Time of iter training 44.34 s
2024-11-08 13:21:07 | INFO | train | On iter step 188:, global step 48129 Loss-step [0.0857 0.0857 0.0000]
2024-11-08 13:21:43 | INFO | train | In dataset train: Loss is [0.0675 0.0675 0.0000]
2024-11-08 13:21:43 | INFO | train | task-0		Acc is 0.9932, F1 is 0.9932
2024-11-08 13:21:43 | INFO | train | task-0		F1-macro is 0.9942, F1-micro is 0.9932
2024-11-08 13:21:43 | INFO | train | task-0		Pre is 0.9932, Rec is 0.9932
2024-11-08 13:21:43 | INFO | train | task-0		C_M is 
[[ 452    0    0    0]
 [   0 1145    0    7]
 [   0    0 1229    0]
 [   0   20    0 1147]]
2024-11-08 13:22:21 | INFO | train | In dataset valid: Loss is [0.0912 0.0912 0.0000]
2024-11-08 13:22:21 | INFO | train | task-0		Acc is 0.9912, F1 is 0.9912
2024-11-08 13:22:21 | INFO | train | task-0		F1-macro is 0.9925, F1-micro is 0.9912
2024-11-08 13:22:21 | INFO | train | task-0		Pre is 0.9912, Rec is 0.9912
2024-11-08 13:22:21 | INFO | train | task-0		C_M is 
[[ 444    0    0    0]
 [   0 1094    0   12]
 [   0    0 1233    0]
 [   0   23    0 1194]]
2024-11-08 13:22:58 | INFO | train | In dataset test: Loss is [0.0864 0.0864 0.0000]
2024-11-08 13:22:58 | INFO | train | task-0		Acc is 0.9948, F1 is 0.9948
2024-11-08 13:22:58 | INFO | train | task-0		F1-macro is 0.9955, F1-micro is 0.9948
2024-11-08 13:22:58 | INFO | train | task-0		Pre is 0.9948, Rec is 0.9948
2024-11-08 13:22:58 | INFO | train | task-0		C_M is 
[[ 475    0    0    0]
 [   0 1087    0    5]
 [   0    0 1209    0]
 [   0   16    0 1208]]
2024-11-08 13:22:58 | INFO | train | The best f1_macro util now is 0.9965, at step 176
2024-11-08 13:22:58 | INFO | train | The best f1_micro util now is 0.9960, at step 176
2024-11-08 13:23:42 | INFO | train | ----------------------------------------------------------------------------------
2024-11-08 13:23:42 | INFO | train | Time of iter training 44.45 s
2024-11-08 13:23:42 | INFO | train | On iter step 189:, global step 48385 Loss-step [0.0857 0.0857 0.0000]
2024-11-08 13:24:19 | INFO | train | In dataset train: Loss is [0.0752 0.0752 0.0000]
2024-11-08 13:24:19 | INFO | train | task-0		Acc is 0.9920, F1 is 0.9920
2024-11-08 13:24:19 | INFO | train | task-0		F1-macro is 0.9931, F1-micro is 0.9920
2024-11-08 13:24:19 | INFO | train | task-0		Pre is 0.9920, Rec is 0.9920
2024-11-08 13:24:19 | INFO | train | task-0		C_M is 
[[ 452    0    0    0]
 [   0 1135    0   17]
 [   0    0 1229    0]
 [   0   15    0 1152]]
2024-11-08 13:24:57 | INFO | train | In dataset valid: Loss is [0.0967 0.0967 0.0000]
2024-11-08 13:24:57 | INFO | train | task-0		Acc is 0.9920, F1 is 0.9920
2024-11-08 13:24:57 | INFO | train | task-0		F1-macro is 0.9931, F1-micro is 0.9920
2024-11-08 13:24:57 | INFO | train | task-0		Pre is 0.9920, Rec is 0.9920
2024-11-08 13:24:57 | INFO | train | task-0		C_M is 
[[ 444    0    0    0]
 [   0 1088    0   18]
 [   0    0 1233    0]
 [   0   14    0 1203]]
2024-11-08 13:25:34 | INFO | train | In dataset test: Loss is [0.0857 0.0857 0.0000]
2024-11-08 13:25:34 | INFO | train | task-0		Acc is 0.9940, F1 is 0.9940
2024-11-08 13:25:34 | INFO | train | task-0		F1-macro is 0.9948, F1-micro is 0.9940
2024-11-08 13:25:34 | INFO | train | task-0		Pre is 0.9940, Rec is 0.9940
2024-11-08 13:25:34 | INFO | train | task-0		C_M is 
[[ 475    0    0    0]
 [   0 1081    0   11]
 [   0    0 1209    0]
 [   0   13    0 1211]]
2024-11-08 13:25:37 | INFO | train | The best f1_macro util now is 0.9948, at step 189
2024-11-08 13:25:41 | INFO | train | The best f1_micro util now is 0.9940, at step 189
2024-11-08 13:26:26 | INFO | train | ----------------------------------------------------------------------------------
2024-11-08 13:26:26 | INFO | train | Time of iter training 44.74 s
2024-11-08 13:26:26 | INFO | train | On iter step 190:, global step 48641 Loss-step [0.0860 0.0860 0.0000]
2024-11-08 13:27:03 | INFO | train | In dataset train: Loss is [0.0784 0.0784 0.0000]
2024-11-08 13:27:03 | INFO | train | task-0		Acc is 0.9908, F1 is 0.9908
2024-11-08 13:27:03 | INFO | train | task-0		F1-macro is 0.9920, F1-micro is 0.9908
2024-11-08 13:27:03 | INFO | train | task-0		Pre is 0.9908, Rec is 0.9908
2024-11-08 13:27:03 | INFO | train | task-0		C_M is 
[[ 452    0    0    0]
 [   0 1127    0   25]
 [   0    0 1229    0]
 [   0   12    0 1155]]
2024-11-08 13:27:40 | INFO | train | In dataset valid: Loss is [0.1045 0.1045 0.0000]
2024-11-08 13:27:40 | INFO | train | task-0		Acc is 0.9912, F1 is 0.9912
2024-11-08 13:27:40 | INFO | train | task-0		F1-macro is 0.9924, F1-micro is 0.9912
2024-11-08 13:27:40 | INFO | train | task-0		Pre is 0.9912, Rec is 0.9912
2024-11-08 13:27:40 | INFO | train | task-0		C_M is 
[[ 444    0    0    0]
 [   0 1086    0   20]
 [   0    0 1233    0]
 [   0   15    0 1202]]
2024-11-08 13:28:17 | INFO | train | In dataset test: Loss is [0.1017 0.1017 0.0000]
2024-11-08 13:28:17 | INFO | train | task-0		Acc is 0.9928, F1 is 0.9928
2024-11-08 13:28:17 | INFO | train | task-0		F1-macro is 0.9937, F1-micro is 0.9928
2024-11-08 13:28:17 | INFO | train | task-0		Pre is 0.9928, Rec is 0.9928
2024-11-08 13:28:17 | INFO | train | task-0		C_M is 
[[ 475    0    0    0]
 [   0 1076    0   16]
 [   0    0 1209    0]
 [   0   13    0 1211]]
2024-11-08 13:28:17 | INFO | train | The best f1_macro util now is 0.9948, at step 189
2024-11-08 13:28:17 | INFO | train | The best f1_micro util now is 0.9940, at step 189
2024-11-08 13:29:02 | INFO | train | ----------------------------------------------------------------------------------
2024-11-08 13:29:02 | INFO | train | Time of iter training 44.78 s
2024-11-08 13:29:02 | INFO | train | On iter step 191:, global step 48897 Loss-step [0.0765 0.0765 0.0000]
2024-11-08 13:29:39 | INFO | train | In dataset train: Loss is [0.0719 0.0719 0.0000]
2024-11-08 13:29:39 | INFO | train | task-0		Acc is 0.9940, F1 is 0.9940
2024-11-08 13:29:39 | INFO | train | task-0		F1-macro is 0.9948, F1-micro is 0.9940
2024-11-08 13:29:39 | INFO | train | task-0		Pre is 0.9940, Rec is 0.9940
2024-11-08 13:29:39 | INFO | train | task-0		C_M is 
[[ 452    0    0    0]
 [   0 1150    0    2]
 [   0    0 1229    0]
 [   0   22    0 1145]]
2024-11-08 13:30:16 | INFO | train | In dataset valid: Loss is [0.0959 0.0959 0.0000]
2024-11-08 13:30:16 | INFO | train | task-0		Acc is 0.9910, F1 is 0.9910
2024-11-08 13:30:16 | INFO | train | task-0		F1-macro is 0.9922, F1-micro is 0.9910
2024-11-08 13:30:16 | INFO | train | task-0		Pre is 0.9910, Rec is 0.9910
2024-11-08 13:30:16 | INFO | train | task-0		C_M is 
[[ 444    0    0    0]
 [   0 1097    0    9]
 [   0    0 1233    0]
 [   0   27    0 1190]]
2024-11-08 13:30:53 | INFO | train | In dataset test: Loss is [0.0953 0.0953 0.0000]
2024-11-08 13:30:53 | INFO | train | task-0		Acc is 0.9945, F1 is 0.9945
2024-11-08 13:30:53 | INFO | train | task-0		F1-macro is 0.9952, F1-micro is 0.9945
2024-11-08 13:30:53 | INFO | train | task-0		Pre is 0.9945, Rec is 0.9945
2024-11-08 13:30:53 | INFO | train | task-0		C_M is 
[[ 475    0    0    0]
 [   0 1090    0    2]
 [   0    0 1209    0]
 [   0   20    0 1204]]
2024-11-08 13:30:53 | INFO | train | The best f1_macro util now is 0.9948, at step 189
2024-11-08 13:30:53 | INFO | train | The best f1_micro util now is 0.9940, at step 189
2024-11-08 13:31:38 | INFO | train | ----------------------------------------------------------------------------------
2024-11-08 13:31:38 | INFO | train | Time of iter training 44.76 s
2024-11-08 13:31:38 | INFO | train | On iter step 192:, global step 49153 Loss-step [0.0881 0.0881 0.0000]
2024-11-08 13:32:15 | INFO | train | In dataset train: Loss is [0.0662 0.0662 0.0000]
2024-11-08 13:32:15 | INFO | train | task-0		Acc is 0.9948, F1 is 0.9948
2024-11-08 13:32:15 | INFO | train | task-0		F1-macro is 0.9955, F1-micro is 0.9948
2024-11-08 13:32:15 | INFO | train | task-0		Pre is 0.9948, Rec is 0.9948
2024-11-08 13:32:15 | INFO | train | task-0		C_M is 
[[ 452    0    0    0]
 [   0 1149    0    3]
 [   0    0 1229    0]
 [   0   18    0 1149]]
2024-11-08 13:32:52 | INFO | train | In dataset valid: Loss is [0.0852 0.0852 0.0000]
2024-11-08 13:32:52 | INFO | train | task-0		Acc is 0.9915, F1 is 0.9915
2024-11-08 13:32:52 | INFO | train | task-0		F1-macro is 0.9927, F1-micro is 0.9915
2024-11-08 13:32:52 | INFO | train | task-0		Pre is 0.9915, Rec is 0.9915
2024-11-08 13:32:52 | INFO | train | task-0		C_M is 
[[ 444    0    0    0]
 [   0 1097    0    9]
 [   0    0 1233    0]
 [   0   25    0 1192]]
2024-11-08 13:33:29 | INFO | train | In dataset test: Loss is [0.0846 0.0846 0.0000]
2024-11-08 13:33:29 | INFO | train | task-0		Acc is 0.9955, F1 is 0.9955
2024-11-08 13:33:29 | INFO | train | task-0		F1-macro is 0.9961, F1-micro is 0.9955
2024-11-08 13:33:29 | INFO | train | task-0		Pre is 0.9955, Rec is 0.9955
2024-11-08 13:33:29 | INFO | train | task-0		C_M is 
[[ 475    0    0    0]
 [   0 1090    0    2]
 [   0    0 1209    0]
 [   0   16    0 1208]]
2024-11-08 13:33:29 | INFO | train | The best f1_macro util now is 0.9948, at step 189
2024-11-08 13:33:29 | INFO | train | The best f1_micro util now is 0.9940, at step 189
2024-11-08 13:33:48 | INFO | deepnet.data.dataset_text | Read next training chunk, data size is 6666
2024-11-08 13:34:14 | INFO | train | ----------------------------------------------------------------------------------
2024-11-08 13:34:14 | INFO | train | Time of iter training 45.01 s
2024-11-08 13:34:14 | INFO | train | On iter step 193:, global step 49409 Loss-step [0.0596 0.0596 0.0000]
2024-11-08 13:34:51 | INFO | train | In dataset train: Loss is [0.0697 0.0697 0.0000]
2024-11-08 13:34:51 | INFO | train | task-0		Acc is 0.9945, F1 is 0.9945
2024-11-08 13:34:51 | INFO | train | task-0		F1-macro is 0.9953, F1-micro is 0.9945
2024-11-08 13:34:51 | INFO | train | task-0		Pre is 0.9945, Rec is 0.9945
2024-11-08 13:34:51 | INFO | train | task-0		C_M is 
[[ 452    0    0    0]
 [   0 1147    0    5]
 [   0    0 1229    0]
 [   0   17    0 1150]]
2024-11-08 13:35:28 | INFO | train | In dataset valid: Loss is [0.1101 0.1101 0.0000]
2024-11-08 13:35:28 | INFO | train | task-0		Acc is 0.9920, F1 is 0.9920
2024-11-08 13:35:28 | INFO | train | task-0		F1-macro is 0.9931, F1-micro is 0.9920
2024-11-08 13:35:28 | INFO | train | task-0		Pre is 0.9920, Rec is 0.9920
2024-11-08 13:35:28 | INFO | train | task-0		C_M is 
[[ 444    0    0    0]
 [   0 1093    0   13]
 [   0    0 1233    0]
 [   0   19    0 1198]]
2024-11-08 13:36:06 | INFO | train | In dataset test: Loss is [0.0881 0.0881 0.0000]
2024-11-08 13:36:06 | INFO | train | task-0		Acc is 0.9952, F1 is 0.9952
2024-11-08 13:36:06 | INFO | train | task-0		F1-macro is 0.9959, F1-micro is 0.9952
2024-11-08 13:36:06 | INFO | train | task-0		Pre is 0.9952, Rec is 0.9952
2024-11-08 13:36:06 | INFO | train | task-0		C_M is 
[[ 475    0    0    0]
 [   0 1086    0    6]
 [   0    0 1209    0]
 [   0   13    0 1211]]
2024-11-08 13:36:09 | INFO | train | The best f1_macro util now is 0.9959, at step 193
2024-11-08 13:36:09 | INFO | train | The best f1_micro util now is 0.9940, at step 189
2024-11-08 13:36:53 | INFO | train | ----------------------------------------------------------------------------------
2024-11-08 13:36:53 | INFO | train | Time of iter training 44.06 s
2024-11-08 13:36:53 | INFO | train | On iter step 194:, global step 49665 Loss-step [0.1064 0.1064 0.0000]
2024-11-08 13:37:30 | INFO | train | In dataset train: Loss is [0.0797 0.0797 0.0000]
2024-11-08 13:37:30 | INFO | train | task-0		Acc is 0.9935, F1 is 0.9935
2024-11-08 13:37:30 | INFO | train | task-0		F1-macro is 0.9944, F1-micro is 0.9935
2024-11-08 13:37:30 | INFO | train | task-0		Pre is 0.9935, Rec is 0.9935
2024-11-08 13:37:30 | INFO | train | task-0		C_M is 
[[ 452    0    0    0]
 [   0 1142    0   10]
 [   0    0 1229    0]
 [   0   16    0 1151]]
2024-11-08 13:38:07 | INFO | train | In dataset valid: Loss is [0.0903 0.0903 0.0000]
2024-11-08 13:38:07 | INFO | train | task-0		Acc is 0.9932, F1 is 0.9932
2024-11-08 13:38:07 | INFO | train | task-0		F1-macro is 0.9942, F1-micro is 0.9932
2024-11-08 13:38:07 | INFO | train | task-0		Pre is 0.9932, Rec is 0.9932
2024-11-08 13:38:07 | INFO | train | task-0		C_M is 
[[ 444    0    0    0]
 [   0 1094    0   12]
 [   0    0 1233    0]
 [   0   15    0 1202]]
2024-11-08 13:38:45 | INFO | train | In dataset test: Loss is [0.0713 0.0713 0.0000]
2024-11-08 13:38:45 | INFO | train | task-0		Acc is 0.9938, F1 is 0.9938
2024-11-08 13:38:45 | INFO | train | task-0		F1-macro is 0.9946, F1-micro is 0.9938
2024-11-08 13:38:45 | INFO | train | task-0		Pre is 0.9938, Rec is 0.9938
2024-11-08 13:38:45 | INFO | train | task-0		C_M is 
[[ 475    0    0    0]
 [   0 1078    0   14]
 [   0    0 1209    0]
 [   0   11    0 1213]]
2024-11-08 13:38:48 | INFO | train | The best f1_macro util now is 0.9946, at step 194
2024-11-08 13:38:51 | INFO | train | The best f1_micro util now is 0.9938, at step 194
2024-11-08 13:39:36 | INFO | train | ----------------------------------------------------------------------------------
2024-11-08 13:39:36 | INFO | train | Time of iter training 44.21 s
2024-11-08 13:39:36 | INFO | train | On iter step 195:, global step 49921 Loss-step [0.1002 0.1002 0.0000]
2024-11-08 13:40:13 | INFO | train | In dataset train: Loss is [0.0768 0.0768 0.0000]
2024-11-08 13:40:13 | INFO | train | task-0		Acc is 0.9935, F1 is 0.9935
2024-11-08 13:40:13 | INFO | train | task-0		F1-macro is 0.9944, F1-micro is 0.9935
2024-11-08 13:40:13 | INFO | train | task-0		Pre is 0.9935, Rec is 0.9935
2024-11-08 13:40:13 | INFO | train | task-0		C_M is 
[[ 452    0    0    0]
 [   0 1137    0   15]
 [   0    0 1229    0]
 [   0   11    0 1156]]
2024-11-08 13:40:50 | INFO | train | In dataset valid: Loss is [0.0835 0.0835 0.0000]
2024-11-08 13:40:50 | INFO | train | task-0		Acc is 0.9912, F1 is 0.9912
2024-11-08 13:40:50 | INFO | train | task-0		F1-macro is 0.9924, F1-micro is 0.9912
2024-11-08 13:40:50 | INFO | train | task-0		Pre is 0.9912, Rec is 0.9912
2024-11-08 13:40:50 | INFO | train | task-0		C_M is 
[[ 444    0    0    0]
 [   0 1086    0   20]
 [   0    0 1233    0]
 [   0   15    0 1202]]
2024-11-08 13:41:27 | INFO | train | In dataset test: Loss is [0.0661 0.0661 0.0000]
2024-11-08 13:41:27 | INFO | train | task-0		Acc is 0.9930, F1 is 0.9930
2024-11-08 13:41:27 | INFO | train | task-0		F1-macro is 0.9939, F1-micro is 0.9930
2024-11-08 13:41:27 | INFO | train | task-0		Pre is 0.9930, Rec is 0.9930
2024-11-08 13:41:27 | INFO | train | task-0		C_M is 
[[ 475    0    0    0]
 [   0 1074    0   18]
 [   0    0 1209    0]
 [   0   10    0 1214]]
2024-11-08 13:41:27 | INFO | train | The best f1_macro util now is 0.9946, at step 194
2024-11-08 13:41:27 | INFO | train | The best f1_micro util now is 0.9938, at step 194
2024-11-08 13:41:57 | INFO | deepnet.data.dataset_text | The count of reading file ./data/tinghua/train.txt is 6.
2024-11-08 13:41:59 | INFO | deepnet.data.dataset_text | Read next training chunk, data size is 73466
2024-11-08 13:42:14 | INFO | train | ----------------------------------------------------------------------------------
2024-11-08 13:42:14 | INFO | train | Time of iter training 46.67 s
2024-11-08 13:42:14 | INFO | train | On iter step 196:, global step 50177 Loss-step [0.0792 0.0792 0.0000]
2024-11-08 13:42:51 | INFO | train | In dataset train: Loss is [0.0750 0.0750 0.0000]
2024-11-08 13:42:51 | INFO | train | task-0		Acc is 0.9935, F1 is 0.9935
2024-11-08 13:42:51 | INFO | train | task-0		F1-macro is 0.9944, F1-micro is 0.9935
2024-11-08 13:42:51 | INFO | train | task-0		Pre is 0.9935, Rec is 0.9935
2024-11-08 13:42:51 | INFO | train | task-0		C_M is 
[[ 452    0    0    0]
 [   0 1137    0   15]
 [   0    0 1229    0]
 [   0   11    0 1156]]
2024-11-08 13:43:28 | INFO | train | In dataset valid: Loss is [0.0949 0.0949 0.0000]
2024-11-08 13:43:28 | INFO | train | task-0		Acc is 0.9912, F1 is 0.9912
2024-11-08 13:43:28 | INFO | train | task-0		F1-macro is 0.9924, F1-micro is 0.9912
2024-11-08 13:43:28 | INFO | train | task-0		Pre is 0.9912, Rec is 0.9912
2024-11-08 13:43:28 | INFO | train | task-0		C_M is 
[[ 444    0    0    0]
 [   0 1084    0   22]
 [   0    0 1233    0]
 [   0   13    0 1204]]
2024-11-08 13:44:06 | INFO | train | In dataset test: Loss is [0.0601 0.0601 0.0000]
2024-11-08 13:44:06 | INFO | train | task-0		Acc is 0.9940, F1 is 0.9940
2024-11-08 13:44:06 | INFO | train | task-0		F1-macro is 0.9948, F1-micro is 0.9940
2024-11-08 13:44:06 | INFO | train | task-0		Pre is 0.9940, Rec is 0.9940
2024-11-08 13:44:06 | INFO | train | task-0		C_M is 
[[ 475    0    0    0]
 [   0 1077    0   15]
 [   0    0 1209    0]
 [   0    9    0 1215]]
2024-11-08 13:44:06 | INFO | train | The best f1_macro util now is 0.9946, at step 194
2024-11-08 13:44:06 | INFO | train | The best f1_micro util now is 0.9938, at step 194
2024-11-08 13:44:50 | INFO | train | ----------------------------------------------------------------------------------
2024-11-08 13:44:50 | INFO | train | Time of iter training 44.19 s
2024-11-08 13:44:50 | INFO | train | On iter step 197:, global step 50433 Loss-step [0.0578 0.0578 0.0000]
2024-11-08 13:45:27 | INFO | train | In dataset train: Loss is [0.0725 0.0725 0.0000]
2024-11-08 13:45:27 | INFO | train | task-0		Acc is 0.9942, F1 is 0.9942
2024-11-08 13:45:27 | INFO | train | task-0		F1-macro is 0.9950, F1-micro is 0.9942
2024-11-08 13:45:27 | INFO | train | task-0		Pre is 0.9942, Rec is 0.9942
2024-11-08 13:45:27 | INFO | train | task-0		C_M is 
[[ 452    0    0    0]
 [   0 1148    0    4]
 [   0    0 1229    0]
 [   0   19    0 1148]]
2024-11-08 13:46:04 | INFO | train | In dataset valid: Loss is [0.0745 0.0745 0.0000]
2024-11-08 13:46:04 | INFO | train | task-0		Acc is 0.9932, F1 is 0.9932
2024-11-08 13:46:04 | INFO | train | task-0		F1-macro is 0.9942, F1-micro is 0.9932
2024-11-08 13:46:04 | INFO | train | task-0		Pre is 0.9932, Rec is 0.9932
2024-11-08 13:46:04 | INFO | train | task-0		C_M is 
[[ 444    0    0    0]
 [   0 1100    0    6]
 [   0    0 1233    0]
 [   0   21    0 1196]]
2024-11-08 13:46:41 | INFO | train | In dataset test: Loss is [0.0438 0.0438 0.0000]
2024-11-08 13:46:41 | INFO | train | task-0		Acc is 0.9962, F1 is 0.9962
2024-11-08 13:46:41 | INFO | train | task-0		F1-macro is 0.9968, F1-micro is 0.9962
2024-11-08 13:46:41 | INFO | train | task-0		Pre is 0.9962, Rec is 0.9962
2024-11-08 13:46:41 | INFO | train | task-0		C_M is 
[[ 475    0    0    0]
 [   0 1091    0    1]
 [   0    0 1209    0]
 [   0   14    0 1210]]
2024-11-08 13:46:44 | INFO | train | The best f1_macro util now is 0.9968, at step 197
2024-11-08 13:46:44 | INFO | train | The best f1_micro util now is 0.9938, at step 194
2024-11-08 13:47:28 | INFO | train | ----------------------------------------------------------------------------------
2024-11-08 13:47:28 | INFO | train | Time of iter training 44.17 s
2024-11-08 13:47:28 | INFO | train | On iter step 198:, global step 50689 Loss-step [0.1083 0.1083 0.0000]
2024-11-08 13:48:05 | INFO | train | In dataset train: Loss is [0.0959 0.0959 0.0000]
2024-11-08 13:48:05 | INFO | train | task-0		Acc is 0.9928, F1 is 0.9928
2024-11-08 13:48:05 | INFO | train | task-0		F1-macro is 0.9937, F1-micro is 0.9928
2024-11-08 13:48:05 | INFO | train | task-0		Pre is 0.9928, Rec is 0.9928
2024-11-08 13:48:05 | INFO | train | task-0		C_M is 
[[ 452    0    0    0]
 [   0 1133    0   19]
 [   0    0 1229    0]
 [   0   10    0 1157]]
2024-11-08 13:48:42 | INFO | train | In dataset valid: Loss is [0.1089 0.1089 0.0000]
2024-11-08 13:48:42 | INFO | train | task-0		Acc is 0.9898, F1 is 0.9898
2024-11-08 13:48:42 | INFO | train | task-0		F1-macro is 0.9911, F1-micro is 0.9898
2024-11-08 13:48:42 | INFO | train | task-0		Pre is 0.9898, Rec is 0.9898
2024-11-08 13:48:42 | INFO | train | task-0		C_M is 
[[ 444    0    0    0]
 [   0 1076    0   30]
 [   0    0 1233    0]
 [   0   11    0 1206]]
2024-11-08 13:49:19 | INFO | train | In dataset test: Loss is [0.0778 0.0778 0.0000]
2024-11-08 13:49:19 | INFO | train | task-0		Acc is 0.9940, F1 is 0.9940
2024-11-08 13:49:19 | INFO | train | task-0		F1-macro is 0.9948, F1-micro is 0.9940
2024-11-08 13:49:19 | INFO | train | task-0		Pre is 0.9940, Rec is 0.9940
2024-11-08 13:49:19 | INFO | train | task-0		C_M is 
[[ 475    0    0    0]
 [   0 1076    0   16]
 [   0    0 1209    0]
 [   0    8    0 1216]]
2024-11-08 13:49:19 | INFO | train | The best f1_macro util now is 0.9968, at step 197
2024-11-08 13:49:19 | INFO | train | The best f1_micro util now is 0.9938, at step 194
2024-11-08 13:50:16 | INFO | train | ----------------------------------------------------------------------------------
2024-11-08 13:50:16 | INFO | train | Time of iter training 56.92 s
2024-11-08 13:50:16 | INFO | train | On iter step 199:, global step 50945 Loss-step [0.0825 0.0825 0.0000]
2024-11-08 13:50:53 | INFO | train | In dataset train: Loss is [0.0838 0.0838 0.0000]
2024-11-08 13:50:53 | INFO | train | task-0		Acc is 0.9920, F1 is 0.9920
2024-11-08 13:50:53 | INFO | train | task-0		F1-macro is 0.9931, F1-micro is 0.9920
2024-11-08 13:50:53 | INFO | train | task-0		Pre is 0.9920, Rec is 0.9920
2024-11-08 13:50:53 | INFO | train | task-0		C_M is 
[[ 452    0    0    0]
 [   0 1150    0    2]
 [   0    0 1229    0]
 [   0   30    0 1137]]
2024-11-08 13:51:30 | INFO | train | In dataset valid: Loss is [0.0857 0.0857 0.0000]
2024-11-08 13:51:30 | INFO | train | task-0		Acc is 0.9912, F1 is 0.9912
2024-11-08 13:51:30 | INFO | train | task-0		F1-macro is 0.9925, F1-micro is 0.9912
2024-11-08 13:51:30 | INFO | train | task-0		Pre is 0.9912, Rec is 0.9912
2024-11-08 13:51:30 | INFO | train | task-0		C_M is 
[[ 444    0    0    0]
 [   0 1104    0    2]
 [   0    0 1233    0]
 [   0   33    0 1184]]
2024-11-08 13:52:08 | INFO | train | In dataset test: Loss is [0.0784 0.0784 0.0000]
2024-11-08 13:52:08 | INFO | train | task-0		Acc is 0.9930, F1 is 0.9930
2024-11-08 13:52:08 | INFO | train | task-0		F1-macro is 0.9939, F1-micro is 0.9930
2024-11-08 13:52:08 | INFO | train | task-0		Pre is 0.9930, Rec is 0.9930
2024-11-08 13:52:08 | INFO | train | task-0		C_M is 
[[ 475    0    0    0]
 [   0 1089    0    3]
 [   0    0 1209    0]
 [   0   25    0 1199]]
2024-11-08 13:52:08 | INFO | train | The best f1_macro util now is 0.9968, at step 197
2024-11-08 13:52:08 | INFO | train | The best f1_micro util now is 0.9938, at step 194
2024-11-08 13:52:52 | INFO | train | ----------------------------------------------------------------------------------
2024-11-08 13:52:52 | INFO | train | Time of iter training 44.13 s
2024-11-08 13:52:52 | INFO | train | On iter step 200:, global step 51201 Loss-step [0.0856 0.0856 0.0000]
2024-11-08 13:53:29 | INFO | train | In dataset train: Loss is [0.1795 0.1795 0.0000]
2024-11-08 13:53:29 | INFO | train | task-0		Acc is 0.9850, F1 is 0.9850
2024-11-08 13:53:29 | INFO | train | task-0		F1-macro is 0.9871, F1-micro is 0.9850
2024-11-08 13:53:29 | INFO | train | task-0		Pre is 0.9850, Rec is 0.9850
2024-11-08 13:53:29 | INFO | train | task-0		C_M is 
[[ 452    0    0    0]
 [   0 1099    0   53]
 [   0    0 1229    0]
 [   0    7    0 1160]]
2024-11-08 13:54:06 | INFO | train | In dataset valid: Loss is [0.1533 0.1533 0.0000]
2024-11-08 13:54:06 | INFO | train | task-0		Acc is 0.9860, F1 is 0.9860
2024-11-08 13:54:06 | INFO | train | task-0		F1-macro is 0.9879, F1-micro is 0.9860
2024-11-08 13:54:06 | INFO | train | task-0		Pre is 0.9860, Rec is 0.9860
2024-11-08 13:54:06 | INFO | train | task-0		C_M is 
[[ 444    0    0    0]
 [   0 1060    0   46]
 [   0    0 1233    0]
 [   0   10    0 1207]]
2024-11-08 13:54:43 | INFO | train | In dataset test: Loss is [0.1412 0.1412 0.0000]
2024-11-08 13:54:43 | INFO | train | task-0		Acc is 0.9888, F1 is 0.9888
2024-11-08 13:54:43 | INFO | train | task-0		F1-macro is 0.9902, F1-micro is 0.9888
2024-11-08 13:54:43 | INFO | train | task-0		Pre is 0.9888, Rec is 0.9888
2024-11-08 13:54:43 | INFO | train | task-0		C_M is 
[[ 475    0    0    0]
 [   0 1054    0   38]
 [   0    0 1209    0]
 [   0    7    0 1217]]
2024-11-08 13:54:43 | INFO | train | The best f1_macro util now is 0.9968, at step 197
2024-11-08 13:54:43 | INFO | train | The best f1_micro util now is 0.9938, at step 194
2024-11-08 13:55:27 | INFO | train | ----------------------------------------------------------------------------------
2024-11-08 13:55:27 | INFO | train | Time of iter training 44.00 s
2024-11-08 13:55:27 | INFO | train | On iter step 201:, global step 51457 Loss-step [0.1090 0.1090 0.0000]
2024-11-08 13:56:04 | INFO | train | In dataset train: Loss is [0.0767 0.0767 0.0000]
2024-11-08 13:56:04 | INFO | train | task-0		Acc is 0.9925, F1 is 0.9925
2024-11-08 13:56:04 | INFO | train | task-0		F1-macro is 0.9935, F1-micro is 0.9925
2024-11-08 13:56:04 | INFO | train | task-0		Pre is 0.9925, Rec is 0.9925
2024-11-08 13:56:04 | INFO | train | task-0		C_M is 
[[ 452    0    0    0]
 [   0 1150    0    2]
 [   0    0 1229    0]
 [   0   28    0 1139]]
2024-11-08 13:56:41 | INFO | train | In dataset valid: Loss is [0.0748 0.0748 0.0000]
2024-11-08 13:56:41 | INFO | train | task-0		Acc is 0.9905, F1 is 0.9905
2024-11-08 13:56:41 | INFO | train | task-0		F1-macro is 0.9918, F1-micro is 0.9905
2024-11-08 13:56:41 | INFO | train | task-0		Pre is 0.9905, Rec is 0.9905
2024-11-08 13:56:41 | INFO | train | task-0		C_M is 
[[ 444    0    0    0]
 [   0 1104    0    2]
 [   0    0 1233    0]
 [   0   36    0 1181]]
2024-11-08 13:57:18 | INFO | train | In dataset test: Loss is [0.0753 0.0753 0.0000]
2024-11-08 13:57:18 | INFO | train | task-0		Acc is 0.9930, F1 is 0.9930
2024-11-08 13:57:18 | INFO | train | task-0		F1-macro is 0.9939, F1-micro is 0.9930
2024-11-08 13:57:18 | INFO | train | task-0		Pre is 0.9930, Rec is 0.9930
2024-11-08 13:57:18 | INFO | train | task-0		C_M is 
[[ 475    0    0    0]
 [   0 1091    0    1]
 [   0    0 1209    0]
 [   0   27    0 1197]]
2024-11-08 13:57:18 | INFO | train | The best f1_macro util now is 0.9968, at step 197
2024-11-08 13:57:18 | INFO | train | The best f1_micro util now is 0.9938, at step 194
2024-11-08 13:58:02 | INFO | train | ----------------------------------------------------------------------------------
2024-11-08 13:58:02 | INFO | train | Time of iter training 44.15 s
2024-11-08 13:58:02 | INFO | train | On iter step 202:, global step 51713 Loss-step [0.0793 0.0793 0.0000]
2024-11-08 13:58:39 | INFO | train | In dataset train: Loss is [0.0756 0.0756 0.0000]
2024-11-08 13:58:39 | INFO | train | task-0		Acc is 0.9940, F1 is 0.9940
2024-11-08 13:58:39 | INFO | train | task-0		F1-macro is 0.9948, F1-micro is 0.9940
2024-11-08 13:58:39 | INFO | train | task-0		Pre is 0.9940, Rec is 0.9940
2024-11-08 13:58:39 | INFO | train | task-0		C_M is 
[[ 452    0    0    0]
 [   0 1144    0    8]
 [   0    0 1229    0]
 [   0   16    0 1151]]
2024-11-08 13:59:16 | INFO | train | In dataset valid: Loss is [0.0976 0.0976 0.0000]
2024-11-08 13:59:16 | INFO | train | task-0		Acc is 0.9918, F1 is 0.9918
2024-11-08 13:59:16 | INFO | train | task-0		F1-macro is 0.9929, F1-micro is 0.9918
2024-11-08 13:59:16 | INFO | train | task-0		Pre is 0.9918, Rec is 0.9918
2024-11-08 13:59:16 | INFO | train | task-0		C_M is 
[[ 444    0    0    0]
 [   0 1094    0   12]
 [   0    0 1233    0]
 [   0   21    0 1196]]
2024-11-08 13:59:53 | INFO | train | In dataset test: Loss is [0.0636 0.0636 0.0000]
2024-11-08 13:59:53 | INFO | train | task-0		Acc is 0.9952, F1 is 0.9952
2024-11-08 13:59:53 | INFO | train | task-0		F1-macro is 0.9959, F1-micro is 0.9952
2024-11-08 13:59:53 | INFO | train | task-0		Pre is 0.9952, Rec is 0.9952
2024-11-08 13:59:53 | INFO | train | task-0		C_M is 
[[ 475    0    0    0]
 [   0 1087    0    5]
 [   0    0 1209    0]
 [   0   14    0 1210]]
2024-11-08 13:59:53 | INFO | train | The best f1_macro util now is 0.9968, at step 197
2024-11-08 13:59:53 | INFO | train | The best f1_micro util now is 0.9938, at step 194
2024-11-08 14:00:37 | INFO | train | ----------------------------------------------------------------------------------
2024-11-08 14:00:37 | INFO | train | Time of iter training 43.88 s
2024-11-08 14:00:37 | INFO | train | On iter step 203:, global step 51969 Loss-step [0.0738 0.0738 0.0000]
2024-11-08 14:01:14 | INFO | train | In dataset train: Loss is [0.0749 0.0749 0.0000]
2024-11-08 14:01:14 | INFO | train | task-0		Acc is 0.9932, F1 is 0.9932
2024-11-08 14:01:14 | INFO | train | task-0		F1-macro is 0.9942, F1-micro is 0.9932
2024-11-08 14:01:14 | INFO | train | task-0		Pre is 0.9932, Rec is 0.9932
2024-11-08 14:01:14 | INFO | train | task-0		C_M is 
[[ 452    0    0    0]
 [   0 1150    0    2]
 [   0    0 1229    0]
 [   0   25    0 1142]]
2024-11-08 14:01:51 | INFO | train | In dataset valid: Loss is [0.0790 0.0790 0.0000]
2024-11-08 14:01:51 | INFO | train | task-0		Acc is 0.9912, F1 is 0.9912
2024-11-08 14:01:51 | INFO | train | task-0		F1-macro is 0.9925, F1-micro is 0.9912
2024-11-08 14:01:51 | INFO | train | task-0		Pre is 0.9912, Rec is 0.9912
2024-11-08 14:01:51 | INFO | train | task-0		C_M is 
[[ 444    0    0    0]
 [   0 1101    0    5]
 [   0    0 1233    0]
 [   0   30    0 1187]]
2024-11-08 14:02:28 | INFO | train | In dataset test: Loss is [0.0735 0.0735 0.0000]
2024-11-08 14:02:28 | INFO | train | task-0		Acc is 0.9942, F1 is 0.9942
2024-11-08 14:02:28 | INFO | train | task-0		F1-macro is 0.9950, F1-micro is 0.9942
2024-11-08 14:02:28 | INFO | train | task-0		Pre is 0.9942, Rec is 0.9942
2024-11-08 14:02:28 | INFO | train | task-0		C_M is 
[[ 475    0    0    0]
 [   0 1089    0    3]
 [   0    0 1209    0]
 [   0   20    0 1204]]
2024-11-08 14:02:28 | INFO | train | The best f1_macro util now is 0.9968, at step 197
2024-11-08 14:02:28 | INFO | train | The best f1_micro util now is 0.9938, at step 194
2024-11-08 14:03:12 | INFO | train | ----------------------------------------------------------------------------------
2024-11-08 14:03:12 | INFO | train | Time of iter training 44.44 s
2024-11-08 14:03:12 | INFO | train | On iter step 204:, global step 52225 Loss-step [0.0897 0.0897 0.0000]
2024-11-08 14:03:49 | INFO | train | In dataset train: Loss is [0.1032 0.1032 0.0000]
2024-11-08 14:03:49 | INFO | train | task-0		Acc is 0.9900, F1 is 0.9900
2024-11-08 14:03:49 | INFO | train | task-0		F1-macro is 0.9914, F1-micro is 0.9900
2024-11-08 14:03:49 | INFO | train | task-0		Pre is 0.9900, Rec is 0.9900
2024-11-08 14:03:49 | INFO | train | task-0		C_M is 
[[ 452    0    0    0]
 [   0 1147    0    5]
 [   0    0 1229    0]
 [   0   35    0 1132]]
2024-11-08 14:04:26 | INFO | train | In dataset valid: Loss is [0.1002 0.1002 0.0000]
2024-11-08 14:04:26 | INFO | train | task-0		Acc is 0.9880, F1 is 0.9880
2024-11-08 14:04:26 | INFO | train | task-0		F1-macro is 0.9897, F1-micro is 0.9880
2024-11-08 14:04:26 | INFO | train | task-0		Pre is 0.9880, Rec is 0.9880
2024-11-08 14:04:26 | INFO | train | task-0		C_M is 
[[ 444    0    0    0]
 [   0 1102    0    4]
 [   0    0 1233    0]
 [   0   44    0 1173]]
2024-11-08 14:05:04 | INFO | train | In dataset test: Loss is [0.0931 0.0931 0.0000]
2024-11-08 14:05:04 | INFO | train | task-0		Acc is 0.9898, F1 is 0.9898
2024-11-08 14:05:04 | INFO | train | task-0		F1-macro is 0.9911, F1-micro is 0.9898
2024-11-08 14:05:04 | INFO | train | task-0		Pre is 0.9898, Rec is 0.9898
2024-11-08 14:05:04 | INFO | train | task-0		C_M is 
[[ 475    0    0    0]
 [   0 1089    0    3]
 [   0    0 1209    0]
 [   0   38    0 1186]]
2024-11-08 14:05:04 | INFO | train | The best f1_macro util now is 0.9968, at step 197
2024-11-08 14:05:04 | INFO | train | The best f1_micro util now is 0.9938, at step 194
2024-11-08 14:05:48 | INFO | train | ----------------------------------------------------------------------------------
2024-11-08 14:05:48 | INFO | train | Time of iter training 44.18 s
2024-11-08 14:05:48 | INFO | train | On iter step 205:, global step 52481 Loss-step [0.1064 0.1064 0.0000]
2024-11-08 14:06:25 | INFO | train | In dataset train: Loss is [0.1044 0.1044 0.0000]
2024-11-08 14:06:25 | INFO | train | task-0		Acc is 0.9925, F1 is 0.9925
2024-11-08 14:06:25 | INFO | train | task-0		F1-macro is 0.9935, F1-micro is 0.9925
2024-11-08 14:06:25 | INFO | train | task-0		Pre is 0.9925, Rec is 0.9925
2024-11-08 14:06:25 | INFO | train | task-0		C_M is 
[[ 452    0    0    0]
 [   0 1139    0   13]
 [   0    0 1229    0]
 [   0   17    0 1150]]
2024-11-08 14:07:02 | INFO | train | In dataset valid: Loss is [0.1367 0.1367 0.0000]
2024-11-08 14:07:02 | INFO | train | task-0		Acc is 0.9932, F1 is 0.9932
2024-11-08 14:07:02 | INFO | train | task-0		F1-macro is 0.9942, F1-micro is 0.9932
2024-11-08 14:07:02 | INFO | train | task-0		Pre is 0.9932, Rec is 0.9932
2024-11-08 14:07:02 | INFO | train | task-0		C_M is 
[[ 444    0    0    0]
 [   0 1096    0   10]
 [   0    0 1233    0]
 [   0   17    0 1200]]
2024-11-08 14:07:39 | INFO | train | In dataset test: Loss is [0.0922 0.0922 0.0000]
2024-11-08 14:07:39 | INFO | train | task-0		Acc is 0.9942, F1 is 0.9942
2024-11-08 14:07:39 | INFO | train | task-0		F1-macro is 0.9950, F1-micro is 0.9942
2024-11-08 14:07:39 | INFO | train | task-0		Pre is 0.9942, Rec is 0.9942
2024-11-08 14:07:39 | INFO | train | task-0		C_M is 
[[ 475    0    0    0]
 [   0 1084    0    8]
 [   0    0 1209    0]
 [   0   15    0 1209]]
2024-11-08 14:07:39 | INFO | train | The best f1_macro util now is 0.9968, at step 197
2024-11-08 14:07:39 | INFO | train | The best f1_micro util now is 0.9938, at step 194
2024-11-08 14:08:23 | INFO | train | ----------------------------------------------------------------------------------
2024-11-08 14:08:23 | INFO | train | Time of iter training 43.94 s
2024-11-08 14:08:23 | INFO | train | On iter step 206:, global step 52737 Loss-step [0.1044 0.1044 0.0000]
2024-11-08 14:09:00 | INFO | train | In dataset train: Loss is [0.0632 0.0632 0.0000]
2024-11-08 14:09:00 | INFO | train | task-0		Acc is 0.9942, F1 is 0.9942
2024-11-08 14:09:00 | INFO | train | task-0		F1-macro is 0.9950, F1-micro is 0.9942
2024-11-08 14:09:00 | INFO | train | task-0		Pre is 0.9942, Rec is 0.9942
2024-11-08 14:09:00 | INFO | train | task-0		C_M is 
[[ 452    0    0    0]
 [   0 1149    0    3]
 [   0    0 1229    0]
 [   0   20    0 1147]]
2024-11-08 14:09:37 | INFO | train | In dataset valid: Loss is [0.0670 0.0670 0.0000]
2024-11-08 14:09:37 | INFO | train | task-0		Acc is 0.9928, F1 is 0.9928
2024-11-08 14:09:37 | INFO | train | task-0		F1-macro is 0.9937, F1-micro is 0.9928
2024-11-08 14:09:37 | INFO | train | task-0		Pre is 0.9928, Rec is 0.9928
2024-11-08 14:09:37 | INFO | train | task-0		C_M is 
[[ 444    0    0    0]
 [   0 1102    0    4]
 [   0    0 1233    0]
 [   0   25    0 1192]]
2024-11-08 14:10:14 | INFO | train | In dataset test: Loss is [0.0565 0.0565 0.0000]
2024-11-08 14:10:14 | INFO | train | task-0		Acc is 0.9945, F1 is 0.9945
2024-11-08 14:10:14 | INFO | train | task-0		F1-macro is 0.9952, F1-micro is 0.9945
2024-11-08 14:10:14 | INFO | train | task-0		Pre is 0.9945, Rec is 0.9945
2024-11-08 14:10:14 | INFO | train | task-0		C_M is 
[[ 475    0    0    0]
 [   0 1091    0    1]
 [   0    0 1209    0]
 [   0   21    0 1203]]
2024-11-08 14:10:14 | INFO | train | The best f1_macro util now is 0.9968, at step 197
2024-11-08 14:10:14 | INFO | train | The best f1_micro util now is 0.9938, at step 194
2024-11-08 14:10:58 | INFO | train | ----------------------------------------------------------------------------------
2024-11-08 14:10:58 | INFO | train | Time of iter training 44.29 s
2024-11-08 14:10:58 | INFO | train | On iter step 207:, global step 52993 Loss-step [0.0997 0.0997 0.0000]
2024-11-08 14:11:35 | INFO | train | In dataset train: Loss is [0.0710 0.0710 0.0000]
2024-11-08 14:11:35 | INFO | train | task-0		Acc is 0.9930, F1 is 0.9930
2024-11-08 14:11:35 | INFO | train | task-0		F1-macro is 0.9940, F1-micro is 0.9930
2024-11-08 14:11:35 | INFO | train | task-0		Pre is 0.9930, Rec is 0.9930
2024-11-08 14:11:35 | INFO | train | task-0		C_M is 
[[ 452    0    0    0]
 [   0 1141    0   11]
 [   0    0 1229    0]
 [   0   17    0 1150]]
2024-11-08 14:12:12 | INFO | train | In dataset valid: Loss is [0.0784 0.0784 0.0000]
2024-11-08 14:12:12 | INFO | train | task-0		Acc is 0.9928, F1 is 0.9928
2024-11-08 14:12:12 | INFO | train | task-0		F1-macro is 0.9937, F1-micro is 0.9928
2024-11-08 14:12:12 | INFO | train | task-0		Pre is 0.9928, Rec is 0.9928
2024-11-08 14:12:12 | INFO | train | task-0		C_M is 
[[ 444    0    0    0]
 [   0 1088    0   18]
 [   0    0 1233    0]
 [   0   11    0 1206]]
2024-11-08 14:12:49 | INFO | train | In dataset test: Loss is [0.0607 0.0607 0.0000]
2024-11-08 14:12:49 | INFO | train | task-0		Acc is 0.9945, F1 is 0.9945
2024-11-08 14:12:49 | INFO | train | task-0		F1-macro is 0.9952, F1-micro is 0.9945
2024-11-08 14:12:49 | INFO | train | task-0		Pre is 0.9945, Rec is 0.9945
2024-11-08 14:12:49 | INFO | train | task-0		C_M is 
[[ 475    0    0    0]
 [   0 1082    0   10]
 [   0    0 1209    0]
 [   0   12    0 1212]]
2024-11-08 14:12:49 | INFO | train | The best f1_macro util now is 0.9968, at step 197
2024-11-08 14:12:49 | INFO | train | The best f1_micro util now is 0.9938, at step 194
2024-11-08 14:13:34 | INFO | train | ----------------------------------------------------------------------------------
2024-11-08 14:13:34 | INFO | train | Time of iter training 44.27 s
2024-11-08 14:13:34 | INFO | train | On iter step 208:, global step 53249 Loss-step [0.0642 0.0642 0.0000]
2024-11-08 14:14:11 | INFO | train | In dataset train: Loss is [0.0662 0.0662 0.0000]
2024-11-08 14:14:11 | INFO | train | task-0		Acc is 0.9940, F1 is 0.9940
2024-11-08 14:14:11 | INFO | train | task-0		F1-macro is 0.9948, F1-micro is 0.9940
2024-11-08 14:14:11 | INFO | train | task-0		Pre is 0.9940, Rec is 0.9940
2024-11-08 14:14:11 | INFO | train | task-0		C_M is 
[[ 452    0    0    0]
 [   0 1147    0    5]
 [   0    0 1229    0]
 [   0   19    0 1148]]
2024-11-08 14:14:48 | INFO | train | In dataset valid: Loss is [0.0936 0.0936 0.0000]
2024-11-08 14:14:48 | INFO | train | task-0		Acc is 0.9935, F1 is 0.9935
2024-11-08 14:14:48 | INFO | train | task-0		F1-macro is 0.9944, F1-micro is 0.9935
2024-11-08 14:14:48 | INFO | train | task-0		Pre is 0.9935, Rec is 0.9935
2024-11-08 14:14:48 | INFO | train | task-0		C_M is 
[[ 444    0    0    0]
 [   0 1100    0    6]
 [   0    0 1233    0]
 [   0   20    0 1197]]
2024-11-08 14:15:25 | INFO | train | In dataset test: Loss is [0.0608 0.0608 0.0000]
2024-11-08 14:15:25 | INFO | train | task-0		Acc is 0.9952, F1 is 0.9952
2024-11-08 14:15:25 | INFO | train | task-0		F1-macro is 0.9959, F1-micro is 0.9952
2024-11-08 14:15:25 | INFO | train | task-0		Pre is 0.9952, Rec is 0.9952
2024-11-08 14:15:25 | INFO | train | task-0		C_M is 
[[ 475    0    0    0]
 [   0 1086    0    6]
 [   0    0 1209    0]
 [   0   13    0 1211]]
2024-11-08 14:15:28 | INFO | train | The best f1_macro util now is 0.9959, at step 208
2024-11-08 14:15:31 | INFO | train | The best f1_micro util now is 0.9952, at step 208
2024-11-08 14:16:15 | INFO | train | ----------------------------------------------------------------------------------
2024-11-08 14:16:15 | INFO | train | Time of iter training 44.16 s
2024-11-08 14:16:15 | INFO | train | On iter step 209:, global step 53505 Loss-step [0.0702 0.0702 0.0000]
2024-11-08 14:16:52 | INFO | train | In dataset train: Loss is [0.0658 0.0658 0.0000]
2024-11-08 14:16:52 | INFO | train | task-0		Acc is 0.9932, F1 is 0.9932
2024-11-08 14:16:52 | INFO | train | task-0		F1-macro is 0.9942, F1-micro is 0.9932
2024-11-08 14:16:52 | INFO | train | task-0		Pre is 0.9932, Rec is 0.9932
2024-11-08 14:16:52 | INFO | train | task-0		C_M is 
[[ 452    0    0    0]
 [   0 1150    0    2]
 [   0    0 1229    0]
 [   0   25    0 1142]]
2024-11-08 14:17:29 | INFO | train | In dataset valid: Loss is [0.1154 0.1154 0.0000]
2024-11-08 14:17:29 | INFO | train | task-0		Acc is 0.9902, F1 is 0.9902
2024-11-08 14:17:29 | INFO | train | task-0		F1-macro is 0.9916, F1-micro is 0.9902
2024-11-08 14:17:29 | INFO | train | task-0		Pre is 0.9902, Rec is 0.9902
2024-11-08 14:17:29 | INFO | train | task-0		C_M is 
[[ 444    0    0    0]
 [   0 1101    0    5]
 [   0    0 1233    0]
 [   0   34    0 1183]]
2024-11-08 14:18:07 | INFO | train | In dataset test: Loss is [0.0583 0.0583 0.0000]
2024-11-08 14:18:07 | INFO | train | task-0		Acc is 0.9948, F1 is 0.9948
2024-11-08 14:18:07 | INFO | train | task-0		F1-macro is 0.9955, F1-micro is 0.9948
2024-11-08 14:18:07 | INFO | train | task-0		Pre is 0.9948, Rec is 0.9948
2024-11-08 14:18:07 | INFO | train | task-0		C_M is 
[[ 475    0    0    0]
 [   0 1091    0    1]
 [   0    0 1209    0]
 [   0   20    0 1204]]
2024-11-08 14:18:07 | INFO | train | The best f1_macro util now is 0.9959, at step 208
2024-11-08 14:18:07 | INFO | train | The best f1_micro util now is 0.9952, at step 208
2024-11-08 14:18:51 | INFO | train | ----------------------------------------------------------------------------------
2024-11-08 14:18:51 | INFO | train | Time of iter training 44.45 s
2024-11-08 14:18:51 | INFO | train | On iter step 210:, global step 53761 Loss-step [0.1836 0.1836 0.0000]
2024-11-08 14:19:28 | INFO | train | In dataset train: Loss is [0.0791 0.0791 0.0000]
2024-11-08 14:19:28 | INFO | train | task-0		Acc is 0.9948, F1 is 0.9948
2024-11-08 14:19:28 | INFO | train | task-0		F1-macro is 0.9955, F1-micro is 0.9948
2024-11-08 14:19:28 | INFO | train | task-0		Pre is 0.9948, Rec is 0.9948
2024-11-08 14:19:28 | INFO | train | task-0		C_M is 
[[ 452    0    0    0]
 [   0 1141    0   11]
 [   0    0 1229    0]
 [   0   10    0 1157]]
2024-11-08 14:20:05 | INFO | train | In dataset valid: Loss is [0.1081 0.1081 0.0000]
2024-11-08 14:20:05 | INFO | train | task-0		Acc is 0.9920, F1 is 0.9920
2024-11-08 14:20:05 | INFO | train | task-0		F1-macro is 0.9931, F1-micro is 0.9920
2024-11-08 14:20:05 | INFO | train | task-0		Pre is 0.9920, Rec is 0.9920
2024-11-08 14:20:05 | INFO | train | task-0		C_M is 
[[ 444    0    0    0]
 [   0 1088    0   18]
 [   0    0 1233    0]
 [   0   14    0 1203]]
2024-11-08 14:20:42 | INFO | train | In dataset test: Loss is [0.0764 0.0764 0.0000]
2024-11-08 14:20:42 | INFO | train | task-0		Acc is 0.9942, F1 is 0.9942
2024-11-08 14:20:42 | INFO | train | task-0		F1-macro is 0.9950, F1-micro is 0.9942
2024-11-08 14:20:42 | INFO | train | task-0		Pre is 0.9942, Rec is 0.9942
2024-11-08 14:20:42 | INFO | train | task-0		C_M is 
[[ 475    0    0    0]
 [   0 1079    0   13]
 [   0    0 1209    0]
 [   0   10    0 1214]]
2024-11-08 14:20:42 | INFO | train | The best f1_macro util now is 0.9959, at step 208
2024-11-08 14:20:42 | INFO | train | The best f1_micro util now is 0.9952, at step 208
2024-11-08 14:21:26 | INFO | train | ----------------------------------------------------------------------------------
2024-11-08 14:21:26 | INFO | train | Time of iter training 44.16 s
2024-11-08 14:21:26 | INFO | train | On iter step 211:, global step 54017 Loss-step [0.0802 0.0802 0.0000]
2024-11-08 14:22:03 | INFO | train | In dataset train: Loss is [0.0630 0.0630 0.0000]
2024-11-08 14:22:03 | INFO | train | task-0		Acc is 0.9938, F1 is 0.9938
2024-11-08 14:22:03 | INFO | train | task-0		F1-macro is 0.9946, F1-micro is 0.9938
2024-11-08 14:22:03 | INFO | train | task-0		Pre is 0.9938, Rec is 0.9938
2024-11-08 14:22:03 | INFO | train | task-0		C_M is 
[[ 452    0    0    0]
 [   0 1150    0    2]
 [   0    0 1229    0]
 [   0   23    0 1144]]
2024-11-08 14:22:40 | INFO | train | In dataset valid: Loss is [0.0756 0.0756 0.0000]
2024-11-08 14:22:40 | INFO | train | task-0		Acc is 0.9925, F1 is 0.9925
2024-11-08 14:22:40 | INFO | train | task-0		F1-macro is 0.9935, F1-micro is 0.9925
2024-11-08 14:22:40 | INFO | train | task-0		Pre is 0.9925, Rec is 0.9925
2024-11-08 14:22:40 | INFO | train | task-0		C_M is 
[[ 444    0    0    0]
 [   0 1100    0    6]
 [   0    0 1233    0]
 [   0   24    0 1193]]
2024-11-08 14:23:18 | INFO | train | In dataset test: Loss is [0.0539 0.0539 0.0000]
2024-11-08 14:23:18 | INFO | train | task-0		Acc is 0.9952, F1 is 0.9952
2024-11-08 14:23:18 | INFO | train | task-0		F1-macro is 0.9959, F1-micro is 0.9952
2024-11-08 14:23:18 | INFO | train | task-0		Pre is 0.9952, Rec is 0.9952
2024-11-08 14:23:18 | INFO | train | task-0		C_M is 
[[ 475    0    0    0]
 [   0 1088    0    4]
 [   0    0 1209    0]
 [   0   15    0 1209]]
2024-11-08 14:23:18 | INFO | train | The best f1_macro util now is 0.9959, at step 208
2024-11-08 14:23:18 | INFO | train | The best f1_micro util now is 0.9952, at step 208
2024-11-08 14:24:02 | INFO | train | ----------------------------------------------------------------------------------
2024-11-08 14:24:02 | INFO | train | Time of iter training 44.11 s
2024-11-08 14:24:02 | INFO | train | On iter step 212:, global step 54273 Loss-step [0.0654 0.0654 0.0000]
2024-11-08 14:24:39 | INFO | train | In dataset train: Loss is [0.0637 0.0637 0.0000]
2024-11-08 14:24:39 | INFO | train | task-0		Acc is 0.9938, F1 is 0.9938
2024-11-08 14:24:39 | INFO | train | task-0		F1-macro is 0.9946, F1-micro is 0.9938
2024-11-08 14:24:39 | INFO | train | task-0		Pre is 0.9938, Rec is 0.9938
2024-11-08 14:24:39 | INFO | train | task-0		C_M is 
[[ 452    0    0    0]
 [   0 1145    0    7]
 [   0    0 1229    0]
 [   0   18    0 1149]]
2024-11-08 14:25:16 | INFO | train | In dataset valid: Loss is [0.0776 0.0776 0.0000]
2024-11-08 14:25:16 | INFO | train | task-0		Acc is 0.9938, F1 is 0.9938
2024-11-08 14:25:16 | INFO | train | task-0		F1-macro is 0.9946, F1-micro is 0.9938
2024-11-08 14:25:16 | INFO | train | task-0		Pre is 0.9938, Rec is 0.9938
2024-11-08 14:25:16 | INFO | train | task-0		C_M is 
[[ 444    0    0    0]
 [   0 1100    0    6]
 [   0    0 1233    0]
 [   0   19    0 1198]]
2024-11-08 14:25:53 | INFO | train | In dataset test: Loss is [0.0563 0.0563 0.0000]
2024-11-08 14:25:53 | INFO | train | task-0		Acc is 0.9952, F1 is 0.9952
2024-11-08 14:25:53 | INFO | train | task-0		F1-macro is 0.9959, F1-micro is 0.9952
2024-11-08 14:25:53 | INFO | train | task-0		Pre is 0.9952, Rec is 0.9952
2024-11-08 14:25:53 | INFO | train | task-0		C_M is 
[[ 475    0    0    0]
 [   0 1087    0    5]
 [   0    0 1209    0]
 [   0   14    0 1210]]
2024-11-08 14:25:56 | INFO | train | The best f1_macro util now is 0.9959, at step 212
2024-11-08 14:25:59 | INFO | train | The best f1_micro util now is 0.9952, at step 212
2024-11-08 14:26:44 | INFO | train | ----------------------------------------------------------------------------------
2024-11-08 14:26:44 | INFO | train | Time of iter training 44.19 s
2024-11-08 14:26:44 | INFO | train | On iter step 213:, global step 54529 Loss-step [0.0705 0.0705 0.0000]
2024-11-08 14:27:20 | INFO | train | In dataset train: Loss is [0.0558 0.0558 0.0000]
2024-11-08 14:27:20 | INFO | train | task-0		Acc is 0.9950, F1 is 0.9950
2024-11-08 14:27:20 | INFO | train | task-0		F1-macro is 0.9957, F1-micro is 0.9950
2024-11-08 14:27:20 | INFO | train | task-0		Pre is 0.9950, Rec is 0.9950
2024-11-08 14:27:20 | INFO | train | task-0		C_M is 
[[ 452    0    0    0]
 [   0 1148    0    4]
 [   0    0 1229    0]
 [   0   16    0 1151]]
2024-11-08 14:27:57 | INFO | train | In dataset valid: Loss is [0.0601 0.0601 0.0000]
2024-11-08 14:27:57 | INFO | train | task-0		Acc is 0.9942, F1 is 0.9942
2024-11-08 14:27:57 | INFO | train | task-0		F1-macro is 0.9950, F1-micro is 0.9942
2024-11-08 14:27:57 | INFO | train | task-0		Pre is 0.9942, Rec is 0.9942
2024-11-08 14:27:57 | INFO | train | task-0		C_M is 
[[ 444    0    0    0]
 [   0 1103    0    3]
 [   0    0 1233    0]
 [   0   20    0 1197]]
2024-11-08 14:28:35 | INFO | train | In dataset test: Loss is [0.0458 0.0458 0.0000]
2024-11-08 14:28:35 | INFO | train | task-0		Acc is 0.9955, F1 is 0.9955
2024-11-08 14:28:35 | INFO | train | task-0		F1-macro is 0.9961, F1-micro is 0.9955
2024-11-08 14:28:35 | INFO | train | task-0		Pre is 0.9955, Rec is 0.9955
2024-11-08 14:28:35 | INFO | train | task-0		C_M is 
[[ 475    0    0    0]
 [   0 1088    0    4]
 [   0    0 1209    0]
 [   0   14    0 1210]]
2024-11-08 14:28:38 | INFO | train | The best f1_macro util now is 0.9961, at step 213
2024-11-08 14:28:41 | INFO | train | The best f1_micro util now is 0.9955, at step 213
2024-11-08 14:29:25 | INFO | train | ----------------------------------------------------------------------------------
2024-11-08 14:29:25 | INFO | train | Time of iter training 44.13 s
2024-11-08 14:29:25 | INFO | train | On iter step 214:, global step 54785 Loss-step [0.0772 0.0772 0.0000]
2024-11-08 14:30:02 | INFO | train | In dataset train: Loss is [0.0560 0.0560 0.0000]
2024-11-08 14:30:02 | INFO | train | task-0		Acc is 0.9952, F1 is 0.9952
2024-11-08 14:30:02 | INFO | train | task-0		F1-macro is 0.9959, F1-micro is 0.9952
2024-11-08 14:30:02 | INFO | train | task-0		Pre is 0.9952, Rec is 0.9952
2024-11-08 14:30:02 | INFO | train | task-0		C_M is 
[[ 452    0    0    0]
 [   0 1151    0    1]
 [   0    0 1229    0]
 [   0   18    0 1149]]
2024-11-08 14:30:39 | INFO | train | In dataset valid: Loss is [0.0675 0.0675 0.0000]
2024-11-08 14:30:39 | INFO | train | task-0		Acc is 0.9935, F1 is 0.9935
2024-11-08 14:30:39 | INFO | train | task-0		F1-macro is 0.9944, F1-micro is 0.9935
2024-11-08 14:30:39 | INFO | train | task-0		Pre is 0.9935, Rec is 0.9935
2024-11-08 14:30:39 | INFO | train | task-0		C_M is 
[[ 444    0    0    0]
 [   0 1103    0    3]
 [   0    0 1233    0]
 [   0   23    0 1194]]
2024-11-08 14:31:16 | INFO | train | In dataset test: Loss is [0.0535 0.0535 0.0000]
2024-11-08 14:31:16 | INFO | train | task-0		Acc is 0.9948, F1 is 0.9948
2024-11-08 14:31:16 | INFO | train | task-0		F1-macro is 0.9955, F1-micro is 0.9948
2024-11-08 14:31:16 | INFO | train | task-0		Pre is 0.9948, Rec is 0.9948
2024-11-08 14:31:16 | INFO | train | task-0		C_M is 
[[ 475    0    0    0]
 [   0 1090    0    2]
 [   0    0 1209    0]
 [   0   19    0 1205]]
2024-11-08 14:31:16 | INFO | train | The best f1_macro util now is 0.9961, at step 213
2024-11-08 14:31:16 | INFO | train | The best f1_micro util now is 0.9955, at step 213
2024-11-08 14:32:01 | INFO | train | ----------------------------------------------------------------------------------
2024-11-08 14:32:01 | INFO | train | Time of iter training 44.33 s
2024-11-08 14:32:01 | INFO | train | On iter step 215:, global step 55041 Loss-step [0.0700 0.0700 0.0000]
2024-11-08 14:32:37 | INFO | train | In dataset train: Loss is [0.0544 0.0544 0.0000]
2024-11-08 14:32:37 | INFO | train | task-0		Acc is 0.9950, F1 is 0.9950
2024-11-08 14:32:37 | INFO | train | task-0		F1-macro is 0.9957, F1-micro is 0.9950
2024-11-08 14:32:37 | INFO | train | task-0		Pre is 0.9950, Rec is 0.9950
2024-11-08 14:32:37 | INFO | train | task-0		C_M is 
[[ 452    0    0    0]
 [   0 1147    0    5]
 [   0    0 1229    0]
 [   0   15    0 1152]]
2024-11-08 14:33:14 | INFO | train | In dataset valid: Loss is [0.0659 0.0659 0.0000]
2024-11-08 14:33:14 | INFO | train | task-0		Acc is 0.9942, F1 is 0.9942
2024-11-08 14:33:14 | INFO | train | task-0		F1-macro is 0.9950, F1-micro is 0.9942
2024-11-08 14:33:14 | INFO | train | task-0		Pre is 0.9942, Rec is 0.9942
2024-11-08 14:33:14 | INFO | train | task-0		C_M is 
[[ 444    0    0    0]
 [   0 1101    0    5]
 [   0    0 1233    0]
 [   0   18    0 1199]]
2024-11-08 14:33:51 | INFO | train | In dataset test: Loss is [0.0509 0.0509 0.0000]
2024-11-08 14:33:51 | INFO | train | task-0		Acc is 0.9958, F1 is 0.9958
2024-11-08 14:33:51 | INFO | train | task-0		F1-macro is 0.9963, F1-micro is 0.9958
2024-11-08 14:33:51 | INFO | train | task-0		Pre is 0.9958, Rec is 0.9958
2024-11-08 14:33:51 | INFO | train | task-0		C_M is 
[[ 475    0    0    0]
 [   0 1089    0    3]
 [   0    0 1209    0]
 [   0   14    0 1210]]
2024-11-08 14:33:51 | INFO | train | The best f1_macro util now is 0.9961, at step 213
2024-11-08 14:33:51 | INFO | train | The best f1_micro util now is 0.9955, at step 213
2024-11-08 14:34:36 | INFO | train | ----------------------------------------------------------------------------------
2024-11-08 14:34:36 | INFO | train | Time of iter training 44.07 s
2024-11-08 14:34:36 | INFO | train | On iter step 216:, global step 55297 Loss-step [0.0662 0.0662 0.0000]
2024-11-08 14:35:12 | INFO | train | In dataset train: Loss is [0.0530 0.0530 0.0000]
2024-11-08 14:35:12 | INFO | train | task-0		Acc is 0.9955, F1 is 0.9955
2024-11-08 14:35:12 | INFO | train | task-0		F1-macro is 0.9961, F1-micro is 0.9955
2024-11-08 14:35:12 | INFO | train | task-0		Pre is 0.9955, Rec is 0.9955
2024-11-08 14:35:12 | INFO | train | task-0		C_M is 
[[ 452    0    0    0]
 [   0 1145    0    7]
 [   0    0 1229    0]
 [   0   11    0 1156]]
2024-11-08 14:35:49 | INFO | train | In dataset valid: Loss is [0.0642 0.0642 0.0000]
2024-11-08 14:35:49 | INFO | train | task-0		Acc is 0.9935, F1 is 0.9935
2024-11-08 14:35:49 | INFO | train | task-0		F1-macro is 0.9944, F1-micro is 0.9935
2024-11-08 14:35:49 | INFO | train | task-0		Pre is 0.9935, Rec is 0.9935
2024-11-08 14:35:49 | INFO | train | task-0		C_M is 
[[ 444    0    0    0]
 [   0 1098    0    8]
 [   0    0 1233    0]
 [   0   18    0 1199]]
2024-11-08 14:36:26 | INFO | train | In dataset test: Loss is [0.0490 0.0490 0.0000]
2024-11-08 14:36:26 | INFO | train | task-0		Acc is 0.9968, F1 is 0.9968
2024-11-08 14:36:26 | INFO | train | task-0		F1-macro is 0.9972, F1-micro is 0.9968
2024-11-08 14:36:26 | INFO | train | task-0		Pre is 0.9968, Rec is 0.9968
2024-11-08 14:36:26 | INFO | train | task-0		C_M is 
[[ 475    0    0    0]
 [   0 1087    0    5]
 [   0    0 1209    0]
 [   0    8    0 1216]]
2024-11-08 14:36:26 | INFO | train | The best f1_macro util now is 0.9961, at step 213
2024-11-08 14:36:26 | INFO | train | The best f1_micro util now is 0.9955, at step 213
2024-11-08 14:37:11 | INFO | train | ----------------------------------------------------------------------------------
2024-11-08 14:37:11 | INFO | train | Time of iter training 44.08 s
2024-11-08 14:37:11 | INFO | train | On iter step 217:, global step 55553 Loss-step [0.0616 0.0616 0.0000]
2024-11-08 14:37:47 | INFO | train | In dataset train: Loss is [0.0426 0.0426 0.0000]
2024-11-08 14:37:47 | INFO | train | task-0		Acc is 0.9955, F1 is 0.9955
2024-11-08 14:37:47 | INFO | train | task-0		F1-macro is 0.9961, F1-micro is 0.9955
2024-11-08 14:37:47 | INFO | train | task-0		Pre is 0.9955, Rec is 0.9955
2024-11-08 14:37:47 | INFO | train | task-0		C_M is 
[[ 452    0    0    0]
 [   0 1148    0    4]
 [   0    0 1229    0]
 [   0   14    0 1153]]
2024-11-08 14:38:24 | INFO | train | In dataset valid: Loss is [0.0554 0.0554 0.0000]
2024-11-08 14:38:24 | INFO | train | task-0		Acc is 0.9935, F1 is 0.9935
2024-11-08 14:38:24 | INFO | train | task-0		F1-macro is 0.9944, F1-micro is 0.9935
2024-11-08 14:38:24 | INFO | train | task-0		Pre is 0.9935, Rec is 0.9935
2024-11-08 14:38:24 | INFO | train | task-0		C_M is 
[[ 444    0    0    0]
 [   0 1100    0    6]
 [   0    0 1233    0]
 [   0   20    0 1197]]
2024-11-08 14:39:01 | INFO | train | In dataset test: Loss is [0.0401 0.0401 0.0000]
2024-11-08 14:39:01 | INFO | train | task-0		Acc is 0.9960, F1 is 0.9960
2024-11-08 14:39:01 | INFO | train | task-0		F1-macro is 0.9965, F1-micro is 0.9960
2024-11-08 14:39:01 | INFO | train | task-0		Pre is 0.9960, Rec is 0.9960
2024-11-08 14:39:01 | INFO | train | task-0		C_M is 
[[ 475    0    0    0]
 [   0 1088    0    4]
 [   0    0 1209    0]
 [   0   12    0 1212]]
2024-11-08 14:39:01 | INFO | train | The best f1_macro util now is 0.9961, at step 213
2024-11-08 14:39:01 | INFO | train | The best f1_micro util now is 0.9955, at step 213
2024-11-08 14:39:46 | INFO | train | ----------------------------------------------------------------------------------
2024-11-08 14:39:46 | INFO | train | Time of iter training 44.13 s
2024-11-08 14:39:46 | INFO | train | On iter step 218:, global step 55809 Loss-step [0.0804 0.0804 0.0000]
2024-11-08 14:40:22 | INFO | train | In dataset train: Loss is [0.0501 0.0501 0.0000]
2024-11-08 14:40:22 | INFO | train | task-0		Acc is 0.9960, F1 is 0.9960
2024-11-08 14:40:22 | INFO | train | task-0		F1-macro is 0.9966, F1-micro is 0.9960
2024-11-08 14:40:22 | INFO | train | task-0		Pre is 0.9960, Rec is 0.9960
2024-11-08 14:40:22 | INFO | train | task-0		C_M is 
[[ 452    0    0    0]
 [   0 1146    0    6]
 [   0    0 1229    0]
 [   0   10    0 1157]]
2024-11-08 14:40:59 | INFO | train | In dataset valid: Loss is [0.0682 0.0682 0.0000]
2024-11-08 14:40:59 | INFO | train | task-0		Acc is 0.9940, F1 is 0.9940
2024-11-08 14:40:59 | INFO | train | task-0		F1-macro is 0.9948, F1-micro is 0.9940
2024-11-08 14:40:59 | INFO | train | task-0		Pre is 0.9940, Rec is 0.9940
2024-11-08 14:40:59 | INFO | train | task-0		C_M is 
[[ 444    0    0    0]
 [   0 1097    0    9]
 [   0    0 1233    0]
 [   0   15    0 1202]]
2024-11-08 14:41:37 | INFO | train | In dataset test: Loss is [0.0507 0.0507 0.0000]
2024-11-08 14:41:37 | INFO | train | task-0		Acc is 0.9962, F1 is 0.9962
2024-11-08 14:41:37 | INFO | train | task-0		F1-macro is 0.9968, F1-micro is 0.9962
2024-11-08 14:41:37 | INFO | train | task-0		Pre is 0.9962, Rec is 0.9962
2024-11-08 14:41:37 | INFO | train | task-0		C_M is 
[[ 475    0    0    0]
 [   0 1087    0    5]
 [   0    0 1209    0]
 [   0   10    0 1214]]
2024-11-08 14:41:37 | INFO | train | The best f1_macro util now is 0.9961, at step 213
2024-11-08 14:41:37 | INFO | train | The best f1_micro util now is 0.9955, at step 213
2024-11-08 14:42:21 | INFO | train | ----------------------------------------------------------------------------------
2024-11-08 14:42:21 | INFO | train | Time of iter training 43.96 s
2024-11-08 14:42:21 | INFO | train | On iter step 219:, global step 56065 Loss-step [0.0723 0.0723 0.0000]
2024-11-08 14:42:57 | INFO | train | In dataset train: Loss is [0.0698 0.0698 0.0000]
2024-11-08 14:42:57 | INFO | train | task-0		Acc is 0.9942, F1 is 0.9942
2024-11-08 14:42:57 | INFO | train | task-0		F1-macro is 0.9950, F1-micro is 0.9942
2024-11-08 14:42:57 | INFO | train | task-0		Pre is 0.9942, Rec is 0.9942
2024-11-08 14:42:57 | INFO | train | task-0		C_M is 
[[ 452    0    0    0]
 [   0 1140    0   12]
 [   0    0 1229    0]
 [   0   11    0 1156]]
2024-11-08 14:43:34 | INFO | train | In dataset valid: Loss is [0.0865 0.0865 0.0000]
2024-11-08 14:43:34 | INFO | train | task-0		Acc is 0.9938, F1 is 0.9938
2024-11-08 14:43:34 | INFO | train | task-0		F1-macro is 0.9946, F1-micro is 0.9938
2024-11-08 14:43:34 | INFO | train | task-0		Pre is 0.9938, Rec is 0.9938
2024-11-08 14:43:34 | INFO | train | task-0		C_M is 
[[ 444    0    0    0]
 [   0 1096    0   10]
 [   0    0 1233    0]
 [   0   15    0 1202]]
2024-11-08 14:44:12 | INFO | train | In dataset test: Loss is [0.0615 0.0615 0.0000]
2024-11-08 14:44:12 | INFO | train | task-0		Acc is 0.9955, F1 is 0.9955
2024-11-08 14:44:12 | INFO | train | task-0		F1-macro is 0.9961, F1-micro is 0.9955
2024-11-08 14:44:12 | INFO | train | task-0		Pre is 0.9955, Rec is 0.9955
2024-11-08 14:44:12 | INFO | train | task-0		C_M is 
[[ 475    0    0    0]
 [   0 1083    0    9]
 [   0    0 1209    0]
 [   0    9    0 1215]]
2024-11-08 14:44:12 | INFO | train | The best f1_macro util now is 0.9961, at step 213
2024-11-08 14:44:12 | INFO | train | The best f1_micro util now is 0.9955, at step 213
2024-11-08 14:44:56 | INFO | train | ----------------------------------------------------------------------------------
2024-11-08 14:44:56 | INFO | train | Time of iter training 44.15 s
2024-11-08 14:44:56 | INFO | train | On iter step 220:, global step 56321 Loss-step [0.0641 0.0641 0.0000]
2024-11-08 14:45:33 | INFO | train | In dataset train: Loss is [0.0636 0.0636 0.0000]
2024-11-08 14:45:33 | INFO | train | task-0		Acc is 0.9960, F1 is 0.9960
2024-11-08 14:45:33 | INFO | train | task-0		F1-macro is 0.9966, F1-micro is 0.9960
2024-11-08 14:45:33 | INFO | train | task-0		Pre is 0.9960, Rec is 0.9960
2024-11-08 14:45:33 | INFO | train | task-0		C_M is 
[[ 452    0    0    0]
 [   0 1145    0    7]
 [   0    0 1229    0]
 [   0    9    0 1158]]
2024-11-08 14:46:10 | INFO | train | In dataset valid: Loss is [0.0762 0.0762 0.0000]
2024-11-08 14:46:10 | INFO | train | task-0		Acc is 0.9925, F1 is 0.9925
2024-11-08 14:46:10 | INFO | train | task-0		F1-macro is 0.9935, F1-micro is 0.9925
2024-11-08 14:46:10 | INFO | train | task-0		Pre is 0.9925, Rec is 0.9925
2024-11-08 14:46:10 | INFO | train | task-0		C_M is 
[[ 444    0    0    0]
 [   0 1097    0    9]
 [   0    0 1233    0]
 [   0   21    0 1196]]
2024-11-08 14:46:47 | INFO | train | In dataset test: Loss is [0.0577 0.0577 0.0000]
2024-11-08 14:46:47 | INFO | train | task-0		Acc is 0.9965, F1 is 0.9965
2024-11-08 14:46:47 | INFO | train | task-0		F1-macro is 0.9970, F1-micro is 0.9965
2024-11-08 14:46:47 | INFO | train | task-0		Pre is 0.9965, Rec is 0.9965
2024-11-08 14:46:47 | INFO | train | task-0		C_M is 
[[ 475    0    0    0]
 [   0 1087    0    5]
 [   0    0 1209    0]
 [   0    9    0 1215]]
2024-11-08 14:46:47 | INFO | train | The best f1_macro util now is 0.9961, at step 213
2024-11-08 14:46:47 | INFO | train | The best f1_micro util now is 0.9955, at step 213
2024-11-08 14:47:31 | INFO | train | ----------------------------------------------------------------------------------
2024-11-08 14:47:31 | INFO | train | Time of iter training 44.17 s
2024-11-08 14:47:31 | INFO | train | On iter step 221:, global step 56577 Loss-step [0.0728 0.0728 0.0000]
2024-11-08 14:48:08 | INFO | train | In dataset train: Loss is [0.0654 0.0654 0.0000]
2024-11-08 14:48:08 | INFO | train | task-0		Acc is 0.9942, F1 is 0.9942
2024-11-08 14:48:08 | INFO | train | task-0		F1-macro is 0.9950, F1-micro is 0.9942
2024-11-08 14:48:08 | INFO | train | task-0		Pre is 0.9942, Rec is 0.9942
2024-11-08 14:48:08 | INFO | train | task-0		C_M is 
[[ 452    0    0    0]
 [   0 1137    0   15]
 [   0    0 1229    0]
 [   0    8    0 1159]]
2024-11-08 14:48:45 | INFO | train | In dataset valid: Loss is [0.0970 0.0970 0.0000]
2024-11-08 14:48:45 | INFO | train | task-0		Acc is 0.9908, F1 is 0.9908
2024-11-08 14:48:45 | INFO | train | task-0		F1-macro is 0.9920, F1-micro is 0.9908
2024-11-08 14:48:45 | INFO | train | task-0		Pre is 0.9908, Rec is 0.9908
2024-11-08 14:48:45 | INFO | train | task-0		C_M is 
[[ 444    0    0    0]
 [   0 1081    0   25]
 [   0    0 1233    0]
 [   0   12    0 1205]]
2024-11-08 14:49:22 | INFO | train | In dataset test: Loss is [0.0571 0.0571 0.0000]
2024-11-08 14:49:22 | INFO | train | task-0		Acc is 0.9948, F1 is 0.9948
2024-11-08 14:49:22 | INFO | train | task-0		F1-macro is 0.9954, F1-micro is 0.9948
2024-11-08 14:49:22 | INFO | train | task-0		Pre is 0.9948, Rec is 0.9948
2024-11-08 14:49:22 | INFO | train | task-0		C_M is 
[[ 475    0    0    0]
 [   0 1077    0   15]
 [   0    0 1209    0]
 [   0    6    0 1218]]
2024-11-08 14:49:22 | INFO | train | The best f1_macro util now is 0.9961, at step 213
2024-11-08 14:49:22 | INFO | train | The best f1_micro util now is 0.9955, at step 213
2024-11-08 14:50:06 | INFO | train | ----------------------------------------------------------------------------------
2024-11-08 14:50:06 | INFO | train | Time of iter training 44.16 s
2024-11-08 14:50:06 | INFO | train | On iter step 222:, global step 56833 Loss-step [0.0417 0.0417 0.0000]
2024-11-08 14:50:43 | INFO | train | In dataset train: Loss is [0.0825 0.0825 0.0000]
2024-11-08 14:50:43 | INFO | train | task-0		Acc is 0.9942, F1 is 0.9942
2024-11-08 14:50:43 | INFO | train | task-0		F1-macro is 0.9950, F1-micro is 0.9942
2024-11-08 14:50:43 | INFO | train | task-0		Pre is 0.9942, Rec is 0.9942
2024-11-08 14:50:43 | INFO | train | task-0		C_M is 
[[ 452    0    0    0]
 [   0 1138    0   14]
 [   0    0 1229    0]
 [   0    9    0 1158]]
2024-11-08 14:51:20 | INFO | train | In dataset valid: Loss is [0.1187 0.1187 0.0000]
2024-11-08 14:51:20 | INFO | train | task-0		Acc is 0.9915, F1 is 0.9915
2024-11-08 14:51:20 | INFO | train | task-0		F1-macro is 0.9927, F1-micro is 0.9915
2024-11-08 14:51:20 | INFO | train | task-0		Pre is 0.9915, Rec is 0.9915
2024-11-08 14:51:20 | INFO | train | task-0		C_M is 
[[ 444    0    0    0]
 [   0 1084    0   22]
 [   0    0 1233    0]
 [   0   12    0 1205]]
2024-11-08 14:51:57 | INFO | train | In dataset test: Loss is [0.0730 0.0730 0.0000]
2024-11-08 14:51:57 | INFO | train | task-0		Acc is 0.9945, F1 is 0.9945
2024-11-08 14:51:57 | INFO | train | task-0		F1-macro is 0.9952, F1-micro is 0.9945
2024-11-08 14:51:57 | INFO | train | task-0		Pre is 0.9945, Rec is 0.9945
2024-11-08 14:51:57 | INFO | train | task-0		C_M is 
[[ 475    0    0    0]
 [   0 1077    0   15]
 [   0    0 1209    0]
 [   0    7    0 1217]]
2024-11-08 14:51:57 | INFO | train | The best f1_macro util now is 0.9961, at step 213
2024-11-08 14:51:57 | INFO | train | The best f1_micro util now is 0.9955, at step 213
2024-11-08 14:52:41 | INFO | train | ----------------------------------------------------------------------------------
2024-11-08 14:52:41 | INFO | train | Time of iter training 44.10 s
2024-11-08 14:52:41 | INFO | train | On iter step 223:, global step 57089 Loss-step [0.0798 0.0798 0.0000]
2024-11-08 14:53:18 | INFO | train | In dataset train: Loss is [0.0568 0.0568 0.0000]
2024-11-08 14:53:18 | INFO | train | task-0		Acc is 0.9948, F1 is 0.9948
2024-11-08 14:53:18 | INFO | train | task-0		F1-macro is 0.9955, F1-micro is 0.9948
2024-11-08 14:53:18 | INFO | train | task-0		Pre is 0.9948, Rec is 0.9948
2024-11-08 14:53:18 | INFO | train | task-0		C_M is 
[[ 452    0    0    0]
 [   0 1140    0   12]
 [   0    0 1229    0]
 [   0    9    0 1158]]
2024-11-08 14:53:55 | INFO | train | In dataset valid: Loss is [0.1052 0.1052 0.0000]
2024-11-08 14:53:55 | INFO | train | task-0		Acc is 0.9918, F1 is 0.9918
2024-11-08 14:53:55 | INFO | train | task-0		F1-macro is 0.9929, F1-micro is 0.9918
2024-11-08 14:53:55 | INFO | train | task-0		Pre is 0.9918, Rec is 0.9918
2024-11-08 14:53:55 | INFO | train | task-0		C_M is 
[[ 444    0    0    0]
 [   0 1091    0   15]
 [   0    0 1233    0]
 [   0   18    0 1199]]
2024-11-08 14:54:32 | INFO | train | In dataset test: Loss is [0.0674 0.0674 0.0000]
2024-11-08 14:54:32 | INFO | train | task-0		Acc is 0.9950, F1 is 0.9950
2024-11-08 14:54:32 | INFO | train | task-0		F1-macro is 0.9957, F1-micro is 0.9950
2024-11-08 14:54:32 | INFO | train | task-0		Pre is 0.9950, Rec is 0.9950
2024-11-08 14:54:32 | INFO | train | task-0		C_M is 
[[ 475    0    0    0]
 [   0 1082    0   10]
 [   0    0 1209    0]
 [   0   10    0 1214]]
2024-11-08 14:54:32 | INFO | train | The best f1_macro util now is 0.9961, at step 213
2024-11-08 14:54:32 | INFO | train | The best f1_micro util now is 0.9955, at step 213
2024-11-08 14:55:17 | INFO | train | ----------------------------------------------------------------------------------
2024-11-08 14:55:17 | INFO | train | Time of iter training 44.18 s
2024-11-08 14:55:17 | INFO | train | On iter step 224:, global step 57345 Loss-step [0.0778 0.0778 0.0000]
2024-11-08 14:55:53 | INFO | train | In dataset train: Loss is [0.0589 0.0589 0.0000]
2024-11-08 14:55:53 | INFO | train | task-0		Acc is 0.9955, F1 is 0.9955
2024-11-08 14:55:53 | INFO | train | task-0		F1-macro is 0.9961, F1-micro is 0.9955
2024-11-08 14:55:53 | INFO | train | task-0		Pre is 0.9955, Rec is 0.9955
2024-11-08 14:55:53 | INFO | train | task-0		C_M is 
[[ 452    0    0    0]
 [   0 1147    0    5]
 [   0    0 1229    0]
 [   0   13    0 1154]]
2024-11-08 14:56:31 | INFO | train | In dataset valid: Loss is [0.0794 0.0794 0.0000]
2024-11-08 14:56:31 | INFO | train | task-0		Acc is 0.9932, F1 is 0.9932
2024-11-08 14:56:31 | INFO | train | task-0		F1-macro is 0.9942, F1-micro is 0.9932
2024-11-08 14:56:31 | INFO | train | task-0		Pre is 0.9932, Rec is 0.9932
2024-11-08 14:56:31 | INFO | train | task-0		C_M is 
[[ 444    0    0    0]
 [   0 1096    0   10]
 [   0    0 1233    0]
 [   0   17    0 1200]]
2024-11-08 14:57:08 | INFO | train | In dataset test: Loss is [0.0664 0.0664 0.0000]
2024-11-08 14:57:08 | INFO | train | task-0		Acc is 0.9960, F1 is 0.9960
2024-11-08 14:57:08 | INFO | train | task-0		F1-macro is 0.9965, F1-micro is 0.9960
2024-11-08 14:57:08 | INFO | train | task-0		Pre is 0.9960, Rec is 0.9960
2024-11-08 14:57:08 | INFO | train | task-0		C_M is 
[[ 475    0    0    0]
 [   0 1089    0    3]
 [   0    0 1209    0]
 [   0   13    0 1211]]
2024-11-08 14:57:08 | INFO | train | The best f1_macro util now is 0.9961, at step 213
2024-11-08 14:57:08 | INFO | train | The best f1_micro util now is 0.9955, at step 213
2024-11-08 14:57:52 | INFO | train | ----------------------------------------------------------------------------------
2024-11-08 14:57:52 | INFO | train | Time of iter training 44.34 s
2024-11-08 14:57:52 | INFO | train | On iter step 225:, global step 57601 Loss-step [0.0541 0.0541 0.0000]
2024-11-08 14:58:29 | INFO | train | In dataset train: Loss is [0.0588 0.0588 0.0000]
2024-11-08 14:58:29 | INFO | train | task-0		Acc is 0.9950, F1 is 0.9950
2024-11-08 14:58:29 | INFO | train | task-0		F1-macro is 0.9957, F1-micro is 0.9950
2024-11-08 14:58:29 | INFO | train | task-0		Pre is 0.9950, Rec is 0.9950
2024-11-08 14:58:29 | INFO | train | task-0		C_M is 
[[ 452    0    0    0]
 [   0 1142    0   10]
 [   0    0 1229    0]
 [   0   10    0 1157]]
2024-11-08 14:59:06 | INFO | train | In dataset valid: Loss is [0.0622 0.0622 0.0000]
2024-11-08 14:59:06 | INFO | train | task-0		Acc is 0.9922, F1 is 0.9922
2024-11-08 14:59:06 | INFO | train | task-0		F1-macro is 0.9933, F1-micro is 0.9922
2024-11-08 14:59:06 | INFO | train | task-0		Pre is 0.9922, Rec is 0.9922
2024-11-08 14:59:06 | INFO | train | task-0		C_M is 
[[ 444    0    0    0]
 [   0 1088    0   18]
 [   0    0 1233    0]
 [   0   13    0 1204]]
2024-11-08 14:59:43 | INFO | train | In dataset test: Loss is [0.0774 0.0774 0.0000]
2024-11-08 14:59:43 | INFO | train | task-0		Acc is 0.9960, F1 is 0.9960
2024-11-08 14:59:43 | INFO | train | task-0		F1-macro is 0.9965, F1-micro is 0.9960
2024-11-08 14:59:43 | INFO | train | task-0		Pre is 0.9960, Rec is 0.9960
2024-11-08 14:59:43 | INFO | train | task-0		C_M is 
[[ 475    0    0    0]
 [   0 1086    0    6]
 [   0    0 1209    0]
 [   0   10    0 1214]]
2024-11-08 14:59:43 | INFO | train | The best f1_macro util now is 0.9961, at step 213
2024-11-08 14:59:43 | INFO | train | The best f1_micro util now is 0.9955, at step 213
2024-11-08 15:00:27 | INFO | train | ----------------------------------------------------------------------------------
2024-11-08 15:00:27 | INFO | train | Time of iter training 44.08 s
2024-11-08 15:00:27 | INFO | train | On iter step 226:, global step 57857 Loss-step [0.0959 0.0959 0.0000]
2024-11-08 15:01:04 | INFO | train | In dataset train: Loss is [0.0678 0.0678 0.0000]
2024-11-08 15:01:04 | INFO | train | task-0		Acc is 0.9958, F1 is 0.9958
2024-11-08 15:01:04 | INFO | train | task-0		F1-macro is 0.9963, F1-micro is 0.9958
2024-11-08 15:01:04 | INFO | train | task-0		Pre is 0.9958, Rec is 0.9958
2024-11-08 15:01:04 | INFO | train | task-0		C_M is 
[[ 452    0    0    0]
 [   0 1147    0    5]
 [   0    0 1229    0]
 [   0   12    0 1155]]
2024-11-08 15:01:41 | INFO | train | In dataset valid: Loss is [0.0804 0.0804 0.0000]
2024-11-08 15:01:41 | INFO | train | task-0		Acc is 0.9942, F1 is 0.9942
2024-11-08 15:01:41 | INFO | train | task-0		F1-macro is 0.9950, F1-micro is 0.9942
2024-11-08 15:01:41 | INFO | train | task-0		Pre is 0.9942, Rec is 0.9942
2024-11-08 15:01:41 | INFO | train | task-0		C_M is 
[[ 444    0    0    0]
 [   0 1098    0    8]
 [   0    0 1233    0]
 [   0   15    0 1202]]
2024-11-08 15:02:19 | INFO | train | In dataset test: Loss is [0.0706 0.0706 0.0000]
2024-11-08 15:02:19 | INFO | train | task-0		Acc is 0.9958, F1 is 0.9958
2024-11-08 15:02:19 | INFO | train | task-0		F1-macro is 0.9963, F1-micro is 0.9958
2024-11-08 15:02:19 | INFO | train | task-0		Pre is 0.9958, Rec is 0.9958
2024-11-08 15:02:19 | INFO | train | task-0		C_M is 
[[ 475    0    0    0]
 [   0 1085    0    7]
 [   0    0 1209    0]
 [   0   10    0 1214]]
2024-11-08 15:02:19 | INFO | train | The best f1_macro util now is 0.9961, at step 213
2024-11-08 15:02:19 | INFO | train | The best f1_micro util now is 0.9955, at step 213
2024-11-08 15:03:03 | INFO | train | ----------------------------------------------------------------------------------
2024-11-08 15:03:03 | INFO | train | Time of iter training 44.13 s
2024-11-08 15:03:03 | INFO | train | On iter step 227:, global step 58113 Loss-step [0.0399 0.0399 0.0000]
2024-11-08 15:03:40 | INFO | train | In dataset train: Loss is [0.1394 0.1394 0.0000]
2024-11-08 15:03:40 | INFO | train | task-0		Acc is 0.9945, F1 is 0.9945
2024-11-08 15:03:40 | INFO | train | task-0		F1-macro is 0.9953, F1-micro is 0.9945
2024-11-08 15:03:40 | INFO | train | task-0		Pre is 0.9945, Rec is 0.9945
2024-11-08 15:03:40 | INFO | train | task-0		C_M is 
[[ 452    0    0    0]
 [   0 1151    0    1]
 [   0    0 1229    0]
 [   0   21    0 1146]]
2024-11-08 15:04:17 | INFO | train | In dataset valid: Loss is [0.1349 0.1349 0.0000]
2024-11-08 15:04:17 | INFO | train | task-0		Acc is 0.9905, F1 is 0.9905
2024-11-08 15:04:17 | INFO | train | task-0		F1-macro is 0.9918, F1-micro is 0.9905
2024-11-08 15:04:17 | INFO | train | task-0		Pre is 0.9905, Rec is 0.9905
2024-11-08 15:04:17 | INFO | train | task-0		C_M is 
[[ 444    0    0    0]
 [   0 1101    0    5]
 [   0    0 1233    0]
 [   0   33    0 1184]]
2024-11-08 15:04:54 | INFO | train | In dataset test: Loss is [0.1126 0.1126 0.0000]
2024-11-08 15:04:54 | INFO | train | task-0		Acc is 0.9952, F1 is 0.9952
2024-11-08 15:04:54 | INFO | train | task-0		F1-macro is 0.9959, F1-micro is 0.9952
2024-11-08 15:04:54 | INFO | train | task-0		Pre is 0.9952, Rec is 0.9952
2024-11-08 15:04:54 | INFO | train | task-0		C_M is 
[[ 475    0    0    0]
 [   0 1090    0    2]
 [   0    0 1209    0]
 [   0   17    0 1207]]
2024-11-08 15:04:54 | INFO | train | The best f1_macro util now is 0.9961, at step 213
2024-11-08 15:04:54 | INFO | train | The best f1_micro util now is 0.9955, at step 213
2024-11-08 15:05:38 | INFO | train | ----------------------------------------------------------------------------------
2024-11-08 15:05:38 | INFO | train | Time of iter training 44.24 s
2024-11-08 15:05:38 | INFO | train | On iter step 228:, global step 58369 Loss-step [0.0971 0.0971 0.0000]
2024-11-08 15:06:15 | INFO | train | In dataset train: Loss is [0.0600 0.0600 0.0000]
2024-11-08 15:06:15 | INFO | train | task-0		Acc is 0.9948, F1 is 0.9948
2024-11-08 15:06:15 | INFO | train | task-0		F1-macro is 0.9955, F1-micro is 0.9948
2024-11-08 15:06:15 | INFO | train | task-0		Pre is 0.9948, Rec is 0.9948
2024-11-08 15:06:15 | INFO | train | task-0		C_M is 
[[ 452    0    0    0]
 [   0 1144    0    8]
 [   0    0 1229    0]
 [   0   13    0 1154]]
2024-11-08 15:06:52 | INFO | train | In dataset valid: Loss is [0.0821 0.0821 0.0000]
2024-11-08 15:06:52 | INFO | train | task-0		Acc is 0.9930, F1 is 0.9930
2024-11-08 15:06:52 | INFO | train | task-0		F1-macro is 0.9940, F1-micro is 0.9930
2024-11-08 15:06:52 | INFO | train | task-0		Pre is 0.9930, Rec is 0.9930
2024-11-08 15:06:52 | INFO | train | task-0		C_M is 
[[ 444    0    0    0]
 [   0 1096    0   10]
 [   0    0 1233    0]
 [   0   18    0 1199]]
2024-11-08 15:07:29 | INFO | train | In dataset test: Loss is [0.0614 0.0614 0.0000]
2024-11-08 15:07:29 | INFO | train | task-0		Acc is 0.9948, F1 is 0.9948
2024-11-08 15:07:29 | INFO | train | task-0		F1-macro is 0.9955, F1-micro is 0.9948
2024-11-08 15:07:29 | INFO | train | task-0		Pre is 0.9948, Rec is 0.9948
2024-11-08 15:07:29 | INFO | train | task-0		C_M is 
[[ 475    0    0    0]
 [   0 1082    0   10]
 [   0    0 1209    0]
 [   0   11    0 1213]]
2024-11-08 15:07:29 | INFO | train | The best f1_macro util now is 0.9961, at step 213
2024-11-08 15:07:29 | INFO | train | The best f1_micro util now is 0.9955, at step 213
2024-11-08 15:08:13 | INFO | train | ----------------------------------------------------------------------------------
2024-11-08 15:08:13 | INFO | train | Time of iter training 44.20 s
2024-11-08 15:08:13 | INFO | train | On iter step 229:, global step 58625 Loss-step [0.0683 0.0683 0.0000]
2024-11-08 15:08:50 | INFO | train | In dataset train: Loss is [0.0408 0.0408 0.0000]
2024-11-08 15:08:50 | INFO | train | task-0		Acc is 0.9960, F1 is 0.9960
2024-11-08 15:08:50 | INFO | train | task-0		F1-macro is 0.9966, F1-micro is 0.9960
2024-11-08 15:08:50 | INFO | train | task-0		Pre is 0.9960, Rec is 0.9960
2024-11-08 15:08:50 | INFO | train | task-0		C_M is 
[[ 452    0    0    0]
 [   0 1146    0    6]
 [   0    0 1229    0]
 [   0   10    0 1157]]
2024-11-08 15:09:27 | INFO | train | In dataset valid: Loss is [0.0788 0.0788 0.0000]
2024-11-08 15:09:27 | INFO | train | task-0		Acc is 0.9932, F1 is 0.9932
2024-11-08 15:09:27 | INFO | train | task-0		F1-macro is 0.9942, F1-micro is 0.9932
2024-11-08 15:09:27 | INFO | train | task-0		Pre is 0.9932, Rec is 0.9932
2024-11-08 15:09:27 | INFO | train | task-0		C_M is 
[[ 444    0    0    0]
 [   0 1090    0   16]
 [   0    0 1233    0]
 [   0   11    0 1206]]
2024-11-08 15:10:04 | INFO | train | In dataset test: Loss is [0.0613 0.0613 0.0000]
2024-11-08 15:10:04 | INFO | train | task-0		Acc is 0.9960, F1 is 0.9960
2024-11-08 15:10:04 | INFO | train | task-0		F1-macro is 0.9965, F1-micro is 0.9960
2024-11-08 15:10:04 | INFO | train | task-0		Pre is 0.9960, Rec is 0.9960
2024-11-08 15:10:04 | INFO | train | task-0		C_M is 
[[ 475    0    0    0]
 [   0 1085    0    7]
 [   0    0 1209    0]
 [   0    9    0 1215]]
2024-11-08 15:10:04 | INFO | train | The best f1_macro util now is 0.9961, at step 213
2024-11-08 15:10:04 | INFO | train | The best f1_micro util now is 0.9955, at step 213
2024-11-08 15:10:49 | INFO | train | ----------------------------------------------------------------------------------
2024-11-08 15:10:49 | INFO | train | Time of iter training 44.26 s
2024-11-08 15:10:49 | INFO | train | On iter step 230:, global step 58881 Loss-step [0.0396 0.0396 0.0000]
2024-11-08 15:11:26 | INFO | train | In dataset train: Loss is [0.0460 0.0460 0.0000]
2024-11-08 15:11:26 | INFO | train | task-0		Acc is 0.9950, F1 is 0.9950
2024-11-08 15:11:26 | INFO | train | task-0		F1-macro is 0.9957, F1-micro is 0.9950
2024-11-08 15:11:26 | INFO | train | task-0		Pre is 0.9950, Rec is 0.9950
2024-11-08 15:11:26 | INFO | train | task-0		C_M is 
[[ 452    0    0    0]
 [   0 1140    0   12]
 [   0    0 1229    0]
 [   0    8    0 1159]]
2024-11-08 15:12:03 | INFO | train | In dataset valid: Loss is [0.0866 0.0866 0.0000]
2024-11-08 15:12:03 | INFO | train | task-0		Acc is 0.9938, F1 is 0.9938
2024-11-08 15:12:03 | INFO | train | task-0		F1-macro is 0.9946, F1-micro is 0.9938
2024-11-08 15:12:03 | INFO | train | task-0		Pre is 0.9938, Rec is 0.9938
2024-11-08 15:12:03 | INFO | train | task-0		C_M is 
[[ 444    0    0    0]
 [   0 1089    0   17]
 [   0    0 1233    0]
 [   0    8    0 1209]]
2024-11-08 15:12:40 | INFO | train | In dataset test: Loss is [0.0629 0.0629 0.0000]
2024-11-08 15:12:40 | INFO | train | task-0		Acc is 0.9958, F1 is 0.9958
2024-11-08 15:12:40 | INFO | train | task-0		F1-macro is 0.9963, F1-micro is 0.9958
2024-11-08 15:12:40 | INFO | train | task-0		Pre is 0.9958, Rec is 0.9958
2024-11-08 15:12:40 | INFO | train | task-0		C_M is 
[[ 475    0    0    0]
 [   0 1082    0   10]
 [   0    0 1209    0]
 [   0    7    0 1217]]
2024-11-08 15:12:40 | INFO | train | The best f1_macro util now is 0.9961, at step 213
2024-11-08 15:12:40 | INFO | train | The best f1_micro util now is 0.9955, at step 213
2024-11-08 15:13:24 | INFO | train | ----------------------------------------------------------------------------------
2024-11-08 15:13:24 | INFO | train | Time of iter training 44.20 s
2024-11-08 15:13:24 | INFO | train | On iter step 231:, global step 59137 Loss-step [0.0842 0.0842 0.0000]
2024-11-08 15:14:01 | INFO | train | In dataset train: Loss is [0.0733 0.0733 0.0000]
2024-11-08 15:14:01 | INFO | train | task-0		Acc is 0.9950, F1 is 0.9950
2024-11-08 15:14:01 | INFO | train | task-0		F1-macro is 0.9957, F1-micro is 0.9950
2024-11-08 15:14:01 | INFO | train | task-0		Pre is 0.9950, Rec is 0.9950
2024-11-08 15:14:01 | INFO | train | task-0		C_M is 
[[ 452    0    0    0]
 [   0 1143    0    9]
 [   0    0 1229    0]
 [   0   11    0 1156]]
2024-11-08 15:14:38 | INFO | train | In dataset valid: Loss is [0.1489 0.1489 0.0000]
2024-11-08 15:14:38 | INFO | train | task-0		Acc is 0.9932, F1 is 0.9932
2024-11-08 15:14:38 | INFO | train | task-0		F1-macro is 0.9942, F1-micro is 0.9932
2024-11-08 15:14:38 | INFO | train | task-0		Pre is 0.9932, Rec is 0.9932
2024-11-08 15:14:38 | INFO | train | task-0		C_M is 
[[ 444    0    0    0]
 [   0 1092    0   14]
 [   0    0 1233    0]
 [   0   13    0 1204]]
2024-11-08 15:15:15 | INFO | train | In dataset test: Loss is [0.1321 0.1321 0.0000]
2024-11-08 15:15:15 | INFO | train | task-0		Acc is 0.9958, F1 is 0.9958
2024-11-08 15:15:15 | INFO | train | task-0		F1-macro is 0.9963, F1-micro is 0.9958
2024-11-08 15:15:15 | INFO | train | task-0		Pre is 0.9958, Rec is 0.9958
2024-11-08 15:15:15 | INFO | train | task-0		C_M is 
[[ 475    0    0    0]
 [   0 1082    0   10]
 [   0    0 1209    0]
 [   0    7    0 1217]]
2024-11-08 15:15:15 | INFO | train | The best f1_macro util now is 0.9961, at step 213
2024-11-08 15:15:15 | INFO | train | The best f1_micro util now is 0.9955, at step 213
2024-11-08 15:15:39 | INFO | deepnet.data.dataset_text | Read next training chunk, data size is 6666
2024-11-08 15:16:00 | INFO | train | ----------------------------------------------------------------------------------
2024-11-08 15:16:00 | INFO | train | Time of iter training 44.56 s
2024-11-08 15:16:00 | INFO | train | On iter step 232:, global step 59393 Loss-step [0.0652 0.0652 0.0000]
2024-11-08 15:16:37 | INFO | train | In dataset train: Loss is [0.0558 0.0558 0.0000]
2024-11-08 15:16:37 | INFO | train | task-0		Acc is 0.9962, F1 is 0.9962
2024-11-08 15:16:37 | INFO | train | task-0		F1-macro is 0.9968, F1-micro is 0.9962
2024-11-08 15:16:37 | INFO | train | task-0		Pre is 0.9962, Rec is 0.9962
2024-11-08 15:16:37 | INFO | train | task-0		C_M is 
[[ 452    0    0    0]
 [   0 1145    0    7]
 [   0    0 1229    0]
 [   0    8    0 1159]]
2024-11-08 15:17:14 | INFO | train | In dataset valid: Loss is [0.0643 0.0643 0.0000]
2024-11-08 15:17:14 | INFO | train | task-0		Acc is 0.9958, F1 is 0.9958
2024-11-08 15:17:14 | INFO | train | task-0		F1-macro is 0.9963, F1-micro is 0.9958
2024-11-08 15:17:14 | INFO | train | task-0		Pre is 0.9958, Rec is 0.9958
2024-11-08 15:17:14 | INFO | train | task-0		C_M is 
[[ 444    0    0    0]
 [   0 1099    0    7]
 [   0    0 1233    0]
 [   0   10    0 1207]]
2024-11-08 15:17:51 | INFO | train | In dataset test: Loss is [0.0390 0.0390 0.0000]
2024-11-08 15:17:51 | INFO | train | task-0		Acc is 0.9968, F1 is 0.9968
2024-11-08 15:17:51 | INFO | train | task-0		F1-macro is 0.9972, F1-micro is 0.9968
2024-11-08 15:17:51 | INFO | train | task-0		Pre is 0.9968, Rec is 0.9968
2024-11-08 15:17:51 | INFO | train | task-0		C_M is 
[[ 475    0    0    0]
 [   0 1086    0    6]
 [   0    0 1209    0]
 [   0    7    0 1217]]
2024-11-08 15:17:54 | INFO | train | The best f1_macro util now is 0.9972, at step 232
2024-11-08 15:17:58 | INFO | train | The best f1_micro util now is 0.9968, at step 232
2024-11-08 15:18:42 | INFO | train | ----------------------------------------------------------------------------------
2024-11-08 15:18:42 | INFO | train | Time of iter training 44.21 s
2024-11-08 15:18:42 | INFO | train | On iter step 233:, global step 59649 Loss-step [0.0459 0.0459 0.0000]
2024-11-08 15:19:20 | INFO | train | In dataset train: Loss is [0.0679 0.0679 0.0000]
2024-11-08 15:19:20 | INFO | train | task-0		Acc is 0.9942, F1 is 0.9942
2024-11-08 15:19:20 | INFO | train | task-0		F1-macro is 0.9950, F1-micro is 0.9942
2024-11-08 15:19:20 | INFO | train | task-0		Pre is 0.9942, Rec is 0.9942
2024-11-08 15:19:20 | INFO | train | task-0		C_M is 
[[ 452    0    0    0]
 [   0 1134    0   18]
 [   0    0 1229    0]
 [   0    5    0 1162]]
2024-11-08 15:19:57 | INFO | train | In dataset valid: Loss is [0.0841 0.0841 0.0000]
2024-11-08 15:19:57 | INFO | train | task-0		Acc is 0.9928, F1 is 0.9928
2024-11-08 15:19:57 | INFO | train | task-0		F1-macro is 0.9937, F1-micro is 0.9928
2024-11-08 15:19:57 | INFO | train | task-0		Pre is 0.9928, Rec is 0.9928
2024-11-08 15:19:57 | INFO | train | task-0		C_M is 
[[ 444    0    0    0]
 [   0 1085    0   21]
 [   0    0 1233    0]
 [   0    8    0 1209]]
2024-11-08 15:20:34 | INFO | train | In dataset test: Loss is [0.0643 0.0643 0.0000]
2024-11-08 15:20:34 | INFO | train | task-0		Acc is 0.9945, F1 is 0.9945
2024-11-08 15:20:34 | INFO | train | task-0		F1-macro is 0.9952, F1-micro is 0.9945
2024-11-08 15:20:34 | INFO | train | task-0		Pre is 0.9945, Rec is 0.9945
2024-11-08 15:20:34 | INFO | train | task-0		C_M is 
[[ 475    0    0    0]
 [   0 1073    0   19]
 [   0    0 1209    0]
 [   0    3    0 1221]]
2024-11-08 15:20:34 | INFO | train | The best f1_macro util now is 0.9972, at step 232
2024-11-08 15:20:34 | INFO | train | The best f1_micro util now is 0.9968, at step 232
2024-11-08 15:21:18 | INFO | train | ----------------------------------------------------------------------------------
2024-11-08 15:21:18 | INFO | train | Time of iter training 43.78 s
2024-11-08 15:21:18 | INFO | train | On iter step 234:, global step 59905 Loss-step [0.1034 0.1034 0.0000]
2024-11-08 15:21:56 | INFO | train | In dataset train: Loss is [0.0499 0.0499 0.0000]
2024-11-08 15:21:56 | INFO | train | task-0		Acc is 0.9942, F1 is 0.9942
2024-11-08 15:21:56 | INFO | train | task-0		F1-macro is 0.9950, F1-micro is 0.9942
2024-11-08 15:21:56 | INFO | train | task-0		Pre is 0.9942, Rec is 0.9942
2024-11-08 15:21:56 | INFO | train | task-0		C_M is 
[[ 452    0    0    0]
 [   0 1151    0    1]
 [   0    0 1229    0]
 [   0   22    0 1145]]
2024-11-08 15:22:33 | INFO | train | In dataset valid: Loss is [0.0755 0.0755 0.0000]
2024-11-08 15:22:33 | INFO | train | task-0		Acc is 0.9915, F1 is 0.9915
2024-11-08 15:22:33 | INFO | train | task-0		F1-macro is 0.9927, F1-micro is 0.9915
2024-11-08 15:22:33 | INFO | train | task-0		Pre is 0.9915, Rec is 0.9915
2024-11-08 15:22:33 | INFO | train | task-0		C_M is 
[[ 444    0    0    0]
 [   0 1101    0    5]
 [   0    0 1233    0]
 [   0   29    0 1188]]
2024-11-08 15:23:10 | INFO | train | In dataset test: Loss is [0.0429 0.0429 0.0000]
2024-11-08 15:23:10 | INFO | train | task-0		Acc is 0.9955, F1 is 0.9955
2024-11-08 15:23:10 | INFO | train | task-0		F1-macro is 0.9961, F1-micro is 0.9955
2024-11-08 15:23:10 | INFO | train | task-0		Pre is 0.9955, Rec is 0.9955
2024-11-08 15:23:10 | INFO | train | task-0		C_M is 
[[ 475    0    0    0]
 [   0 1091    0    1]
 [   0    0 1209    0]
 [   0   17    0 1207]]
2024-11-08 15:23:10 | INFO | train | The best f1_macro util now is 0.9972, at step 232
2024-11-08 15:23:10 | INFO | train | The best f1_micro util now is 0.9968, at step 232
2024-11-08 15:23:46 | INFO | deepnet.data.dataset_text | The count of reading file ./data/tinghua/train.txt is 7.
2024-11-08 15:23:47 | INFO | deepnet.data.dataset_text | Read next training chunk, data size is 73466
2024-11-08 15:23:56 | INFO | train | ----------------------------------------------------------------------------------
2024-11-08 15:23:56 | INFO | train | Time of iter training 46.16 s
2024-11-08 15:23:56 | INFO | train | On iter step 235:, global step 60161 Loss-step [0.0672 0.0672 0.0000]
2024-11-08 15:24:34 | INFO | train | In dataset train: Loss is [0.0541 0.0541 0.0000]
2024-11-08 15:24:34 | INFO | train | task-0		Acc is 0.9955, F1 is 0.9955
2024-11-08 15:24:34 | INFO | train | task-0		F1-macro is 0.9961, F1-micro is 0.9955
2024-11-08 15:24:34 | INFO | train | task-0		Pre is 0.9955, Rec is 0.9955
2024-11-08 15:24:34 | INFO | train | task-0		C_M is 
[[ 452    0    0    0]
 [   0 1148    0    4]
 [   0    0 1229    0]
 [   0   14    0 1153]]
2024-11-08 15:25:11 | INFO | train | In dataset valid: Loss is [0.0840 0.0840 0.0000]
2024-11-08 15:25:11 | INFO | train | task-0		Acc is 0.9940, F1 is 0.9940
2024-11-08 15:25:11 | INFO | train | task-0		F1-macro is 0.9948, F1-micro is 0.9940
2024-11-08 15:25:11 | INFO | train | task-0		Pre is 0.9940, Rec is 0.9940
2024-11-08 15:25:11 | INFO | train | task-0		C_M is 
[[ 444    0    0    0]
 [   0 1097    0    9]
 [   0    0 1233    0]
 [   0   15    0 1202]]
2024-11-08 15:25:48 | INFO | train | In dataset test: Loss is [0.0465 0.0465 0.0000]
2024-11-08 15:25:48 | INFO | train | task-0		Acc is 0.9970, F1 is 0.9970
2024-11-08 15:25:48 | INFO | train | task-0		F1-macro is 0.9974, F1-micro is 0.9970
2024-11-08 15:25:48 | INFO | train | task-0		Pre is 0.9970, Rec is 0.9970
2024-11-08 15:25:48 | INFO | train | task-0		C_M is 
[[ 475    0    0    0]
 [   0 1087    0    5]
 [   0    0 1209    0]
 [   0    7    0 1217]]
2024-11-08 15:25:48 | INFO | train | The best f1_macro util now is 0.9972, at step 232
2024-11-08 15:25:48 | INFO | train | The best f1_micro util now is 0.9968, at step 232
2024-11-08 15:26:32 | INFO | train | ----------------------------------------------------------------------------------
2024-11-08 15:26:32 | INFO | train | Time of iter training 44.38 s
2024-11-08 15:26:32 | INFO | train | On iter step 236:, global step 60417 Loss-step [0.0462 0.0462 0.0000]
2024-11-08 15:27:09 | INFO | train | In dataset train: Loss is [0.1029 0.1029 0.0000]
2024-11-08 15:27:09 | INFO | train | task-0		Acc is 0.9932, F1 is 0.9932
2024-11-08 15:27:09 | INFO | train | task-0		F1-macro is 0.9942, F1-micro is 0.9932
2024-11-08 15:27:09 | INFO | train | task-0		Pre is 0.9932, Rec is 0.9932
2024-11-08 15:27:09 | INFO | train | task-0		C_M is 
[[ 452    0    0    0]
 [   0 1130    0   22]
 [   0    0 1229    0]
 [   0    5    0 1162]]
2024-11-08 15:27:46 | INFO | train | In dataset valid: Loss is [0.1908 0.1908 0.0000]
2024-11-08 15:27:46 | INFO | train | task-0		Acc is 0.9918, F1 is 0.9918
2024-11-08 15:27:46 | INFO | train | task-0		F1-macro is 0.9929, F1-micro is 0.9918
2024-11-08 15:27:46 | INFO | train | task-0		Pre is 0.9918, Rec is 0.9918
2024-11-08 15:27:46 | INFO | train | task-0		C_M is 
[[ 444    0    0    0]
 [   0 1079    0   27]
 [   0    0 1233    0]
 [   0    6    0 1211]]
2024-11-08 15:28:24 | INFO | train | In dataset test: Loss is [0.0992 0.0992 0.0000]
2024-11-08 15:28:24 | INFO | train | task-0		Acc is 0.9955, F1 is 0.9955
2024-11-08 15:28:24 | INFO | train | task-0		F1-macro is 0.9961, F1-micro is 0.9955
2024-11-08 15:28:24 | INFO | train | task-0		Pre is 0.9955, Rec is 0.9955
2024-11-08 15:28:24 | INFO | train | task-0		C_M is 
[[ 475    0    0    0]
 [   0 1078    0   14]
 [   0    0 1209    0]
 [   0    4    0 1220]]
2024-11-08 15:28:24 | INFO | train | The best f1_macro util now is 0.9972, at step 232
2024-11-08 15:28:24 | INFO | train | The best f1_micro util now is 0.9968, at step 232
2024-11-08 15:29:08 | INFO | train | ----------------------------------------------------------------------------------
2024-11-08 15:29:08 | INFO | train | Time of iter training 44.15 s
2024-11-08 15:29:08 | INFO | train | On iter step 237:, global step 60673 Loss-step [0.0556 0.0556 0.0000]
2024-11-08 15:29:45 | INFO | train | In dataset train: Loss is [0.0721 0.0721 0.0000]
2024-11-08 15:29:45 | INFO | train | task-0		Acc is 0.9962, F1 is 0.9962
2024-11-08 15:29:45 | INFO | train | task-0		F1-macro is 0.9968, F1-micro is 0.9962
2024-11-08 15:29:45 | INFO | train | task-0		Pre is 0.9962, Rec is 0.9962
2024-11-08 15:29:45 | INFO | train | task-0		C_M is 
[[ 452    0    0    0]
 [   0 1144    0    8]
 [   0    0 1229    0]
 [   0    7    0 1160]]
2024-11-08 15:30:22 | INFO | train | In dataset valid: Loss is [0.1248 0.1248 0.0000]
2024-11-08 15:30:22 | INFO | train | task-0		Acc is 0.9928, F1 is 0.9928
2024-11-08 15:30:22 | INFO | train | task-0		F1-macro is 0.9937, F1-micro is 0.9928
2024-11-08 15:30:22 | INFO | train | task-0		Pre is 0.9928, Rec is 0.9928
2024-11-08 15:30:22 | INFO | train | task-0		C_M is 
[[ 444    0    0    0]
 [   0 1088    0   18]
 [   0    0 1233    0]
 [   0   11    0 1206]]
2024-11-08 15:30:59 | INFO | train | In dataset test: Loss is [0.0581 0.0581 0.0000]
2024-11-08 15:30:59 | INFO | train | task-0		Acc is 0.9972, F1 is 0.9972
2024-11-08 15:30:59 | INFO | train | task-0		F1-macro is 0.9976, F1-micro is 0.9972
2024-11-08 15:30:59 | INFO | train | task-0		Pre is 0.9972, Rec is 0.9972
2024-11-08 15:30:59 | INFO | train | task-0		C_M is 
[[ 475    0    0    0]
 [   0 1087    0    5]
 [   0    0 1209    0]
 [   0    6    0 1218]]
2024-11-08 15:30:59 | INFO | train | The best f1_macro util now is 0.9972, at step 232
2024-11-08 15:30:59 | INFO | train | The best f1_micro util now is 0.9968, at step 232
2024-11-08 15:31:43 | INFO | train | ----------------------------------------------------------------------------------
2024-11-08 15:31:43 | INFO | train | Time of iter training 44.16 s
2024-11-08 15:31:43 | INFO | train | On iter step 238:, global step 60929 Loss-step [0.0355 0.0355 0.0000]
2024-11-08 15:32:20 | INFO | train | In dataset train: Loss is [0.0938 0.0938 0.0000]
2024-11-08 15:32:20 | INFO | train | task-0		Acc is 0.9958, F1 is 0.9958
2024-11-08 15:32:20 | INFO | train | task-0		F1-macro is 0.9963, F1-micro is 0.9958
2024-11-08 15:32:20 | INFO | train | task-0		Pre is 0.9958, Rec is 0.9958
2024-11-08 15:32:20 | INFO | train | task-0		C_M is 
[[ 452    0    0    0]
 [   0 1148    0    4]
 [   0    0 1229    0]
 [   0   13    0 1154]]
2024-11-08 15:32:57 | INFO | train | In dataset valid: Loss is [0.1686 0.1686 0.0000]
2024-11-08 15:32:57 | INFO | train | task-0		Acc is 0.9930, F1 is 0.9930
2024-11-08 15:32:57 | INFO | train | task-0		F1-macro is 0.9940, F1-micro is 0.9930
2024-11-08 15:32:57 | INFO | train | task-0		Pre is 0.9930, Rec is 0.9930
2024-11-08 15:32:57 | INFO | train | task-0		C_M is 
[[ 444    0    0    0]
 [   0 1094    0   12]
 [   0    0 1233    0]
 [   0   16    0 1201]]
2024-11-08 15:33:34 | INFO | train | In dataset test: Loss is [0.0617 0.0617 0.0000]
2024-11-08 15:33:34 | INFO | train | task-0		Acc is 0.9972, F1 is 0.9972
2024-11-08 15:33:34 | INFO | train | task-0		F1-macro is 0.9976, F1-micro is 0.9972
2024-11-08 15:33:34 | INFO | train | task-0		Pre is 0.9972, Rec is 0.9972
2024-11-08 15:33:34 | INFO | train | task-0		C_M is 
[[ 475    0    0    0]
 [   0 1089    0    3]
 [   0    0 1209    0]
 [   0    8    0 1216]]
2024-11-08 15:33:34 | INFO | train | The best f1_macro util now is 0.9972, at step 232
2024-11-08 15:33:34 | INFO | train | The best f1_micro util now is 0.9968, at step 232
2024-11-08 15:34:18 | INFO | train | ----------------------------------------------------------------------------------
2024-11-08 15:34:18 | INFO | train | Time of iter training 44.21 s
2024-11-08 15:34:18 | INFO | train | On iter step 239:, global step 61185 Loss-step [0.0983 0.0983 0.0000]
2024-11-08 15:34:55 | INFO | train | In dataset train: Loss is [0.0613 0.0613 0.0000]
2024-11-08 15:34:55 | INFO | train | task-0		Acc is 0.9968, F1 is 0.9968
2024-11-08 15:34:55 | INFO | train | task-0		F1-macro is 0.9972, F1-micro is 0.9968
2024-11-08 15:34:55 | INFO | train | task-0		Pre is 0.9968, Rec is 0.9968
2024-11-08 15:34:55 | INFO | train | task-0		C_M is 
[[ 452    0    0    0]
 [   0 1147    0    5]
 [   0    0 1229    0]
 [   0    8    0 1159]]
2024-11-08 15:35:33 | INFO | train | In dataset valid: Loss is [0.1380 0.1380 0.0000]
2024-11-08 15:35:33 | INFO | train | task-0		Acc is 0.9950, F1 is 0.9950
2024-11-08 15:35:33 | INFO | train | task-0		F1-macro is 0.9957, F1-micro is 0.9950
2024-11-08 15:35:33 | INFO | train | task-0		Pre is 0.9950, Rec is 0.9950
2024-11-08 15:35:33 | INFO | train | task-0		C_M is 
[[ 444    0    0    0]
 [   0 1092    0   14]
 [   0    0 1233    0]
 [   0    6    0 1211]]
2024-11-08 15:36:10 | INFO | train | In dataset test: Loss is [0.0898 0.0898 0.0000]
2024-11-08 15:36:10 | INFO | train | task-0		Acc is 0.9968, F1 is 0.9968
2024-11-08 15:36:10 | INFO | train | task-0		F1-macro is 0.9972, F1-micro is 0.9968
2024-11-08 15:36:10 | INFO | train | task-0		Pre is 0.9968, Rec is 0.9968
2024-11-08 15:36:10 | INFO | train | task-0		C_M is 
[[ 475    0    0    0]
 [   0 1086    0    6]
 [   0    0 1209    0]
 [   0    7    0 1217]]
2024-11-08 15:36:10 | INFO | train | The best f1_macro util now is 0.9972, at step 232
2024-11-08 15:36:10 | INFO | train | The best f1_micro util now is 0.9968, at step 232
2024-11-08 15:36:54 | INFO | train | ----------------------------------------------------------------------------------
2024-11-08 15:36:54 | INFO | train | Time of iter training 44.27 s
2024-11-08 15:36:54 | INFO | train | On iter step 240:, global step 61441 Loss-step [0.0716 0.0716 0.0000]
2024-11-08 15:37:31 | INFO | train | In dataset train: Loss is [0.0442 0.0442 0.0000]
2024-11-08 15:37:31 | INFO | train | task-0		Acc is 0.9965, F1 is 0.9965
2024-11-08 15:37:31 | INFO | train | task-0		F1-macro is 0.9970, F1-micro is 0.9965
2024-11-08 15:37:31 | INFO | train | task-0		Pre is 0.9965, Rec is 0.9965
2024-11-08 15:37:31 | INFO | train | task-0		C_M is 
[[ 452    0    0    0]
 [   0 1147    0    5]
 [   0    0 1229    0]
 [   0    9    0 1158]]
2024-11-08 15:38:08 | INFO | train | In dataset valid: Loss is [0.0898 0.0898 0.0000]
2024-11-08 15:38:08 | INFO | train | task-0		Acc is 0.9938, F1 is 0.9938
2024-11-08 15:38:08 | INFO | train | task-0		F1-macro is 0.9946, F1-micro is 0.9938
2024-11-08 15:38:08 | INFO | train | task-0		Pre is 0.9938, Rec is 0.9938
2024-11-08 15:38:08 | INFO | train | task-0		C_M is 
[[ 444    0    0    0]
 [   0 1097    0    9]
 [   0    0 1233    0]
 [   0   16    0 1201]]
2024-11-08 15:38:46 | INFO | train | In dataset test: Loss is [0.0512 0.0512 0.0000]
2024-11-08 15:38:46 | INFO | train | task-0		Acc is 0.9970, F1 is 0.9970
2024-11-08 15:38:46 | INFO | train | task-0		F1-macro is 0.9974, F1-micro is 0.9970
2024-11-08 15:38:46 | INFO | train | task-0		Pre is 0.9970, Rec is 0.9970
2024-11-08 15:38:46 | INFO | train | task-0		C_M is 
[[ 475    0    0    0]
 [   0 1089    0    3]
 [   0    0 1209    0]
 [   0    9    0 1215]]
2024-11-08 15:38:46 | INFO | train | The best f1_macro util now is 0.9972, at step 232
2024-11-08 15:38:46 | INFO | train | The best f1_micro util now is 0.9968, at step 232
2024-11-08 15:39:30 | INFO | train | ----------------------------------------------------------------------------------
2024-11-08 15:39:30 | INFO | train | Time of iter training 44.26 s
2024-11-08 15:39:30 | INFO | train | On iter step 241:, global step 61697 Loss-step [0.0465 0.0465 0.0000]
2024-11-08 15:40:07 | INFO | train | In dataset train: Loss is [0.0438 0.0438 0.0000]
2024-11-08 15:40:07 | INFO | train | task-0		Acc is 0.9972, F1 is 0.9972
2024-11-08 15:40:07 | INFO | train | task-0		F1-macro is 0.9976, F1-micro is 0.9972
2024-11-08 15:40:07 | INFO | train | task-0		Pre is 0.9972, Rec is 0.9972
2024-11-08 15:40:07 | INFO | train | task-0		C_M is 
[[ 452    0    0    0]
 [   0 1144    0    8]
 [   0    0 1229    0]
 [   0    3    0 1164]]
2024-11-08 15:40:44 | INFO | train | In dataset valid: Loss is [0.0973 0.0973 0.0000]
2024-11-08 15:40:44 | INFO | train | task-0		Acc is 0.9950, F1 is 0.9950
2024-11-08 15:40:44 | INFO | train | task-0		F1-macro is 0.9957, F1-micro is 0.9950
2024-11-08 15:40:44 | INFO | train | task-0		Pre is 0.9950, Rec is 0.9950
2024-11-08 15:40:44 | INFO | train | task-0		C_M is 
[[ 444    0    0    0]
 [   0 1094    0   12]
 [   0    0 1233    0]
 [   0    8    0 1209]]
2024-11-08 15:41:21 | INFO | train | In dataset test: Loss is [0.0525 0.0525 0.0000]
2024-11-08 15:41:21 | INFO | train | task-0		Acc is 0.9968, F1 is 0.9968
2024-11-08 15:41:21 | INFO | train | task-0		F1-macro is 0.9972, F1-micro is 0.9968
2024-11-08 15:41:21 | INFO | train | task-0		Pre is 0.9968, Rec is 0.9968
2024-11-08 15:41:21 | INFO | train | task-0		C_M is 
[[ 475    0    0    0]
 [   0 1085    0    7]
 [   0    0 1209    0]
 [   0    6    0 1218]]
2024-11-08 15:41:21 | INFO | train | The best f1_macro util now is 0.9972, at step 232
2024-11-08 15:41:21 | INFO | train | The best f1_micro util now is 0.9968, at step 232
2024-11-08 15:42:05 | INFO | train | ----------------------------------------------------------------------------------
2024-11-08 15:42:05 | INFO | train | Time of iter training 44.22 s
2024-11-08 15:42:05 | INFO | train | On iter step 242:, global step 61953 Loss-step [0.0419 0.0419 0.0000]
2024-11-08 15:42:42 | INFO | train | In dataset train: Loss is [0.0430 0.0430 0.0000]
2024-11-08 15:42:42 | INFO | train | task-0		Acc is 0.9965, F1 is 0.9965
2024-11-08 15:42:42 | INFO | train | task-0		F1-macro is 0.9970, F1-micro is 0.9965
2024-11-08 15:42:42 | INFO | train | task-0		Pre is 0.9965, Rec is 0.9965
2024-11-08 15:42:42 | INFO | train | task-0		C_M is 
[[ 452    0    0    0]
 [   0 1149    0    3]
 [   0    0 1229    0]
 [   0   11    0 1156]]
2024-11-08 15:43:19 | INFO | train | In dataset valid: Loss is [0.1707 0.1707 0.0000]
2024-11-08 15:43:19 | INFO | train | task-0		Acc is 0.9910, F1 is 0.9910
2024-11-08 15:43:19 | INFO | train | task-0		F1-macro is 0.9922, F1-micro is 0.9910
2024-11-08 15:43:19 | INFO | train | task-0		Pre is 0.9910, Rec is 0.9910
2024-11-08 15:43:19 | INFO | train | task-0		C_M is 
[[ 444    0    0    0]
 [   0 1098    0    8]
 [   0    0 1233    0]
 [   0   28    0 1189]]
2024-11-08 15:43:56 | INFO | train | In dataset test: Loss is [0.0764 0.0764 0.0000]
2024-11-08 15:43:56 | INFO | train | task-0		Acc is 0.9952, F1 is 0.9952
2024-11-08 15:43:56 | INFO | train | task-0		F1-macro is 0.9959, F1-micro is 0.9952
2024-11-08 15:43:56 | INFO | train | task-0		Pre is 0.9952, Rec is 0.9952
2024-11-08 15:43:56 | INFO | train | task-0		C_M is 
[[ 475    0    0    0]
 [   0 1088    0    4]
 [   0    0 1209    0]
 [   0   15    0 1209]]
2024-11-08 15:43:56 | INFO | train | The best f1_macro util now is 0.9972, at step 232
2024-11-08 15:43:56 | INFO | train | The best f1_micro util now is 0.9968, at step 232
2024-11-08 15:44:41 | INFO | train | ----------------------------------------------------------------------------------
2024-11-08 15:44:41 | INFO | train | Time of iter training 44.60 s
2024-11-08 15:44:41 | INFO | train | On iter step 243:, global step 62209 Loss-step [0.0520 0.0520 0.0000]
2024-11-08 15:45:18 | INFO | train | In dataset train: Loss is [0.0592 0.0592 0.0000]
2024-11-08 15:45:18 | INFO | train | task-0		Acc is 0.9962, F1 is 0.9962
2024-11-08 15:45:18 | INFO | train | task-0		F1-macro is 0.9968, F1-micro is 0.9962
2024-11-08 15:45:18 | INFO | train | task-0		Pre is 0.9962, Rec is 0.9962
2024-11-08 15:45:18 | INFO | train | task-0		C_M is 
[[ 452    0    0    0]
 [   0 1141    0   11]
 [   0    0 1229    0]
 [   0    4    0 1163]]
2024-11-08 15:45:55 | INFO | train | In dataset valid: Loss is [0.1010 0.1010 0.0000]
2024-11-08 15:45:55 | INFO | train | task-0		Acc is 0.9922, F1 is 0.9922
2024-11-08 15:45:55 | INFO | train | task-0		F1-macro is 0.9933, F1-micro is 0.9922
2024-11-08 15:45:55 | INFO | train | task-0		Pre is 0.9922, Rec is 0.9922
2024-11-08 15:45:55 | INFO | train | task-0		C_M is 
[[ 444    0    0    0]
 [   0 1088    0   18]
 [   0    0 1233    0]
 [   0   13    0 1204]]
2024-11-08 15:46:32 | INFO | train | In dataset test: Loss is [0.0609 0.0609 0.0000]
2024-11-08 15:46:32 | INFO | train | task-0		Acc is 0.9952, F1 is 0.9952
2024-11-08 15:46:32 | INFO | train | task-0		F1-macro is 0.9959, F1-micro is 0.9952
2024-11-08 15:46:32 | INFO | train | task-0		Pre is 0.9952, Rec is 0.9952
2024-11-08 15:46:32 | INFO | train | task-0		C_M is 
[[ 475    0    0    0]
 [   0 1080    0   12]
 [   0    0 1209    0]
 [   0    7    0 1217]]
2024-11-08 15:46:32 | INFO | train | The best f1_macro util now is 0.9972, at step 232
2024-11-08 15:46:32 | INFO | train | The best f1_micro util now is 0.9968, at step 232
2024-11-08 15:47:17 | INFO | train | ----------------------------------------------------------------------------------
2024-11-08 15:47:17 | INFO | train | Time of iter training 44.47 s
2024-11-08 15:47:17 | INFO | train | On iter step 244:, global step 62465 Loss-step [0.0444 0.0444 0.0000]
2024-11-08 15:47:54 | INFO | train | In dataset train: Loss is [0.0342 0.0342 0.0000]
2024-11-08 15:47:54 | INFO | train | task-0		Acc is 0.9978, F1 is 0.9978
2024-11-08 15:47:54 | INFO | train | task-0		F1-macro is 0.9981, F1-micro is 0.9978
2024-11-08 15:47:54 | INFO | train | task-0		Pre is 0.9978, Rec is 0.9978
2024-11-08 15:47:54 | INFO | train | task-0		C_M is 
[[ 452    0    0    0]
 [   0 1149    0    3]
 [   0    0 1229    0]
 [   0    6    0 1161]]
2024-11-08 15:48:31 | INFO | train | In dataset valid: Loss is [0.0962 0.0962 0.0000]
2024-11-08 15:48:31 | INFO | train | task-0		Acc is 0.9945, F1 is 0.9945
2024-11-08 15:48:31 | INFO | train | task-0		F1-macro is 0.9953, F1-micro is 0.9945
2024-11-08 15:48:31 | INFO | train | task-0		Pre is 0.9945, Rec is 0.9945
2024-11-08 15:48:31 | INFO | train | task-0		C_M is 
[[ 444    0    0    0]
 [   0 1095    0   11]
 [   0    0 1233    0]
 [   0   11    0 1206]]
2024-11-08 15:49:08 | INFO | train | In dataset test: Loss is [0.0451 0.0451 0.0000]
2024-11-08 15:49:08 | INFO | train | task-0		Acc is 0.9972, F1 is 0.9972
2024-11-08 15:49:08 | INFO | train | task-0		F1-macro is 0.9976, F1-micro is 0.9972
2024-11-08 15:49:08 | INFO | train | task-0		Pre is 0.9972, Rec is 0.9972
2024-11-08 15:49:08 | INFO | train | task-0		C_M is 
[[ 475    0    0    0]
 [   0 1088    0    4]
 [   0    0 1209    0]
 [   0    7    0 1217]]
2024-11-08 15:49:08 | INFO | train | The best f1_macro util now is 0.9972, at step 232
2024-11-08 15:49:08 | INFO | train | The best f1_micro util now is 0.9968, at step 232
2024-11-08 15:49:52 | INFO | train | ----------------------------------------------------------------------------------
2024-11-08 15:49:52 | INFO | train | Time of iter training 44.28 s
2024-11-08 15:49:52 | INFO | train | On iter step 245:, global step 62721 Loss-step [0.0336 0.0336 0.0000]
2024-11-08 15:50:29 | INFO | train | In dataset train: Loss is [0.5762 0.5762 0.0000]
2024-11-08 15:50:29 | INFO | train | task-0		Acc is 0.9812, F1 is 0.9812
2024-11-08 15:50:29 | INFO | train | task-0		F1-macro is 0.9838, F1-micro is 0.9812
2024-11-08 15:50:29 | INFO | train | task-0		Pre is 0.9812, Rec is 0.9812
2024-11-08 15:50:29 | INFO | train | task-0		C_M is 
[[ 452    0    0    0]
 [   0 1078    0   74]
 [   0    0 1229    0]
 [   0    1    0 1166]]
2024-11-08 15:51:06 | INFO | train | In dataset valid: Loss is [0.6257 0.6257 0.0000]
2024-11-08 15:51:06 | INFO | train | task-0		Acc is 0.9802, F1 is 0.9802
2024-11-08 15:51:06 | INFO | train | task-0		F1-macro is 0.9829, F1-micro is 0.9802
2024-11-08 15:51:06 | INFO | train | task-0		Pre is 0.9802, Rec is 0.9802
2024-11-08 15:51:06 | INFO | train | task-0		C_M is 
[[ 444    0    0    0]
 [   0 1029    0   77]
 [   0    0 1233    0]
 [   0    2    0 1215]]
2024-11-08 15:51:44 | INFO | train | In dataset test: Loss is [0.4549 0.4549 0.0000]
2024-11-08 15:51:44 | INFO | train | task-0		Acc is 0.9842, F1 is 0.9842
2024-11-08 15:51:44 | INFO | train | task-0		F1-macro is 0.9863, F1-micro is 0.9842
2024-11-08 15:51:44 | INFO | train | task-0		Pre is 0.9842, Rec is 0.9842
2024-11-08 15:51:44 | INFO | train | task-0		C_M is 
[[ 475    0    0    0]
 [   0 1032    0   60]
 [   0    0 1209    0]
 [   0    3    0 1221]]
2024-11-08 15:51:44 | INFO | train | The best f1_macro util now is 0.9972, at step 232
2024-11-08 15:51:44 | INFO | train | The best f1_micro util now is 0.9968, at step 232
2024-11-08 15:52:28 | INFO | train | ----------------------------------------------------------------------------------
2024-11-08 15:52:28 | INFO | train | Time of iter training 44.03 s
2024-11-08 15:52:28 | INFO | train | On iter step 246:, global step 62977 Loss-step [0.0877 0.0877 0.0000]
2024-11-08 15:53:05 | INFO | train | In dataset train: Loss is [0.0533 0.0533 0.0000]
2024-11-08 15:53:05 | INFO | train | task-0		Acc is 0.9962, F1 is 0.9962
2024-11-08 15:53:05 | INFO | train | task-0		F1-macro is 0.9968, F1-micro is 0.9962
2024-11-08 15:53:05 | INFO | train | task-0		Pre is 0.9962, Rec is 0.9962
2024-11-08 15:53:05 | INFO | train | task-0		C_M is 
[[ 452    0    0    0]
 [   0 1144    0    8]
 [   0    0 1229    0]
 [   0    7    0 1160]]
2024-11-08 15:53:42 | INFO | train | In dataset valid: Loss is [0.1065 0.1065 0.0000]
2024-11-08 15:53:42 | INFO | train | task-0		Acc is 0.9945, F1 is 0.9945
2024-11-08 15:53:42 | INFO | train | task-0		F1-macro is 0.9953, F1-micro is 0.9945
2024-11-08 15:53:42 | INFO | train | task-0		Pre is 0.9945, Rec is 0.9945
2024-11-08 15:53:42 | INFO | train | task-0		C_M is 
[[ 444    0    0    0]
 [   0 1094    0   12]
 [   0    0 1233    0]
 [   0   10    0 1207]]
2024-11-08 15:54:19 | INFO | train | In dataset test: Loss is [0.0732 0.0732 0.0000]
2024-11-08 15:54:19 | INFO | train | task-0		Acc is 0.9950, F1 is 0.9950
2024-11-08 15:54:19 | INFO | train | task-0		F1-macro is 0.9957, F1-micro is 0.9950
2024-11-08 15:54:19 | INFO | train | task-0		Pre is 0.9950, Rec is 0.9950
2024-11-08 15:54:19 | INFO | train | task-0		C_M is 
[[ 475    0    0    0]
 [   0 1081    0   11]
 [   0    0 1209    0]
 [   0    9    0 1215]]
2024-11-08 15:54:19 | INFO | train | The best f1_macro util now is 0.9972, at step 232
2024-11-08 15:54:19 | INFO | train | The best f1_micro util now is 0.9968, at step 232
2024-11-08 15:55:03 | INFO | train | ----------------------------------------------------------------------------------
2024-11-08 15:55:03 | INFO | train | Time of iter training 44.24 s
2024-11-08 15:55:03 | INFO | train | On iter step 247:, global step 63233 Loss-step [0.0556 0.0556 0.0000]
2024-11-08 15:55:40 | INFO | train | In dataset train: Loss is [0.2331 0.2331 0.0000]
2024-11-08 15:55:40 | INFO | train | task-0		Acc is 0.9968, F1 is 0.9968
2024-11-08 15:55:40 | INFO | train | task-0		F1-macro is 0.9972, F1-micro is 0.9968
2024-11-08 15:55:40 | INFO | train | task-0		Pre is 0.9968, Rec is 0.9968
2024-11-08 15:55:40 | INFO | train | task-0		C_M is 
[[ 452    0    0    0]
 [   0 1147    0    5]
 [   0    0 1229    0]
 [   0    8    0 1159]]
2024-11-08 15:56:17 | INFO | train | In dataset valid: Loss is [0.2858 0.2858 0.0000]
2024-11-08 15:56:17 | INFO | train | task-0		Acc is 0.9940, F1 is 0.9940
2024-11-08 15:56:17 | INFO | train | task-0		F1-macro is 0.9948, F1-micro is 0.9940
2024-11-08 15:56:17 | INFO | train | task-0		Pre is 0.9940, Rec is 0.9940
2024-11-08 15:56:17 | INFO | train | task-0		C_M is 
[[ 444    0    0    0]
 [   0 1097    0    9]
 [   0    0 1233    0]
 [   0   15    0 1202]]
2024-11-08 15:56:54 | INFO | train | In dataset test: Loss is [0.1876 0.1876 0.0000]
2024-11-08 15:56:54 | INFO | train | task-0		Acc is 0.9965, F1 is 0.9965
2024-11-08 15:56:54 | INFO | train | task-0		F1-macro is 0.9970, F1-micro is 0.9965
2024-11-08 15:56:54 | INFO | train | task-0		Pre is 0.9965, Rec is 0.9965
2024-11-08 15:56:54 | INFO | train | task-0		C_M is 
[[ 475    0    0    0]
 [   0 1084    0    8]
 [   0    0 1209    0]
 [   0    6    0 1218]]
2024-11-08 15:56:54 | INFO | train | The best f1_macro util now is 0.9972, at step 232
2024-11-08 15:56:54 | INFO | train | The best f1_micro util now is 0.9968, at step 232
2024-11-08 15:57:39 | INFO | train | ----------------------------------------------------------------------------------
2024-11-08 15:57:39 | INFO | train | Time of iter training 44.13 s
2024-11-08 15:57:39 | INFO | train | On iter step 248:, global step 63489 Loss-step [0.0427 0.0427 0.0000]
2024-11-08 15:58:16 | INFO | train | In dataset train: Loss is [0.0378 0.0378 0.0000]
2024-11-08 15:58:16 | INFO | train | task-0		Acc is 0.9972, F1 is 0.9972
2024-11-08 15:58:16 | INFO | train | task-0		F1-macro is 0.9976, F1-micro is 0.9972
2024-11-08 15:58:16 | INFO | train | task-0		Pre is 0.9972, Rec is 0.9972
2024-11-08 15:58:16 | INFO | train | task-0		C_M is 
[[ 452    0    0    0]
 [   0 1148    0    4]
 [   0    0 1229    0]
 [   0    7    0 1160]]
2024-11-08 15:58:53 | INFO | train | In dataset valid: Loss is [0.0677 0.0677 0.0000]
2024-11-08 15:58:53 | INFO | train | task-0		Acc is 0.9940, F1 is 0.9940
2024-11-08 15:58:53 | INFO | train | task-0		F1-macro is 0.9948, F1-micro is 0.9940
2024-11-08 15:58:53 | INFO | train | task-0		Pre is 0.9940, Rec is 0.9940
2024-11-08 15:58:53 | INFO | train | task-0		C_M is 
[[ 444    0    0    0]
 [   0 1097    0    9]
 [   0    0 1233    0]
 [   0   15    0 1202]]
2024-11-08 15:59:30 | INFO | train | In dataset test: Loss is [0.0485 0.0485 0.0000]
2024-11-08 15:59:30 | INFO | train | task-0		Acc is 0.9965, F1 is 0.9965
2024-11-08 15:59:30 | INFO | train | task-0		F1-macro is 0.9970, F1-micro is 0.9965
2024-11-08 15:59:30 | INFO | train | task-0		Pre is 0.9965, Rec is 0.9965
2024-11-08 15:59:30 | INFO | train | task-0		C_M is 
[[ 475    0    0    0]
 [   0 1084    0    8]
 [   0    0 1209    0]
 [   0    6    0 1218]]
2024-11-08 15:59:30 | INFO | train | The best f1_macro util now is 0.9972, at step 232
2024-11-08 15:59:30 | INFO | train | The best f1_micro util now is 0.9968, at step 232
2024-11-08 16:00:14 | INFO | train | ----------------------------------------------------------------------------------
2024-11-08 16:00:14 | INFO | train | Time of iter training 43.89 s
2024-11-08 16:00:14 | INFO | train | On iter step 249:, global step 63745 Loss-step [0.0346 0.0346 0.0000]
2024-11-08 16:00:51 | INFO | train | In dataset train: Loss is [0.0389 0.0389 0.0000]
2024-11-08 16:00:51 | INFO | train | task-0		Acc is 0.9968, F1 is 0.9968
2024-11-08 16:00:51 | INFO | train | task-0		F1-macro is 0.9972, F1-micro is 0.9968
2024-11-08 16:00:51 | INFO | train | task-0		Pre is 0.9968, Rec is 0.9968
2024-11-08 16:00:51 | INFO | train | task-0		C_M is 
[[ 452    0    0    0]
 [   0 1145    0    7]
 [   0    0 1229    0]
 [   0    6    0 1161]]
2024-11-08 16:01:28 | INFO | train | In dataset valid: Loss is [0.0763 0.0763 0.0000]
2024-11-08 16:01:28 | INFO | train | task-0		Acc is 0.9942, F1 is 0.9942
2024-11-08 16:01:28 | INFO | train | task-0		F1-macro is 0.9950, F1-micro is 0.9942
2024-11-08 16:01:28 | INFO | train | task-0		Pre is 0.9942, Rec is 0.9942
2024-11-08 16:01:28 | INFO | train | task-0		C_M is 
[[ 444    0    0    0]
 [   0 1095    0   11]
 [   0    0 1233    0]
 [   0   12    0 1205]]
2024-11-08 16:02:05 | INFO | train | In dataset test: Loss is [0.0862 0.0862 0.0000]
2024-11-08 16:02:05 | INFO | train | task-0		Acc is 0.9958, F1 is 0.9958
2024-11-08 16:02:05 | INFO | train | task-0		F1-macro is 0.9963, F1-micro is 0.9958
2024-11-08 16:02:05 | INFO | train | task-0		Pre is 0.9958, Rec is 0.9958
2024-11-08 16:02:05 | INFO | train | task-0		C_M is 
[[ 475    0    0    0]
 [   0 1081    0   11]
 [   0    0 1209    0]
 [   0    6    0 1218]]
2024-11-08 16:02:05 | INFO | train | The best f1_macro util now is 0.9972, at step 232
2024-11-08 16:02:05 | INFO | train | The best f1_micro util now is 0.9968, at step 232
2024-11-08 16:02:49 | INFO | train | ----------------------------------------------------------------------------------
2024-11-08 16:02:49 | INFO | train | Time of iter training 44.02 s
2024-11-08 16:02:49 | INFO | train | On iter step 250:, global step 64001 Loss-step [0.1278 0.1278 0.0000]
2024-11-08 16:03:26 | INFO | train | In dataset train: Loss is [0.0590 0.0590 0.0000]
2024-11-08 16:03:26 | INFO | train | task-0		Acc is 0.9962, F1 is 0.9962
2024-11-08 16:03:26 | INFO | train | task-0		F1-macro is 0.9968, F1-micro is 0.9962
2024-11-08 16:03:26 | INFO | train | task-0		Pre is 0.9962, Rec is 0.9962
2024-11-08 16:03:26 | INFO | train | task-0		C_M is 
[[ 452    0    0    0]
 [   0 1149    0    3]
 [   0    0 1229    0]
 [   0   12    0 1155]]
2024-11-08 16:04:03 | INFO | train | In dataset valid: Loss is [0.0740 0.0740 0.0000]
2024-11-08 16:04:03 | INFO | train | task-0		Acc is 0.9930, F1 is 0.9930
2024-11-08 16:04:03 | INFO | train | task-0		F1-macro is 0.9940, F1-micro is 0.9930
2024-11-08 16:04:03 | INFO | train | task-0		Pre is 0.9930, Rec is 0.9930
2024-11-08 16:04:03 | INFO | train | task-0		C_M is 
[[ 444    0    0    0]
 [   0 1099    0    7]
 [   0    0 1233    0]
 [   0   21    0 1196]]
2024-11-08 16:04:41 | INFO | train | In dataset test: Loss is [0.0638 0.0638 0.0000]
2024-11-08 16:04:41 | INFO | train | task-0		Acc is 0.9962, F1 is 0.9962
2024-11-08 16:04:41 | INFO | train | task-0		F1-macro is 0.9968, F1-micro is 0.9962
2024-11-08 16:04:41 | INFO | train | task-0		Pre is 0.9962, Rec is 0.9962
2024-11-08 16:04:41 | INFO | train | task-0		C_M is 
[[ 475    0    0    0]
 [   0 1089    0    3]
 [   0    0 1209    0]
 [   0   12    0 1212]]
2024-11-08 16:04:41 | INFO | train | The best f1_macro util now is 0.9972, at step 232
2024-11-08 16:04:41 | INFO | train | The best f1_micro util now is 0.9968, at step 232
2024-11-08 16:05:25 | INFO | train | ----------------------------------------------------------------------------------
2024-11-08 16:05:25 | INFO | train | Time of iter training 44.39 s
2024-11-08 16:05:25 | INFO | train | On iter step 251:, global step 64257 Loss-step [0.0538 0.0538 0.0000]
2024-11-08 16:06:02 | INFO | train | In dataset train: Loss is [0.0560 0.0560 0.0000]
2024-11-08 16:06:02 | INFO | train | task-0		Acc is 0.9968, F1 is 0.9968
2024-11-08 16:06:02 | INFO | train | task-0		F1-macro is 0.9972, F1-micro is 0.9968
2024-11-08 16:06:02 | INFO | train | task-0		Pre is 0.9968, Rec is 0.9968
2024-11-08 16:06:02 | INFO | train | task-0		C_M is 
[[ 452    0    0    0]
 [   0 1149    0    3]
 [   0    0 1229    0]
 [   0   10    0 1157]]
2024-11-08 16:06:39 | INFO | train | In dataset valid: Loss is [0.0886 0.0886 0.0000]
2024-11-08 16:06:39 | INFO | train | task-0		Acc is 0.9945, F1 is 0.9945
2024-11-08 16:06:39 | INFO | train | task-0		F1-macro is 0.9953, F1-micro is 0.9945
2024-11-08 16:06:39 | INFO | train | task-0		Pre is 0.9945, Rec is 0.9945
2024-11-08 16:06:39 | INFO | train | task-0		C_M is 
[[ 444    0    0    0]
 [   0 1098    0    8]
 [   0    0 1233    0]
 [   0   14    0 1203]]
2024-11-08 16:07:16 | INFO | train | In dataset test: Loss is [0.0563 0.0563 0.0000]
2024-11-08 16:07:16 | INFO | train | task-0		Acc is 0.9965, F1 is 0.9965
2024-11-08 16:07:16 | INFO | train | task-0		F1-macro is 0.9970, F1-micro is 0.9965
2024-11-08 16:07:16 | INFO | train | task-0		Pre is 0.9965, Rec is 0.9965
2024-11-08 16:07:16 | INFO | train | task-0		C_M is 
[[ 475    0    0    0]
 [   0 1087    0    5]
 [   0    0 1209    0]
 [   0    9    0 1215]]
2024-11-08 16:07:16 | INFO | train | The best f1_macro util now is 0.9972, at step 232
2024-11-08 16:07:16 | INFO | train | The best f1_micro util now is 0.9968, at step 232
2024-11-08 16:08:01 | INFO | train | ----------------------------------------------------------------------------------
2024-11-08 16:08:01 | INFO | train | Time of iter training 44.35 s
2024-11-08 16:08:01 | INFO | train | On iter step 252:, global step 64513 Loss-step [0.0587 0.0587 0.0000]
2024-11-08 16:08:38 | INFO | train | In dataset train: Loss is [0.0657 0.0657 0.0000]
2024-11-08 16:08:38 | INFO | train | task-0		Acc is 0.9960, F1 is 0.9960
2024-11-08 16:08:38 | INFO | train | task-0		F1-macro is 0.9966, F1-micro is 0.9960
2024-11-08 16:08:38 | INFO | train | task-0		Pre is 0.9960, Rec is 0.9960
2024-11-08 16:08:38 | INFO | train | task-0		C_M is 
[[ 452    0    0    0]
 [   0 1144    0    8]
 [   0    0 1229    0]
 [   0    8    0 1159]]
2024-11-08 16:09:15 | INFO | train | In dataset valid: Loss is [0.1084 0.1084 0.0000]
2024-11-08 16:09:15 | INFO | train | task-0		Acc is 0.9948, F1 is 0.9948
2024-11-08 16:09:15 | INFO | train | task-0		F1-macro is 0.9955, F1-micro is 0.9948
2024-11-08 16:09:15 | INFO | train | task-0		Pre is 0.9948, Rec is 0.9948
2024-11-08 16:09:15 | INFO | train | task-0		C_M is 
[[ 444    0    0    0]
 [   0 1093    0   13]
 [   0    0 1233    0]
 [   0    8    0 1209]]
2024-11-08 16:09:52 | INFO | train | In dataset test: Loss is [0.1002 0.1002 0.0000]
2024-11-08 16:09:52 | INFO | train | task-0		Acc is 0.9960, F1 is 0.9960
2024-11-08 16:09:52 | INFO | train | task-0		F1-macro is 0.9965, F1-micro is 0.9960
2024-11-08 16:09:52 | INFO | train | task-0		Pre is 0.9960, Rec is 0.9960
2024-11-08 16:09:52 | INFO | train | task-0		C_M is 
[[ 475    0    0    0]
 [   0 1082    0   10]
 [   0    0 1209    0]
 [   0    6    0 1218]]
2024-11-08 16:09:52 | INFO | train | The best f1_macro util now is 0.9972, at step 232
2024-11-08 16:09:52 | INFO | train | The best f1_micro util now is 0.9968, at step 232
2024-11-08 16:10:36 | INFO | train | ----------------------------------------------------------------------------------
2024-11-08 16:10:36 | INFO | train | Time of iter training 44.09 s
2024-11-08 16:10:36 | INFO | train | On iter step 253:, global step 64769 Loss-step [0.0428 0.0428 0.0000]
2024-11-08 16:11:13 | INFO | train | In dataset train: Loss is [0.0776 0.0776 0.0000]
2024-11-08 16:11:13 | INFO | train | task-0		Acc is 0.9958, F1 is 0.9958
2024-11-08 16:11:13 | INFO | train | task-0		F1-macro is 0.9963, F1-micro is 0.9958
2024-11-08 16:11:13 | INFO | train | task-0		Pre is 0.9958, Rec is 0.9958
2024-11-08 16:11:13 | INFO | train | task-0		C_M is 
[[ 452    0    0    0]
 [   0 1151    0    1]
 [   0    0 1229    0]
 [   0   16    0 1151]]
2024-11-08 16:11:50 | INFO | train | In dataset valid: Loss is [0.1221 0.1221 0.0000]
2024-11-08 16:11:50 | INFO | train | task-0		Acc is 0.9932, F1 is 0.9932
2024-11-08 16:11:50 | INFO | train | task-0		F1-macro is 0.9942, F1-micro is 0.9932
2024-11-08 16:11:50 | INFO | train | task-0		Pre is 0.9932, Rec is 0.9932
2024-11-08 16:11:50 | INFO | train | task-0		C_M is 
[[ 444    0    0    0]
 [   0 1100    0    6]
 [   0    0 1233    0]
 [   0   21    0 1196]]
2024-11-08 16:12:27 | INFO | train | In dataset test: Loss is [0.0793 0.0793 0.0000]
2024-11-08 16:12:27 | INFO | train | task-0		Acc is 0.9962, F1 is 0.9962
2024-11-08 16:12:27 | INFO | train | task-0		F1-macro is 0.9968, F1-micro is 0.9962
2024-11-08 16:12:27 | INFO | train | task-0		Pre is 0.9962, Rec is 0.9962
2024-11-08 16:12:27 | INFO | train | task-0		C_M is 
[[ 475    0    0    0]
 [   0 1087    0    5]
 [   0    0 1209    0]
 [   0   10    0 1214]]
2024-11-08 16:12:27 | INFO | train | The best f1_macro util now is 0.9972, at step 232
2024-11-08 16:12:27 | INFO | train | The best f1_micro util now is 0.9968, at step 232
2024-11-08 16:13:11 | INFO | train | ----------------------------------------------------------------------------------
2024-11-08 16:13:11 | INFO | train | Time of iter training 44.12 s
2024-11-08 16:13:11 | INFO | train | On iter step 254:, global step 65025 Loss-step [0.0904 0.0904 0.0000]
2024-11-08 16:13:48 | INFO | train | In dataset train: Loss is [0.0664 0.0664 0.0000]
2024-11-08 16:13:48 | INFO | train | task-0		Acc is 0.9965, F1 is 0.9965
2024-11-08 16:13:48 | INFO | train | task-0		F1-macro is 0.9970, F1-micro is 0.9965
2024-11-08 16:13:48 | INFO | train | task-0		Pre is 0.9965, Rec is 0.9965
2024-11-08 16:13:48 | INFO | train | task-0		C_M is 
[[ 452    0    0    0]
 [   0 1147    0    5]
 [   0    0 1229    0]
 [   0    9    0 1158]]
2024-11-08 16:14:26 | INFO | train | In dataset valid: Loss is [0.0922 0.0922 0.0000]
2024-11-08 16:14:26 | INFO | train | task-0		Acc is 0.9948, F1 is 0.9948
2024-11-08 16:14:26 | INFO | train | task-0		F1-macro is 0.9955, F1-micro is 0.9948
2024-11-08 16:14:26 | INFO | train | task-0		Pre is 0.9948, Rec is 0.9948
2024-11-08 16:14:26 | INFO | train | task-0		C_M is 
[[ 444    0    0    0]
 [   0 1097    0    9]
 [   0    0 1233    0]
 [   0   12    0 1205]]
2024-11-08 16:15:03 | INFO | train | In dataset test: Loss is [0.0840 0.0840 0.0000]
2024-11-08 16:15:03 | INFO | train | task-0		Acc is 0.9968, F1 is 0.9968
2024-11-08 16:15:03 | INFO | train | task-0		F1-macro is 0.9972, F1-micro is 0.9968
2024-11-08 16:15:03 | INFO | train | task-0		Pre is 0.9968, Rec is 0.9968
2024-11-08 16:15:03 | INFO | train | task-0		C_M is 
[[ 475    0    0    0]
 [   0 1084    0    8]
 [   0    0 1209    0]
 [   0    5    0 1219]]
2024-11-08 16:15:03 | INFO | train | The best f1_macro util now is 0.9972, at step 232
2024-11-08 16:15:03 | INFO | train | The best f1_micro util now is 0.9968, at step 232
2024-11-08 16:15:47 | INFO | train | ----------------------------------------------------------------------------------
2024-11-08 16:15:47 | INFO | train | Time of iter training 44.15 s
2024-11-08 16:15:47 | INFO | train | On iter step 255:, global step 65281 Loss-step [0.0578 0.0578 0.0000]
2024-11-08 16:16:24 | INFO | train | In dataset train: Loss is [0.0451 0.0451 0.0000]
2024-11-08 16:16:24 | INFO | train | task-0		Acc is 0.9970, F1 is 0.9970
2024-11-08 16:16:24 | INFO | train | task-0		F1-macro is 0.9974, F1-micro is 0.9970
2024-11-08 16:16:24 | INFO | train | task-0		Pre is 0.9970, Rec is 0.9970
2024-11-08 16:16:24 | INFO | train | task-0		C_M is 
[[ 452    0    0    0]
 [   0 1150    0    2]
 [   0    0 1229    0]
 [   0   10    0 1157]]
2024-11-08 16:17:01 | INFO | train | In dataset valid: Loss is [0.0607 0.0607 0.0000]
2024-11-08 16:17:01 | INFO | train | task-0		Acc is 0.9928, F1 is 0.9928
2024-11-08 16:17:01 | INFO | train | task-0		F1-macro is 0.9937, F1-micro is 0.9928
2024-11-08 16:17:01 | INFO | train | task-0		Pre is 0.9928, Rec is 0.9928
2024-11-08 16:17:01 | INFO | train | task-0		C_M is 
[[ 444    0    0    0]
 [   0 1101    0    5]
 [   0    0 1233    0]
 [   0   24    0 1193]]
2024-11-08 16:17:38 | INFO | train | In dataset test: Loss is [0.0531 0.0531 0.0000]
2024-11-08 16:17:38 | INFO | train | task-0		Acc is 0.9960, F1 is 0.9960
2024-11-08 16:17:38 | INFO | train | task-0		F1-macro is 0.9965, F1-micro is 0.9960
2024-11-08 16:17:38 | INFO | train | task-0		Pre is 0.9960, Rec is 0.9960
2024-11-08 16:17:38 | INFO | train | task-0		C_M is 
[[ 475    0    0    0]
 [   0 1085    0    7]
 [   0    0 1209    0]
 [   0    9    0 1215]]
2024-11-08 16:17:38 | INFO | train | The best f1_macro util now is 0.9972, at step 232
2024-11-08 16:17:38 | INFO | train | The best f1_micro util now is 0.9968, at step 232
2024-11-08 16:18:22 | INFO | train | ----------------------------------------------------------------------------------
2024-11-08 16:18:22 | INFO | train | Time of iter training 44.25 s
2024-11-08 16:18:22 | INFO | train | On iter step 256:, global step 65537 Loss-step [0.0944 0.0944 0.0000]
2024-11-08 16:19:00 | INFO | train | In dataset train: Loss is [0.0575 0.0575 0.0000]
2024-11-08 16:19:00 | INFO | train | task-0		Acc is 0.9958, F1 is 0.9958
2024-11-08 16:19:00 | INFO | train | task-0		F1-macro is 0.9963, F1-micro is 0.9958
2024-11-08 16:19:00 | INFO | train | task-0		Pre is 0.9958, Rec is 0.9958
2024-11-08 16:19:00 | INFO | train | task-0		C_M is 
[[ 452    0    0    0]
 [   0 1143    0    9]
 [   0    0 1229    0]
 [   0    8    0 1159]]
2024-11-08 16:19:37 | INFO | train | In dataset valid: Loss is [0.0929 0.0929 0.0000]
2024-11-08 16:19:37 | INFO | train | task-0		Acc is 0.9950, F1 is 0.9950
2024-11-08 16:19:37 | INFO | train | task-0		F1-macro is 0.9957, F1-micro is 0.9950
2024-11-08 16:19:37 | INFO | train | task-0		Pre is 0.9950, Rec is 0.9950
2024-11-08 16:19:37 | INFO | train | task-0		C_M is 
[[ 444    0    0    0]
 [   0 1095    0   11]
 [   0    0 1233    0]
 [   0    9    0 1208]]
2024-11-08 16:20:14 | INFO | train | In dataset test: Loss is [0.1083 0.1083 0.0000]
2024-11-08 16:20:14 | INFO | train | task-0		Acc is 0.9958, F1 is 0.9958
2024-11-08 16:20:14 | INFO | train | task-0		F1-macro is 0.9963, F1-micro is 0.9958
2024-11-08 16:20:14 | INFO | train | task-0		Pre is 0.9958, Rec is 0.9958
2024-11-08 16:20:14 | INFO | train | task-0		C_M is 
[[ 475    0    0    0]
 [   0 1083    0    9]
 [   0    0 1209    0]
 [   0    8    0 1216]]
2024-11-08 16:20:14 | INFO | train | The best f1_macro util now is 0.9972, at step 232
2024-11-08 16:20:14 | INFO | train | The best f1_micro util now is 0.9968, at step 232
2024-11-08 16:20:58 | INFO | train | ----------------------------------------------------------------------------------
2024-11-08 16:20:58 | INFO | train | Time of iter training 44.26 s
2024-11-08 16:20:58 | INFO | train | On iter step 257:, global step 65793 Loss-step [0.0941 0.0941 0.0000]
2024-11-08 16:21:35 | INFO | train | In dataset train: Loss is [0.0965 0.0965 0.0000]
2024-11-08 16:21:35 | INFO | train | task-0		Acc is 0.9762, F1 is 0.9762
2024-11-08 16:21:35 | INFO | train | task-0		F1-macro is 0.9795, F1-micro is 0.9762
2024-11-08 16:21:35 | INFO | train | task-0		Pre is 0.9762, Rec is 0.9762
2024-11-08 16:21:35 | INFO | train | task-0		C_M is 
[[ 452    0    0    0]
 [   0 1152    0    0]
 [   0    0 1229    0]
 [   0   95    0 1072]]
2024-11-08 16:22:12 | INFO | train | In dataset valid: Loss is [0.1092 0.1092 0.0000]
2024-11-08 16:22:12 | INFO | train | task-0		Acc is 0.9735, F1 is 0.9735
2024-11-08 16:22:12 | INFO | train | task-0		F1-macro is 0.9772, F1-micro is 0.9735
2024-11-08 16:22:12 | INFO | train | task-0		Pre is 0.9735, Rec is 0.9735
2024-11-08 16:22:12 | INFO | train | task-0		C_M is 
[[ 444    0    0    0]
 [   0 1106    0    0]
 [   0    0 1233    0]
 [   0  106    0 1111]]
2024-11-08 16:22:49 | INFO | train | In dataset test: Loss is [0.0872 0.0872 0.0000]
2024-11-08 16:22:49 | INFO | train | task-0		Acc is 0.9782, F1 is 0.9782
2024-11-08 16:22:49 | INFO | train | task-0		F1-macro is 0.9812, F1-micro is 0.9782
2024-11-08 16:22:49 | INFO | train | task-0		Pre is 0.9782, Rec is 0.9782
2024-11-08 16:22:49 | INFO | train | task-0		C_M is 
[[ 475    0    0    0]
 [   0 1092    0    0]
 [   0    0 1209    0]
 [   0   87    0 1137]]
2024-11-08 16:22:49 | INFO | train | The best f1_macro util now is 0.9972, at step 232
2024-11-08 16:22:49 | INFO | train | The best f1_micro util now is 0.9968, at step 232
2024-11-08 16:23:34 | INFO | train | ----------------------------------------------------------------------------------
2024-11-08 16:23:34 | INFO | train | Time of iter training 44.20 s
2024-11-08 16:23:34 | INFO | train | On iter step 258:, global step 66049 Loss-step [0.0812 0.0812 0.0000]
2024-11-08 16:24:10 | INFO | train | In dataset train: Loss is [0.0484 0.0484 0.0000]
2024-11-08 16:24:10 | INFO | train | task-0		Acc is 0.9975, F1 is 0.9975
2024-11-08 16:24:10 | INFO | train | task-0		F1-macro is 0.9978, F1-micro is 0.9975
2024-11-08 16:24:10 | INFO | train | task-0		Pre is 0.9975, Rec is 0.9975
2024-11-08 16:24:10 | INFO | train | task-0		C_M is 
[[ 452    0    0    0]
 [   0 1146    0    6]
 [   0    0 1229    0]
 [   0    4    0 1163]]
2024-11-08 16:24:48 | INFO | train | In dataset valid: Loss is [0.0621 0.0621 0.0000]
2024-11-08 16:24:48 | INFO | train | task-0		Acc is 0.9942, F1 is 0.9942
2024-11-08 16:24:48 | INFO | train | task-0		F1-macro is 0.9950, F1-micro is 0.9942
2024-11-08 16:24:48 | INFO | train | task-0		Pre is 0.9942, Rec is 0.9942
2024-11-08 16:24:48 | INFO | train | task-0		C_M is 
[[ 444    0    0    0]
 [   0 1093    0   13]
 [   0    0 1233    0]
 [   0   10    0 1207]]
2024-11-08 16:25:25 | INFO | train | In dataset test: Loss is [0.0417 0.0417 0.0000]
2024-11-08 16:25:25 | INFO | train | task-0		Acc is 0.9965, F1 is 0.9965
2024-11-08 16:25:25 | INFO | train | task-0		F1-macro is 0.9970, F1-micro is 0.9965
2024-11-08 16:25:25 | INFO | train | task-0		Pre is 0.9965, Rec is 0.9965
2024-11-08 16:25:25 | INFO | train | task-0		C_M is 
[[ 475    0    0    0]
 [   0 1084    0    8]
 [   0    0 1209    0]
 [   0    6    0 1218]]
2024-11-08 16:25:25 | INFO | train | The best f1_macro util now is 0.9972, at step 232
2024-11-08 16:25:25 | INFO | train | The best f1_micro util now is 0.9968, at step 232
2024-11-08 16:26:09 | INFO | train | ----------------------------------------------------------------------------------
2024-11-08 16:26:09 | INFO | train | Time of iter training 44.04 s
2024-11-08 16:26:09 | INFO | train | On iter step 259:, global step 66305 Loss-step [0.0519 0.0519 0.0000]
2024-11-08 16:26:46 | INFO | train | In dataset train: Loss is [0.0394 0.0394 0.0000]
2024-11-08 16:26:46 | INFO | train | task-0		Acc is 0.9970, F1 is 0.9970
2024-11-08 16:26:46 | INFO | train | task-0		F1-macro is 0.9974, F1-micro is 0.9970
2024-11-08 16:26:46 | INFO | train | task-0		Pre is 0.9970, Rec is 0.9970
2024-11-08 16:26:46 | INFO | train | task-0		C_M is 
[[ 452    0    0    0]
 [   0 1149    0    3]
 [   0    0 1229    0]
 [   0    9    0 1158]]
2024-11-08 16:27:23 | INFO | train | In dataset valid: Loss is [0.0554 0.0554 0.0000]
2024-11-08 16:27:23 | INFO | train | task-0		Acc is 0.9948, F1 is 0.9948
2024-11-08 16:27:23 | INFO | train | task-0		F1-macro is 0.9955, F1-micro is 0.9948
2024-11-08 16:27:23 | INFO | train | task-0		Pre is 0.9948, Rec is 0.9948
2024-11-08 16:27:23 | INFO | train | task-0		C_M is 
[[ 444    0    0    0]
 [   0 1100    0    6]
 [   0    0 1233    0]
 [   0   15    0 1202]]
2024-11-08 16:28:00 | INFO | train | In dataset test: Loss is [0.0362 0.0362 0.0000]
2024-11-08 16:28:00 | INFO | train | task-0		Acc is 0.9978, F1 is 0.9978
2024-11-08 16:28:00 | INFO | train | task-0		F1-macro is 0.9981, F1-micro is 0.9978
2024-11-08 16:28:00 | INFO | train | task-0		Pre is 0.9978, Rec is 0.9978
2024-11-08 16:28:00 | INFO | train | task-0		C_M is 
[[ 475    0    0    0]
 [   0 1091    0    1]
 [   0    0 1209    0]
 [   0    8    0 1216]]
2024-11-08 16:28:00 | INFO | train | The best f1_macro util now is 0.9972, at step 232
2024-11-08 16:28:00 | INFO | train | The best f1_micro util now is 0.9968, at step 232
2024-11-08 16:28:44 | INFO | train | ----------------------------------------------------------------------------------
2024-11-08 16:28:44 | INFO | train | Time of iter training 44.34 s
2024-11-08 16:28:44 | INFO | train | On iter step 260:, global step 66561 Loss-step [0.0551 0.0551 0.0000]
2024-11-08 16:29:21 | INFO | train | In dataset train: Loss is [0.0436 0.0436 0.0000]
2024-11-08 16:29:21 | INFO | train | task-0		Acc is 0.9982, F1 is 0.9982
2024-11-08 16:29:21 | INFO | train | task-0		F1-macro is 0.9985, F1-micro is 0.9982
2024-11-08 16:29:21 | INFO | train | task-0		Pre is 0.9982, Rec is 0.9982
2024-11-08 16:29:21 | INFO | train | task-0		C_M is 
[[ 452    0    0    0]
 [   0 1149    0    3]
 [   0    0 1229    0]
 [   0    4    0 1163]]
2024-11-08 16:29:58 | INFO | train | In dataset valid: Loss is [0.0623 0.0623 0.0000]
2024-11-08 16:29:58 | INFO | train | task-0		Acc is 0.9955, F1 is 0.9955
2024-11-08 16:29:58 | INFO | train | task-0		F1-macro is 0.9961, F1-micro is 0.9955
2024-11-08 16:29:58 | INFO | train | task-0		Pre is 0.9955, Rec is 0.9955
2024-11-08 16:29:58 | INFO | train | task-0		C_M is 
[[ 444    0    0    0]
 [   0 1098    0    8]
 [   0    0 1233    0]
 [   0   10    0 1207]]
2024-11-08 16:30:36 | INFO | train | In dataset test: Loss is [0.0331 0.0331 0.0000]
2024-11-08 16:30:36 | INFO | train | task-0		Acc is 0.9970, F1 is 0.9970
2024-11-08 16:30:36 | INFO | train | task-0		F1-macro is 0.9974, F1-micro is 0.9970
2024-11-08 16:30:36 | INFO | train | task-0		Pre is 0.9970, Rec is 0.9970
2024-11-08 16:30:36 | INFO | train | task-0		C_M is 
[[ 475    0    0    0]
 [   0 1087    0    5]
 [   0    0 1209    0]
 [   0    7    0 1217]]
2024-11-08 16:30:36 | INFO | train | The best f1_macro util now is 0.9972, at step 232
2024-11-08 16:30:36 | INFO | train | The best f1_micro util now is 0.9968, at step 232
2024-11-08 16:31:20 | INFO | train | ----------------------------------------------------------------------------------
2024-11-08 16:31:20 | INFO | train | Time of iter training 44.14 s
2024-11-08 16:31:20 | INFO | train | On iter step 261:, global step 66817 Loss-step [0.0597 0.0597 0.0000]
2024-11-08 16:31:57 | INFO | train | In dataset train: Loss is [0.0481 0.0481 0.0000]
2024-11-08 16:31:57 | INFO | train | task-0		Acc is 0.9948, F1 is 0.9948
2024-11-08 16:31:57 | INFO | train | task-0		F1-macro is 0.9955, F1-micro is 0.9948
2024-11-08 16:31:57 | INFO | train | task-0		Pre is 0.9948, Rec is 0.9948
2024-11-08 16:31:57 | INFO | train | task-0		C_M is 
[[ 452    0    0    0]
 [   0 1152    0    0]
 [   0    0 1229    0]
 [   0   21    0 1146]]
2024-11-08 16:32:34 | INFO | train | In dataset valid: Loss is [0.0522 0.0522 0.0000]
2024-11-08 16:32:34 | INFO | train | task-0		Acc is 0.9918, F1 is 0.9918
2024-11-08 16:32:34 | INFO | train | task-0		F1-macro is 0.9929, F1-micro is 0.9918
2024-11-08 16:32:34 | INFO | train | task-0		Pre is 0.9918, Rec is 0.9918
2024-11-08 16:32:34 | INFO | train | task-0		C_M is 
[[ 444    0    0    0]
 [   0 1103    0    3]
 [   0    0 1233    0]
 [   0   30    0 1187]]
2024-11-08 16:33:11 | INFO | train | In dataset test: Loss is [0.0395 0.0395 0.0000]
2024-11-08 16:33:11 | INFO | train | task-0		Acc is 0.9952, F1 is 0.9952
2024-11-08 16:33:11 | INFO | train | task-0		F1-macro is 0.9959, F1-micro is 0.9952
2024-11-08 16:33:11 | INFO | train | task-0		Pre is 0.9952, Rec is 0.9952
2024-11-08 16:33:11 | INFO | train | task-0		C_M is 
[[ 475    0    0    0]
 [   0 1092    0    0]
 [   0    0 1209    0]
 [   0   19    0 1205]]
2024-11-08 16:33:11 | INFO | train | The best f1_macro util now is 0.9972, at step 232
2024-11-08 16:33:11 | INFO | train | The best f1_micro util now is 0.9968, at step 232
2024-11-08 16:33:55 | INFO | train | ----------------------------------------------------------------------------------
2024-11-08 16:33:55 | INFO | train | Time of iter training 44.09 s
2024-11-08 16:33:55 | INFO | train | On iter step 262:, global step 67073 Loss-step [0.0499 0.0499 0.0000]
2024-11-08 16:34:32 | INFO | train | In dataset train: Loss is [0.0351 0.0351 0.0000]
2024-11-08 16:34:32 | INFO | train | task-0		Acc is 0.9985, F1 is 0.9985
2024-11-08 16:34:32 | INFO | train | task-0		F1-macro is 0.9987, F1-micro is 0.9985
2024-11-08 16:34:32 | INFO | train | task-0		Pre is 0.9985, Rec is 0.9985
2024-11-08 16:34:32 | INFO | train | task-0		C_M is 
[[ 452    0    0    0]
 [   0 1149    0    3]
 [   0    0 1229    0]
 [   0    3    0 1164]]
2024-11-08 16:35:09 | INFO | train | In dataset valid: Loss is [0.0567 0.0567 0.0000]
2024-11-08 16:35:09 | INFO | train | task-0		Acc is 0.9958, F1 is 0.9958
2024-11-08 16:35:09 | INFO | train | task-0		F1-macro is 0.9963, F1-micro is 0.9958
2024-11-08 16:35:09 | INFO | train | task-0		Pre is 0.9958, Rec is 0.9958
2024-11-08 16:35:09 | INFO | train | task-0		C_M is 
[[ 444    0    0    0]
 [   0 1098    0    8]
 [   0    0 1233    0]
 [   0    9    0 1208]]
2024-11-08 16:35:46 | INFO | train | In dataset test: Loss is [0.0296 0.0296 0.0000]
2024-11-08 16:35:46 | INFO | train | task-0		Acc is 0.9980, F1 is 0.9980
2024-11-08 16:35:46 | INFO | train | task-0		F1-macro is 0.9983, F1-micro is 0.9980
2024-11-08 16:35:46 | INFO | train | task-0		Pre is 0.9980, Rec is 0.9980
2024-11-08 16:35:46 | INFO | train | task-0		C_M is 
[[ 475    0    0    0]
 [   0 1088    0    4]
 [   0    0 1209    0]
 [   0    4    0 1220]]
2024-11-08 16:35:46 | INFO | train | The best f1_macro util now is 0.9972, at step 232
2024-11-08 16:35:46 | INFO | train | The best f1_micro util now is 0.9968, at step 232
2024-11-08 16:36:31 | INFO | train | ----------------------------------------------------------------------------------
2024-11-08 16:36:31 | INFO | train | Time of iter training 44.12 s
2024-11-08 16:36:31 | INFO | train | On iter step 263:, global step 67329 Loss-step [0.0289 0.0289 0.0000]
2024-11-08 16:37:08 | INFO | train | In dataset train: Loss is [0.0328 0.0328 0.0000]
2024-11-08 16:37:08 | INFO | train | task-0		Acc is 0.9982, F1 is 0.9982
2024-11-08 16:37:08 | INFO | train | task-0		F1-macro is 0.9985, F1-micro is 0.9982
2024-11-08 16:37:08 | INFO | train | task-0		Pre is 0.9982, Rec is 0.9982
2024-11-08 16:37:08 | INFO | train | task-0		C_M is 
[[ 452    0    0    0]
 [   0 1149    0    3]
 [   0    0 1229    0]
 [   0    4    0 1163]]
2024-11-08 16:37:45 | INFO | train | In dataset valid: Loss is [0.0572 0.0572 0.0000]
2024-11-08 16:37:45 | INFO | train | task-0		Acc is 0.9960, F1 is 0.9960
2024-11-08 16:37:45 | INFO | train | task-0		F1-macro is 0.9965, F1-micro is 0.9960
2024-11-08 16:37:45 | INFO | train | task-0		Pre is 0.9960, Rec is 0.9960
2024-11-08 16:37:45 | INFO | train | task-0		C_M is 
[[ 444    0    0    0]
 [   0 1099    0    7]
 [   0    0 1233    0]
 [   0    9    0 1208]]
2024-11-08 16:38:22 | INFO | train | In dataset test: Loss is [0.0284 0.0284 0.0000]
2024-11-08 16:38:22 | INFO | train | task-0		Acc is 0.9978, F1 is 0.9978
2024-11-08 16:38:22 | INFO | train | task-0		F1-macro is 0.9981, F1-micro is 0.9978
2024-11-08 16:38:22 | INFO | train | task-0		Pre is 0.9978, Rec is 0.9978
2024-11-08 16:38:22 | INFO | train | task-0		C_M is 
[[ 475    0    0    0]
 [   0 1088    0    4]
 [   0    0 1209    0]
 [   0    5    0 1219]]
2024-11-08 16:38:25 | INFO | train | The best f1_macro util now is 0.9981, at step 263
2024-11-08 16:38:28 | INFO | train | The best f1_micro util now is 0.9978, at step 263
2024-11-08 16:39:13 | INFO | train | ----------------------------------------------------------------------------------
2024-11-08 16:39:13 | INFO | train | Time of iter training 44.27 s
2024-11-08 16:39:13 | INFO | train | On iter step 264:, global step 67585 Loss-step [0.0774 0.0774 0.0000]
2024-11-08 16:39:50 | INFO | train | In dataset train: Loss is [0.0471 0.0471 0.0000]
2024-11-08 16:39:50 | INFO | train | task-0		Acc is 0.9948, F1 is 0.9948
2024-11-08 16:39:50 | INFO | train | task-0		F1-macro is 0.9955, F1-micro is 0.9948
2024-11-08 16:39:50 | INFO | train | task-0		Pre is 0.9948, Rec is 0.9948
2024-11-08 16:39:50 | INFO | train | task-0		C_M is 
[[ 452    0    0    0]
 [   0 1150    0    2]
 [   0    0 1229    0]
 [   0   19    0 1148]]
2024-11-08 16:40:27 | INFO | train | In dataset valid: Loss is [0.0698 0.0698 0.0000]
2024-11-08 16:40:27 | INFO | train | task-0		Acc is 0.9925, F1 is 0.9925
2024-11-08 16:40:27 | INFO | train | task-0		F1-macro is 0.9935, F1-micro is 0.9925
2024-11-08 16:40:27 | INFO | train | task-0		Pre is 0.9925, Rec is 0.9925
2024-11-08 16:40:27 | INFO | train | task-0		C_M is 
[[ 444    0    0    0]
 [   0 1106    0    0]
 [   0    0 1233    0]
 [   0   30    0 1187]]
2024-11-08 16:41:04 | INFO | train | In dataset test: Loss is [0.0406 0.0406 0.0000]
2024-11-08 16:41:04 | INFO | train | task-0		Acc is 0.9958, F1 is 0.9958
2024-11-08 16:41:04 | INFO | train | task-0		F1-macro is 0.9963, F1-micro is 0.9958
2024-11-08 16:41:04 | INFO | train | task-0		Pre is 0.9958, Rec is 0.9958
2024-11-08 16:41:04 | INFO | train | task-0		C_M is 
[[ 475    0    0    0]
 [   0 1092    0    0]
 [   0    0 1209    0]
 [   0   17    0 1207]]
2024-11-08 16:41:04 | INFO | train | The best f1_macro util now is 0.9981, at step 263
2024-11-08 16:41:04 | INFO | train | The best f1_micro util now is 0.9978, at step 263
2024-11-08 16:41:48 | INFO | train | ----------------------------------------------------------------------------------
2024-11-08 16:41:48 | INFO | train | Time of iter training 44.41 s
2024-11-08 16:41:48 | INFO | train | On iter step 265:, global step 67841 Loss-step [0.0685 0.0685 0.0000]
2024-11-08 16:42:25 | INFO | train | In dataset train: Loss is [0.0549 0.0549 0.0000]
2024-11-08 16:42:25 | INFO | train | task-0		Acc is 0.9965, F1 is 0.9965
2024-11-08 16:42:25 | INFO | train | task-0		F1-macro is 0.9970, F1-micro is 0.9965
2024-11-08 16:42:25 | INFO | train | task-0		Pre is 0.9965, Rec is 0.9965
2024-11-08 16:42:25 | INFO | train | task-0		C_M is 
[[ 452    0    0    0]
 [   0 1146    0    6]
 [   0    0 1229    0]
 [   0    8    0 1159]]
2024-11-08 16:43:03 | INFO | train | In dataset valid: Loss is [0.0538 0.0538 0.0000]
2024-11-08 16:43:03 | INFO | train | task-0		Acc is 0.9952, F1 is 0.9952
2024-11-08 16:43:03 | INFO | train | task-0		F1-macro is 0.9959, F1-micro is 0.9952
2024-11-08 16:43:03 | INFO | train | task-0		Pre is 0.9952, Rec is 0.9952
2024-11-08 16:43:03 | INFO | train | task-0		C_M is 
[[ 444    0    0    0]
 [   0 1100    0    6]
 [   0    0 1233    0]
 [   0   13    0 1204]]
2024-11-08 16:43:40 | INFO | train | In dataset test: Loss is [0.0459 0.0459 0.0000]
2024-11-08 16:43:40 | INFO | train | task-0		Acc is 0.9958, F1 is 0.9958
2024-11-08 16:43:40 | INFO | train | task-0		F1-macro is 0.9963, F1-micro is 0.9958
2024-11-08 16:43:40 | INFO | train | task-0		Pre is 0.9958, Rec is 0.9958
2024-11-08 16:43:40 | INFO | train | task-0		C_M is 
[[ 475    0    0    0]
 [   0 1083    0    9]
 [   0    0 1209    0]
 [   0    8    0 1216]]
2024-11-08 16:43:40 | INFO | train | The best f1_macro util now is 0.9981, at step 263
2024-11-08 16:43:40 | INFO | train | The best f1_micro util now is 0.9978, at step 263
2024-11-08 16:44:24 | INFO | train | ----------------------------------------------------------------------------------
2024-11-08 16:44:24 | INFO | train | Time of iter training 44.22 s
2024-11-08 16:44:24 | INFO | train | On iter step 266:, global step 68097 Loss-step [0.0696 0.0696 0.0000]
2024-11-08 16:45:01 | INFO | train | In dataset train: Loss is [0.0596 0.0596 0.0000]
2024-11-08 16:45:01 | INFO | train | task-0		Acc is 0.9970, F1 is 0.9970
2024-11-08 16:45:01 | INFO | train | task-0		F1-macro is 0.9974, F1-micro is 0.9970
2024-11-08 16:45:01 | INFO | train | task-0		Pre is 0.9970, Rec is 0.9970
2024-11-08 16:45:01 | INFO | train | task-0		C_M is 
[[ 452    0    0    0]
 [   0 1145    0    7]
 [   0    0 1229    0]
 [   0    5    0 1162]]
2024-11-08 16:45:38 | INFO | train | In dataset valid: Loss is [0.0540 0.0540 0.0000]
2024-11-08 16:45:38 | INFO | train | task-0		Acc is 0.9958, F1 is 0.9958
2024-11-08 16:45:38 | INFO | train | task-0		F1-macro is 0.9963, F1-micro is 0.9958
2024-11-08 16:45:38 | INFO | train | task-0		Pre is 0.9958, Rec is 0.9958
2024-11-08 16:45:38 | INFO | train | task-0		C_M is 
[[ 444    0    0    0]
 [   0 1097    0    9]
 [   0    0 1233    0]
 [   0    8    0 1209]]
2024-11-08 16:46:15 | INFO | train | In dataset test: Loss is [0.0415 0.0415 0.0000]
2024-11-08 16:46:15 | INFO | train | task-0		Acc is 0.9958, F1 is 0.9958
2024-11-08 16:46:15 | INFO | train | task-0		F1-macro is 0.9963, F1-micro is 0.9958
2024-11-08 16:46:15 | INFO | train | task-0		Pre is 0.9958, Rec is 0.9958
2024-11-08 16:46:15 | INFO | train | task-0		C_M is 
[[ 475    0    0    0]
 [   0 1082    0   10]
 [   0    0 1209    0]
 [   0    7    0 1217]]
2024-11-08 16:46:15 | INFO | train | The best f1_macro util now is 0.9981, at step 263
2024-11-08 16:46:15 | INFO | train | The best f1_micro util now is 0.9978, at step 263
2024-11-08 16:46:59 | INFO | train | ----------------------------------------------------------------------------------
2024-11-08 16:46:59 | INFO | train | Time of iter training 44.08 s
2024-11-08 16:46:59 | INFO | train | On iter step 267:, global step 68353 Loss-step [0.0288 0.0288 0.0000]
2024-11-08 16:47:36 | INFO | train | In dataset train: Loss is [0.0631 0.0631 0.0000]
2024-11-08 16:47:36 | INFO | train | task-0		Acc is 0.9980, F1 is 0.9980
2024-11-08 16:47:36 | INFO | train | task-0		F1-macro is 0.9983, F1-micro is 0.9980
2024-11-08 16:47:36 | INFO | train | task-0		Pre is 0.9980, Rec is 0.9980
2024-11-08 16:47:36 | INFO | train | task-0		C_M is 
[[ 452    0    0    0]
 [   0 1146    0    6]
 [   0    0 1229    0]
 [   0    2    0 1165]]
2024-11-08 16:48:13 | INFO | train | In dataset valid: Loss is [0.0670 0.0670 0.0000]
2024-11-08 16:48:13 | INFO | train | task-0		Acc is 0.9960, F1 is 0.9960
2024-11-08 16:48:13 | INFO | train | task-0		F1-macro is 0.9965, F1-micro is 0.9960
2024-11-08 16:48:13 | INFO | train | task-0		Pre is 0.9960, Rec is 0.9960
2024-11-08 16:48:13 | INFO | train | task-0		C_M is 
[[ 444    0    0    0]
 [   0 1097    0    9]
 [   0    0 1233    0]
 [   0    7    0 1210]]
2024-11-08 16:48:51 | INFO | train | In dataset test: Loss is [0.0462 0.0462 0.0000]
2024-11-08 16:48:51 | INFO | train | task-0		Acc is 0.9958, F1 is 0.9958
2024-11-08 16:48:51 | INFO | train | task-0		F1-macro is 0.9963, F1-micro is 0.9958
2024-11-08 16:48:51 | INFO | train | task-0		Pre is 0.9958, Rec is 0.9958
2024-11-08 16:48:51 | INFO | train | task-0		C_M is 
[[ 475    0    0    0]
 [   0 1080    0   12]
 [   0    0 1209    0]
 [   0    5    0 1219]]
2024-11-08 16:48:51 | INFO | train | The best f1_macro util now is 0.9981, at step 263
2024-11-08 16:48:51 | INFO | train | The best f1_micro util now is 0.9978, at step 263
2024-11-08 16:49:35 | INFO | train | ----------------------------------------------------------------------------------
2024-11-08 16:49:35 | INFO | train | Time of iter training 44.19 s
2024-11-08 16:49:35 | INFO | train | On iter step 268:, global step 68609 Loss-step [0.0554 0.0554 0.0000]
2024-11-08 16:50:12 | INFO | train | In dataset train: Loss is [0.0410 0.0410 0.0000]
2024-11-08 16:50:12 | INFO | train | task-0		Acc is 0.9985, F1 is 0.9985
2024-11-08 16:50:12 | INFO | train | task-0		F1-macro is 0.9987, F1-micro is 0.9985
2024-11-08 16:50:12 | INFO | train | task-0		Pre is 0.9985, Rec is 0.9985
2024-11-08 16:50:12 | INFO | train | task-0		C_M is 
[[ 452    0    0    0]
 [   0 1149    0    3]
 [   0    0 1229    0]
 [   0    3    0 1164]]
2024-11-08 16:50:49 | INFO | train | In dataset valid: Loss is [0.0376 0.0376 0.0000]
2024-11-08 16:50:49 | INFO | train | task-0		Acc is 0.9960, F1 is 0.9960
2024-11-08 16:50:49 | INFO | train | task-0		F1-macro is 0.9965, F1-micro is 0.9960
2024-11-08 16:50:49 | INFO | train | task-0		Pre is 0.9960, Rec is 0.9960
2024-11-08 16:50:49 | INFO | train | task-0		C_M is 
[[ 444    0    0    0]
 [   0 1099    0    7]
 [   0    0 1233    0]
 [   0    9    0 1208]]
2024-11-08 16:51:26 | INFO | train | In dataset test: Loss is [0.0305 0.0305 0.0000]
2024-11-08 16:51:26 | INFO | train | task-0		Acc is 0.9968, F1 is 0.9968
2024-11-08 16:51:26 | INFO | train | task-0		F1-macro is 0.9972, F1-micro is 0.9968
2024-11-08 16:51:26 | INFO | train | task-0		Pre is 0.9968, Rec is 0.9968
2024-11-08 16:51:26 | INFO | train | task-0		C_M is 
[[ 475    0    0    0]
 [   0 1087    0    5]
 [   0    0 1209    0]
 [   0    8    0 1216]]
2024-11-08 16:51:26 | INFO | train | The best f1_macro util now is 0.9981, at step 263
2024-11-08 16:51:26 | INFO | train | The best f1_micro util now is 0.9978, at step 263
2024-11-08 16:52:10 | INFO | train | ----------------------------------------------------------------------------------
2024-11-08 16:52:10 | INFO | train | Time of iter training 44.22 s
2024-11-08 16:52:10 | INFO | train | On iter step 269:, global step 68865 Loss-step [0.0469 0.0469 0.0000]
2024-11-08 16:52:47 | INFO | train | In dataset train: Loss is [0.0423 0.0423 0.0000]
2024-11-08 16:52:47 | INFO | train | task-0		Acc is 0.9970, F1 is 0.9970
2024-11-08 16:52:47 | INFO | train | task-0		F1-macro is 0.9974, F1-micro is 0.9970
2024-11-08 16:52:47 | INFO | train | task-0		Pre is 0.9970, Rec is 0.9970
2024-11-08 16:52:47 | INFO | train | task-0		C_M is 
[[ 452    0    0    0]
 [   0 1143    0    9]
 [   0    0 1229    0]
 [   0    3    0 1164]]
2024-11-08 16:53:24 | INFO | train | In dataset valid: Loss is [0.0547 0.0547 0.0000]
2024-11-08 16:53:24 | INFO | train | task-0		Acc is 0.9958, F1 is 0.9958
2024-11-08 16:53:24 | INFO | train | task-0		F1-macro is 0.9963, F1-micro is 0.9958
2024-11-08 16:53:24 | INFO | train | task-0		Pre is 0.9958, Rec is 0.9958
2024-11-08 16:53:24 | INFO | train | task-0		C_M is 
[[ 444    0    0    0]
 [   0 1096    0   10]
 [   0    0 1233    0]
 [   0    7    0 1210]]
2024-11-08 16:54:02 | INFO | train | In dataset test: Loss is [0.0417 0.0417 0.0000]
2024-11-08 16:54:02 | INFO | train | task-0		Acc is 0.9962, F1 is 0.9962
2024-11-08 16:54:02 | INFO | train | task-0		F1-macro is 0.9967, F1-micro is 0.9962
2024-11-08 16:54:02 | INFO | train | task-0		Pre is 0.9962, Rec is 0.9962
2024-11-08 16:54:02 | INFO | train | task-0		C_M is 
[[ 475    0    0    0]
 [   0 1081    0   11]
 [   0    0 1209    0]
 [   0    4    0 1220]]
2024-11-08 16:54:02 | INFO | train | The best f1_macro util now is 0.9981, at step 263
2024-11-08 16:54:02 | INFO | train | The best f1_micro util now is 0.9978, at step 263
2024-11-08 16:54:46 | INFO | train | ----------------------------------------------------------------------------------
2024-11-08 16:54:46 | INFO | train | Time of iter training 44.28 s
2024-11-08 16:54:46 | INFO | train | On iter step 270:, global step 69121 Loss-step [0.0339 0.0339 0.0000]
2024-11-08 16:55:23 | INFO | train | In dataset train: Loss is [0.0377 0.0377 0.0000]
2024-11-08 16:55:23 | INFO | train | task-0		Acc is 0.9978, F1 is 0.9978
2024-11-08 16:55:23 | INFO | train | task-0		F1-macro is 0.9981, F1-micro is 0.9978
2024-11-08 16:55:23 | INFO | train | task-0		Pre is 0.9978, Rec is 0.9978
2024-11-08 16:55:23 | INFO | train | task-0		C_M is 
[[ 452    0    0    0]
 [   0 1152    0    0]
 [   0    0 1229    0]
 [   0    9    0 1158]]
2024-11-08 16:56:00 | INFO | train | In dataset valid: Loss is [0.0703 0.0703 0.0000]
2024-11-08 16:56:00 | INFO | train | task-0		Acc is 0.9960, F1 is 0.9960
2024-11-08 16:56:00 | INFO | train | task-0		F1-macro is 0.9965, F1-micro is 0.9960
2024-11-08 16:56:00 | INFO | train | task-0		Pre is 0.9960, Rec is 0.9960
2024-11-08 16:56:00 | INFO | train | task-0		C_M is 
[[ 444    0    0    0]
 [   0 1103    0    3]
 [   0    0 1233    0]
 [   0   13    0 1204]]
2024-11-08 16:56:37 | INFO | train | In dataset test: Loss is [0.0315 0.0315 0.0000]
2024-11-08 16:56:37 | INFO | train | task-0		Acc is 0.9982, F1 is 0.9982
2024-11-08 16:56:37 | INFO | train | task-0		F1-macro is 0.9985, F1-micro is 0.9982
2024-11-08 16:56:37 | INFO | train | task-0		Pre is 0.9982, Rec is 0.9982
2024-11-08 16:56:37 | INFO | train | task-0		C_M is 
[[ 475    0    0    0]
 [   0 1092    0    0]
 [   0    0 1209    0]
 [   0    7    0 1217]]
2024-11-08 16:56:41 | INFO | train | The best f1_macro util now is 0.9985, at step 270
2024-11-08 16:56:41 | INFO | train | The best f1_micro util now is 0.9978, at step 263
2024-11-08 16:57:11 | INFO | deepnet.data.dataset_text | Read next training chunk, data size is 6666
2024-11-08 16:57:26 | INFO | train | ----------------------------------------------------------------------------------
2024-11-08 16:57:26 | INFO | train | Time of iter training 44.64 s
2024-11-08 16:57:26 | INFO | train | On iter step 271:, global step 69377 Loss-step [0.0603 0.0603 0.0000]
2024-11-08 16:58:02 | INFO | train | In dataset train: Loss is [0.0344 0.0344 0.0000]
2024-11-08 16:58:02 | INFO | train | task-0		Acc is 0.9965, F1 is 0.9965
2024-11-08 16:58:02 | INFO | train | task-0		F1-macro is 0.9970, F1-micro is 0.9965
2024-11-08 16:58:02 | INFO | train | task-0		Pre is 0.9965, Rec is 0.9965
2024-11-08 16:58:02 | INFO | train | task-0		C_M is 
[[ 452    0    0    0]
 [   0 1151    0    1]
 [   0    0 1229    0]
 [   0   13    0 1154]]
2024-11-08 16:58:40 | INFO | train | In dataset valid: Loss is [0.0464 0.0464 0.0000]
2024-11-08 16:58:40 | INFO | train | task-0		Acc is 0.9945, F1 is 0.9945
2024-11-08 16:58:40 | INFO | train | task-0		F1-macro is 0.9953, F1-micro is 0.9945
2024-11-08 16:58:40 | INFO | train | task-0		Pre is 0.9945, Rec is 0.9945
2024-11-08 16:58:40 | INFO | train | task-0		C_M is 
[[ 444    0    0    0]
 [   0 1103    0    3]
 [   0    0 1233    0]
 [   0   19    0 1198]]
2024-11-08 16:59:17 | INFO | train | In dataset test: Loss is [0.0357 0.0357 0.0000]
2024-11-08 16:59:17 | INFO | train | task-0		Acc is 0.9972, F1 is 0.9972
2024-11-08 16:59:17 | INFO | train | task-0		F1-macro is 0.9976, F1-micro is 0.9972
2024-11-08 16:59:17 | INFO | train | task-0		Pre is 0.9972, Rec is 0.9972
2024-11-08 16:59:17 | INFO | train | task-0		C_M is 
[[ 475    0    0    0]
 [   0 1091    0    1]
 [   0    0 1209    0]
 [   0   10    0 1214]]
2024-11-08 16:59:17 | INFO | train | The best f1_macro util now is 0.9985, at step 270
2024-11-08 16:59:17 | INFO | train | The best f1_micro util now is 0.9978, at step 263
2024-11-08 17:00:01 | INFO | train | ----------------------------------------------------------------------------------
2024-11-08 17:00:01 | INFO | train | Time of iter training 43.88 s
2024-11-08 17:00:01 | INFO | train | On iter step 272:, global step 69633 Loss-step [0.0389 0.0389 0.0000]
2024-11-08 17:00:38 | INFO | train | In dataset train: Loss is [0.0250 0.0250 0.0000]
2024-11-08 17:00:38 | INFO | train | task-0		Acc is 0.9982, F1 is 0.9982
2024-11-08 17:00:38 | INFO | train | task-0		F1-macro is 0.9985, F1-micro is 0.9982
2024-11-08 17:00:38 | INFO | train | task-0		Pre is 0.9982, Rec is 0.9982
2024-11-08 17:00:38 | INFO | train | task-0		C_M is 
[[ 452    0    0    0]
 [   0 1149    0    3]
 [   0    0 1229    0]
 [   0    4    0 1163]]
2024-11-08 17:01:15 | INFO | train | In dataset valid: Loss is [0.0508 0.0508 0.0000]
2024-11-08 17:01:15 | INFO | train | task-0		Acc is 0.9958, F1 is 0.9958
2024-11-08 17:01:15 | INFO | train | task-0		F1-macro is 0.9963, F1-micro is 0.9958
2024-11-08 17:01:15 | INFO | train | task-0		Pre is 0.9958, Rec is 0.9958
2024-11-08 17:01:15 | INFO | train | task-0		C_M is 
[[ 444    0    0    0]
 [   0 1100    0    6]
 [   0    0 1233    0]
 [   0   11    0 1206]]
2024-11-08 17:01:52 | INFO | train | In dataset test: Loss is [0.0304 0.0304 0.0000]
2024-11-08 17:01:52 | INFO | train | task-0		Acc is 0.9970, F1 is 0.9970
2024-11-08 17:01:52 | INFO | train | task-0		F1-macro is 0.9974, F1-micro is 0.9970
2024-11-08 17:01:52 | INFO | train | task-0		Pre is 0.9970, Rec is 0.9970
2024-11-08 17:01:52 | INFO | train | task-0		C_M is 
[[ 475    0    0    0]
 [   0 1087    0    5]
 [   0    0 1209    0]
 [   0    7    0 1217]]
2024-11-08 17:01:52 | INFO | train | The best f1_macro util now is 0.9985, at step 270
2024-11-08 17:01:52 | INFO | train | The best f1_micro util now is 0.9978, at step 263
2024-11-08 17:02:36 | INFO | train | ----------------------------------------------------------------------------------
2024-11-08 17:02:36 | INFO | train | Time of iter training 44.30 s
2024-11-08 17:02:36 | INFO | train | On iter step 273:, global step 69889 Loss-step [0.0469 0.0469 0.0000]
2024-11-08 17:03:13 | INFO | train | In dataset train: Loss is [0.0375 0.0375 0.0000]
2024-11-08 17:03:13 | INFO | train | task-0		Acc is 0.9980, F1 is 0.9980
2024-11-08 17:03:13 | INFO | train | task-0		F1-macro is 0.9983, F1-micro is 0.9980
2024-11-08 17:03:13 | INFO | train | task-0		Pre is 0.9980, Rec is 0.9980
2024-11-08 17:03:13 | INFO | train | task-0		C_M is 
[[ 452    0    0    0]
 [   0 1149    0    3]
 [   0    0 1229    0]
 [   0    5    0 1162]]
2024-11-08 17:03:50 | INFO | train | In dataset valid: Loss is [0.0490 0.0490 0.0000]
2024-11-08 17:03:50 | INFO | train | task-0		Acc is 0.9942, F1 is 0.9942
2024-11-08 17:03:50 | INFO | train | task-0		F1-macro is 0.9950, F1-micro is 0.9942
2024-11-08 17:03:50 | INFO | train | task-0		Pre is 0.9942, Rec is 0.9942
2024-11-08 17:03:50 | INFO | train | task-0		C_M is 
[[ 444    0    0    0]
 [   0 1098    0    8]
 [   0    0 1233    0]
 [   0   15    0 1202]]
2024-11-08 17:04:27 | INFO | train | In dataset test: Loss is [0.0312 0.0312 0.0000]
2024-11-08 17:04:27 | INFO | train | task-0		Acc is 0.9975, F1 is 0.9975
2024-11-08 17:04:27 | INFO | train | task-0		F1-macro is 0.9978, F1-micro is 0.9975
2024-11-08 17:04:27 | INFO | train | task-0		Pre is 0.9975, Rec is 0.9975
2024-11-08 17:04:27 | INFO | train | task-0		C_M is 
[[ 475    0    0    0]
 [   0 1089    0    3]
 [   0    0 1209    0]
 [   0    7    0 1217]]
2024-11-08 17:04:27 | INFO | train | The best f1_macro util now is 0.9985, at step 270
2024-11-08 17:04:27 | INFO | train | The best f1_micro util now is 0.9978, at step 263
2024-11-08 17:05:08 | INFO | deepnet.data.dataset_text | The count of reading file ./data/tinghua/train.txt is 8.
2024-11-08 17:05:10 | INFO | deepnet.data.dataset_text | Read next training chunk, data size is 73466
2024-11-08 17:05:13 | INFO | train | ----------------------------------------------------------------------------------
2024-11-08 17:05:13 | INFO | train | Time of iter training 46.24 s
2024-11-08 17:05:13 | INFO | train | On iter step 274:, global step 70145 Loss-step [0.0383 0.0383 0.0000]
2024-11-08 17:05:50 | INFO | train | In dataset train: Loss is [0.0790 0.0790 0.0000]
2024-11-08 17:05:50 | INFO | train | task-0		Acc is 0.9952, F1 is 0.9952
2024-11-08 17:05:50 | INFO | train | task-0		F1-macro is 0.9959, F1-micro is 0.9952
2024-11-08 17:05:50 | INFO | train | task-0		Pre is 0.9952, Rec is 0.9952
2024-11-08 17:05:50 | INFO | train | task-0		C_M is 
[[ 452    0    0    0]
 [   0 1152    0    0]
 [   0    0 1229    0]
 [   0   19    0 1148]]
2024-11-08 17:06:27 | INFO | train | In dataset valid: Loss is [0.0734 0.0734 0.0000]
2024-11-08 17:06:27 | INFO | train | task-0		Acc is 0.9935, F1 is 0.9935
2024-11-08 17:06:27 | INFO | train | task-0		F1-macro is 0.9944, F1-micro is 0.9935
2024-11-08 17:06:27 | INFO | train | task-0		Pre is 0.9935, Rec is 0.9935
2024-11-08 17:06:27 | INFO | train | task-0		C_M is 
[[ 444    0    0    0]
 [   0 1104    0    2]
 [   0    0 1233    0]
 [   0   24    0 1193]]
2024-11-08 17:07:05 | INFO | train | In dataset test: Loss is [0.0461 0.0461 0.0000]
2024-11-08 17:07:05 | INFO | train | task-0		Acc is 0.9962, F1 is 0.9962
2024-11-08 17:07:05 | INFO | train | task-0		F1-macro is 0.9968, F1-micro is 0.9962
2024-11-08 17:07:05 | INFO | train | task-0		Pre is 0.9962, Rec is 0.9962
2024-11-08 17:07:05 | INFO | train | task-0		C_M is 
[[ 475    0    0    0]
 [   0 1091    0    1]
 [   0    0 1209    0]
 [   0   14    0 1210]]
2024-11-08 17:07:05 | INFO | train | The best f1_macro util now is 0.9985, at step 270
2024-11-08 17:07:05 | INFO | train | The best f1_micro util now is 0.9978, at step 263
2024-11-08 17:07:49 | INFO | train | ----------------------------------------------------------------------------------
2024-11-08 17:07:49 | INFO | train | Time of iter training 44.17 s
2024-11-08 17:07:49 | INFO | train | On iter step 275:, global step 70401 Loss-step [0.0300 0.0300 0.0000]
2024-11-08 17:08:26 | INFO | train | In dataset train: Loss is [0.0673 0.0673 0.0000]
2024-11-08 17:08:26 | INFO | train | task-0		Acc is 0.9980, F1 is 0.9980
2024-11-08 17:08:26 | INFO | train | task-0		F1-macro is 0.9983, F1-micro is 0.9980
2024-11-08 17:08:26 | INFO | train | task-0		Pre is 0.9980, Rec is 0.9980
2024-11-08 17:08:26 | INFO | train | task-0		C_M is 
[[ 452    0    0    0]
 [   0 1150    0    2]
 [   0    0 1229    0]
 [   0    6    0 1161]]
2024-11-08 17:09:03 | INFO | train | In dataset valid: Loss is [0.0875 0.0875 0.0000]
2024-11-08 17:09:03 | INFO | train | task-0		Acc is 0.9962, F1 is 0.9962
2024-11-08 17:09:03 | INFO | train | task-0		F1-macro is 0.9968, F1-micro is 0.9962
2024-11-08 17:09:03 | INFO | train | task-0		Pre is 0.9962, Rec is 0.9962
2024-11-08 17:09:03 | INFO | train | task-0		C_M is 
[[ 444    0    0    0]
 [   0 1100    0    6]
 [   0    0 1233    0]
 [   0    9    0 1208]]
2024-11-08 17:09:40 | INFO | train | In dataset test: Loss is [0.0433 0.0433 0.0000]
2024-11-08 17:09:40 | INFO | train | task-0		Acc is 0.9975, F1 is 0.9975
2024-11-08 17:09:40 | INFO | train | task-0		F1-macro is 0.9978, F1-micro is 0.9975
2024-11-08 17:09:40 | INFO | train | task-0		Pre is 0.9975, Rec is 0.9975
2024-11-08 17:09:40 | INFO | train | task-0		C_M is 
[[ 475    0    0    0]
 [   0 1090    0    2]
 [   0    0 1209    0]
 [   0    8    0 1216]]
2024-11-08 17:09:43 | INFO | train | The best f1_macro util now is 0.9978, at step 275
2024-11-08 17:09:47 | INFO | train | The best f1_micro util now is 0.9975, at step 275
2024-11-08 17:10:31 | INFO | train | ----------------------------------------------------------------------------------
2024-11-08 17:10:31 | INFO | train | Time of iter training 44.16 s
2024-11-08 17:10:31 | INFO | train | On iter step 276:, global step 70657 Loss-step [0.0641 0.0641 0.0000]
2024-11-08 17:11:08 | INFO | train | In dataset train: Loss is [0.1271 0.1271 0.0000]
2024-11-08 17:11:08 | INFO | train | task-0		Acc is 0.9935, F1 is 0.9935
2024-11-08 17:11:08 | INFO | train | task-0		F1-macro is 0.9944, F1-micro is 0.9935
2024-11-08 17:11:08 | INFO | train | task-0		Pre is 0.9935, Rec is 0.9935
2024-11-08 17:11:08 | INFO | train | task-0		C_M is 
[[ 452    0    0    0]
 [   0 1152    0    0]
 [   0    0 1229    0]
 [   0   26    0 1141]]
2024-11-08 17:11:45 | INFO | train | In dataset valid: Loss is [0.1700 0.1700 0.0000]
2024-11-08 17:11:45 | INFO | train | task-0		Acc is 0.9910, F1 is 0.9910
2024-11-08 17:11:45 | INFO | train | task-0		F1-macro is 0.9922, F1-micro is 0.9910
2024-11-08 17:11:45 | INFO | train | task-0		Pre is 0.9910, Rec is 0.9910
2024-11-08 17:11:45 | INFO | train | task-0		C_M is 
[[ 444    0    0    0]
 [   0 1105    0    1]
 [   0    0 1233    0]
 [   0   35    0 1182]]
2024-11-08 17:12:22 | INFO | train | In dataset test: Loss is [0.1122 0.1122 0.0000]
2024-11-08 17:12:22 | INFO | train | task-0		Acc is 0.9942, F1 is 0.9942
2024-11-08 17:12:22 | INFO | train | task-0		F1-macro is 0.9949, F1-micro is 0.9942
2024-11-08 17:12:22 | INFO | train | task-0		Pre is 0.9942, Rec is 0.9942
2024-11-08 17:12:22 | INFO | train | task-0		C_M is 
[[ 474    1    0    0]
 [   0 1092    0    0]
 [   0    0 1209    0]
 [   0   22    0 1202]]
2024-11-08 17:12:22 | INFO | train | The best f1_macro util now is 0.9978, at step 275
2024-11-08 17:12:22 | INFO | train | The best f1_micro util now is 0.9975, at step 275
2024-11-08 17:13:07 | INFO | train | ----------------------------------------------------------------------------------
2024-11-08 17:13:07 | INFO | train | Time of iter training 44.56 s
2024-11-08 17:13:07 | INFO | train | On iter step 277:, global step 70913 Loss-step [0.0482 0.0482 0.0000]
2024-11-08 17:13:44 | INFO | train | In dataset train: Loss is [0.0786 0.0786 0.0000]
2024-11-08 17:13:44 | INFO | train | task-0		Acc is 0.9970, F1 is 0.9970
2024-11-08 17:13:44 | INFO | train | task-0		F1-macro is 0.9974, F1-micro is 0.9970
2024-11-08 17:13:44 | INFO | train | task-0		Pre is 0.9970, Rec is 0.9970
2024-11-08 17:13:44 | INFO | train | task-0		C_M is 
[[ 452    0    0    0]
 [   0 1146    0    6]
 [   0    0 1229    0]
 [   0    6    0 1161]]
2024-11-08 17:14:21 | INFO | train | In dataset valid: Loss is [0.0979 0.0979 0.0000]
2024-11-08 17:14:21 | INFO | train | task-0		Acc is 0.9958, F1 is 0.9958
2024-11-08 17:14:21 | INFO | train | task-0		F1-macro is 0.9963, F1-micro is 0.9958
2024-11-08 17:14:21 | INFO | train | task-0		Pre is 0.9958, Rec is 0.9958
2024-11-08 17:14:21 | INFO | train | task-0		C_M is 
[[ 444    0    0    0]
 [   0 1100    0    6]
 [   0    0 1233    0]
 [   0   11    0 1206]]
2024-11-08 17:14:58 | INFO | train | In dataset test: Loss is [0.0900 0.0900 0.0000]
2024-11-08 17:14:58 | INFO | train | task-0		Acc is 0.9968, F1 is 0.9968
2024-11-08 17:14:58 | INFO | train | task-0		F1-macro is 0.9972, F1-micro is 0.9968
2024-11-08 17:14:58 | INFO | train | task-0		Pre is 0.9968, Rec is 0.9968
2024-11-08 17:14:58 | INFO | train | task-0		C_M is 
[[ 475    0    0    0]
 [   0 1086    0    6]
 [   0    0 1209    0]
 [   0    7    0 1217]]
2024-11-08 17:14:58 | INFO | train | The best f1_macro util now is 0.9978, at step 275
2024-11-08 17:14:58 | INFO | train | The best f1_micro util now is 0.9975, at step 275
2024-11-08 17:15:42 | INFO | train | ----------------------------------------------------------------------------------
2024-11-08 17:15:42 | INFO | train | Time of iter training 43.84 s
2024-11-08 17:15:42 | INFO | train | On iter step 278:, global step 71169 Loss-step [0.0487 0.0487 0.0000]
2024-11-08 17:16:19 | INFO | train | In dataset train: Loss is [0.0520 0.0520 0.0000]
2024-11-08 17:16:19 | INFO | train | task-0		Acc is 0.9970, F1 is 0.9970
2024-11-08 17:16:19 | INFO | train | task-0		F1-macro is 0.9974, F1-micro is 0.9970
2024-11-08 17:16:19 | INFO | train | task-0		Pre is 0.9970, Rec is 0.9970
2024-11-08 17:16:19 | INFO | train | task-0		C_M is 
[[ 452    0    0    0]
 [   0 1145    0    7]
 [   0    0 1229    0]
 [   0    5    0 1162]]
2024-11-08 17:16:56 | INFO | train | In dataset valid: Loss is [0.0795 0.0795 0.0000]
2024-11-08 17:16:56 | INFO | train | task-0		Acc is 0.9962, F1 is 0.9962
2024-11-08 17:16:56 | INFO | train | task-0		F1-macro is 0.9968, F1-micro is 0.9962
2024-11-08 17:16:56 | INFO | train | task-0		Pre is 0.9962, Rec is 0.9962
2024-11-08 17:16:56 | INFO | train | task-0		C_M is 
[[ 444    0    0    0]
 [   0 1098    0    8]
 [   0    0 1233    0]
 [   0    7    0 1210]]
2024-11-08 17:17:33 | INFO | train | In dataset test: Loss is [0.0629 0.0629 0.0000]
2024-11-08 17:17:33 | INFO | train | task-0		Acc is 0.9968, F1 is 0.9968
2024-11-08 17:17:33 | INFO | train | task-0		F1-macro is 0.9972, F1-micro is 0.9968
2024-11-08 17:17:33 | INFO | train | task-0		Pre is 0.9968, Rec is 0.9968
2024-11-08 17:17:33 | INFO | train | task-0		C_M is 
[[ 475    0    0    0]
 [   0 1086    0    6]
 [   0    0 1209    0]
 [   0    7    0 1217]]
2024-11-08 17:17:33 | INFO | train | The best f1_macro util now is 0.9978, at step 275
2024-11-08 17:17:33 | INFO | train | The best f1_micro util now is 0.9975, at step 275
2024-11-08 17:18:17 | INFO | train | ----------------------------------------------------------------------------------
2024-11-08 17:18:17 | INFO | train | Time of iter training 44.35 s
2024-11-08 17:18:17 | INFO | train | On iter step 279:, global step 71425 Loss-step [0.0464 0.0464 0.0000]
2024-11-08 17:18:54 | INFO | train | In dataset train: Loss is [0.0502 0.0502 0.0000]
2024-11-08 17:18:54 | INFO | train | task-0		Acc is 0.9955, F1 is 0.9955
2024-11-08 17:18:54 | INFO | train | task-0		F1-macro is 0.9961, F1-micro is 0.9955
2024-11-08 17:18:54 | INFO | train | task-0		Pre is 0.9955, Rec is 0.9955
2024-11-08 17:18:54 | INFO | train | task-0		C_M is 
[[ 452    0    0    0]
 [   0 1145    0    7]
 [   0    0 1229    0]
 [   0   11    0 1156]]
2024-11-08 17:19:31 | INFO | train | In dataset valid: Loss is [0.0771 0.0771 0.0000]
2024-11-08 17:19:31 | INFO | train | task-0		Acc is 0.9935, F1 is 0.9935
2024-11-08 17:19:31 | INFO | train | task-0		F1-macro is 0.9944, F1-micro is 0.9935
2024-11-08 17:19:31 | INFO | train | task-0		Pre is 0.9935, Rec is 0.9935
2024-11-08 17:19:31 | INFO | train | task-0		C_M is 
[[ 444    0    0    0]
 [   0 1102    0    4]
 [   0    0 1233    0]
 [   0   22    0 1195]]
2024-11-08 17:20:09 | INFO | train | In dataset test: Loss is [0.0337 0.0337 0.0000]
2024-11-08 17:20:09 | INFO | train | task-0		Acc is 0.9960, F1 is 0.9960
2024-11-08 17:20:09 | INFO | train | task-0		F1-macro is 0.9965, F1-micro is 0.9960
2024-11-08 17:20:09 | INFO | train | task-0		Pre is 0.9960, Rec is 0.9960
2024-11-08 17:20:09 | INFO | train | task-0		C_M is 
[[ 475    0    0    0]
 [   0 1088    0    4]
 [   0    0 1209    0]
 [   0   12    0 1212]]
2024-11-08 17:20:09 | INFO | train | The best f1_macro util now is 0.9978, at step 275
2024-11-08 17:20:09 | INFO | train | The best f1_micro util now is 0.9975, at step 275
2024-11-08 17:20:52 | INFO | train | ----------------------------------------------------------------------------------
2024-11-08 17:20:52 | INFO | train | Time of iter training 43.93 s
2024-11-08 17:20:52 | INFO | train | On iter step 280:, global step 71681 Loss-step [0.0560 0.0560 0.0000]
2024-11-08 17:21:29 | INFO | train | In dataset train: Loss is [0.0422 0.0422 0.0000]
2024-11-08 17:21:29 | INFO | train | task-0		Acc is 0.9965, F1 is 0.9965
2024-11-08 17:21:29 | INFO | train | task-0		F1-macro is 0.9970, F1-micro is 0.9965
2024-11-08 17:21:29 | INFO | train | task-0		Pre is 0.9965, Rec is 0.9965
2024-11-08 17:21:29 | INFO | train | task-0		C_M is 
[[ 452    0    0    0]
 [   0 1152    0    0]
 [   0    0 1229    0]
 [   0   14    0 1153]]
2024-11-08 17:22:06 | INFO | train | In dataset valid: Loss is [0.0559 0.0559 0.0000]
2024-11-08 17:22:06 | INFO | train | task-0		Acc is 0.9928, F1 is 0.9928
2024-11-08 17:22:06 | INFO | train | task-0		F1-macro is 0.9937, F1-micro is 0.9928
2024-11-08 17:22:06 | INFO | train | task-0		Pre is 0.9928, Rec is 0.9928
2024-11-08 17:22:06 | INFO | train | task-0		C_M is 
[[ 444    0    0    0]
 [   0 1103    0    3]
 [   0    0 1233    0]
 [   0   26    0 1191]]
2024-11-08 17:22:44 | INFO | train | In dataset test: Loss is [0.0372 0.0372 0.0000]
2024-11-08 17:22:44 | INFO | train | task-0		Acc is 0.9962, F1 is 0.9962
2024-11-08 17:22:44 | INFO | train | task-0		F1-macro is 0.9968, F1-micro is 0.9962
2024-11-08 17:22:44 | INFO | train | task-0		Pre is 0.9962, Rec is 0.9962
2024-11-08 17:22:44 | INFO | train | task-0		C_M is 
[[ 475    0    0    0]
 [   0 1091    0    1]
 [   0    0 1209    0]
 [   0   14    0 1210]]
2024-11-08 17:22:44 | INFO | train | The best f1_macro util now is 0.9978, at step 275
2024-11-08 17:22:44 | INFO | train | The best f1_micro util now is 0.9975, at step 275
2024-11-08 17:23:28 | INFO | train | ----------------------------------------------------------------------------------
2024-11-08 17:23:28 | INFO | train | Time of iter training 44.31 s
2024-11-08 17:23:28 | INFO | train | On iter step 281:, global step 71937 Loss-step [0.0584 0.0584 0.0000]
2024-11-08 17:24:05 | INFO | train | In dataset train: Loss is [0.0440 0.0440 0.0000]
2024-11-08 17:24:05 | INFO | train | task-0		Acc is 0.9955, F1 is 0.9955
2024-11-08 17:24:05 | INFO | train | task-0		F1-macro is 0.9961, F1-micro is 0.9955
2024-11-08 17:24:05 | INFO | train | task-0		Pre is 0.9955, Rec is 0.9955
2024-11-08 17:24:05 | INFO | train | task-0		C_M is 
[[ 452    0    0    0]
 [   0 1149    0    3]
 [   0    0 1229    0]
 [   0   15    0 1152]]
2024-11-08 17:24:42 | INFO | train | In dataset valid: Loss is [0.0471 0.0471 0.0000]
2024-11-08 17:24:42 | INFO | train | task-0		Acc is 0.9918, F1 is 0.9918
2024-11-08 17:24:42 | INFO | train | task-0		F1-macro is 0.9929, F1-micro is 0.9918
2024-11-08 17:24:42 | INFO | train | task-0		Pre is 0.9918, Rec is 0.9918
2024-11-08 17:24:42 | INFO | train | task-0		C_M is 
[[ 444    0    0    0]
 [   0 1104    0    2]
 [   0    0 1233    0]
 [   0   31    0 1186]]
2024-11-08 17:25:19 | INFO | train | In dataset test: Loss is [0.0406 0.0406 0.0000]
2024-11-08 17:25:19 | INFO | train | task-0		Acc is 0.9958, F1 is 0.9958
2024-11-08 17:25:19 | INFO | train | task-0		F1-macro is 0.9963, F1-micro is 0.9958
2024-11-08 17:25:19 | INFO | train | task-0		Pre is 0.9958, Rec is 0.9958
2024-11-08 17:25:19 | INFO | train | task-0		C_M is 
[[ 475    0    0    0]
 [   0 1089    0    3]
 [   0    0 1209    0]
 [   0   14    0 1210]]
2024-11-08 17:25:19 | INFO | train | The best f1_macro util now is 0.9978, at step 275
2024-11-08 17:25:19 | INFO | train | The best f1_micro util now is 0.9975, at step 275
2024-11-08 17:26:03 | INFO | train | ----------------------------------------------------------------------------------
2024-11-08 17:26:03 | INFO | train | Time of iter training 44.49 s
2024-11-08 17:26:03 | INFO | train | On iter step 282:, global step 72193 Loss-step [0.0649 0.0649 0.0000]
2024-11-08 17:26:40 | INFO | train | In dataset train: Loss is [0.0430 0.0430 0.0000]
2024-11-08 17:26:40 | INFO | train | task-0		Acc is 0.9980, F1 is 0.9980
2024-11-08 17:26:40 | INFO | train | task-0		F1-macro is 0.9983, F1-micro is 0.9980
2024-11-08 17:26:40 | INFO | train | task-0		Pre is 0.9980, Rec is 0.9980
2024-11-08 17:26:40 | INFO | train | task-0		C_M is 
[[ 452    0    0    0]
 [   0 1151    0    1]
 [   0    0 1229    0]
 [   0    7    0 1160]]
2024-11-08 17:27:18 | INFO | train | In dataset valid: Loss is [0.0505 0.0505 0.0000]
2024-11-08 17:27:18 | INFO | train | task-0		Acc is 0.9958, F1 is 0.9958
2024-11-08 17:27:18 | INFO | train | task-0		F1-macro is 0.9963, F1-micro is 0.9958
2024-11-08 17:27:18 | INFO | train | task-0		Pre is 0.9958, Rec is 0.9958
2024-11-08 17:27:18 | INFO | train | task-0		C_M is 
[[ 444    0    0    0]
 [   0 1103    0    3]
 [   0    0 1233    0]
 [   0   14    0 1203]]
2024-11-08 17:27:55 | INFO | train | In dataset test: Loss is [0.0272 0.0272 0.0000]
2024-11-08 17:27:55 | INFO | train | task-0		Acc is 0.9975, F1 is 0.9975
2024-11-08 17:27:55 | INFO | train | task-0		F1-macro is 0.9978, F1-micro is 0.9975
2024-11-08 17:27:55 | INFO | train | task-0		Pre is 0.9975, Rec is 0.9975
2024-11-08 17:27:55 | INFO | train | task-0		C_M is 
[[ 475    0    0    0]
 [   0 1090    0    2]
 [   0    0 1209    0]
 [   0    8    0 1216]]
2024-11-08 17:27:55 | INFO | train | The best f1_macro util now is 0.9978, at step 275
2024-11-08 17:27:55 | INFO | train | The best f1_micro util now is 0.9975, at step 275
2024-11-08 17:28:39 | INFO | train | ----------------------------------------------------------------------------------
2024-11-08 17:28:39 | INFO | train | Time of iter training 44.41 s
2024-11-08 17:28:39 | INFO | train | On iter step 283:, global step 72449 Loss-step [0.0874 0.0874 0.0000]
2024-11-08 17:29:16 | INFO | train | In dataset train: Loss is [0.0638 0.0638 0.0000]
2024-11-08 17:29:16 | INFO | train | task-0		Acc is 0.9965, F1 is 0.9965
2024-11-08 17:29:16 | INFO | train | task-0		F1-macro is 0.9968, F1-micro is 0.9965
2024-11-08 17:29:16 | INFO | train | task-0		Pre is 0.9965, Rec is 0.9965
2024-11-08 17:29:16 | INFO | train | task-0		C_M is 
[[ 451    0    0    1]
 [   0 1142    0   10]
 [   0    0 1229    0]
 [   0    3    0 1164]]
2024-11-08 17:29:53 | INFO | train | In dataset valid: Loss is [0.1648 0.1648 0.0000]
2024-11-08 17:29:53 | INFO | train | task-0		Acc is 0.9960, F1 is 0.9960
2024-11-08 17:29:53 | INFO | train | task-0		F1-macro is 0.9964, F1-micro is 0.9960
2024-11-08 17:29:53 | INFO | train | task-0		Pre is 0.9960, Rec is 0.9960
2024-11-08 17:29:53 | INFO | train | task-0		C_M is 
[[ 443    0    0    1]
 [   0 1096    0   10]
 [   0    0 1233    0]
 [   0    5    0 1212]]
2024-11-08 17:30:30 | INFO | train | In dataset test: Loss is [0.0829 0.0829 0.0000]
2024-11-08 17:30:30 | INFO | train | task-0		Acc is 0.9970, F1 is 0.9970
2024-11-08 17:30:30 | INFO | train | task-0		F1-macro is 0.9974, F1-micro is 0.9970
2024-11-08 17:30:30 | INFO | train | task-0		Pre is 0.9970, Rec is 0.9970
2024-11-08 17:30:30 | INFO | train | task-0		C_M is 
[[ 475    0    0    0]
 [   0 1084    0    8]
 [   0    0 1209    0]
 [   0    4    0 1220]]
2024-11-08 17:30:30 | INFO | train | The best f1_macro util now is 0.9978, at step 275
2024-11-08 17:30:30 | INFO | train | The best f1_micro util now is 0.9975, at step 275
2024-11-08 17:31:14 | INFO | train | ----------------------------------------------------------------------------------
2024-11-08 17:31:14 | INFO | train | Time of iter training 43.90 s
2024-11-08 17:31:14 | INFO | train | On iter step 284:, global step 72705 Loss-step [0.1217 0.1217 0.0000]
2024-11-08 17:31:51 | INFO | train | In dataset train: Loss is [0.0523 0.0523 0.0000]
2024-11-08 17:31:51 | INFO | train | task-0		Acc is 0.9965, F1 is 0.9965
2024-11-08 17:31:51 | INFO | train | task-0		F1-macro is 0.9970, F1-micro is 0.9965
2024-11-08 17:31:51 | INFO | train | task-0		Pre is 0.9965, Rec is 0.9965
2024-11-08 17:31:51 | INFO | train | task-0		C_M is 
[[ 452    0    0    0]
 [   0 1140    0   12]
 [   0    0 1229    0]
 [   0    2    0 1165]]
2024-11-08 17:32:28 | INFO | train | In dataset valid: Loss is [0.0685 0.0685 0.0000]
2024-11-08 17:32:28 | INFO | train | task-0		Acc is 0.9958, F1 is 0.9958
2024-11-08 17:32:28 | INFO | train | task-0		F1-macro is 0.9963, F1-micro is 0.9958
2024-11-08 17:32:28 | INFO | train | task-0		Pre is 0.9958, Rec is 0.9958
2024-11-08 17:32:28 | INFO | train | task-0		C_M is 
[[ 444    0    0    0]
 [   0 1096    0   10]
 [   0    0 1233    0]
 [   0    7    0 1210]]
2024-11-08 17:33:06 | INFO | train | In dataset test: Loss is [0.0386 0.0386 0.0000]
2024-11-08 17:33:06 | INFO | train | task-0		Acc is 0.9965, F1 is 0.9965
2024-11-08 17:33:06 | INFO | train | task-0		F1-macro is 0.9970, F1-micro is 0.9965
2024-11-08 17:33:06 | INFO | train | task-0		Pre is 0.9965, Rec is 0.9965
2024-11-08 17:33:06 | INFO | train | task-0		C_M is 
[[ 475    0    0    0]
 [   0 1086    0    6]
 [   0    0 1209    0]
 [   0    8    0 1216]]
2024-11-08 17:33:06 | INFO | train | The best f1_macro util now is 0.9978, at step 275
2024-11-08 17:33:06 | INFO | train | The best f1_micro util now is 0.9975, at step 275
2024-11-08 17:33:50 | INFO | train | ----------------------------------------------------------------------------------
2024-11-08 17:33:50 | INFO | train | Time of iter training 44.18 s
2024-11-08 17:33:50 | INFO | train | On iter step 285:, global step 72961 Loss-step [0.0585 0.0585 0.0000]
2024-11-08 17:34:27 | INFO | train | In dataset train: Loss is [0.0333 0.0333 0.0000]
2024-11-08 17:34:27 | INFO | train | task-0		Acc is 0.9970, F1 is 0.9970
2024-11-08 17:34:27 | INFO | train | task-0		F1-macro is 0.9974, F1-micro is 0.9970
2024-11-08 17:34:27 | INFO | train | task-0		Pre is 0.9970, Rec is 0.9970
2024-11-08 17:34:27 | INFO | train | task-0		C_M is 
[[ 452    0    0    0]
 [   0 1146    0    6]
 [   0    0 1229    0]
 [   0    6    0 1161]]
2024-11-08 17:35:04 | INFO | train | In dataset valid: Loss is [0.0402 0.0402 0.0000]
2024-11-08 17:35:04 | INFO | train | task-0		Acc is 0.9960, F1 is 0.9960
2024-11-08 17:35:04 | INFO | train | task-0		F1-macro is 0.9965, F1-micro is 0.9960
2024-11-08 17:35:04 | INFO | train | task-0		Pre is 0.9960, Rec is 0.9960
2024-11-08 17:35:04 | INFO | train | task-0		C_M is 
[[ 444    0    0    0]
 [   0 1101    0    5]
 [   0    0 1233    0]
 [   0   11    0 1206]]
2024-11-08 17:35:41 | INFO | train | In dataset test: Loss is [0.0287 0.0287 0.0000]
2024-11-08 17:35:41 | INFO | train | task-0		Acc is 0.9965, F1 is 0.9965
2024-11-08 17:35:41 | INFO | train | task-0		F1-macro is 0.9970, F1-micro is 0.9965
2024-11-08 17:35:41 | INFO | train | task-0		Pre is 0.9965, Rec is 0.9965
2024-11-08 17:35:41 | INFO | train | task-0		C_M is 
[[ 475    0    0    0]
 [   0 1089    0    3]
 [   0    0 1209    0]
 [   0   11    0 1213]]
2024-11-08 17:35:41 | INFO | train | The best f1_macro util now is 0.9978, at step 275
2024-11-08 17:35:41 | INFO | train | The best f1_micro util now is 0.9975, at step 275
2024-11-08 17:36:25 | INFO | train | ----------------------------------------------------------------------------------
2024-11-08 17:36:25 | INFO | train | Time of iter training 44.02 s
2024-11-08 17:36:25 | INFO | train | On iter step 286:, global step 73217 Loss-step [0.0570 0.0570 0.0000]
2024-11-08 17:37:02 | INFO | train | In dataset train: Loss is [0.0282 0.0282 0.0000]
2024-11-08 17:37:02 | INFO | train | task-0		Acc is 0.9980, F1 is 0.9980
2024-11-08 17:37:02 | INFO | train | task-0		F1-macro is 0.9983, F1-micro is 0.9980
2024-11-08 17:37:02 | INFO | train | task-0		Pre is 0.9980, Rec is 0.9980
2024-11-08 17:37:02 | INFO | train | task-0		C_M is 
[[ 452    0    0    0]
 [   0 1148    0    4]
 [   0    0 1229    0]
 [   0    4    0 1163]]
2024-11-08 17:37:39 | INFO | train | In dataset valid: Loss is [0.0390 0.0390 0.0000]
2024-11-08 17:37:39 | INFO | train | task-0		Acc is 0.9962, F1 is 0.9962
2024-11-08 17:37:39 | INFO | train | task-0		F1-macro is 0.9968, F1-micro is 0.9962
2024-11-08 17:37:39 | INFO | train | task-0		Pre is 0.9962, Rec is 0.9962
2024-11-08 17:37:39 | INFO | train | task-0		C_M is 
[[ 444    0    0    0]
 [   0 1101    0    5]
 [   0    0 1233    0]
 [   0   10    0 1207]]
2024-11-08 17:38:16 | INFO | train | In dataset test: Loss is [0.0260 0.0260 0.0000]
2024-11-08 17:38:16 | INFO | train | task-0		Acc is 0.9975, F1 is 0.9975
2024-11-08 17:38:16 | INFO | train | task-0		F1-macro is 0.9978, F1-micro is 0.9975
2024-11-08 17:38:16 | INFO | train | task-0		Pre is 0.9975, Rec is 0.9975
2024-11-08 17:38:16 | INFO | train | task-0		C_M is 
[[ 475    0    0    0]
 [   0 1091    0    1]
 [   0    0 1209    0]
 [   0    9    0 1215]]
2024-11-08 17:38:19 | INFO | train | The best f1_macro util now is 0.9978, at step 286
2024-11-08 17:38:19 | INFO | train | The best f1_micro util now is 0.9975, at step 275
2024-11-08 17:39:03 | INFO | train | ----------------------------------------------------------------------------------
2024-11-08 17:39:03 | INFO | train | Time of iter training 44.10 s
2024-11-08 17:39:03 | INFO | train | On iter step 287:, global step 73473 Loss-step [0.0374 0.0374 0.0000]
2024-11-08 17:39:40 | INFO | train | In dataset train: Loss is [0.0238 0.0238 0.0000]
2024-11-08 17:39:40 | INFO | train | task-0		Acc is 0.9978, F1 is 0.9978
2024-11-08 17:39:40 | INFO | train | task-0		F1-macro is 0.9981, F1-micro is 0.9978
2024-11-08 17:39:40 | INFO | train | task-0		Pre is 0.9978, Rec is 0.9978
2024-11-08 17:39:40 | INFO | train | task-0		C_M is 
[[ 452    0    0    0]
 [   0 1146    0    6]
 [   0    0 1229    0]
 [   0    3    0 1164]]
2024-11-08 17:40:17 | INFO | train | In dataset valid: Loss is [0.0466 0.0466 0.0000]
2024-11-08 17:40:17 | INFO | train | task-0		Acc is 0.9962, F1 is 0.9962
2024-11-08 17:40:17 | INFO | train | task-0		F1-macro is 0.9968, F1-micro is 0.9962
2024-11-08 17:40:17 | INFO | train | task-0		Pre is 0.9962, Rec is 0.9962
2024-11-08 17:40:17 | INFO | train | task-0		C_M is 
[[ 444    0    0    0]
 [   0 1099    0    7]
 [   0    0 1233    0]
 [   0    8    0 1209]]
2024-11-08 17:40:54 | INFO | train | In dataset test: Loss is [0.0273 0.0273 0.0000]
2024-11-08 17:40:54 | INFO | train | task-0		Acc is 0.9975, F1 is 0.9975
2024-11-08 17:40:54 | INFO | train | task-0		F1-macro is 0.9978, F1-micro is 0.9975
2024-11-08 17:40:54 | INFO | train | task-0		Pre is 0.9975, Rec is 0.9975
2024-11-08 17:40:54 | INFO | train | task-0		C_M is 
[[ 475    0    0    0]
 [   0 1090    0    2]
 [   0    0 1209    0]
 [   0    8    0 1216]]
2024-11-08 17:40:54 | INFO | train | The best f1_macro util now is 0.9978, at step 286
2024-11-08 17:40:54 | INFO | train | The best f1_micro util now is 0.9975, at step 275
2024-11-08 17:41:39 | INFO | train | ----------------------------------------------------------------------------------
2024-11-08 17:41:39 | INFO | train | Time of iter training 44.06 s
2024-11-08 17:41:39 | INFO | train | On iter step 288:, global step 73729 Loss-step [0.0431 0.0431 0.0000]
2024-11-08 17:42:16 | INFO | train | In dataset train: Loss is [0.0312 0.0312 0.0000]
2024-11-08 17:42:16 | INFO | train | task-0		Acc is 0.9972, F1 is 0.9972
2024-11-08 17:42:16 | INFO | train | task-0		F1-macro is 0.9976, F1-micro is 0.9972
2024-11-08 17:42:16 | INFO | train | task-0		Pre is 0.9972, Rec is 0.9972
2024-11-08 17:42:16 | INFO | train | task-0		C_M is 
[[ 452    0    0    0]
 [   0 1144    0    8]
 [   0    0 1229    0]
 [   0    3    0 1164]]
2024-11-08 17:42:53 | INFO | train | In dataset valid: Loss is [0.0474 0.0474 0.0000]
2024-11-08 17:42:53 | INFO | train | task-0		Acc is 0.9965, F1 is 0.9965
2024-11-08 17:42:53 | INFO | train | task-0		F1-macro is 0.9970, F1-micro is 0.9965
2024-11-08 17:42:53 | INFO | train | task-0		Pre is 0.9965, Rec is 0.9965
2024-11-08 17:42:53 | INFO | train | task-0		C_M is 
[[ 444    0    0    0]
 [   0 1098    0    8]
 [   0    0 1233    0]
 [   0    6    0 1211]]
2024-11-08 17:43:30 | INFO | train | In dataset test: Loss is [0.0346 0.0346 0.0000]
2024-11-08 17:43:30 | INFO | train | task-0		Acc is 0.9975, F1 is 0.9975
2024-11-08 17:43:30 | INFO | train | task-0		F1-macro is 0.9978, F1-micro is 0.9975
2024-11-08 17:43:30 | INFO | train | task-0		Pre is 0.9975, Rec is 0.9975
2024-11-08 17:43:30 | INFO | train | task-0		C_M is 
[[ 475    0    0    0]
 [   0 1088    0    4]
 [   0    0 1209    0]
 [   0    6    0 1218]]
2024-11-08 17:43:33 | INFO | train | The best f1_macro util now is 0.9978, at step 288
2024-11-08 17:43:37 | INFO | train | The best f1_micro util now is 0.9975, at step 288
2024-11-08 17:44:21 | INFO | train | ----------------------------------------------------------------------------------
2024-11-08 17:44:21 | INFO | train | Time of iter training 44.51 s
2024-11-08 17:44:21 | INFO | train | On iter step 289:, global step 73985 Loss-step [0.0350 0.0350 0.0000]
2024-11-08 17:44:58 | INFO | train | In dataset train: Loss is [0.0266 0.0266 0.0000]
2024-11-08 17:44:58 | INFO | train | task-0		Acc is 0.9975, F1 is 0.9975
2024-11-08 17:44:58 | INFO | train | task-0		F1-macro is 0.9978, F1-micro is 0.9975
2024-11-08 17:44:58 | INFO | train | task-0		Pre is 0.9975, Rec is 0.9975
2024-11-08 17:44:58 | INFO | train | task-0		C_M is 
[[ 452    0    0    0]
 [   0 1144    0    8]
 [   0    0 1229    0]
 [   0    2    0 1165]]
2024-11-08 17:45:35 | INFO | train | In dataset valid: Loss is [0.0587 0.0587 0.0000]
2024-11-08 17:45:35 | INFO | train | task-0		Acc is 0.9962, F1 is 0.9962
2024-11-08 17:45:35 | INFO | train | task-0		F1-macro is 0.9968, F1-micro is 0.9962
2024-11-08 17:45:35 | INFO | train | task-0		Pre is 0.9962, Rec is 0.9962
2024-11-08 17:45:35 | INFO | train | task-0		C_M is 
[[ 444    0    0    0]
 [   0 1096    0   10]
 [   0    0 1233    0]
 [   0    5    0 1212]]
2024-11-08 17:46:12 | INFO | train | In dataset test: Loss is [0.0331 0.0331 0.0000]
2024-11-08 17:46:12 | INFO | train | task-0		Acc is 0.9975, F1 is 0.9975
2024-11-08 17:46:12 | INFO | train | task-0		F1-macro is 0.9978, F1-micro is 0.9975
2024-11-08 17:46:12 | INFO | train | task-0		Pre is 0.9975, Rec is 0.9975
2024-11-08 17:46:12 | INFO | train | task-0		C_M is 
[[ 475    0    0    0]
 [   0 1087    0    5]
 [   0    0 1209    0]
 [   0    5    0 1219]]
2024-11-08 17:46:12 | INFO | train | The best f1_macro util now is 0.9978, at step 288
2024-11-08 17:46:12 | INFO | train | The best f1_micro util now is 0.9975, at step 288
